id,category,error_name,user_error_text,symptoms,cause,step_1,step_2,step_3,step_4,step_5,verification,risk,os_version,device_type,tag,log_snippet
NEW001,Hardware,PC Will Not Turn On,My PC does not turn on at all when I press the power button,"No power, no lights, no fan movement, completely dead","Power supply issue, loose power cable, faulty power button, or motherboard problem","✅ Option 1: Check Power Source (VERY IMPORTANT)
Make sure the power cable is firmly plugged into the PC and wall socket
Try a different wall socket
If using a power strip / UPS, bypass it and connect directly to the wall
Look for any loose or damaged power cable
📌 If there is no power reaching the PC, it will not turn on at all.","✅ Option 2: Verify Power Supply (PSU) Switch
Check the switch at the back of the PSU
It must be set to ON ( | ), not OFF ( O )
If your PSU has a voltage selector, ensure it matches your region (usually 230V)","✅ Option 3: Look for Any Signs of Power
Do you see any lights on the motherboard or case?
Do fans spin for even a second?
Do you hear any click or sound?
✔️ No lights / sounds → likely power supply or cable issue
✔️ Lights but no start → possible motherboard or power button issue","✅ Option 4: Check the Power Button Connection
Turn off power and unplug the PC
Open the case
Locate the front panel connectors on the motherboard
Ensure the POWER SW cable is properly connected
🔎 Test tip:
Briefly touch the power switch pins with a screwdriver
If PC turns on → Power button is faulty","✅ Option 5: Reseat Main Power Cables
Remove and reconnect:
24-pin motherboard power cable
8-pin CPU power cable
Make sure they click firmly into place
Loose cables can prevent startup completely.",PC should turn on and display POST screen or boot into Windows,low,Windows 10/11,Desktop,"power, hardware, startup",
NEW002,Boot,Restart Loop - Windows Stuck Restarting,My computer gets stuck on the restarting screen and never loads Windows,"Windows restart screen loops indefinitely, never completes boot","Corrupted boot files, problematic Windows update, driver conflict, or USB device blocking boot","✅ Option 1: Force Restart (Quick Fix)
Hold the Power button for 10 seconds to shut down the PC
Wait 30 seconds
Turn the PC back ON
📌 Sometimes Windows gets stuck due to a temporary process hang.","✅ Option 2: Disconnect External Devices
Power OFF the computer
Unplug USB devices (pen drive, printer, external HDD, webcam, etc.)
Keep only keyboard + mouse
Turn the PC ON again
✔️ Faulty USB devices can block Windows during restart.","✅ Option 3: Enter Automatic Repair Mode
If it still loops:
Turn ON the PC
When Windows logo appears → force shutdown
Repeat 2–3 times
Windows should show ""Preparing Automatic Repair""","✅ Option 4: Run Startup Repair
In Automatic Repair:
Click Advanced options
Go to Troubleshoot → Advanced options
Select Startup Repair
Choose your Windows account
✔️ This fixes boot files automatically.","✅ Option 5: Boot into Safe Mode
If Startup Repair fails:
Advanced options → Startup Settings
Click Restart
Press 4 or F4 → Safe Mode
If Safe Mode loads:
Press Win + R, type msconfig
Go to Services
✔️ Check Hide all Microsoft services
Click Disable all
Restart normally
📌 This removes problematic drivers or software.",Windows should boot normally after completing these steps,medium,Windows 10/11,Desktop/Laptop,"boot, restart, loop, windows",
NEW003,Network,Wi-Fi Connected But No Internet,"My device is connected to Wi-Fi, but the internet is not working.","Wi-Fi shows connected but websites do not load, no internet access","Router/modem issue, incorrect IP configuration, proxy settings, or ISP problem","✅ Option 1: Check If Internet Works on Other Devices
Test Wi-Fi on another phone or laptop
If no devices have internet → router or ISP issue
If other devices work → problem is with your PC
📌 This step helps isolate the problem quickly.","✅ Option 2: Restart Network Devices (VERY IMPORTANT)

Turn OFF:
Modem
Router
Your computer
Wait 2 minutes
Turn ON in this order:
Modem → wait for stable lights
Router → wait 1 minute
Computer
✔️ Fixes most temporary network and IP issues.","✅ Option 3: Forget & Reconnect Wi-Fi
Go to Settings → Network & Internet → Wi-Fi
Click Manage known networks
Select your Wi-Fi → Forget
Reconnect and enter the password again
📌 Fixes wrong or corrupted network profiles.","✅ Option 4: Check IP Address Configuration
Press Win + R → type cmd → Enter
Type:
ipconfig
🔎 Look at IPv4 Address:
If it starts with 169.254.x.x → No valid IP received
✔️ Fix:
ipconfig /release
ipconfig /renew","✅ Option 5: Disable Proxy & VPN
Go to Settings → Network & Internet → Proxy
Turn OFF ""Use a proxy server""
Disconnect any VPN software
Restart the PC
📌 Proxy/VPN misconfiguration is a common cause.",Internet should work after reconnecting and fixing IP configuration,low,Windows 10/11,Desktop/Laptop,"network, wifi, internet, connection",
NEW004,Audio,No Sound Output,There is no sound coming from my computer,"No audio output from speakers or headphones, system sounds do not play","Muted volume, wrong output device, audio driver issue, or disabled audio services","✅ Option 1: Check Basic Sound Settings (VERY IMPORTANT)
Click the speaker icon in the bottom-right corner
Make sure: ❌ Not muted / 🔊 Volume is above 50%
Play a YouTube video or Windows test sound
📌 Many no-sound issues are simply mute or low volume.","✅ Option 2: Select the Correct Audio Output Device
Right-click speaker icon → Sound settings
Under Output, choose the correct device: [Speakers (Realtek / Internal) / Headphones / HDMI / Monitor audio / Bluetooth device]
Click Test
✔️ Wrong output device = no sound even when volume is high.","✅ Option 3: Restart Audio Services
Press Win + R
Type services.msc → Enter
Restart: Windows Audio / Windows Audio Endpoint Builder
📌 Fixes stuck or crashed audio services.","✅ Option 4: Check & Fix Audio Driver (MOST COMMON CAUSE)
Press Win + X → Device Manager
Expand Sound, video and game controllers
If you see: ⚠️ Yellow warning → driver issue
Right-click your audio device: Update driver
Restart PC (Windows reinstalls driver)","✅ Option 5: Enable Speakers in Playback Devices
Right-click speaker icon → Sounds
Go to Playback tab
Right-click inside → ✔️ Show Disabled Devices
Enable Speakers
Set it as Default Device
📌 Disabled speakers = silence.",Sound should play when testing audio output,low,Windows 10/11,Desktop/Laptop,"audio, sound, driver, speakers",
NEW005,Driver,USB Device Not Recognized,My USB device is not recognized by the computer,"USB device not detected, no notification when plugged in, device manager shows unknown device","Faulty USB device, damaged USB port, power saving settings, or USB controller driver issue","✅ Option 1: Check the USB Device Itself (VERY IMPORTANT)
Unplug the USB device and plug it back in firmly
Try the device on another computer
❌ Not detected there → USB device is faulty
✔️ Works there → problem is with your PC
Inspect the USB connector for damage or dirt
📌 This immediately tells you whether it's a device or PC issue.","✅ Option 2: Restart the Computer
Restart Windows normally
Plug in the USB device after Windows fully loads
✔️ Fixes temporary USB controller glitches.","✅ Option 3: Try Different USB Ports
Try all USB ports on the PC
On desktops, prefer rear motherboard ports
Avoid USB hubs or extension cables
📌 A damaged or underpowered port can cause this error.","✅ Option 4: Disable USB Power Saving (MOST EFFECTIVE)
Press Win + X → Device Manager
Expand Universal Serial Bus controllers
For each USB Root Hub: Right-click → Properties → Power Management tab
❌ Uncheck Allow the computer to turn off this device to save power
Click OK and restart
✔️ Prevents Windows from shutting down USB ports.","✅ Option 5: Reinstall USB Controllers
In Device Manager
Expand Universal Serial Bus controllers
Right-click and Uninstall:
USB Root Hub / USB Host Controller / Unknown USB Device (if shown)
Restart the PC
📌 Windows will automatically reinstall fresh USB drivers.",USB device should be recognized and appear in File Explorer or Device Manager,low,Windows 10/11,Desktop/Laptop,"usb, driver, device, hardware",
NEW006,Security,Forgot Windows Login Password,I forgot my Windows login password and cannot access my PC,"Cannot log into Windows account, password prompt appears but password is forgotten","Forgotten password, account lockout, or password reset needed","✅ Option 1: Reset Password (Microsoft Account) — BEST & EASIEST
✔️ Use this if you sign in with an email address (Outlook / Hotmail / Live)
Steps:
On another device (phone or PC), open a browser
Go to: account.microsoft.com/password
Reset your password using:
Email
Phone number
Security code
Restart your PC
Log in using the new password
📌 Your PC must be connected to the internet.","✅ Option 2: Use PIN / Picture Password (If Set Before)
On the login screen, click Sign-in options
Try:
PIN
Picture password
✔️ Many users forget the password but still have a working PIN.","✅ Option 3: Reset Local Account Password (Advanced)
Use this if your account is NOT a Microsoft account.
Steps:
Restart PC
Interrupt boot 2–3 times (power off during Windows logo)
You'll see Preparing Automatic Repair
Go to:
Advanced options → Troubleshoot → Advanced options
Startup Repair (try first)
If Startup Repair fails, continue.","✅ Option 4: Reset Windows While Keeping Files (SAFE)
✔️ This is the most reliable local account fix.
Steps:
Automatic Repair screen → Troubleshoot
Click Reset this PC
Choose Keep my files
Select Local reinstall
Follow on-screen steps
📌 This removes the password but keeps:
Documents
Pictures
Videos
❌ Apps will be removed.","✅ Option 5: Use Another Admin Account (If Exists)
On the login screen, switch users
Log in with another Administrator account
Open:
Control Panel → User Accounts
Reset password for your account",Should be able to log in with new password or PIN,medium,Windows 10/11,Desktop/Laptop,"password, login, security, account",
NEW007,Hardware,Laptop Overheating and Auto Shutdown,My laptop overheats and shuts down automatically,"Laptop gets very hot, fan runs loudly, system shuts down unexpectedly, performance throttles","Dust buildup, poor airflow, failing cooling fan, dried thermal paste, or high CPU/GPU load","✅ Option 1: Improve Airflow (VERY IMPORTANT)
Place the laptop on a hard, flat surface
❌ Avoid beds, pillows, or laps (they block vents)
Keep air vents fully clear
Use the laptop in a cool room
📌 Poor airflow is the #1 cause of overheating.","✅ Option 2: Clean Dust From Vents & Fan
Power OFF and unplug the laptop
Use compressed air to blow dust out of vents
If experienced, open the back cover and:
Clean cooling fan
Clean heatsink
✔️ Dust blocks airflow and traps heat.","✅ Option 3: Check If the Cooling Fan Is Working
Turn on the laptop and listen:
✔️ Fan noise = OK
❌ No sound = fan may be dead
Use tools like HWMonitor or Core Temp to check temperatures
⚠️ CPU temps above 90°C = overheating.","✅ Option 4: Reduce CPU & GPU Load
Press Ctrl + Shift + Esc → Task Manager
End unnecessary apps
Disable heavy startup programs
Avoid gaming or rendering until fixed
📌 High CPU usage = more heat.","✅ Option 5: Replace Thermal Paste (Advanced but Effective)
Thermal paste dries after 2–3 years
Replacing it can reduce temps by 10–20°C
Requires laptop disassembly (do only if experienced)
✔️ Very effective for older laptops.",Laptop should run cooler and not shut down unexpectedly,medium,Windows 10/11,Laptop,"overheating, thermal, hardware, fan",
NEW008,BSOD,Blue Screen Error (BSOD),I am getting a blue screen error on Windows 10/11.,"Blue screen appears, system crashes, STOP code displayed, automatic restart","Driver conflict, hardware failure, memory issues, corrupted system files, or incompatible software","✅ Option 1: Note the STOP CODE (VERY IMPORTANT)
On the blue screen, look for text like:
CRITICAL_PROCESS_DIED / IRQL_NOT_LESS_OR_EQUAL / MEMORY_MANAGEMENT / SYSTEM_THREAD_EXCEPTION_NOT_HANDLED
📌 Write this down — it tells us the exact cause.","✅ Option 2: Restart in Safe Mode
1.Restart the PC
2.If BSOD repeats, force shutdown 2–3 times
3.When Automatic Repair appears:
	Advanced options → Troubleshoot
	Advanced options → Startup Settings
	Restart → Press 4 (Safe Mode)
✔️ Safe Mode loads only essential drivers.","✅ Option 3: Remove Recent Changes

If BSOD started recently:
	Uninstall new software
	Unplug new hardware
	Roll back recent drivers
	Uninstall recent Windows updates (Settings → Windows Update → Update history)
📌 Most BSODs are caused by recent changes.","✅ Option 4: Update or Reinstall Drivers
1.Press Win + X → Device Manager
2.Check for ⚠️ yellow warning icons
3.Update these drivers first:
	Display / Graphics
	Network
	Storage (SATA / NVMe)
4.If issue started after driver update → Roll back driver
✔️ Bad drivers = #1 BSOD cause.",,System should boot normally without blue screen errors,high,Windows 10/11,Desktop/Laptop,"bsod, blue screen, crash, driver",
NEW009,Display,Laptop Black Screen on Startup,"My laptop turns on, but the screen stays black","Laptop powers on but display remains black, no image on screen, backlight may be off","Brightness settings, display toggle, hardware failure, loose connections, or RAM issues","✅ Option 1: Check Brightness & Display Toggle (VERY IMPORTANT)
	Press Fn + Brightness Up key (usually F5 / F6 / F7 / F8)
	Press Fn + Display Switch key (often Fn + F4 / F5 / F8)
📌 Sometimes the screen is on but brightness is set to zero or display is switched off.","✅ Option 2: Hard Reset the Laptop
1.Power OFF the laptop
2.Unplug the charger
3.Remove the battery (if removable)
4.Hold Power button for 30 seconds
5.Reconnect charger and turn ON
✔️ Clears static power and fixes many black-screen issues.","✅ Option 3: Test With an External Monitor
Connect laptop to a TV or external monitor (HDMI / VGA)
Turn laptop ON
Press Fn + Display Switch key
Result:
✔️ External display works → laptop screen or cable issue
❌ No display anywhere → GPU / motherboard issue
📌 This is a key diagnostic step.","✅ Option 4: Look for Signs of Life
Check carefully:
	Caps Lock light toggles ON/OFF?
	Do you hear Windows startup sound?
	Fan spinning normally?
✔️ Yes → display problem
❌ No → system not booting properly","✅ Option 5: Reseat RAM (Advanced but Effective)

⚠️ Do this only if you're comfortable opening the laptop.
	Power OFF and unplug
	Remove back cover
	Remove RAM stick
	Clean contacts gently
	Reinsert RAM firmly
	Power ON
📌 Loose RAM commonly causes black screen on startup.",Screen should display normally after fixing the issue,medium,Windows 10/11,Laptop,"black screen, display, laptop, startup",
NEW010,Boot,Windows Not Booting After Update,Windows is not booting after installing the latest update,"Windows fails to boot after update installation, stuck on loading screen, automatic repair loop","Corrupted update files, incompatible update, driver conflict, or boot file corruption","✅ Option 1: Wait on ""Undoing Changes"" Screen (VERY IMPORTANT)
	If you see ""Undoing changes made to your computer""
	Wait 20–40 minutes
	Do NOT force shutdown too quickly
📌 Windows may still be rolling back the update.","✅ Option 2: Force Automatic Repair Mode
If Windows never loads:
1.Power ON the PC
2.When Windows logo appears → hold Power button to shut down
3.Repeat 2–3 times
4.You should see Preparing Automatic Repair","✅ Option 3: Run Startup Repair
From Automatic Repair:
	Advanced options → Troubleshoot
	Advanced options → Startup Repair
	Select your account and continue
✔️ Fixes broken boot files caused by updates.","✅ Option 4: Uninstall the Latest Windows Update (MOST EFFECTIVE)
If Startup Repair fails:
1.Advanced options → Troubleshoot
2.Uninstall Updates
3.Choose one:
	✅ Uninstall latest quality update (recommended first)
	If still fails → Uninstall latest feature update

📌 This directly removes the update that broke Windows.","✅ Option 5: Boot Into Safe Mode
1.Advanced options → Startup Settings
2.Click Restart
3.Press 4 or F4 → Safe Mode

If Safe Mode works:
	Uninstall recently installed drivers
	Disable startup apps
	Restart normally

✔️ Confirms Windows itself is still functional.",Windows should boot normally after uninstalling the problematic update,medium,Windows 10/11,Desktop/Laptop,"boot, update, windows, startup",
NEW011,Boot,Automatic Repair Loop,My PC is stuck in an automatic repair loop,"PC continuously loops in automatic repair, cannot boot into Windows, repair fails repeatedly","Corrupted boot files, external device blocking boot, broken Windows update, or driver conflict","✅ Option 1: Power Cycle & Remove External Devices (VERY IMPORTANT)
Turn OFF the PC completely
Unplug all USB devices (pen drives, printers, external HDDs)
For laptops: unplug charger and remove battery (if possible)
Hold Power button for 30 seconds
Reconnect power and turn ON

📌 External devices can block boot and cause repair loops.","✅ Option 2: Enter Advanced Startup Options
When Automatic Repair appears:
	Click Advanced options
	Select Troubleshoot

If you cannot reach this screen, force shutdown 2–3 times during startup.","✅ Option 3: Run Startup Repair (Once Only)
	Troubleshoot → Advanced options → Startup Repair
	Select your Windows account

⚠️ If Startup Repair fails once, do not repeat multiple times — move to next step.","✅ Option 4: Uninstall Recent Windows Updates (MOST EFFECTIVE)

Troubleshoot → Advanced options → Uninstall Updates
Choose:
	Uninstall latest quality update
	If still looping → Uninstall latest feature update

✔️ Broken updates are the #1 cause of repair loops.","✅ Option 5: Boot into Safe Mode

Troubleshoot → Advanced options → Startup Settings
Click Restart
Press 4 (Safe Mode)

If Safe Mode loads:
	Uninstall recently installed drivers/software
	Disable startup programs
	Restart normally

📌 Confirms Windows core files still work.",PC should boot normally without entering repair loop,medium,Windows 10/11,Desktop/Laptop,"repair loop, boot, automatic repair, windows",
NEW012,Performance,Random System Freezes,My computer freezes randomly while I am using it,"System freezes randomly, becomes unresponsive, mouse/keyboard stop working, requires hard restart","Overheating, high CPU/RAM usage, driver issues, faulty RAM, or hardware failure","✅ Option 1: Check for Overheating (VERY IMPORTANT)
1.Touch the laptop bottom / desktop case: Very hot? → overheating
2.Install HWMonitor or Core Temp
3.Check temperatures: CPU > 85–90°C = problem

✔️ Fix:
Clean dust from fans
Ensure vents are not blocked
Use laptop on hard surface
Replace thermal paste (older systems)

📌 Overheating is the #1 cause of random freezes.","✅ Option 2: Check CPU & RAM Usage
1.Press Ctrl + Shift + Esc → Task Manager
2.Watch:CPU usage / Memory usage / Disk usage

❌ If CPU or Disk stays at 100% → freeze cause found
✔️ End unnecessary apps
✔️ Disable heavy startup programs","✅ Option 3: Update or Roll Back Drivers
1.Press Win + X → Device Manager
2.Update these first: Graphics (GPU) / Storage (SATA / NVMe) / Network
3.If freezing started after update → Roll back driver

📌 Bad drivers commonly cause system hangs.","✅ Option 4: Test RAM (Memory Errors)

1.Press Win + R
2.Type mdsched.exe
3.Restart and test

❌ Errors found → faulty RAM stick (replace it)","✅ Option 5: Check Event Viewer (Advanced)
1.Press Win + X → Event Viewer
2.Go to: Windows Logs → System
3.Look for Critical / Error events during freeze time

📌 Helps identify failing drivers or hardware.",System should run smoothly without random freezes,medium,Windows 10/11,Desktop/Laptop,"freeze, hang, performance, overheating",
NEW013,Performance,Computer Suddenly Very Slow,My computer has suddenly become very slow Windows 10 / 11,"Sudden performance degradation, slow response times, laggy interface, applications take long to load","Background processes, high resource usage, malware, too many startup programs, or temporary file buildup","✅ Option 1: Restart & Check for Temporary Issues (VERY IMPORTANT)
Restart your computer once
After reboot, wait 5 minutes (Windows may be finishing background tasks)
Test performance again
📌 This fixes many short-term slowdowns.","✅ Option 2: Check Task Manager for High Usage
Press Ctrl + Shift + Esc → Task Manager
Check: [CPU | Memory | (RAM)Disk]
🔎 Common problems:
Disk stuck at 100%
Memory above 80–90%
One app using too much CPU

✔️ End unnecessary tasks
✔️ Note the app causing high usage","✅ Option 3: Disable Unnecessary Startup Programs
Task Manager → Startup tab
Disable apps you don't need at startup: [Launchers | Auto updaters | Chat apps]
📌 This significantly improves boot and overall speed.","✅ Option 4: Scan for Malware & Viruses
Open Windows Security
Run a Full Scan
Remove detected threats
📌 Malware can cause sudden performance drops.","✅ Option 5: Clean Temporary Files
Press Win + R → type temp → delete files
Again Win + R → type %temp% → delete
Use Disk Cleanup on C: drive
✔️ Frees space and improves responsiveness.",Computer should respond faster and run more smoothly,low,Windows 10/11,Desktop/Laptop,"slow, performance, lag, slowdown",
NEW014,Performance,Disk Usage at 100%,Disk usage stays at 100% all the time on Windows 10/11,"Disk usage constantly at 100%, system becomes slow, applications freeze, high disk activity","SysMain (Superfetch), Windows Search indexing, virtual memory issues, malware, or disk defragmentation","✅ Option 1: Identify the Cause in Task Manager (VERY IMPORTANT)
Press Ctrl + Shift + Esc → Task Manager
Click the Disk column to sort
🔎 Common culprits: [System SysMain | (Superfetch) | Windows | Update Antivirus | Disk defragmenter]
📌 This helps decide the correct fix.","✅ Option 2: Disable SysMain (Superfetch) — MOST EFFECTIVE
Press Win + R
Type services.msc
Find SysMain
Right-click → Stop
Right-click → Properties
Set Startup type → Disabled
Restart PC
✔️ Dramatically reduces disk usage on HDD systems.","✅ Option 3: Stop Windows Search (Indexing)
In services.msc
Find Windows Search
Stop the service
Set Startup type → Disabled
📌 Indexing can overload slow disks.","✅ Option 4: Reset Virtual Memory (Pagefile)
Control Panel → System → Advanced system settings
Performance → Settings
Advanced → Virtual memory
Set to System managed size
Restart PC
📌 Wrong pagefile settings cause disk thrashing.","✅ Option 5: Scan for Malware
Open Windows Security
Run Full scan
Remove threats
✔️ Malware can keep disk busy constantly.",Disk usage should drop to normal levels (under 50%),low,Windows 10/11,Desktop/Laptop,"disk usage, 100 percent, performance, sysmain",
NEW015,Windows Update,Windows Update Keeps Failing,Windows Update keeps failing with an error message,"Windows Update fails repeatedly, error codes displayed, updates cannot be installed","Corrupted update cache, insufficient disk space, network issues, service problems, or driver conflicts","✅ Option 1: Note the Error Code (VERY IMPORTANT)
Look for codes like: [0x80070020 | 0x800f0831 | 0x8024401c | 0x80073712]
📌 Error codes help identify whether the issue is files, drivers, services, or internet-related.","✅ Option 2: Restart PC & Check Internet
Restart your computer once
Make sure internet is stable (no VPN / proxy)
Avoid mobile hotspot if possible
✔️ Many update failures are temporary.","✅ Option 3: Run Windows Update Troubleshooter
Go to Settings → System → Troubleshoot
Click Other troubleshooters
Run Windows Update
Apply suggested fixes
📌 Automatically fixes common update problems.","✅ Option 4: Stop Update Services & Clear Cache (MOST EFFECTIVE)
Press Win + R → type services.msc
Stop these services: Windows Update & Background Intelligent Transfer Service (BITS)
Open File Explorer and go to: C:\Windows\SoftwareDistribution
Delete all files and folders inside
Restart the services
Restart your PC
✔️ Fixes corrupted update downloads.","✅ Option 5: Free Disk Space
Ensure at least 20–25 GB free on C: drive
Run Disk Cleanup
Delete temporary files
✔️ Low disk space causes update failures.",Windows Update should install successfully,low,Windows 10/11,Desktop/Laptop,"windows update, update failure, error code",
NEW016,Boot,PC Stuck on Loading Screen,My PC is stuck on the loading screen and does not start,"PC stuck on Windows loading screen, spinning dots or logo, never reaches login screen","Corrupted boot files, external device blocking boot, broken Windows update, or driver conflict","✅ Option 1: Wait & Restart Properly (VERY IMPORTANT)
If it's the first boot after an update, wait 10–15 minutes
If nothing changes:
Hold Power button for 10 seconds → shut down
Wait 30 seconds
Power ON again
📌 Temporary boot delays are common after updates.","✅ Option 2: Disconnect External Devices
Power OFF the PC
Unplug all USB devices: [Pen drives External HDD/SSD Printer, webcam, dongles]
Keep only keyboard + mouse
Turn the PC ON
✔️ Faulty USB devices can stop Windows from loading.","✅ Option 3: Force Automatic Repair Mode
Turn ON the PC
When Windows logo appears → force shutdown
Repeat 2–3 times
You should see Preparing Automatic Repair","✅ Option 4: Run Startup Repair
Advanced options → Troubleshoot
Advanced options → Startup Repair
Select your account and continue
✔️ Fixes damaged boot files automatically.","✅ Option 5: Uninstall Recent Windows Updates (MOST EFFECTIVE)
If Startup Repair fails:
Troubleshoot → Advanced options
Uninstall Updates
Choose:
Uninstall latest quality update
If still stuck → Uninstall latest feature update
📌 A bad update is a very common cause.",PC should boot normally and reach login screen,medium,Windows 10/11,Desktop/Laptop,"loading screen, boot, stuck, startup",
NEW017,Activation,Windows License Activation Error,I am getting a Windows license activation error,"Windows shows activation error, ""Windows is not activated"" message, error codes displayed","Invalid product key, internet connectivity issues, Microsoft server problems, or edition mismatch","✅ Option 1: Check Activation Status (VERY IMPORTANT)
Go to Settings → System → Activation
Note the message shown:
""Windows is not activated""
Error code (example: 0xC004F074, 0x803F7001)
📌 The exact message helps identify the cause.","✅ Option 2: Restart PC & Check Internet
Restart your computer
Ensure you have a stable internet connection
Turn OFF VPN or proxy
✔️ Activation requires Microsoft servers.","✅ Option 3: Run Windows Activation Troubleshooter
Settings → System → Activation
Click Troubleshoot
Sign in with your Microsoft account (if asked)
✔️ Automatically fixes common activation problems.","✅ Option 4: Re-enter Product Key
Settings → System → Activation
Click Change product key
Enter your 25-character key
Click Activate
📌 Make sure the key matches your Windows edition (Home / Pro).","✅ Option 5: Check Windows Edition Mismatch
Go to Settings → System → About
Check Edition (Home or Pro)
❌ Using a Pro key on Home (or vice versa) will fail activation
✔️ Install the correct edition or use the correct key",Windows should show as activated,low,Windows 10/11,Desktop/Laptop,"activation, license, product key, windows activation",
NEW018,Boot,Computer Keeps Restarting,My computer keeps restarting again and again,"Computer continuously restarts, restart loop, cannot stay on, may show BSOD briefly","Overheating, faulty hardware, power supply issues, driver problems, or corrupted system files","✅ Option 1: Check for Overheating (VERY IMPORTANT)
Touch the laptop bottom / desktop case: Extremely hot? → overheating issue
Listen for fans: ❌ No fan noise → cooling failure
Clean dust from: [Fans | Air vents]
Use tools like HWMonitor to check temps
📌 CPU/GPU overheating causes automatic restarts for protection.","✅ Option 2: Remove External Devices
Power OFF the PC
Unplug: [USB devices External hard drives Printers, dongles]
Power ON with keyboard + mouse only
✔️ Faulty devices can cause restart loops.","✅ Option 3: Disable Automatic Restart on Error
Restart PC and press F8 / Shift + F8 (or use Automatic Repair)
Go to: Advanced options → Startup Settings
Select Disable automatic restart on system failure
📌 This allows you to see the real error message (BSOD).","✅ Option 4: Boot into Safe Mode
Enter Advanced Startup
Troubleshoot → Advanced options → Startup Settings
Restart → Press 4 (Safe Mode)
If Safe Mode works:
Uninstall recent software
Roll back drivers
Disable startup apps
✔️ Confirms driver/software issue.","✅ Option 5: Check Power Supply (VERY COMMON CAUSE)
Desktop users:
Failing PSU causes sudden restarts
Test with a known-good PSU if possible
Laptop users:
Try running on charger only
Try battery only (if removable)",Computer should boot normally and stay on without restarting,high,Windows 10/11,Desktop/Laptop,"restart loop, continuous restart, boot loop",
NEW019,System,File Explorer Not Responding,File Explorer is not responding when I open it,"File Explorer freezes, becomes unresponsive, hangs when opening, may show ""Not Responding""","Corrupted Quick Access cache, stuck processes, system file corruption, or malware","✅ Option 1: Restart File Explorer (VERY IMPORTANT)
Press Ctrl + Shift + Esc → Task Manager
Find Windows Explorer
Right-click → Restart
📌 This fixes temporary Explorer hangs instantly in many cases.","✅ Option 2: Restart the Computer
Restart your PC once
After login, wait 1–2 minutes
Open File Explorer again
✔️ Clears background locks and stuck processes.","✅ Option 3: Disable Quick Access (Common Hidden Cause)
Open File Explorer
Click View → Options
Under Open File Explorer to, select This PC
Uncheck:❌ Show recently used files |❌ Show frequently used folders
Click Clear
Apply & OK
📌 Corrupt Quick Access history often causes freezing.","✅ Option 4: Clear File Explorer Cache
Press Win + R
Type: %AppData%\Microsoft\Windows\Recent\AutomaticDestinations
Delete all files inside the folder
Restart PC
📌 Clears corrupted Explorer history.","✅ Option 5: Repair System Files
Open Command Prompt (Admin) and run: sfc /scannow
If needed: DISM /Online /Cleanup-Image /RestoreHealth
✔️ Repairs Windows components used by File Explorer",File Explorer should open and respond normally,low,Windows 10/11,Desktop/Laptop,"file explorer, explorer, not responding, freeze",
NEW020,System,Task Manager Does Not Open,Task Manager does not open when I try to launch it,"Task Manager will not launch, no response when trying to open, may be disabled","Task Manager disabled by group policy, registry setting, malware, or system corruption","✅ Option 1: Try All Ways to Open Task Manager (VERY IMPORTANT)
Try each method one by one:
Ctrl + Shift + Esc
Ctrl + Alt + Delete → Task Manager
Right-click Taskbar → Task Manager
Win + R → type: taskmgr
📌 If none work, the issue is deeper than a shortcut problem.","✅ Option 2: Restart Windows Explorer
Press Win + R
Type: explorer.exe
Press Enter
✔️ If Explorer was stuck, Task Manager may start working again.","✅ Option 3: Check If Task Manager Is Disabled (Common Cause)
Press Win + R
Type: gpedit.msc
Go to: User Configuration → Administrative Templates → System → Ctrl+Alt+Del Options
Open Remove Task Manager
Set it to Not Configured or Disabled
Restart PC
📌 This setting often gets changed by malware or policies.","✅ Option 4: Fix Registry Setting (If Group Policy Not Available)
Press Win + R
Type: regedit
Go to: HKEY_CURRENT_USER\Software\Microsoft\Windows\CurrentVersion\Policies\System
On the right side: If DisableTaskMgr exists → delete it Or set its value to 0
Restart PC
✔️ Restores Task Manager access.","✅ Option 5: Scan for Malware (VERY IMPORTANT)
Open Windows Security
Run a Full Scan
If possible, run Offline Scan
📌 Malware often disables Task Manager intentionally.",Task Manager should open successfully,medium,Windows 10/11,Desktop/Laptop,"task manager, taskmgr, disabled, cannot open",
NEW021,Network,No Valid IP Configuration,"My computer shows ""No valid IP configuration""","Network shows ""No Internet"" or limited connectivity, cannot access internet, IP configuration error","DHCP failure, network adapter issues, router problems, or IP address conflicts","✅ Option 1: Restart Network Devices (VERY IMPORTANT)
Turn OFF: [Modem | Router | Computer]
Wait 2 minutes
Turn ON in this order:
Modem → wait for stable lights
Router → wait 1 minute
Computer
📌 This fixes most DHCP/IP assignment issues.","✅ Option 2: Check Ethernet / Wi-Fi Connection
If using Ethernet:
Try a different LAN cable
Try a different router port
If using Wi-Fi:
Click Wi-Fi → Disconnect
Reconnect and re-enter password
✔️ Loose cables or weak Wi-Fi cause IP failure.","✅ Option 3: Renew IP Address (MOST EFFECTIVE)
Press Win + R → type cmd
Right-click Command Prompt → Run as administrator
Run: ipconfig /release AND ipconfig /renew
✔️ Requests a fresh IP from the router.","✅ Option 4: Disable & Enable Network Adapter
Press Win + X → Network Connections
Click Advanced network settings
Disable your network adapter
Wait 10 seconds
Enable it again
✔️ Restarts the network interface cleanly.","✅ Option 5: Update or Reinstall Network Driver
Win + X → Device Manager
Expand Network adapters
Right-click your adapter:
Try Update driver
If not fixed → Uninstall device
Restart PC (Windows reinstalls driver)
📌 Broken drivers are a common cause.",Network should show as connected with valid IP address,low,Windows 10/11,Desktop/Laptop,"ip configuration, no valid ip, network, dhcp",
NEW022,Network,Ethernet Connected But No Internet,"Ethernet is connected, but there is no internet access","Ethernet shows connected but no internet access, cannot load websites, network adapter shows connected","Router/ISP issues, DNS problems, proxy settings, or network adapter misconfiguration","✅ Option 1: Check Internet on Other Devices (VERY IMPORTANT)
Test internet on a phone or another PC using the same router
Results:
❌ No device has internet → Router / ISP issue
✔️ Other devices work → PC-specific issue
📌 This isolates the problem quickly.","✅ Option 2: Restart Modem, Router & PC
Turn OFF: [Modem | Router | Computer]
Wait 2 minutes
Turn ON in this order:
Modem → wait for stable lights
Router → wait 1 minute
Computer
✔️ Fixes DHCP and gateway glitches.","✅ Option 3: Check Ethernet Cable & Port
Try a different Ethernet cable
Plug into a different LAN port on the router
Avoid LAN splitters or hubs
📌 A bad cable or port can show ""connected"" but pass no data.","✅ Option 4: Check IPv4 & DNS Settings
Settings → Network & Internet → Advanced network settings
More network adapter options
Right-click Ethernet → Properties
Select Internet Protocol Version 4 (IPv4) → Properties
Ensure:
✔️ Obtain an IP address automatically
✔️ Obtain DNS server address automatically","✅ Option 5: Disable Proxy & VPN
Settings → Network & Internet → Proxy
Turn OFF ""Use a proxy server""
Disble any VPN software
Restart PC
📌 Proxy/VPN misconfigurations often block Ethernet traffic.",Ethernet should provide internet access,low,Windows 10/11,Desktop/Laptop,"ethernet, no internet, connected but no access",
NEW023,Network,DNS Server Not Responding,"I keep getting a ""DNS server not responding"" error","DNS server not responding error, websites cannot load, internet connection appears broken","DNS server issues, router problems, network adapter issues, or malware","✅ Option 1: Check Internet on Other Devices (VERY IMPORTANT)
Test internet on your phone or another PC using the same network
Results:
❌ No device works → Router / ISP DNS issue
✔️ Other devices work → PC-specific problem
📌 This helps isolate the cause immediately.","✅ Option 2: Restart Modem, Router & PC
Turn OFF: [Modem | Router | Computer]
Wait 2 minutes
Turn ON in this order:
Modem → wait for stable lights
Router → wait 1 minute
Computer
✔️ Fixes most DNS and IP cache issues.","✅ Option 3: Flush & Reset DNS (MOST EFFECTIVE)
Open Command Prompt (Admin) and run:
ipconfig /flushdns
ipconfig /release
ipconfig /renew
netsh winsock reset
Restart your PC.
📌 Clears corrupted DNS and network cache.","✅ Option 4: Manually Set Reliable DNS Servers
Settings → Network & Internet
Advanced network settings → More network adapter options
Right-click your active adapter → Properties
Select Internet Protocol Version 4 (IPv4) → Properties
Select Use the following DNS server addresses
Preferred DNS: 8.8.8.8 | Alternate DNS: 8.8.4.4
Click OK and restart browser
✔️ Uses Google's stable public DNS.","✅ Option 5: Disable Proxy, VPN & Security Software
Settings → Network & Internet → Proxy → OFF
Disable any VPN
Temporarily disable third-party antivirus/firewall
📌 These often block DNS requests.",DNS should resolve and websites should load,low,Windows 10/11,Desktop/Laptop,"dns, dns server not responding, network",
NEW024,Network,Wi-Fi Limited Access,Wi-Fi shows limited access and does not load websites,"Wi-Fi shows limited or no internet access, cannot load websites, connected but no internet","Router issues, IP configuration problems, DNS issues, or network adapter problems","✅ Option 1: Check Internet on Other Devices (VERY IMPORTANT)
Test Wi-Fi on a phone or another laptop
Results:
❌ Other devices also fail → Router / ISP issue
✔️ Other devices work → Your PC issue
📌 This quickly narrows the cause.","✅ Option 2: Restart Modem, Router & PC
Turn OFF: [Modem | Router | Computer]
Wait 2 minutes
Turn ON in this order:
Modem → wait for stable lights
Router → wait 1 minute
Computer
✔️ Fixes temporary IP and gateway issues.","✅ Option 3: Forget & Reconnect Wi-Fi (MOST EFFECTIVE)
Settings → Network & Internet → Wi-Fi
Manage known networks
Select your Wi-Fi → Forget
Reconnect and re-enter password
📌 Fixes corrupted Wi-Fi profiles.","✅ Option 4: Check IP Address
Press Win + R → type cmd
Run: ipconfig
🔎 If IPv4 starts with 169.254.x.x → no IP from router.
✔️ Continue to next step.","✅ Option 5: Reset Network Stack
Open Command Prompt (Admin) and run:
ipconfig /release
ipconfig /renew
netsh winsock reset
netsh int ip reset
ipconfig /flushdns
Restart PC.
✔️ Repairs corrupted network settings.",Wi-Fi should show full internet access,low,Windows 10/11,Desktop/Laptop,"wifi, limited access, no internet, wireless",
NEW025,Network,ERR_CONNECTION_TIMED_OUT,My browser shows ERR_CONNECTION_TIMED_OUT,"Browser shows connection timeout error, websites fail to load, connection times out","Website server issues, network problems, DNS issues, firewall blocking, or proxy settings","✅ Option 1: Check if the Website Is Down (VERY IMPORTANT)
Try opening the same site on:
Your phone (using mobile data)
Another PC/network
If the site doesn't load anywhere → website server issue
If it loads elsewhere → problem is on your PC or network
📌 This avoids unnecessary troubleshooting.","✅ Option 2: Restart Modem, Router & PC
Turn OFF: [Modem | Router | Computer]
Wait 2 minutes
Turn ON in this order:
Modem → wait for stable lights
Router → wait 1 minute
Computer
✔️ Fixes temporary routing and timeout issues.","✅ Option 3: Test Internet Connectivity
Open Command Prompt and run: ping 8.8.8.8
✔️ Replies received → internet is working
❌ Request timed out → network problem
If this fails but IP ping works → DNS issue","✅ Option 4: Change DNS Servers (MOST EFFECTIVE)
Settings → Network & Internet
Advanced network settings → More network adapter options
Right-click active adapter → Properties
Select Internet Protocol Version 4 (IPv4) → Properties
Use: Preferred DNS: 8.8.8.8 | Alternate DNS: 8.8.4.4
Click OK
📌 Fixes slow or unreachable ISP DNS servers.","✅ Option 5: Clear Browser Cache / Try Another Browser
Clear browser cache & cookies
Test the site in: Edge | Firefox | Chrome (if not already)
✔️ Rules out browser-specific problems.",Websites should load without timeout errors,low,Windows 10/11,Desktop/Laptop,"connection timeout, err_connection_timed_out, browser",
NEW026,Network,Internet Keeps Disconnecting,The internet keeps disconnecting frequently,"Internet connection drops frequently, intermittent disconnections, network keeps dropping","Router issues, weak Wi-Fi signal, network adapter power saving, driver problems, or ISP issues","✅ Option 1: Check If the Problem Is Only on Your PC (VERY IMPORTANT)
Test internet on a phone or another computer on the same network
Results:
❌ All devices disconnect → Router / ISP issue
✔️ Only your PC disconnects → PC-specific issue
📌 This step decides where to focus.","✅ Option 2: Restart Modem, Router & PC

Turn OFF: [Modem | Router | Computer]
Wait 2 minutes
Turn ON in this order:
Modem → wait for stable lights
Router → wait 1 minute
Computer
✔️ Fixes temporary drops and IP conflicts.","✅ Option 3: Improve Wi-Fi Signal (If Using Wi-Fi)
Move closer to the router
Avoid walls, metal objects, microwaves
Switch router to 5 GHz (if available)
Place router in an open, elevated area
📌 Weak signal = frequent disconnects.","✅ Option 4: Disable Network Power Saving (MOST EFFECTIVE)
Win + X → Device Manager
Expand Network adapters
Right-click your adapter → Properties
Go to Power Management
❌ Uncheck Allow the computer to turn off this device to save power
Click OK and restart
✔️ Prevents Windows from cutting your internet.","✅ Option 5: Update or Reinstall Network Driver
Device Manager → Network adapters
Right-click adapter: Update driver | If not fixed → Uninstall device
Restart PC (driver reinstalls automatically)
📌 Outdated drivers often cause drops.",Internet connection should remain stable,low,Windows 10/11,Desktop/Laptop,"disconnecting, frequent drops, unstable connection",
NEW027,Network,Proxy Server Error,I am getting a proxy server error while browsing,"Proxy server error messages, websites fail to load, browser shows proxy errors","Proxy settings enabled, VPN interference, malware, or browser proxy configuration","✅ Option 1: Turn OFF Proxy Settings (MOST EFFECTIVE)
Go to Settings → Network & Internet → Proxy
Under Manual proxy setup: ❌ Turn OFF Use a proxy server
Under Automatic proxy setup: ❌ Turn OFF Automatically detect settings
Close settings and restart the browser
📌 Many proxy errors are caused by leftover or auto-detected proxy configs.","✅ Option 2: Restart Browser & Computer
Close all browsers
Restart your PC
Open the browser and test again
✔️ Clears stuck proxy sessions.","✅ Option 3: Check Browser Proxy Settings
Google Chrome / Edge
Settings → System
Open Your computer's proxy settings
Ensure proxy is disabled 
📌 Browser-level proxy can override Windows settings.","✅ Option 4: Disable VPN & Security Software Temporarily
Turn OFF any VPN
Temporarily disable third-party antivirus/firewall
Test browsing again
📌 VPNs often force proxy rules that break connections.","✅ Option 5: Check for Malware (VERY IMPORTANT)
Open Windows Security
Run a Full scan
If possible, run Offline scan
⚠️ Malware commonly changes proxy settings without permission.",Browsing should work without proxy errors,low,Windows 10/11,Desktop/Laptop,"proxy error, proxy server, browsing error",
NEW028,Network,IP Conflict Detected,My PC shows an IP conflict detected error,"IP conflict error message, network connectivity issues, duplicate IP address warning","Multiple devices with same IP, static IP conflicts, router DHCP issues, or network misconfiguration","✅ Option 1: Restart Your PC & Router (VERY IMPORTANT)
Turn OFF your computer
Restart the router (wait until internet lights are stable)
Turn ON your computer
📌 This forces the router to assign a new unique IP address.","✅ Option 2: Release & Renew IP Address (MOST EFFECTIVE)
Press Win + R → type cmd
Right-click Command Prompt → Run as administrator
Run: ipconfig /release | ipconfig /renew
✔️ Requests a fresh IP from the router.","✅ Option 3: Ensure DHCP Is Enabled
Settings → Network & Internet
Advanced network settings → More network adapter options
Right-click your active adapter → Properties
Select Internet Protocol Version 4 (IPv4) → Properties
Ensure:
✔️ Obtain an IP address automatically
✔️ Obtain DNS server address automatically
❌ Manual IP settings often cause conflicts.","✅ Option 4: Check for Duplicate Devices
Look for:
Another PC using the same IP
Old devices still connected
Network printers or cameras with static IPs
Restart or disconnect unused devices
📌 Static IP devices are a common cause.","✅ Option 5: Reboot or Reset the Router
Restart router once more
If issue keeps happening:
Log in to router (e.g. 192.168.1.1)
Ensure DHCP server is enabled
Reduce DHCP lease conflicts
✔️ Fixes router-side IP duplication.",IP conflict error should disappear,low,Windows 10/11,Desktop/Laptop,"ip conflict, duplicate ip, network conflict",
NEW029,Network,Network Adapter Missing,The network adapter is missing from my computer,"Network adapter not visible in settings, no Wi-Fi or Ethernet options, adapter missing from Device Manager","Adapter disabled, driver missing, hardware failure, or BIOS settings","✅ Option 1: Restart & Check Basic Settings (VERY IMPORTANT)
Restart your PC once
Go to Settings → Network & Internet
Check if Wi-Fi / Ethernet appears
📌 Sometimes the adapter is temporarily not loaded.","✅ Option 2: Check Device Manager (MOST IMPORTANT)
Press Win + X → Device Manager
Expand Network adapters
Check carefully:
✔️ Adapter listed → may be disabled
❌ Nothing listed → driver missing or hardware disabled
Also check: View → Show hidden devices","✅ Option 3: Enable the Network Adapter
Right-click the adapter
Click Enable device
Restart PC
✔️ Disabled adapters disappear from network settings.","✅ Option 4: Install / Reinstall Network Drivers (MOST EFFECTIVE)
Identify your PC/Laptop model
Go to the manufacturer's official website
Download: Wi-Fi driver & Ethernet (LAN) driver
Install drivers and restart
📌 Windows often cannot install correct network drivers automatically.","✅ Option 5: Scan for Hardware Changes
Open Device Manager
Click Action → Scan for hardware changes
✔️ Forces Windows to re-detect missing hardware.",Network adapter should appear in Device Manager and network settings,medium,Windows 10/11,Desktop/Laptop,"network adapter missing, adapter not found, no network adapter",
NEW030,Audio,Headphones Not Detected,My headphones are not detected by the system,"Headphones not recognized when plugged in, no audio output to headphones, system still uses speakers","Faulty headphone jack, wrong output device selected, disabled playback device, or audio driver issue","✅ Option 1: Check the Headphones & Jack (VERY IMPORTANT)
Test the headphones on another device (phone / another PC)
❌ Not working → headphones are faulty
✔️ Working → problem is your PC
Try a different headphone jack (front vs rear on desktop)
Push the plug in fully (half-inserted plugs won't detect)
📌 This rules out simple hardware issues first.","✅ Option 2: Select Headphones as Output Device
Right-click speaker icon → Sound settings
Under Output, open the device list
Select: Headphones / Headset / Speakers (Realtek Audio)
Click Test
✔️ Windows may still be sending sound to speakers or HDMI.","✅ Option 3: Enable Headphones in Playback Devices
Right-click speaker icon → Sounds
Go to Playback tab
Right-click inside the list → ✔️ Show Disabled Devices
If Headphones appear: Right-click → Enable → Set as Default Device
Set as Default Device
📌 Disabled devices are hidden by default.","✅ Option 4: Restart Windows Audio Services
Press Win + R
Type services.msc
Restart: Windows Audio & Windows Audio Endpoint Builder
✔️ Fixes detection failures after sleep or updates.","✅ Option 5: Check / Reinstall Audio Driver (MOST COMMON CAUSE)
Win + X → Device Manager
Expand Sound, video and game controllers
Right-click your audio device (Realtek / Conexant / Intel):
Try Update driver
If not fixed → Uninstall device
Restart PC (driver reinstalls automatically)
📌 Corrupt audio drivers often stop jack detection.",Headphones should be detected and audio should play through them,low,Windows 10/11,Desktop/Laptop,"headphones, audio, detection, jack",
NEW031,Audio,Microphone Not Working,My microphone is not working on Windows,"Microphone not detected, no audio input, apps cannot access microphone, microphone test shows no input","Privacy settings blocking microphone, wrong input device selected, disabled recording device, or driver issues","✅ Option 1: Check the Microphone Hardware (VERY IMPORTANT)
If using a headset mic: plugged in fully or Try it on a phone
If using a USB mic: Try a different USB port
If using a laptop mic: Ensure nothing is blocking the mic holes
📌 This confirms the mic itself is not faulty.","✅ Option 2: Select the Correct Microphone Input
Right-click speaker icon → Sound settings
Scroll to Input
Select the correct device: Microphone (Realtek / Internal) / Headset Mic /USB Microphone
Speak and check Input level (green bars should move)
✔️ Wrong input device = no sound.","✅ Option 3: Allow Microphone Access (COMMON CAUSE)
Settings → Privacy & security → Microphone
Turn ON: ✔️ Microphone access & ✔️ Let apps access your microphone
Scroll down and ensure the app you're using (Zoom, Chrome, Discord, etc.) is allowed
📌 Privacy blocks are a very common reason.","✅ Option 4: Set Microphone as Default Device
Sound settings → More sound settings
Go to Recording tab
Right-click inside → ✔️ Show Disabled Devices
Enable your microphone
Set it as Default Device","✅ Option 5: Restart Audio Services
Press Win + R
Type services.msc
Restart: Windows Audio & Windows Audio Endpoint Builder
✔️ Fixes stuck audio input services.",Microphone should be detected and show input levels when speaking,low,Windows 10/11,Desktop/Laptop,"microphone, mic, audio input, recording",
NEW032,Audio,Windows Audio Service Not Running,The Windows audio service is not running,"Audio service stopped, no sound output, audio services cannot start, error messages about audio service","Audio service disabled, service dependencies failed, corrupted audio drivers, or BIOS audio disabled","✅ Option 1: Start Windows Audio Services Manually (VERY IMPORTANT)
Press Win + R
Type services.msc → Enter
Find and check these services: Windows Audio & Windows Audio Endpoint Builder
Right-click → Start
Right-click → Properties
Set Startup type = Automatic
📌 If these services don't run, sound will never work.","✅ Option 2: Restart Audio-Related Services
In services.msc, restart in this order:
Windows Audio Endpoint Builder
Windows Audio
✔️ This fixes stuck or failed audio initialization.","✅ Option 3: Check Audio Service Dependencies
Double-click Windows Audio
Open the Dependencies tab
Make sure these are running: RPC / DCOM Server Process Launcher / RPC Endpoint Mapper
❌ If any dependency is stopped → audio service will fail.","✅ Option 4: Repair Audio Drivers (MOST COMMON CAUSE)
Press Win + X → Device Manager
Expand Sound, video and game controllers
Right-click your audio device (Realtek / Conexant / Intel): Click Uninstall device
Restart PC
✔️ Windows will reinstall a clean audio driver.","✅ Option 5: Enable Audio in BIOS / UEFI
Restart PC and enter BIOS/UEFI (F2 / Del / Esc)
Look for: Onboard Audio & HD Audio Controller
Ensure it is Enabled
Save and exit
📌 If disabled in BIOS, Windows Audio cannot start.",Audio services should be running and sound should work,medium,Windows 10/11,Desktop/Laptop,"audio service, windows audio, service not running",
NEW033,Audio,HDMI Audio Not Working,HDMI audio is not working when connected to a TV or monitor,"HDMI video works but no audio, sound still plays through speakers instead of TV/monitor, HDMI audio device not detected","Wrong audio output device, HDMI audio disabled, missing display audio driver, or graphics driver issue","✅ Option 1: Set HDMI as the Default Audio Output (VERY IMPORTANT)
Right-click the speaker icon → Sound settings
Under Output, select: HDMI / Digital Audio / TV / Monitor
Click Test
📌 Windows often keeps sound on speakers or headphones instead of HDMI.","✅ Option 2: Enable HDMI Device in Playback Devices
Right-click speaker icon → Sounds
Go to Playback tab
Right-click inside the list → ✔️ Show Disabled Devices
If HDMI / Digital Audio appears: Enable it → Set as Default Device
✔️ Disabled HDMI devices cause silence.","✅ Option 3: Reconnect HDMI Cable & Select Correct TV Input
Unplug HDMI cable from both ends
Plug it back firmly
On the TV/monitor: Select the correct HDMI input → Increase volume
📌 Simple cable/input issues are common.","✅ Option 4: Update or Install HDMI Audio Driver (MOST COMMON FIX)
Press Win + X → Device Manager
Expand Sound, video and game controllers
Look for: NVIDIA High Definition Audio & AMD & Intel Display Audio
Right-click → Update driver
If not fixed → Uninstall device → Restart PC
✔️ HDMI audio comes from the graphics driver, not Realtek speakers.","✅ Option 5: Reinstall Graphics Driver (IMPORTANT)
Download the latest GPU driver from: NVIDIA / AMD / Intel official site
Perform a clean installation
Restart PC
📌 Missing display audio driver = no HDMI sound.",HDMI audio should play through TV or monitor speakers,low,Windows 10/11,Desktop/Laptop,"hdmi audio, display audio, tv audio, monitor audio",
NEW034,Hardware,Webcam Not Working,My webcam is not working on my computer,"Webcam not detected, black screen in camera apps, camera app shows error, webcam not listed in apps","Privacy settings blocking camera, camera disabled, driver issues, or hardware failure","✅ Option 1: Check the Webcam Hardware (VERY IMPORTANT)
Laptop webcam: Fn + camera key → Make sure the privacy shutter is open
USB webcam: Unplug and reconnect it
📌 This confirms whether the webcam itself is faulty.","✅ Option 2: Allow Camera Access in Windows (MOST COMMON CAUSE)
Go to Settings → Privacy & security → Camera
Turn ON: ✔️ Camera access & ✔️ Let apps access your camera
Scroll down and ensure the app you're using (Camera, Zoom, Teams, Chrome, etc.) is allowed
📌 Privacy blocks are the #1 reason webcams stop working.","✅ Option 3: Test With the Windows Camera App
Press Start → search Camera
Open the Camera app
Result:
✔️ Camera works → app-specific issue
❌ Black screen / error → system or driver issue","✅ Option 4: Check Device Manager (CRITICAL STEP)
Press Win + X → Device Manager
Expand Cameras or Imaging devices
Check:
✔️ Webcam listed → continue
❌ Not listed → driver missing or hardware disabled
⚠️ Yellow warning icon → driver problem","✅ Option 5: Enable or Reinstall Webcam Driver
Right-click the camera → Enable device (if disabled)
If still not working: Right-click → Uninstall device
Restart PC (Windows reinstalls driver)
✔️ Fixes corrupted camera drivers.",Webcam should work in camera apps and video conferencing software,low,Windows 10/11,Desktop/Laptop,"webcam, camera, video, hardware",
NEW035,Hardware,Camera Not Detected,The camera is not detected in Windows settings,"Camera not detected in Windows settings, camera app shows no camera found, Device Manager shows no camera","Camera disabled, driver missing, privacy settings, hardware failure, or BIOS settings","✅ Option 1: Check the Webcam Hardware (VERY IMPORTANT)
Laptop webcam: Fn + camera key → Make sure the privacy shutter is open
USB webcam: Unplug and reconnect it
📌 This confirms whether the webcam itself is faulty.","✅ Option 2: Allow Camera Access in Windows (MOST COMMON CAUSE)
Go to Settings → Privacy & security → Camera
Turn ON: ✔️ Camera access & ✔️ Let apps access your camera
Scroll down and ensure the app you're using (Camera, Zoom, Teams, Chrome, etc.) is allowed
📌 Privacy blocks are the #1 reason webcams stop working.","✅ Option 3: Check Device Manager (CRITICAL STEP)
Press Win + X → Device Manager
Expand Cameras or Imaging devices
Check:
✔️ Webcam listed → continue
❌ Not listed → driver missing or hardware disabled
⚠️ Yellow warning icon → driver problem","✅ Option 4: Enable or Reinstall Webcam Driver
Right-click the camera → Enable device (if disabled)
If still not working: Right-click → Uninstall device
Restart PC (Windows reinstalls driver)
✔️ Fixes corrupted camera drivers.","✅ Option 5: Reset Camera App & Windows Components
Settings → Apps → Installed apps
Find Camera
Advanced options → Repair → Reset
Restart PC",Camera should be detected in Windows settings and Device Manager,low,Windows 10/11,Desktop/Laptop,"camera not detected, webcam missing, camera driver",
NEW036,Storage,External Hard Drive Not Showing Up,My external hard drive is not showing up,"External drive not visible in File Explorer, no drive letter assigned, drive not detected","Power issues, cable problems, missing drive letter, offline drive, or driver issues","✅ Option 1: Check the External Drive & Cable (VERY IMPORTANT)
Disconnect and reconnect the drive firmly
Try a different USB cable
Try a different USB port (rear ports on desktops)
If it has a separate power adapter, ensure it's plugged in
Test the drive on another computer
❌ Not detected → drive/cable likely faulty
✔️ Detected → issue is on your PC
📌 Power or cable issues are the most common cause.","✅ Option 2: Restart Your Computer
Restart Windows
Plug in the external drive after Windows fully loads
✔️ Clears temporary USB and driver glitches.","✅ Option 3: Check Disk Management (CRITICAL STEP)
Press Win + X → Disk Management
Look for your external drive (even if no letter)
Possible states & fixes:
No drive letter → Right-click → Change Drive Letter → Add
Offline → Right-click → Online
Unallocated → Right-click → New Simple Volume ⚠️ (formats drive – data loss)
Healthy but not visible → Assign a letter
📌 Many drives are detected but not assigned a letter.","✅ Option 4: Check Device Manager
Win + X → Device Manager
Expand Disk drives and Universal Serial Bus controllers
Look for: External drive listed / Unknown device 
If found: Right-click → Uninstall device
Restart PC (driver reinstalls automatically)
✔️ Fixes corrupted USB/storage drivers.","✅ Option 5: Disable USB Power Saving (MOST EFFECTIVE)
Device Manager → Universal Serial Bus controllers
For each USB Root Hub: Properties → Power Management
❌ Uncheck Allow the computer to turn off…
Click OK and restart
📌 Prevents Windows from powering down external drives.",External drive should appear in File Explorer with a drive letter,low,Windows 10/11,Desktop/Laptop,"external drive, hard drive, storage, usb drive",
NEW037,Storage,Disk Write-Protected Error,I am getting a disk write-protected error,"Cannot write to USB drive or SD card, write-protected error message, cannot format or delete files","Physical write-protect switch, software write-protection, registry setting, or corrupted file system","✅ Option 1: Check for a Physical Write-Protect Switch (VERY IMPORTANT)
Look at the USB flash drive / SD card
Some devices have a small LOCK switch
Move it to Unlock
Reinsert the drive and test again
📌 This is the most common and easiest cause.","✅ Option 2: Restart PC & Reconnect the Drive
Safely remove the drive
Restart the computer
Plug the drive back in after Windows fully loads
✔️ Clears temporary protection flags.","✅ Option 3: Remove Write Protection Using DiskPart (MOST EFFECTIVE)
⚠️ Follow carefully.
Press Win + X → Terminal (Admin) or Command Prompt (Admin)
Type commands one by one: diskpart & list disk
Identify your USB disk number (check size)
Then run:
select disk X [disk number]
attributes disk clear readonly
exit
✔️ This removes software-level write protection.","✅ Option 4: Check Registry Write-Protection Setting
Press Win + R → type regedit
Go to: HKEY_LOCAL_MACHINE\SYSTEM\CurrentControlSet\Control\StorageDevicePolicies
On the right: If WriteProtect exists → double-click → Set 0
Restart PC
📌 If the key doesn't exist, skip this step.","✅ Option 5: Format the Drive (⚠️ DATA LOSS)
Only do this if data is not important.
Right-click drive → Format
Choose: File system: exFAT or NTFS
Start format
❌ If format fails with write-protected error → hardware issue likely","Should be able to write, delete, and format files on the drive",medium,Windows 10/11,Desktop/Laptop,"write protected, disk protection, usb protection, sd card",
NEW038,Storage,File System Error Preventing Access,A file system error is preventing access to my drive,"Cannot access drive, file system error message, drive shows as RAW or unreadable, asks to format","Corrupted file system, connection issues, BitLocker encryption, permission problems, or failing drive","✅ Option 1: Restart the Computer (VERY IMPORTANT)
Restart Windows once
Do not force shutdown again
Try opening the drive after restart
📌 Minor file system glitches often clear after reboot.","✅ Option 2: Check Cables & Connection (External Drives)
Safely remove the drive
Reconnect it firmly
Try a different USB port
Try a different cable
Avoid USB hubs
✔️ Poor connections can trigger file system errors.","✅ Option 3: Check for BitLocker Encryption
Open This PC
If the drive shows a lock icon: Right-click → Unlock
Enter BitLocker password or recovery key
📌 Encrypted drives will show file system errors if locked.","✅ Option 4: Check Permissions & Ownership
Right-click drive → Properties
Security tab → ensure your user has Full control
If access denied: Advanced → Change owner to your user account
📌 Permission corruption can mimic file system errors.","✅ Option 5: RAW Drive or Still Inaccessible (CRITICAL)
If the drive shows:
RAW
File system not recognized
Asks to format
❌ Do NOT format if you need the data.
✔️ Safe options: Try another PC
Use data recovery software
Consult a professional data recovery service",Drive should be accessible and files should be readable,high,Windows 10/11,Desktop/Laptop,"file system error, raw drive, inaccessible drive, corruption",
NEW039,Storage,Corrupted Files,Some files on my computer appear to be corrupted,"Files cannot be opened, corruption error messages, files show as damaged or unreadable","File system corruption, malware, disk errors, memory issues, or application problems","✅ Option 1: Restart the Computer (VERY IMPORTANT)
Restart Windows normally
Try opening the corrupted files again
📌 Temporary file locks or memory glitches can cause false corruption warnings.","✅ Option 2: Scan for Malware or Virus
Open Windows Security
Run a Full scan
If possible, run Offline scan
📌 Malware often corrupts or locks files.","✅ Option 3: Restore Previous Versions (If Available)
Right-click the corrupted file
Select Properties
Open Previous Versions
Restore an earlier version (if available)
✔️ Works if File History or restore points were enabled.","✅ Option 4: Try Opening Files with Another App
Documents: Try Google Docs, LibreOffice
Images: Try another image viewer
Videos: Try VLC Media Player
📌 Sometimes the file is intact but the app cannot read it.","✅ Option 5: Copy Files to Another Drive
Copy corrupted files to: External USB drive OR internal drive
Try opening them there
✔️ Helps determine if the source disk is failing.",Files should open correctly or be restored from previous versions,medium,Windows 10/11,Desktop/Laptop,"corrupted files, file corruption, damaged files, unreadable files",
NEW040,System,Cannot Delete File - Access Denied,I cannot delete a file because access is denied,"Cannot delete file or folder, access denied error message, file appears locked","File in use, insufficient permissions, ownership issues, or Windows Explorer lock","✅ Option 1: Make Sure the File Is Not in Use (VERY IMPORTANT)
Close all programs
If it's a document/video: Close the app that opened it
Restart the computer and try deleting again
📌 Files currently in use cannot be deleted.","✅ Option 2: Try Deleting as Administrator
Right-click the file → Delete
If prompted, click Continue (Administrator permission)
✔️ Some files require admin rights.","✅ Option 3: Restart Windows Explorer
Press Ctrl + Shift + Esc → Task Manager
Right-click Windows Explorer → Restart
Try deleting the file again
📌 Explorer sometimes locks files incorrectly.","✅ Option 4: Take Ownership of the File (MOST EFFECTIVE)
Right-click the file/folder → Properties
Go to Security → Advanced
Click Change next to Owner
Enter your username → Check Names → OK
✔️ Check Replace owner on subcontainers and objects (for folders)
Apply → OK
Go back to Security tab
Give your user Full control
Now try deleting the file.","✅ Option 5: Delete Using Command Prompt (Admin)
Press Win + X → Terminal (Admin) or Command Prompt (Admin)
Navigate to the file location, then run:
For files: del /f ""full_file_path""
For folders: rmdir /s /q ""folder_path""
✔️ Forces deletion and bypasses Explorer restrictions.",File should be deleted successfully,low,Windows 10/11,Desktop/Laptop,"access denied, cannot delete, file locked, permissions",
NEW041,Boot,Stuck on Login Screen,My computer is stuck on the login screen,"Login screen freezes, cannot enter password, login screen hangs, no response to input","Windows update issues, external device conflicts, corrupted login process, or profile problems","✅ Option 1: Wait & Try a Simple Restart (VERY IMPORTANT)
If this just happened after an update, wait 2–3 minutes
Hold Power button for 10 seconds → shut down
Wait 30 seconds
Power ON again
📌 Temporary startup services can delay login.","✅ Option 2: Disconnect External Devices
Power OFF the PC
Unplug all USB devices: External HDD/SSD / Pen drives
Keep only keyboard + mouse
Turn the PC ON
✔️ Faulty USB devices can freeze the login process.","✅ Option 3: Try Different Login Options
On the login screen: Click Sign-in options
Try: PIN / Password
📌 PIN often works when password sign-in hangs.","✅ Option 4: Restart Windows Explorer from Login (Quick Trick)
Press Ctrl + Alt + Delete
If menu appears: Click Power → Restart
If Task Manager opens: File → Run new task → type explorer.exe
✔️ Fixes frozen login UI in some cases.","✅ Option 5: Uninstall Recent Windows Updates
Advanced options → Troubleshoot
Uninstall Updates
Choose: 
Uninstall latest quality update
If needed → feature update
✔️ Broken updates often cause login freezes.",Should be able to log in successfully,medium,Windows 10/11,Desktop/Laptop,"login screen, stuck login, frozen login, cannot login",
NEW042,System,User Profile Cannot Be Loaded,Windows says the user profile cannot be loaded,"User profile cannot be loaded error, temporary profile loaded, cannot access user files","Corrupted user profile, registry issues, Windows update problems, or disk errors","✅ Option 1: Restart & Try Again (VERY IMPORTANT)
Restart the PC once
Try logging in again
📌 Temporary profile loading glitches sometimes fix themselves.","✅ Option 2: Boot into Safe Mode (MOST IMPORTANT)
Restart the PC
Force shutdown during boot 2–3 times
When Preparing Automatic Repair appears:
Advanced options → Troubleshoot
Advanced options → Startup Settings
Restart → Press 4 (Safe Mode)
✔️ Safe Mode often bypasses the corrupted profile issue.","✅ Option 3: Fix User Profile via Registry (MOST EFFECTIVE)
In Safe Mode, press Win + R → regedit
Go to: HKEY_LOCAL_MACHINE\SOFTWARE\Microsoft\Windows NT\CurrentVersion\ProfileList
Find the profile with .bak extension
Rename it to remove .bak
Restart normally","✅ Option 4: Create a New User Account (If Registry Fix Fails)
Log in to Safe Mode
Create a new local admin account
Log in with the new account
Copy your files from: C:\Users\OldUsername
📌 Old profile is damaged and should be replaced.","✅ Option 5: Reset Windows (Last Option)
Troubleshoot → Reset this PC
Choose Keep my files
✔️ Fixes Windows while keeping personal data
❌ Apps will be removed",User profile should load normally,high,Windows 10/11,Desktop/Laptop,"user profile, profile cannot load, corrupted profile, temporary profile",
NEW043,Boot,Secure Boot Violation Error,I see a secure boot violation error during startup,"Secure Boot violation error on startup, system cannot boot, BIOS/UEFI error message","Boot mode mismatch, Secure Boot misconfiguration, corrupted boot keys, or wrong boot device","✅ Option 1: Restart and Enter BIOS / UEFI (VERY IMPORTANT)
Power ON the PC
Immediately press F2 / DEL / ESC / F10 (depends on brand)
Enter BIOS / UEFI Setup
📌 You must fix this from BIOS — Windows cannot load until it's resolved.","✅ Option 2: Check Boot Mode
In BIOS, find Boot Mode or Boot Configuration.
If Windows was installed in UEFI mode: ✔️ Boot Mode = UEFI
If Windows was installed in Legacy mode: ✔️ Boot Mode = Legacy / CSM
📌 Boot mode mismatch is the most common cause.","✅ Option 3: Disable Secure Boot (MOST EFFECTIVE)
In BIOS, go to Security or Boot
Find Secure Boot
Set it to Disabled
Save changes (F10 → Yes)
Restart PC
✔️ This fixes most Secure Boot Violation errors immediately.","✅ Option 4: Load Default Secure Boot Keys (If You Want Secure Boot ON)
In BIOS → Secure Boot
Set OS Type to: Windows UEFI Mode
Select Install Default Secure Boot Keys
Save and restart
📌 Required if keys were deleted or corrupted.","✅ Option 5: Check Boot Priority
Ensure Windows Boot Manager is:
At the top of boot order
Do NOT select: USB / Network / Old HDD entries first
✔️ Wrong boot device can trigger violation errors.",System should boot normally without Secure Boot violation,medium,Windows 10/11,Desktop/Laptop,"secure boot, boot violation, bios error, uefi error",
NEW044,Security,BitLocker Recovery Key Required,My system is asking for a BitLocker recovery key,"BitLocker recovery key prompt on startup, cannot access encrypted drive, recovery key required","Windows update, BIOS/UEFI changes, TPM reset, Secure Boot changes, or disk moved to another PC","✅ Option 1: Find the Recovery Key in Your Microsoft Account (MOST COMMON)
If you signed in with a Microsoft account:
On another device, go to https://account.microsoft.com/devices/recoverykey
Sign in with the same Microsoft account
Find the key that matches the Key ID shown on your PC
Enter the 48-digit recovery key on the BitLocker screen
📌 Many users have this key saved automatically online.","✅ Option 2: Check Where You May Have Saved It
Look for the key in these places:
A printed copy
A USB drive used during setup
A text file on another drive or cloud storage
An email to yourself","✅ Option 3: Work or School PC? Contact IT

If this is a company/school device:
The key may be stored in Azure AD / Active Directory
Contact your IT administrator
📌 Managed devices don't store keys in personal Microsoft accounts.","✅ Option 4: Why BitLocker Is Asking (Normal Triggers)
This prompt commonly appears after:
Windows update
BIOS/UEFI update or reset
Secure Boot changes
TPM reset
Disk moved to another PC
✔️ This does not mean your data is lost or hacked.","✅ Option 5: After You Unlock — Prevent It From Happening Again
Once you log in successfully:
Open Control Panel → BitLocker Drive Encryption
Choose Suspend protection
Restart once
Resume BitLocker protection
✔️ This re-syncs BitLocker with your hardware.",Should be able to unlock the drive and access Windows,high,Windows 10/11,Desktop/Laptop,"bitlocker, recovery key, encryption, tpm",
NEW045,Hardware,CPU Fan Error Message,I see a CPU fan error message when starting the PC,"CPU fan error on startup, BIOS warning about CPU fan, system may not boot","CPU fan not spinning, loose connection, wrong header, dust buildup, or sensor issue","✅ Option 1: Power OFF Immediately (VERY IMPORTANT)
Shut down the PC
Do NOT keep booting while this error appears
📌 Running without a working CPU fan can permanently damage the CPU.","✅ Option 2: Check if the CPU Fan Is Spinning
Open the PC case (desktop) or rear vents (laptop)
Power ON briefly and observe:
✔️ Fan spins → sensor/connection issue
❌ Fan does NOT spin → fan failure
⚠️ Turn it OFF again immediately.","✅ Option 3: Check CPU Fan Cable Connection (MOST COMMON CAUSE)
Locate the CPU_FAN header on the motherboard
Ensure the fan cable is: Plugged into CPU_FAN (not SYS_FAN)
📌 If plugged into the wrong header, BIOS will show an error.","✅ Option 4: Clean Dust From Fan & Heatsink
Use compressed air
Remove dust from: CPU fan blades & Heatsink fins
Make sure the fan can spin freely
✔️ Dust can slow the fan below safe RPM.","✅ Option 5: Check BIOS Fan Settings
Enter BIOS/UEFI (Del / F2)
Go to Hardware Monitor / Fan Control
Check: CPU fan speed (RPM)
Set: CPU Fan Speed = Auto / PWM
Low RPM Warning = Enabled (or reduce threshold if needed)
📌 Some quiet fans spin slowly and trigger false warnings.",CPU fan should spin normally and error should disappear,high,Windows 10/11,Desktop/Laptop,"cpu fan, fan error, overheating, hardware",
NEW046,Hardware,Laptop Battery Not Charging,My laptop battery is not charging,"Battery not charging, charger connected but battery percentage not increasing, ""Plugged in, not charging"" message","Faulty charger, loose connection, battery driver issues, BIOS problems, or battery failure","✅ Option 1: Check the Charger & Power Source (VERY IMPORTANT)
Ensure the charger is firmly connected to the laptop and wall socket
Try a different wall outlet
Check the charger LED (if present)
Inspect the cable for: Fraying / Loose connector / Burn marks
📌 A faulty adapter or socket is the most common cause.","✅ Option 2: Remove Battery & Power Reset (If Battery Is Removable)
Shut down the laptop
Unplug the charger
Remove the battery
Hold the Power button for 30 seconds
Reinsert the battery
Plug in the charger and power ON
✔️ Clears power controller glitches.","✅ Option 3: Check Battery Status in Windows
Click the battery icon
Look for messages like: Plugged in, not charging
Go to: Settings → System → Power & Battery
Check battery percentage behavior
📌 Confirms if Windows detects the battery correctly.","✅ Option 4: Reinstall Battery Drivers (MOST EFFECTIVE)
Press Win + X → Device Manager
Expand Batteries
Right-click and Uninstall: Microsoft AC Adapter & Microsoft ACPI
Restart the laptop
✔️ Windows will reinstall clean battery drivers automatically.","✅ Option 5: Update BIOS & Power Drivers
Visit the laptop manufacturer's website
Update: BIOS / UEFI / Chipset / Power Management drivers
📌 Outdated BIOS often causes charging problems.",Battery should start charging and percentage should increase,medium,Windows 10/11,Laptop,"battery, charging, laptop battery, power adapter",
NEW047,Hardware,Power Supply Clicking Noise,My power supply makes a clicking noise,"PSU makes clicking or relay clicking sounds, system may not start, clicking repeats","Short circuit, faulty PSU, bad power source, overheating, or protection circuit activation","✅ Option 1: Power OFF Immediately (VERY IMPORTANT)
Shut down the PC
Turn the PSU switch OFF
Unplug the power cable
Wait 5 minutes
📌 Repeated clicking can damage components.","✅ Option 2: Check the Power Source
Plug directly into a wall outlet (bypass UPS/power strip)
Try a different wall socket
Use a known-good power cable
✔️ Bad power or a faulty strip can cause relay clicking.","✅ Option 3: Look for Short Circuits (MOST COMMON CAUSE)
Open the case (desktop)
Check for:
Loose screws touching the motherboard
Frayed cables
GPU/CPU power plugs not fully seated
Reseat: 24-pin motherboard / 8-pin CPU / GPU power cables
📌 A short makes the PSU click as it protects itself.","✅ Option 4: Minimal Boot Test
Disconnect : Motherboard / CPU + cooler / One RAM stick
Then try powering on.
✔️ Clicking stops → a removed device/cable is the culprit
❌ Clicking continues → PSU likely faulty","✅ Option 5: Check for Overheating / Fan Issues
Inspect PSU fan: Does it spin freely?
Clean dust with compressed air
📌 A jammed fan can trigger protection and clicking.",PSU should power on without clicking sounds,high,Windows 10/11,Desktop,"power supply, psu, clicking, hardware failure",
NEW048,Hardware,Keyboard Not Working Properly,My keyboard is not working properly,"Keyboard not responding, keys not typing, wrong characters appearing, keyboard typing slowly","Hardware failure, driver issues, keyboard layout problems, filter keys enabled, or connection issues","✅ Option 1: Check the Keyboard Hardware (VERY IMPORTANT)
If it's a USB keyboard: Unplug and plug it back in firmly
If it's a laptop keyboard: Check for dust or debris under keys
📌 This confirms whether the issue is hardware or Windows-related.","✅ Option 2: Restart the Computer
Restart Windows normally
Try typing again after login
✔️ Fixes temporary driver or service glitches.","✅ Option 3: Check Keyboard Layout & Language
Settings → Time & Language → Language & region
Ensure the correct keyboard layout (e.g., English – US)
Remove extra layouts you don't use
📌 Example: Pressing @ gives "" → layout issue.","✅ Option 4: Check Device Manager (MOST IMPORTANT)
Press Win + X → Device Manager
Expand Keyboards
Check: ⚠️ Yellow warning icon → driver problem
✔️ Fix: Right-click keyboard → Uninstall device
Restart PC (Windows reinstalls driver automatically)","✅ Option 5: Disable Filter Keys & Sticky Keys
Settings → Accessibility → Keyboard
Turn OFF: Filter Keys / Sticky Keys / Toggle Keys
📌 Very common cause of ""keyboard typing slowly or not responding"".",Keyboard should type correctly and respond normally,low,Windows 10/11,Desktop/Laptop,"keyboard, input device, typing, driver",
NEW049,Hardware,Mouse Not Detected,My mouse is not detected by the computer,"Mouse not working, cursor not moving, mouse not detected in Device Manager","Faulty mouse, USB port issues, driver problems, power saving settings, or connection problems","✅ Option 1: Check the Mouse Hardware (VERY IMPORTANT)
USB mouse: Unplug and plug it back in firmly
Wireless mouse: Replace batteries
Bluetooth mouse: Make sure Bluetooth is ON
📌 This confirms whether the mouse itself is faulty.","✅ Option 2: Restart the Computer
Restart Windows
Try moving the mouse after login
✔️ Fixes temporary USB or driver glitches.","✅ Option 3: Try Different USB Ports (Common Fix)
Avoid USB hubs or extension cables
Plug directly into the PC
Try USB 2.0 and USB 3.0 ports
📌 Some ports may fail or be underpowered.","✅ Option 4: Check Device Manager (MOST IMPORTANT)
Press Win + X → Device Manager
Expand: Mice and other pointing devices
Check for: ⚠️ Yellow warning icon
✔️ Fix: Right-click the mouse (or HID-compliant mouse) → Uninstall device
Restart PC (Windows reinstalls driver automatically)","✅ Option 5: Disable USB Power Saving (VERY EFFECTIVE)
Device Manager → Universal Serial Bus controllers
For each USB Root Hub: Properties → Power Management
❌ Uncheck Allow the computer to turn off this device to save power
Click OK and restart
✔️ Prevents Windows from disabling the mouse.",Mouse should be detected and cursor should move normally,low,Windows 10/11,Desktop/Laptop,"mouse, pointing device, usb mouse, input device",
NEW050,BSOD,Blue Screen After Driver Install,I started getting a blue screen error after installing a driver,"BSOD appears after installing a driver, system crashes, error codes related to drivers","Incompatible driver, corrupted driver installation, driver conflict, or wrong driver version","✅ Option 1: Restart Once & Note the Error Code (VERY IMPORTANT)
Restart the PC once
If the blue screen appears again, note the error code (e.g. IRQL_NOT_LESS_OR_EQUAL, SYSTEM_THREAD_EXCEPTION_NOT_HANDLED)
If Windows boots, go straight to Step 4
📌 The error code confirms it's a driver-related crash.","✅ Option 2: Boot Into Safe Mode (MOST IMPORTANT)
Force shutdown during boot 2–3 times
When Automatic Repair appears:
Advanced options → Troubleshoot
Advanced options → Startup Settings
Restart → Press 4 (Safe Mode)
✔️ Safe Mode loads Windows without the faulty driver.","✅ Option 3: Roll Back or Uninstall the Problem Driver
Press Win + X → Device Manager
Find the device you updated (GPU, network, audio, etc.)
Right-click → Properties
Go to Driver tab: Click Roll Back Driver (best option)
If not available → Uninstall device
Restart PC normally
📌 This immediately stops the crash loop.","✅ Option 4: Use System Restore (FAST & SAFE)
If rollback isn't possible:
Advanced options → System Restore
Choose a restore point before the driver install
Restore and restart
✔️ Reverts drivers and registry safely
❌ Does not delete personal files","✅ Option 5: Remove Leftover Driver Files (Advanced)
If BSOD continues:
In Safe Mode: Uninstall related software (GPU utilities, control panels)
Restart
Reinstall the official stable driver only
📌 Avoid beta or third-party driver tools.",System should boot normally without blue screen errors,high,Windows 10/11,Desktop/Laptop,"bsod, driver crash, blue screen, driver install",
NEW051,Hardware,Faulty RAM Causes Crashes,My RAM seems faulty and causes crashes,"System crashes, blue screens, random freezes, memory errors, file corruption","Faulty RAM modules, loose connections, incompatible RAM, XMP/DOCP instability","✅ Option 1: Stop Heavy Use Immediately (VERY IMPORTANT)
Shut down the PC if crashes are frequent
Avoid gaming, rendering, or heavy multitasking
📌 Continued use with bad RAM can corrupt files and Windows.","✅ Option 2: Run Windows Memory Diagnostic (FIRST TEST)
Press Win + R
Type mdsched.exe
Choose Restart now and check for problems
Let the test complete (PC will reboot)
Results:
❌ Errors found → RAM problem confirmed
✔️ No errors → still continue to Step 3 (not 100% reliable)","✅ Option 3: Reseat the RAM Modules (MOST COMMON FIX)
Power OFF → unplug cable
Open the case
Remove RAM sticks
Clean contacts (air only, no liquid)
Reinsert firmly until clicks
📌 Loose RAM causes many ""false hardware failures"".","✅ Option 4: Test RAM One Stick at a Time (VERY IMPORTANT)
Remove all sticks
Insert only one
Boot and use the PC
Repeat for each stick
✔️ If one stick crashes and another doesn't → bad RAM identified","✅ Option 5: Disable XMP / DOCP in BIOS (CRITICAL)
Enter BIOS/UEFI (Del / F2)
Find XMP / DOCP / EXPO
Set it to Disabled
Save & exit
📌 Many systems are unstable with XMP enabled.",System should run without crashes after fixing RAM issues,high,Windows 10/11,Desktop/Laptop,"ram, memory, crashes, hardware failure",
NEW052,Hardware,Hard Drive Health Warning,Hard drive health warning appears at startup,"SMART warning at boot, hard drive failure imminent message, BIOS warning about drive health","Failing hard drive, bad sectors, mechanical failure, SMART errors, drive age","✅ Option 1: BACK UP YOUR DATA IMMEDIATELY (MOST IMPORTANT)
Copy important files now to: External hard drive / USB drive / Cloud storage
Prioritize: Documents / Photos/ videos / Work files
📌 Do this before troubleshooting. The drive can fail completely at any time.","✅ Option 2: Confirm the Warning Source
The warning may appear as:
SMART Status BAD
Hard Disk Failure Imminent
S.M.A.R.T. detected a hard drive problem
Hard Drive Health Warning
✔️ This comes from BIOS or motherboard firmware, not Windows.","✅ Option 3: Check Drive Health in Windows
Press Win + X → Terminal (Admin)
Run: wmic diskdrive get status
Result:
OK → Still failing, but not yet critical
Pred Fail → Drive must be replaced immediately
📌 This confirms SMART status.","✅ Option 4: Check SMART Details (Advanced)
Use a SMART tool:
CrystalDiskInfo
Manufacturer diagnostic tool (Seagate / WD / Toshiba)
Look for: Reallocated sectors / Pending sectors / Read/write errors
❌ Rising error counts = dying drive","✅ Option 5: Check Cables & Power (Desktop Only)
Power OFF PC
Reseat: SATA data cable / SATA power cable
Try a different SATA cable/port
📌 Loose cables can sometimes trigger false warnings.",Drive should be replaced if SMART shows critical errors,high,Windows 10/11,Desktop/Laptop,"hard drive, smart, drive failure, storage",
NEW053,Hardware,SSD Not Detected in BIOS,SSD is not detected in BIOS,"SSD not showing in BIOS, Windows cannot boot, drive not listed in boot devices","Loose connections, wrong BIOS settings, outdated BIOS, dead SSD, wrong SATA mode","✅ Option 1: Power OFF & Disconnect Everything (VERY IMPORTANT)
Shut down the PC completely
Turn off PSU switch (desktop)
Unplug power cable
Hold Power button for 10 seconds
📌 This clears residual power and avoids short damage.","✅ Option 2: Reseat the SSD (MOST COMMON FIX)
🔹 SATA SSD
Reconnect both: SATA data cable / SATA power cable
Try a different SATA cable
Try a different SATA port
✔️ Loose connections cause 80% of detection failures.","✅ Option 3: Check BIOS Storage Settings (VERY IMPORTANT)
Enter BIOS / UEFI (F2 / DEL / ESC):
✔️ Enable These:
SATA Controller = Enabled
NVMe Controller = Enabled
Storage Mode = AHCI
CSM = Disabled (for NVMe)
❌ Avoid:
RAID mode (unless intentionally used)
Legacy-only boot for NVMe SSDs
📌 NVMe SSDs will not appear in Legacy mode.","✅ Option 4: Update BIOS / UEFI Firmware
Visit motherboard or laptop support website
Update to the latest BIOS version
📌 Older BIOS versions often cannot detect newer NVMe SSDs.
⚠️ Do NOT interrupt BIOS update.","✅ Option 5: Test SSD in Another System (VERY IMPORTANT)
Install SSD in: Another PC OR USB SSD enclosure
Results:
✔️ Detected → motherboard / slot issue
❌ Not detected → SSD is dead
📌 Confirms SSD failure definitively.",SSD should appear in BIOS boot devices list,high,Windows 10/11,Desktop/Laptop,"ssd, bios, storage, nvme, sata",
NEW054,Hardware,GPU Overheats and Shuts Down PC,GPU overheats and shuts down the PC,"PC shuts down during gaming/rendering, GPU temperature very high, thermal shutdown","Dust buildup, fan failure, poor airflow, thermal paste degradation, overclocking","✅ Option 1: Stop Heavy Use Immediately (VERY IMPORTANT)
Shut down the PC
Avoid gaming/rendering until fixed
📌 Repeated thermal shutdowns can permanently damage the GPU.","✅ Option 2: Check GPU Temperature
Install HWMonitor, GPU-Z, or MSI Afterburner
Normal ranges: Idle: 30–50 °C AND Load: 60–85 °C
❌ 90 °C+ → emergency shutdown risk
✔️ Confirms overheating is real (not PSU or driver).","✅ Option 3: Clean Dust From GPU & Case (MOST COMMON FIX)
Power OFF and unplug
Open the case
Use compressed air to clean: GPU fans / GPU heatsink fins / Case intake/exhaust fans
Ensure fans spin freely
📌 Dust blocks airflow and traps heat.","✅ Option 4: Check GPU Fans Are Working
✔️ All GPU fans spinning under load
❌ One or more not spinning → fan failure
✔️ Replace faulty GPU fans if needed.","✅ Option 5: Improve Case Airflow
Ensure: Front/side fans = intake / Rear/top fans = exhaust
Keep cables tidy
Leave space around the PC (don't block vents)
📌 Poor airflow causes hot air recirculation.",GPU temperature should stay under 85°C under load,high,Windows 10/11,Desktop,"gpu, overheating, graphics card, thermal shutdown",
NEW055,Hardware,Laptop Shuts Down Due to Overheating,Laptop shuts down due to overheating,"Laptop shuts down during use, very hot bottom, fan noise, thermal protection","Dust buildup, blocked vents, fan failure, thermal paste degradation, poor placement","✅ Option 1: Stop Heavy Use Immediately (VERY IMPORTANT)
Shut down the laptop
Let it cool for 15–20 minutes
Do not keep restarting while hot
📌 Repeated overheating can damage the CPU, GPU, and battery.","✅ Option 2: Check CPU & GPU Temperatures
Install HWMonitor or Core Temp and check:
Idle → 35–55 °C
Light use → 55–70 °C
Heavy load → 70–85 °C
❌ Shutdown risk → 90°C
✔️ Confirms overheating is the real cause.","✅ Option 3: Clean Fans & Air Vents (MOST COMMON FIX)
Power OFF and unplug
Blow compressed air into: Side vents / Bottom vents
If experienced, open the back cover and: Clean fan blades & heatsink fins
📌 Dust buildup is the #1 cause of laptop overheating.","✅ Option 4: Use Proper Laptop Placement
Place laptop on a hard, flat surface
❌ Avoid bed, pillow, sofa
Elevate the rear slightly for airflow
✔️ Soft surfaces block cooling vents.","✅ Option 5: Check That Fans Are Working
✔️ Fan noise increases under load
❌ No fan sound → fan failure
📌 Dead fans = guaranteed shutdowns.",Laptop should run without thermal shutdowns,high,Windows 10/11,Laptop,"laptop, overheating, thermal shutdown, cooling",
NEW056,Hardware,CPU Fan Error on Boot,CPU fan error appears on boot,"BIOS error about CPU fan, system may not boot, fan warning message","Fan not spinning, loose connection, wrong header, dust, BIOS settings","✅ Option 1: Power OFF Immediately (VERY IMPORTANT)
Turn off the PC
Do not keep booting with this error
📌 Running without CPU cooling can permanently damage the processor.","✅ Option 2: Check If the CPU Fan Is Spinning
Open the PC case (desktop) or check vents (laptop)
Power ON briefly and observe:
✔️ Fan spins → detection or settings issue
❌ Fan does not spin → fan failure
⚠️ Turn OFF again immediately after checking.","✅ Option 3: Check CPU Fan Cable Connection (MOST COMMON CAUSE)
Ensure the fan cable is connected to CPU_FAN
❌ Do NOT connect it to SYS_FAN / CHA_FAN
Reseat the connector firmly
📌 Wrong header = BIOS error even if fan spins.","✅ Option 4: Clean Dust from Fan & Heatsink
Use compressed air
Clean: CPU fan blades & Heatsink fins
Ensure the fan spins freely by hand
✔️ Dust can slow fan RPM below BIOS safety limit.","✅ Option 5: Check BIOS Fan Settings
Enter BIOS/UEFI (Del / F2)
Go to Hardware Monitor / Fan Control
Check: CPU Fan Speed (RPM)
Set: CPU Fan Control = Auto / PWM
Lower Low RPM Warning (e.g., 200 RPM) if available
📌 Quiet fans sometimes trigger false warnings.",CPU fan should spin normally and error should disappear,high,Windows 10/11,Desktop/Laptop,"cpu fan, fan error, overheating, hardware",
NEW057,Hardware,Hard Disk Clicking Noise,Hard disk makes clicking noise,"Clicking or ticking sounds from hard drive, drive may disappear, system may freeze","Failing read/write head, bad sectors, motor failure, power issues, drive age","✅ Option 1: STOP Using the Computer Immediately (MOST IMPORTANT)
Shut down the PC
Do NOT keep restarting or using it
Do NOT run disk repair tools yet
📌 Every extra minute can cause irreversible data loss.","✅ Option 2: Back Up Important Data IMMEDIATELY
Copy only critical files first: Documents / Photos / Videos / Work files
Use: External HDD/SSD / Large USB drive / Cloud storage
⚠️ If copying causes clicking to increase → stop immediately.","✅ Option 3: Understand What the Clicking Means
Failing read/write head
Bad sectors growing rapidly
Motor or spindle failure
Power delivery problems
Drive age (especially HDDs >3–5 years)
❌ Clicking is not a software problem.","✅ Option 4: Check Cables & Power (Desktop Only)
Power OFF PC
Reseat: SATA data cable & SATA power cable
Try a different SATA cable
Try a different SATA port
Power ON and listen
✔️ If clicking stops → cable/power issue
❌ If clicking continues → internal HDD failure","✅ Option 5: Test the Drive in Another System (Optional)
Connect HDD to another PC or USB enclosure
Results:
Clicking everywhere → drive is failing
Works normally elsewhere → power or motherboard issue",Drive should be replaced immediately if clicking continues,high,Windows 10/11,Desktop/Laptop,"hard drive, clicking, drive failure, data loss",
NEW058,Hardware,PC Does Not Detect Connected Hardware,PC does not detect connected hardware,"Hardware not recognized, device not appearing in Device Manager, no driver installation","Faulty device, driver issues, USB port problems, power saving, connection issues","✅ Option 1: Check the Hardware Itself (VERY IMPORTANT)
Disconnect the device and reconnect it firmly
Try a different port (USB 2.0 ↔ USB 3.0)
Avoid USB hubs; plug directly into the PC
Test the device on another computer
❌ Not detected there → device likely faulty
✔️ Detected there → PC-side issue
📌 This separates device failure from PC issues.","✅ Option 2: Restart the Computer
Restart Windows normally
Connect the device after Windows finishes loading
✔️ Clears temporary driver/controller glitches.","✅ Option 3: Check Device Manager (MOST IMPORTANT)
Press Win + X → Device Manager
Look for: Unknown device & ⚠️ Yellow warning icons
Click View → Show hidden devices
If the device appears:
Right-click → Enable device Or Uninstall device → Restart
📌 Missing or disabled drivers often hide hardware.","✅ Option 4: Scan for Hardware Changes
In Device Manager:
Click Action → Scan for hardware changes
✔️ Forces Windows to re-detect connected hardware.","✅ Option 5: Install / Update the Correct Driver
Download drivers only from the manufacturer's website
PC/laptop brand (for built-in hardware) & Device brand (for USB devices)
Install and restart
❌ Avoid ""driver booster"" tools—they cause conflicts.",Hardware should be detected and appear in Device Manager,medium,Windows 10/11,Desktop/Laptop,"hardware detection, device manager, driver, usb",
NEW059,Hardware,USB Ports Not Working,USB ports are not working,"USB devices not detected, ports not responding, no power to USB devices","Driver issues, power saving, faulty ports, USB controller problems, power supply issues","✅ Option 1: Check USB Devices First (VERY IMPORTANT)
Try multiple USB devices (mouse, keyboard, pen drive)
Test devices on another computer
❌ Not working there → device is faulty
✔️ Working there → PC USB issue
📌 This confirms it's not just one bad USB device.","✅ Option 2: Restart the Computer
Restart Windows normally
Plug USB devices after Windows fully loads
✔️ Temporary USB controller crashes often fix after reboot.","✅ Option 3: Try Different USB Ports
Test front and rear ports (desktop)
Try USB 2.0 and USB 3.0 ports
Avoid USB hubs or extensions
📌 A single port failure ≠ all ports failure.","✅ Option 4: Check Device Manager (MOST IMPORTANT)
Press Win + X → Device Manager
Expand Universal Serial Bus controllers
Look for: Unknown USB Device & ⚠️ Yellow warning icons
✔️ Fix:
Right-click Unknown USB Device / USB Root Hub
Select Uninstall device
Restart PC (Windows reinstalls drivers automatically)","✅ Option 5: Disable USB Power Saving (MOST EFFECTIVE)
Device Manager → Universal Serial Bus controllers
For each USB Root Hub: Properties → Power Management
❌ Uncheck Allow the computer to turn off this device to save power
Click OK and restart
📌 Power saving often disables USB ports unexpectedly.",USB ports should detect and power connected devices,medium,Windows 10/11,Desktop/Laptop,"usb ports, usb controller",
NEW060,Hardware,Motherboard Beeps During Startup,Motherboard beeps during startup,"Beeping sounds at boot, system may not start, POST error codes","RAM issues, GPU problems, CPU fan, power issues, loose connections","✅ Option 1: Count the Beeps (VERY IMPORTANT)
Turn the PC on and carefully note: How many beeps?
1 short beep → Normal POST	
2–3 short beeps → RAM error	
Continuous beeps → RAM not detected	
1 long + 2 short → Graphics card error	
1 long + 3 short → GPU / VRAM failure	
Repeated short beeps → Power or motherboard issue	
No beeps, no display → CPU / motherboard	
📌 Exact codes can vary slightly by motherboard brand.","✅ Option 2: Power OFF & Do Basic Hardware Checks
Shut down the PC
Unplug the power cable
Hold Power button for 10 seconds
Then check connections:
24-pin motherboard power
8-pin CPU power
GPU power cables
RAM fully seated
✔️ Loose connections cause most beep errors.","✅ Option 3: Fix RAM Beep Errors (MOST COMMON)
If beeps point to RAM:
Remove all RAM sticks
Clean slots with compressed air
Insert one RAM stick only
Try different RAM slots
Test each stick one by one
✔️ If one stick causes beeps → faulty RAM","✅ Option 4: Fix GPU Beep Errors
Remove GPU
Clean the PCIe slot
Reseat GPU firmly
Ensure GPU power cables are connected
Try HDMI/DP on motherboard (if CPU has iGPU)
✔️ If PC boots without GPU → GPU may be faulty","✅ Option 5: CPU Fan / Overheating Beeps

Some boards beep if: CPU fan not detected & CPU overheating
Check:
CPU fan is spinning
Fan cable is connected to CPU_FAN
Heatsink firmly attached",System should boot without beep errors,high,Windows 10/11,Desktop,"motherboard, beep codes, post, hardware error",
NEW061,Hardware,PC Randomly Powers Off,PC randomly powers off,"System shuts down unexpectedly, no warning, may restart or stay off","Overheating, failing PSU, loose power connections, CPU fan issues, poor airflow","✅ Option 1: Check for Overheating (MOST COMMON CAUSE)
Install HWMonitor or Core Temp
Check temperatures:
CPU: Idle: 30–55 °C & Load: 70–85 °C
❌ 90 °C+ → shutdown risk
GPU: Load should stay under 85–90 °C
Fix :
Clean dust from: CPU fan & heatsink / GPU fans / Case vents
Ensure all fans are spinning","✅ Option 2: Suspect the Power Supply (VERY COMMON)
A weak or failing PSU can cut power instantly.
Signs:
PC shuts off under load (gaming, rendering)
Clicking noise from PSU
PC turns off, then won't turn on for a few minutes
Fix:
Bypass UPS / power strip
Plug directly into wall socket
If possible, test with a known-good PSU
📌 Cheap or old PSUs are a top cause.","✅ Option 3: Check Power Cables & Connections
Power OFF and unplug PC
Reseat:
24-pin motherboard power
8-pin CPU power
GPU power cables
Ensure cables click firmly into place
📌 Loose power = instant shutdown.","✅ Option 4: Check CPU Fan & Cooling
If the CPU fan:
Isn't spinning
Is connected to the wrong header
Is clogged with dust
👉 The system may shut down instantly.
✔️ Ensure the fan is connected to CPU_FAN
✔️ Replace fan if faulty","✅ Option 5: Improve Case Airflow
Front/side fans = intake
Rear/top fans = exhaust
Remove cable clutter
Keep PC away from walls or enclosed spaces
📌 Hot air trapped inside = shutdowns.",PC should run without random shutdowns,high,Windows 10/11,Desktop,"random shutdown, power supply, overheating, psu",
NEW062,Hardware,External Drive Disconnects Randomly,External drive disconnects randomly,"External drive disappears, reconnects, data transfer interrupted, drive not detected","Faulty USB cable, power saving, insufficient power, driver issues, failing drive","✅ Option 1: Back Up Important Data First (VERY IMPORTANT)
Before troubleshooting:
Copy important files immediately
Random disconnects can indicate drive failure
📌 Do this first to avoid data loss.","✅ Option 2: Check the USB Cable & Port (MOST COMMON CAUSE)
Replace the USB cable (even if it ""looks fine"")
Try a different USB port
Prefer rear USB ports on desktops
Avoid USB hubs or front panel ports
✔️ Faulty or underpowered cables cause frequent disconnects.","✅ Option 3: Disable USB Power Saving (MOST EFFECTIVE FIX)
Press Win + X → Device Manager
Expand Universal Serial Bus controllers
For each USB Root Hub: Right-click → Properties Power → Management tab
❌ Uncheck Allow the computer to turn off this device to save power
Click OK and restart
📌 Windows often cuts power to external drives.","✅ Option 4: Use an External Power Source (If Available)
If the drive has: A Y-cable & A power adapter
Make sure it's connected
✔️ Portable HDDs often disconnect due to insufficient USB power.","✅ Option 5: Update USB & Chipset Drivers
Visit your PC or motherboard manufacturer's website
Update: Chipset drivers & USB controller drivers
Restart the PC
📌 Especially important after Windows updates.",External drive should stay connected without disconnecting,medium,Windows 10/11,Desktop/Laptop,"external drive, usb disconnect, storage, power saving",
NEW063,Hardware,Laptop Battery Not Detected,Laptop battery not detected,"Battery icon shows ""not detected"", laptop only works on AC power, no battery status","Battery driver issues, embedded controller errors, BIOS problems, dead battery, connection issues","✅ Option 1: Perform a Power Reset (VERY IMPORTANT)
Shut down the laptop
Unplug the charger
If battery is removable → remove it
Hold the Power button for 30 seconds
Reinsert the battery (if removable)
Plug in the charger and power ON
📌 Clears embedded controller (EC) errors.","✅ Option 2: Check Charger & Charging Light
Plug in the charger
Check: 
Charging LED turns ON?
Laptop runs on AC power?
✔️ If laptop runs only on AC → battery not detected or dead
❌ If laptop doesn't power on → charger or motherboard issue","✅ Option 3: Reinstall Battery Drivers (MOST EFFECTIVE)
Press Win + X → Device Manager
Expand Batteries
Right-click and Uninstall:
Microsoft AC Adapter
Microsoft ACPI-Compliant Control Method Battery
Restart the laptop
✔️ Windows will reinstall clean battery drivers automatically.","✅ Option 4: Check BIOS / UEFI Battery Detection
Restart and enter BIOS/UEFI (F2 / Del / Esc)
Look for: Battery information & health or status
Results:
✔️ Battery shown → Windows/driver issue
❌ Battery NOT shown → battery or motherboard problem
📌 BIOS does not depend on Windows drivers.","✅ Option 5: Update BIOS & Power Drivers
Go to your laptop manufacturer's support site
Update: BIOS / UEFI & Chipset / Power Management drivers
📌 Many battery detection issues are fixed by BIOS updates.",Battery should be detected and show charging status,medium,Windows 10/11,Laptop,"laptop battery, battery detection, power management",
NEW064,Hardware,GPU Fan Runs at Full Speed,GPU fan runs at full speed,"GPU fans running at maximum RPM constantly, loud fan noise, may indicate overheating","Overheating, dust buildup, fan failure, driver issues, sensor problems","✅ Option 1: Stop Heavy GPU Usage Immediately (VERY IMPORTANT)
Close games, rendering apps, and stress tests
Let the PC idle for a few minutes
📌 GPU fans go full speed to prevent damage.","✅ Option 2: Check GPU Temperature (CRITICAL)
Install Monitor, GPU-Z, or MSI Afterburner and check temps:
Idle → 30–50 °C
Gaming / Load → 60–85 °C
❌ Danger → 90 °C+
✔️ If temps are very high → overheating problem
❌ If temps are normal but fans still max → sensor/control issue","✅ Option 3: Clean Dust from GPU & Case (MOST COMMON FIX)
Power OFF and unplug the PC
Open the case
Clean: GPU fans / GPU heatsink fins / Case intake & exhaust fans
Ensure GPU fans spin freely
📌 Dust buildup is the #1 reason fans ramp to 100%.","✅ Option 4: Check GPU Fan Operation
Power ON and observe:
✔️ All GPU fans spin smoothly
❌ One fan stuck / jerky → fan failure
✔️ A failing fan forces others to run at full speed.","✅ Option 5: Reinstall / Roll Back GPU Drivers
Uninstall current GPU driver
Install a stable official driver (not beta)
If issue started after update → roll back
📌 Driver bugs often cause fan control failure.",GPU fans should run at normal speeds based on temperature,medium,Windows 10/11,Desktop,"gpu fan, graphics card, overheating, fan control",
NEW065,Hardware,Hardware Error Message in Windows,Hardware error message appears in Windows,"Hardware error notifications, system instability, crashes, Event Viewer errors","Failing hardware, driver issues, disk problems, RAM errors, component failure","✅ Option 1: Note the Exact Error Message (VERY IMPORTANT)
Write down the full error text or error code
Check when it appears: At startup / During gaming / While copying files / Randomly
📌 The wording often points directly to the faulty component.","✅ Option 2: Restart Once (Quick Check)
Restart Windows
If the error does not return, it may have been a temporary glitch
If it returns, continue below","✅ Option 3: Check Event Viewer (MOST IMPORTANT)
Press Win + X → Event Viewer
Go to: Windows Logs → System
Look for Error or Critical entries (red icons)
Note: Source (Disk, WHEA-Logger, Kernel-Power, nvlddmkm, etc.)
📌 This tells you which hardware is complaining.","✅ Option 4: Check Disk Health (VERY COMMON CAUSE)
Open Command Prompt (Admin) and run: wmic diskdrive get status
OK → Disk still working
Pred Fail → Disk is failing (replace immediately)","✅ Option 5: Test RAM (CRITICAL)
Press Win + R
Type mdsched.exe
Choose Restart now and check for problems
❌ Errors found → faulty or unstable RAM
✔️ No errors → continue (not 100% conclusive)",Hardware errors should stop after fixing the faulty component,high,Windows 10/11,Desktop/Laptop,"hardware error, event viewer, component failure",
NEW066,Hardware,PC Does Not Recognize New RAM,PC does not recognize new RAM,"New RAM not detected, BIOS shows less memory, Windows shows wrong RAM amount","Incorrect installation, wrong slots, incompatible RAM, BIOS settings, faulty RAM","✅ Option 1: Power OFF & Safety Check (VERY IMPORTANT)
Shut down the PC completely
Unplug the power cable
Hold the Power button for 10 seconds
📌 Prevents electrical damage while reseating RAM.","✅ Option 2: Reseat the RAM Properly (MOST COMMON FIX)
Open the case (desktop) / access RAM bay (laptop)
Remove all RAM sticks
Clean slots with compressed air
Reinsert RAM firmly until both clips click
✔️ RAM must be fully seated—half-inserted RAM won't be detected.","✅ Option 3: Use the Correct RAM Slots (CRITICAL)
For 2 sticks, most motherboards require:
A2 + B2 slots (not A1 + B1)
📌 Check the motherboard manual—wrong slots = missing RAM.","✅ Option 4: Test One RAM Stick at a Time
Insert one stick only
Boot and check BIOS
Repeat for each stick and slot
✔️ Helps identify: A faulty RAM stick & A dead RAM slot","✅ Option 5: Check BIOS Detection (IMPORTANT)
Enter BIOS/UEFI (Del / F2):
Confirm:
Total memory detected
Each slot shows installed RAM
If BIOS doesn't see it → Windows never will.",All installed RAM should be detected in BIOS and Windows,low,Windows 10/11,Desktop/Laptop,"ram, memory, ram detection, bios",
NEW067,Hardware,Storage Drive Disappears Suddenly,Storage drive disappears suddenly,"Drive not showing in File Explorer, disappears and reappears, not detected","Loose cables, power saving, failing drive, driver issues, connection problems","✅ Option 1: Back Up Important Data IMMEDIATELY (MOST IMPORTANT)
If the drive appears even briefly: Copy critical files 
Use an external drive or cloud storage
📌 Sudden disappearance is often an early failure warning.","✅ Option 2: Restart & Observe
Restart the PC
Check: Does the drive reappear?
✔️ Reappears temporarily → power, cable, or drive health issue likely.","✅ Option 3: Check Cables & Ports (VERY COMMON CAUSE)
Power OFF and unplug
Reseat: SATA data cable & power cable
Try a different SATA cable
Try a different SATA port
📌 Loose or failing cables cause random disconnects.","✅ Option 4: Disable Power Saving (MOST EFFECTIVE FIX)
Win + X → Device Manager
Expand Universal Serial Bus controllers
For each USB Root Hub: Properties → Power Management
❌ Uncheck Allow the computer to turn off this device to save power
Restart
✔️ Prevents Windows from cutting power to drives.","✅ Option 5: Check Disk Management
Press Win + X → Disk Management
Look for the missing drive:
Offline : Right-click → Online
No drive letter : Assign drive letter
RAW : File system corrupted
Unallocated :Partition lost
⚠️ Do NOT format if data is important.",Drive should remain visible and accessible,high,Windows 10/11,Desktop/Laptop,"storage drive, drive disappears, sata, disk management",
NEW068,Hardware,Overheating Warning Shows Frequently,Overheating warning shows frequently,"Temperature warnings, system slowdown, thermal throttling, fan noise","Dust buildup, fan failure, poor airflow, thermal paste degradation, high ambient temperature","✅ Option 1: Stop Heavy Use Immediately (VERY IMPORTANT)
Close games, rendering, or heavy apps
Shut down the PC and let it cool for 15–20 minutes
📌 Repeated overheating can permanently damage CPU, GPU, and battery.","✅ Option 2: Check Actual Temperatures (CRITICAL)
Install HWMonitor, Core Temp, or HWInfo.
Safe ranges:
CPU : Idle: 30–55 °C / Load: 70–85 °C / ❌ Danger: 90 °C+
GPU : Load should stay under 85–90 °C
✔️ Confirms whether the warning is accurate.","✅ Option 3: Clean Fans & Vents (MOST COMMON FIX)
Power OFF and unplug
Use compressed air to clean: CPU fan / GPU fans / Heatsink fins / Case vents
📌 Dust buildup is the #1 cause of overheating warnings.","✅ Option 4: Check That All Fans Are Working
Power ON briefly and observe:
CPU fan spins
GPU fans spin under load
Case fans spinning
❌ Any fan not spinning → replace immediately","✅ Option 5: Improve Airflow (VERY IMPORTANT)
Front/side fans → intake
Rear/top fans → exhaust
Remove cable clutter
Keep PC away from walls",Temperature warnings should stop after fixing cooling issues,high,Windows 10/11,Desktop/Laptop,"overheating, temperature warning, cooling, thermal",
NEW069,Hardware,Hardware Failure After Power Surge,Hardware failure after power surge,"PC won't start, components not working, burning smell, no power, beep codes","Power surge damage, failed PSU, motherboard damage, component failure","✅ Option 1: Power OFF Immediately (MOST IMPORTANT)
Shut down the PC
Unplug power cable
Disconnect all peripherals
Do NOT keep trying to power it on

📌 Repeated power-on attempts can worsen hardware damage.","✅ Option 2: Check External Power Equipment First
Test with a different wall socket
Bypass: UPS / Surge protector / Extension cords
Use a known-good power cable
✔️ A failed surge protector can block power entirely.","✅ Option 3: Look & Smell for Damage (VERY IMPORTANT)
Open the case (desktop) or inspect vents (laptop):
Check for:
Burning smell
Blackened areas
Melted connectors
Popped or bulging capacitors
❌ If you smell burning → STOP and proceed to replacement.","✅ Option 4: Power Supply Unit (PSU) — MOST COMMON FAILURE
After a surge, the PSU is usually the first to die.
Symptoms: PC completely dead / Fans twitch but no boot / Clicking PSU sound
✔️ What to do:
Test with a known-good PSU
If PC powers on → replace old PSU immediately
📌 Never reuse a damaged PSU.","✅ Option 5: Check Motherboard Damage
If PSU is good but PC won't boot:
Signs of motherboard damage: No POST / beeps / display / USB ports dead
✔️ Remove all non-essential components and try minimal boot:
Motherboard / CPU + cooler / One RAM stick
❌ Still dead → motherboard likely damaged",PC should power on and boot normally after replacing damaged components,high,Windows 10/11,Desktop/Laptop,"power surge, hardware damage, psu failure, motherboard",
NEW070,Hardware,PC Does Not Start Due to Hardware Issue,PC does not start due to hardware issue.,"PC won't power on, no display, no POST, fans may spin but no boot","PSU failure, motherboard issues, loose connections, CPU problems, RAM issues","✅ Option 1: Power OFF & Safety Reset (VERY IMPORTANT)
Turn the PC off
Unplug the power cable
Hold the Power button for 10–15 seconds
Reconnect power and try again
📌 Clears residual power and false protection states.","✅ Option 2: Check External Power First
Try a different wall outlet
Bypass UPS / surge protector
Use a known-good power cable
Ensure PSU switch (desktop) is ON
✔️ Many ""dead PC"" cases are external power issues.","✅ Option 3: Look for Any Signs of Life
When you press power: Do fans spin? OR Do you hear beeps?
What it means:
❌ Nothing at all → PSU / motherboard
🔄 Fans spin then stop → PSU / short / CPU
🔊 Beeps → hardware error code (RAM/GPU/CPU)","✅ Option 4: Reseat Core Components (MOST COMMON FIX)
Power OFF & unplug
Reseat:
24-pin motherboard power
8-pin CPU power
RAM (remove & reinsert firmly)
GPU (remove & reinsert; reconnect GPU power)
📌 Loose connections cause many no-boot issues.","✅ Option 5: Minimal Boot Test (CRITICAL)
Disconnect everything except: Motherboard / CPU + cooler / One RAM stick / PSU
Then try to power on.
✔️ Boots → one removed part is faulty
❌ Still dead → PSU, motherboard, or CPU",PC should start and boot normally,high,Windows 10/11,Desktop,"pc won't start, no boot, hardware, psu, motherboard",
NEW071,Performance,Computer Extremely Slow,My computer is extremely slow,"System very slow, programs take long to open, overall sluggish performance","High resource usage, too many startup apps, low disk space, HDD instead of SSD, malware","✅ Option 1: Restart the PC (Quick Reset)
Restart Windows once
Do not use Sleep/Resume
📌 Clears stuck processes and memory leaks.","✅ Option 2: Check Task Manager for Resource Hogs (MOST IMPORTANT)
Press Ctrl + Shift + Esc
Check: CPU usage / Memory usage / Disk usage
What to look for:
CPU constantly 80–100%
Disk stuck at 100%
Memory nearly full
✔️ End suspicious apps (not system ones).","✅ Option 3: Disable Unnecessary Startup Programs (BIG SPEED BOOST)
Task Manager → Startup
Disable: Launchers / Updaters / Non-essential apps
Restart PC
📌 This alone can make a slow PC usable again.","✅ Option 4: Free Up Disk Space
Ensure at least 20–25% free space on C:
Delete: Temporary files / Old downloads
Run: Disk Cleanup / Storage Sense
📌 Low disk space makes Windows crawl.","✅ Option 5: Check Storage Type (CRITICAL)
If Windows is installed on an HDD: Slowness is expected
Upgrading to an SSD gives 5–10× speed boost
✔️ This is the single biggest upgrade you can make.",PC should respond faster and programs should open quickly,low,Windows 10/11,Desktop/Laptop,"slow computer, performance, startup apps, disk space",
NEW072,Performance,CPU Usage Stays Very High,CPU usage stays very high all the time,"CPU constantly at high usage, system slow, fan noise, overheating","Background processes, malware, too many startup apps, driver issues, stuck processes","✅ Option 1: Check Task Manager (MOST IMPORTANT)
Press Ctrl + Shift + Esc
Go to Processes
Click the CPU column to sort
🔍 Look for:
One process using very high CPU
Unknown or suspicious process
System processes like: Windows Update & Antimalware Service Executable & System
📌 Note the process name — this tells us the cause.","✅ Option 2: Restart the PC (Quick Reset)
Restart Windows (not Sleep)
Check CPU usage again after 2–3 minutes
✔️ Fixes temporary stuck processes.","✅ Option 3: Disable Unnecessary Startup Programs
Task Manager → Startup
Disable: Launchers / Auto updaters / Non-essential apps
Restart PC
📌 Too many startup apps = constant CPU load.","✅ Option 4: Scan for Malware (VERY IMPORTANT)
High CPU is often caused by malware.
Open Windows Security
Run a Full scan
If possible, run Offline scan
📌 Cryptominers often hide as normal processes.","✅ Option 5: Check Driver Problems
Bad drivers can spike CPU.
Win + X → Device Manager
Look for ⚠️ warning icons
Update: Chipset drivers / Network drivers /GPU drivers
📌 Network and audio drivers commonly cause high CPU.",CPU usage should drop to normal levels (under 20% idle),medium,Windows 10/11,Desktop/Laptop,"high cpu usage, cpu, performance, malware",
NEW073,Performance,Disk Usage Always at 100%,Disk usage is always at 100%,"Disk usage stuck at 100%, system very slow, programs freeze, high I/O activity","SysMain (Superfetch), Windows Update, malware, failing drive, too many background apps","✅ Option 1: Check What Is Using the Disk (MOST IMPORTANT)
Press Ctrl + Shift + Esc → Task Manager
Click the Disk column to sort
Look for:
System
Service Host: SysMain
Windows Update
Antimalware Service Executable
A third-party app stuck at high usage
📌 Note the top process — it tells us the cause.","✅ Option 2: Restart the PC (Quick Reset)
Restart (not Sleep)
Wait 2–3 minutes after login
Recheck Disk usage
✔️ Temporary stuck I/O often clears after restart.","✅ Option 3: Disable SysMain (Superfetch) — VERY EFFECTIVE
SysMain causes constant disk access on HDDs.
Press Win + R → type services.msc
Find SysMain
Right-click → Stop
Right-click → Properties
Startup type → Disabled
Restart PC
📌 This alone fixes 100% disk usage on many systems.","✅ Option 4: Check Disk Health (CRITICAL)
Open Command Prompt (Admin) and run: wmic diskdrive get status
OK → Disk still usable
Pred Fail → Drive is failing → replace ASAP
📌 A failing HDD often sits at 100% usage.","✅ Option 5: Disable Unnecessary Startup Apps
Task Manager → Startup
Disable: Launchers / Updaters / Unused software
Restart
✔️ Reduces background disk activity.",Disk usage should drop to normal levels (under 10% idle),medium,Windows 10/11,Desktop/Laptop,"disk usage, 100% disk, sysmain, superfetch",
NEW074,Performance,PC Slow After Startup,PC becomes slow after startup,"PC fast at boot, becomes slow minutes after login, high resource usage after startup","Too many startup apps, background services, Windows Update, indexing, malware","✅ Option 1: Wait 2–3 Minutes After Login (VERY IMPORTANT)
After logging in, do nothing for 2–3 minutes
Windows may be finishing: Updates / Indexing / Security scans
📌 If it speeds up afterward, this is normal background activity.","✅ Option 2: Check Task Manager (MOST IMPORTANT)
Press Ctrl + Shift + Esc
Watch CPU, Disk, and Memory after startup
Identify what spikes when the slowdown begins
Common culprits: Disk at 100% / Antimalware Service Executable / Windows Update / Third-party launchers
📌 Note the top process—this tells us the cause.","✅ Option 3: Disable Unnecessary Startup Programs (BIGGEST FIX)
Task Manager → Startup
Disable: Game launchers / Auto updaters / Cloud sync tools / Unused apps
Restart PC
✔️ This often fixes post-startup slowdowns immediately.","✅ Option 4: Fix High Disk Usage After Startup
If Disk usage stays high:
Disable SysMain (Superfetch):
Win + R → services.msc
Stop SysMain
Set Startup type → Disabled
Ensure 20%+ free disk space
📌 HDD-based systems are especially affected.","✅ Option 5: Check for Overheating (COMMON)
Install HWMonitor
If CPU temp rises above: 70°C shortly after startup → throttling
Fix: Clean dust / Ensure fans spin / Improve airflow
📌 Thermal throttling makes PCs slow minutes after boot.",PC should remain fast after startup without slowdown,low,Windows 10/11,Desktop/Laptop,"slow after startup, post startup slowdown, startup apps",
NEW075,Performance,Laptop Overheats and Slows Down,Laptop overheats and slows down,"Laptop gets hot, performance drops, fan noise, thermal throttling","Dust buildup, blocked vents, fan failure, thermal paste degradation, poor placement","✅ Option 1: Stop Heavy Use & Cool It Down (VERY IMPORTANT)
Close games/rendering apps
Shut down and let the laptop cool for 15–20 minutes
Don't keep restarting while hot
📌 Repeated overheating can damage the CPU, GPU, and battery.","✅ Option 2: Check Temperatures (CONFIRM THE CAUSE)
Install HWMonitor or Core Temp.
Safe ranges: Idle: 35–55 °C & Load: 70–85 °C
❌ 90 °C+ → throttling/shutdown risk
✔️ If temps spike quickly after login, cooling is inadequate.","✅ Option 3: Clean Fans & Vents (MOST COMMON FIX)
Power OFF and unplug
Use compressed air to clean: Side/bottom vents & Fan exhaust
If comfortable, open the back cover and clean: Fan blades & Heatsink fins
📌 Dust buildup is the #1 cause of laptop overheating.","✅ Option 4: Improve Airflow (QUICK WIN)
Place laptop on a hard, flat surface
❌ Avoid beds/sofas
Elevate the rear slightly (stand/books)
Keep vents unobstructed
✔️ Instantly improves cooling efficiency.","✅ Option 5: Reduce Heat via Settings (IMMEDIATE RELIEF)
Settings → System → Power & battery
Set power mode to Balanced or Best efficiency
Advanced power: Maximum processor state = 99%
✔️ Disables turbo boost; can drop temps 5–15 °C with little performance loss.",Laptop should run cool and maintain performance without throttling,high,Windows 10/11,Laptop,"laptop overheating, thermal throttling, cooling",
NEW076,Performance,Programs Take Too Long to Open,Programs take too long to open,"Applications take very long to launch, slow program startup, delays when opening files","HDD instead of SSD, high disk usage, too many startup apps, low RAM, malware","✅ Option 1: Restart the PC (Quick Reset)
Restart Windows (not Sleep)
Try opening a program immediately after login
📌 Clears stuck background processes.","✅ Option 2: Check Task Manager (MOST IMPORTANT)
Press Ctrl + Shift + Esc
Watch Disk, CPU, and Memory
Try opening a slow app and observe spikes
Common findings: Disk jumps to 100% & Memory almost full
📌 This tells us what's slowing app launches.","✅ Option 3: Disable Unnecessary Startup Programs (BIG SPEED BOOST)
Task Manager → Startup
Disable: Game launchers / Auto updaters / Cloud sync tools
Restart PC
✔️ Frees resources so apps open faster.","✅ Option 4: Check Your Storage Type (CRITICAL)
If Windows is on an HDD: Slow app launches are expected
If on an SSD: Apps should open in seconds
✔️ Best fix: upgrade HDD → SSD
➡️ This alone can make apps open 5–10× faster","✅ Option 5: Fix High Disk Usage
If Disk usage stays high:
Disable SysMain (Superfetch)
Win + R → services.msc → SysMain → Stop → Disabled
Ensure 20–25% free disk space
📌 HDDs struggle with modern Windows background tasks",Programs should open quickly (within seconds),low,Windows 10/11,Desktop/Laptop,"slow program startup, app launch, hdd, ssd",
NEW077,Performance,System Freezes Frequently,System freezes frequently,"System freezes randomly, becomes unresponsive, mouse/keyboard stop working, screen frozen","Overheating, high resource usage, failing disk, RAM issues, driver problems, malware","✅ Option 1: Note When the Freezes Happen (VERY IMPORTANT)
Pay attention to:
During startup?
While gaming or heavy apps?
When idle?
After an update?
📌 This helps identify whether it's hardware load or background services.","✅ Option 2: Restart & Test (Quick Check)
Restart Windows
Use the PC for 10–15 minutes
If freezes stop → temporary glitch
If freezes continue → continue below","✅ Option 3: Check Task Manager for Resource Spikes (MOST IMPORTANT)
Press Ctrl + Shift + Esc
Watch CPU, Memory, and Disk
Red flags: CPU stuck near 100% / Disk usage at 100% / Memory almost full
✔️ End non-essential apps temporarily and observe.","✅ Option 4: Check for Overheating (VERY COMMON CAUSE)
Install HWMonitor or Core Temp.
Safe ranges: CPU idle: 30–55 °C & CPU load: 70–85 °C
❌ 90 °C+ → freezes & shutdowns
✔️ Fix:
Clean dust from fans
Ensure all fans spin
Improve airflow","✅ Option 5: Check Disk Health (CRITICAL)
Open Command Prompt (Admin): wmic diskdrive get status
OK → disk usable
Pred Fail → disk failing → replace ASAP
📌 Failing HDDs cause random freezes.",System should run without freezing,high,Windows 10/11,Desktop/Laptop,"system freezes, random freezes, unresponsive, performance",
NEW078,Performance,Background Apps Consume Too Much CPU,Background apps consume too much CPU,"High CPU usage from background processes, system slow, apps running without user opening them","Too many startup apps, background services, cloud sync tools, launchers, Windows services","✅ Option 1: Identify the CPU-Hungry Background App (MOST IMPORTANT)
Press Ctrl + Shift + Esc → Task Manager
Click the CPU column to sort (highest first)
Look for:
Background apps using high CPU
Apps you didn't open
Repeated system processes
📌 Note the exact app or service name.","✅ Option 2: Restart the PC (Quick Reset)
Restart Windows (not Sleep)
Wait 2–3 minutes
Check CPU usage again
✔️ Clears stuck background loops.","✅ Option 3: Disable Unnecessary Startup Apps (BIGGEST FIX)
Task Manager → Startup
Disable: Launchers (Steam, Epic, Discord auto-start) / Cloud sync tools / Updaters
Restart PC
📌 Fewer startup apps = lower background CPU usage.","✅ Option 4: Limit Background Apps via Settings
Settings → Apps → Installed apps
Select an app → Advanced options
Set Background app permissions to: Never (for non-essential apps)
✔️ Prevents apps from running silently.","✅ Option 5: Check Windows Services Using CPU
Some Windows services can misbehave.
Task Manager → Processes
Look for: Service Host (svchost.exe) using high CPU
Right-click → Go to services
Identify the service causing the load",Background CPU usage should drop to normal levels,medium,Windows 10/11,Desktop/Laptop,"background apps, cpu usage, startup apps, performance",
NEW079,Performance,PC Lags While Browsing Internet,PC lags while browsing internet,"Browser slow, pages load slowly, laggy scrolling, system slows down when browsing","Browser extensions, too many tabs, high memory usage, network issues, malware, system resources","✅ Option 1: Check If It's the Browser or the Internet (VERY IMPORTANT)
Open another browser (Edge/Chrome/Firefox)
Visit the same website
Results:
✔️ One browser is slow → browser issue
❌ All browsers slow → system or network issue
📌 This narrows the problem quickly.","✅ Option 2: Restart Browser & PC (Quick Reset)
Close all browser windows
Restart the PC
Open one tab only and test
✔️ Clears stuck processes and memory leaks.","✅ Option 3: Check Task Manager While Browsing (MOST IMPORTANT)
Press Ctrl + Shift + Esc
Open a slow website and watch: CPU / Memory / Disk / Network
📌 Note which resource spikes.","✅ Option 4: Disable Browser Extensions (BIG SPEED BOOST)
Open browser extensions/add-ons
Disable all
Restart the browser
Re-enable only essential ones
📌 Ad-blockers, downloaders, and coupon tools often cause lag.","✅ Option 5: Reduce Tabs & Reset Browser Settings
Close unused tabs
Clear cache (not passwords)
Reset browser settings to default
✔️ Too many tabs = heavy RAM + CPU usage.",Browsing should be smooth without lag,low,Windows 10/11,Desktop/Laptop,"browser lag, internet lag, browsing slow, performance",
NEW080,Performance,Windows Runs Slow After Update,Windows runs slow after update,"System slow after Windows update, high resource usage, slow boot, background processes consuming resources","Background indexing, Windows Update services, re-enabled startup apps, disk optimization, security scans","✅ Option 1: Give Windows Time to Finish Background Tasks (VERY IMPORTANT)
After an update, Windows may still be: Indexing files / Optimizing system & security scans
✔️ Leave the PC idle for 20–30 minutes
✔️ Restart once after waiting
📌 Many performance issues disappear automatically.","✅ Option 2: Check Task Manager for the Cause (MOST IMPORTANT)
Press Ctrl + Shift + Esc
Check CPU, Disk, and Memory
Look for: Windows Update /Antimalware Service Executable
📌 Note which resource stays high.","✅ Option 3: Disable Unnecessary Startup Apps (BIG SPEED BOOST)
Task Manager → Startup
Disable: Third-party launchers / Auto updaters / Cloud sync tools
Restart PC
✔️ Updates often re-enable startup apps.","✅ Option 4: Fix High Disk Usage After Update
Disable SysMain (Superfetch)
Win + R → services.msc
Stop SysMain
Set Startup type → Disabled
Ensure 20–25% free disk space
📌 Especially important if you use an HDD.","✅ Option 5: Uninstall the Problematic Update (If Needed)
Settings → Windows Update → Update history
Uninstall updates
Remove the latest quality update
Restart
⚠️ Only do this if performance is severely affected.",System should return to normal performance after update completes,low,Windows 10/11,Desktop/Laptop,"windows update, slow after update, performance",
NEW081,Performance,Games Lag on High-End PC,Games lag on a high-end PC,"Low FPS in games, stuttering, frame drops, games not using full GPU/CPU power","Power limits, wrong GPU selected, overheating, driver issues, background apps, game settings","✅ Option 1: Confirm It's Not Network Lag (Quick Check)
Test offline / single-player or use an in-game FPS counter
If FPS drops or stutters offline → PC issue
If only online games lag → network issue","✅ Option 2: Check CPU/GPU Usage While Gaming (MOST IMPORTANT)
Press Ctrl + Shift + Esc → Task Manager
Start the game (windowed/borderless helps)
Watch: GPU usage (high, 90–100%) & CPU usage (one core pegged at 100%)
Red flags : GPU usage low (<70%) while FPS is low → settings/driver/power issue","✅ Option 3: Check Temperatures (CRITICAL)
Install HWMonitor / HWInfo.
Safe ranges
CPU load: ≤ 85 °C (90 °C+ = throttling)
GPU load: ≤ 85–90 °C
✔️ If temps spike and clocks drop → clean dust, improve airflow, fix cooling.","✅ Option 4: Fix Power & Performance Limits (VERY COMMON)
Windows Power Mode: Best performance
NVIDIA/AMD control panel: Power management (Prefer maximum performance)
Laptops: Plug in charger / Disable vendor ""Quiet / Eco"" modes
📌 Power limits silently cap performance.","✅ Option 5: Use Correct GPU (Critical on Laptops)
NVIDIA Control Panel → Preferred graphics processor → High-performance GPU
Windows Settings → Graphics → set the game to High performance
📌 Games sometimes run on the iGPU by mistake.",Games should run smoothly with high FPS,medium,Windows 10/11,Desktop/Laptop,"game lag, fps drops, gaming performance, gpu",
NEW082,Performance,PC Slows Down After Few Hours of Use,PC slows down after few hours of use,"PC fast initially, becomes slow after hours of use, performance degrades over time","Memory leaks, resource accumulation, disk thrashing, malware activation, thermal buildup","✅ Option 1: Confirm the Pattern (VERY IMPORTANT)
Fresh boot → PC fast
After 2–6 hours → slow, laggy, stutters
📌 This pattern almost always means resource accumulation.","✅ Option 2: Disable Unnecessary Startup & Background Apps
Task Manager → Startup
Disable: Launchers / Updaters / Cloud sync tools
Restart PC
📌 Fewer background apps = slower buildup.","✅ Option 3: Check Disk Thrashing (HDD Issue)
Disable SysMain : Win + R → services.msc → SysMain → Stop → Disabled
Ensure 20%+ free disk space
Consider SSD upgrade (best fix)
📌 HDDs degrade badly under long sessions.","✅ Option 4: Scan for Malware
Run Windows Security → Full scan
Optional: Offline scan
📌 Malware often activates after idle time.","✅ Option 5: Update Drivers & Windows
Update: GPU drivers / Chipset drivers
Install pending Windows updates
📌 Fixes long-session performance bugs.",PC should maintain performance over long sessions,medium,Windows 10/11,Desktop/Laptop,"slow after hours, performance degradation, long session",
NEW083,Performance,Startup Time Is Very Long,Startup time is very long,"PC takes very long to boot, slow startup, long time to reach desktop","Too many startup apps, slow storage (HDD), malware, driver timeouts, firmware issues","✅ Option 1: Measure Where the Delay Happens (IMPORTANT)
Slow before login screen → firmware/boot/storage issue
Slow after login → startup apps/services
📌 This tells us where to focus.","✅ Option 2: Disable Unnecessary Startup Apps (BIGGEST WIN)
Press Ctrl + Shift + Esc → Task Manager
Go to Startup
Disable non-essential items: Launchers, updaters, cloud sync, RGB tools
Restart and test
✔️ Often cuts boot time by 50%+.","✅ Option 3: Enable Fast Startup
Control Panel → Power Options
Choose what the power buttons do
Enable Fast startup
Save and restart
📌 Helps on HDD systems especially.","✅ Option 4: Scan for Malware
Windows Security → Full scan
Optional: Offline scan
📌 Malware often loads at startup.","✅ Option 5: Update Drivers & Windows
Update: Chipset & Storage drivers
Install pending Windows updates
Restart
📌 Fixes boot delays caused by driver timeouts.",Startup time should be significantly reduced,low,Windows 10/11,Desktop/Laptop,"slow startup, long boot time, startup apps",
NEW084,Performance,Startup Time Is Very Long - Storage Type,Startup time is very long,"PC takes very long to boot, slow startup, long time to reach desktop","HDD instead of SSD, too many startup apps, malware, firmware issues","✅ Option 1: Measure Where the Delay Happens (IMPORTANT)
Slow before login screen → firmware/boot/storage issue
Slow after login → startup apps/services
📌 This tells us where to focus.","✅ Option 2: Disable Unnecessary Startup Apps (BIGGEST WIN)
Press Ctrl + Shift + Esc → Task Manager
Go to Startup
Disable non-essential items: Launchers, updaters, cloud sync, RGB tools
Restart and test
✔️ Often cuts boot time by 50%+.","✅ Option 3: Check Your Storage Type (CRITICAL)
HDD → long startups are common
SSD/NVMe → should boot in seconds
✅ Best fix: upgrade HDD → SSD
This is the single biggest improvement for boot speed.","✅ Option 4: Enable Fast Startup
Control Panel → Power Options
Choose what the power buttons do
Enable Fast startup
Save and restart
📌 Helps on HDD systems especially.","✅ Option 5: Scan for Malware
Windows Security → Full scan
Optional: Offline scan
📌 Malware often loads at startup.",Startup time should be significantly reduced,low,Windows 10/11,Desktop/Laptop,"slow startup, long boot time, hdd, ssd",
NEW085,Performance,Fan Noise Increases During Slowdown,Fan noise increases during slowdown,"Fans get louder, system slows down, high temperatures, thermal throttling","Overheating, dust buildup, fan failure, thermal paste degradation, poor airflow","✅ Option 1: Stop Heavy Tasks Immediately (VERY IMPORTANT)
Close games, rendering apps, heavy browsers
Let the PC idle for 5–10 minutes
📌 Loud fans + slowdown = hardware protection mode.","✅ Option 2: Clean Dust from Cooling System (MOST COMMON FIX)
Power OFF and unplug
Clean with compressed air: CPU fan & heatsink / GPU fans / Laptop vents
📌 Dust blocks airflow → fans spin faster → PC slows down.","✅ Option 3: Check All Fans Are Working
Power ON and observe:
CPU fan spins
GPU fans spin under load
Case fans working
❌ A dead or weak fan forces others to run at full speed.","✅ Option 4: Reduce Heat via Settings (INSTANT RELIEF)
Power mode → Balanced
Advanced power settings: Maximum processor state = 99%
Limit FPS in games (60–120)
✔️ Reduces heat with minimal performance loss.","✅ Option 5: Replace Thermal Paste (If System Is Old)
If the PC/laptop is 2–4+ years old:
Thermal paste may be dried out
Replacement can reduce temps 10–20 °C
⚠️ Recommended if cleaning doesn't help.",Fan noise should decrease and system should run smoothly,high,Windows 10/11,Desktop/Laptop,"fan noise, overheating, thermal throttling, cooling",
NEW086,Performance,System Becomes Unresponsive Randomly,System becomes unresponsive randomly,"System freezes, becomes unresponsive, mouse/keyboard stop working, screen frozen","Overheating, resource spikes, RAM issues, failing disk, driver problems, malware","✅ Option 1: Observe the Pattern (VERY IMPORTANT)
Note when it happens:
Under load (gaming, video calls)?
While idle?
After hours of use?
After an update or new app?
📌 Patterns point directly to the root cause.","✅ Option 2: Quick Reset & Test
Restart the PC (not Sleep)
Use it normally for 15–20 minutes
If it becomes unresponsive again → continue below","✅ Option 3: Check for Overheating (TOP CAUSE)
Install HWMonitor or HWInfo.
Safe ranges : CPU idle: 30–55 °C & CPU load: 70–85 °C
❌ 90 °C+ → throttling/freezes
✔️ Fix if hot: Clean dust / Ensure fans spin / Improve airflow / Replace thermal paste","✅ Option 4: Test RAM for Errors
Win + R → mdsched.exe
Restart and test
❌ Errors found → faulty/unstable RAM
✔️ No errors → continue (test isn't perfect)","✅ Option 5: Check Disk Health
Open Command Prompt (Admin): wmic diskdrive get status
OK → disk usable
Pred Fail → disk failing → replace ASAP
📌 Failing disks cause random freezes.",System should remain responsive without random freezes,high,Windows 10/11,Desktop/Laptop,"system unresponsive, random freezes, performance",
NEW087,Performance,RAM Bottleneck Causes Slowdown,System becomes unresponsive randomly,"System slow, high memory usage, unresponsive, memory near 100%","Insufficient RAM, too many apps, memory leaks, background apps, low virtual memory","✅ Option 1: Confirm RAM Is the Bottleneck (MOST IMPORTANT)
Press Ctrl + Shift + Esc → Task Manager
Check Memory: 80–100% → confirmed cause
Sort by Memory to see top apps
📌 Note the app(s) using the most RAM.","✅ Option 2: Restart Once (Quick Reset)
Restart the PC (not Sleep)
Check memory usage after login
✔️ Fixes temporary memory leaks.","✅ Option 3: Disable Unnecessary Startup Apps (BIG WIN)
Task Manager → Startup
Disable: Launchers / Cloud sync apps / Auto updaters
Restart
✔️ Frees RAM immediately after boot.","✅ Option 4: Limit Background Apps
Settings → Apps → Installed apps
Select non-essential apps
Set Background app permissions → Never
📌 Prevents silent RAM usage.","✅ Option 5: Check Virtual Memory (Pagefile) Settings
Low RAM + bad pagefile = heavy lag
System → Advanced system settings
Performance → Settings
Advanced → Virtual memory
Ensure System managed size is enabled
✔️ Prevents crashes and extreme lag.",Memory usage should drop and system should be responsive,medium,Windows 10/11,Desktop/Laptop,"ram bottleneck, memory usage, high memory, performance",
NEW088,Performance,PC Slow Even After Restart,PC slow even after restart,"System slow immediately after restart, high resource usage at boot, slow even when fresh","Too many startup apps, malware, corrupted system files, power settings, hardware issues","✅ Option 1: Check Task Manager Immediately After Boot (MOST IMPORTANT)
Press Ctrl + Shift + Esc
Look at CPU, Memory, Disk (within 1–2 minutes of login)
Red flags : Disk at 100% & Memory 80–100%
📌 Note which resource is maxed—this tells us the cause.","✅ Option 2: Disable Startup Apps (BIGGEST SOFTWARE WIN)
Task Manager → Startup
Disable all non-essential items (launchers, sync tools, RGB apps)
Restart
📌 Startup apps can slow the system even after reboot","✅ Option 3: Scan for Malware
Windows Security → Full scan
Optional: Offline scan
📌 Malware causes constant background slowdown.","✅ Option 4: Repair Windows System Files
Open Command Prompt (Admin): 
sfc /scannow
DISM /Online /Cleanup-Image /RestoreHealth
✔️ Fixes corrupted files that slow Windows.","✅ Option 5: Fix Power & Performance Settings
Settings → Power & battery
Set mode to Balanced or Best performance
Advanced: Maximum processor state = 99% (if overheating)",PC should be fast immediately after restart,medium,Windows 10/11,Desktop/Laptop,"slow after restart, startup apps, malware, performance",
NEW089,Performance,Laptop Performance Drops When Charging,Laptop performance drops when charging,"Laptop slower when plugged in, performance worse on AC power, thermal throttling when charging","Power mode settings, weak charger, overheating, battery health, thermal limits","✅ Option 1: Confirm the Symptom (Quick Check)
Unplug charger → test performance
Plug charger back in → does it drop immediately?
📌 Immediate slowdown points to power or thermal limits, not Windows apps.","✅ Option 2: Check Power Mode (MOST COMMON FIX)
Settings → System → Power & battery
Set Power mode to Best performance (when plugged in)
Also check: Disable Quiet / Eco / Battery Saver on AC
✔️ Many laptops default to a quiet/limited profile on AC.","✅ Option 3: Verify the Charger Is Correct (CRITICAL)
Use the original charger (or same wattage)
Compare wattage (e.g., 65W vs 90W)
Symptoms of weak charger : System shows ""slow charging""
✔️ Replace with the correct wattage adapter.","✅ Option 4: Check Temperatures While Charging
Install HWMonitor / HWInfo
Watch temps plugged vs unplugged
Red flags : CPU > 85–90 °C
✔️ Fix: Clean vents/fans & Use on a hard surface","✅ Option 5: Check Battery Health (Often Overlooked)
A degraded battery can cause throttling on AC.
Run: powercfg /batteryreport
Look for very low Full Charge Capacity
❌ Bad battery → heat + power instability
✔️ Replace battery if health is poor",Laptop should perform better when plugged in,medium,Windows 10/11,Laptop,"laptop performance, charging, power mode, battery",
NEW090,Performance,PC Stutters During Multitasking,PC stutters during multitasking,"System stutters when running multiple apps, laggy multitasking, performance drops with multiple programs","Insufficient RAM, high disk usage, CPU bottleneck, background apps, malware","✅ Option 1: Identify the Bottleneck (MOST IMPORTANT)
Press Ctrl + Shift + Esc → Task Manager
While multitasking, watch: Memory / Disk / CPU
What it means
Memory near 80–100% → not enough RAM
Disk near 100% → HDD or paging issue
CPU pegged → background apps or thermal throttling
📌 Note which resource spikes first.","✅ Option 2: Reduce RAM Pressure (BIGGEST WIN)
Close unused apps/tabs
In browsers: Enable tab sleeping & Remove heavy extensions
Restart apps that keep growing in memory (memory leaks)
✔️ If RAM is 4 GB, multitasking will stutter.","✅ Option 3: Disable Unnecessary Startup & Background Apps
Task Manager → Startup
Disable non-essential items (launchers, sync tools, RGB apps)
Restart
✔️ Frees CPU/RAM for active apps.","✅ Option 4: Fix Disk Thrashing & Paging

If disk spikes when RAM is full: Ensure pagefile = System managed
Disable SysMain (on HDDs): Win + R → services.msc → SysMain → Stop → Disabled
Keep 20–25% free disk space","✅ Option 5: Scan for Malware
Windows Security → Full scan
Optional: Offline scan
📌 Malware causes background spikes that ruin multitasking.",PC should handle multitasking smoothly without stutters,medium,Windows 10/11,Desktop/Laptop,"multitasking, stutters, ram, performance",
NEW091,Performance,Windows Animations Lag Badly,Windows animations lag badly,"Window animations slow, laggy UI, stuttering transitions, slow visual effects","Graphics driver issues, visual effects settings, overheating, corrupted UI files, power settings","✅ Option 1: Check If It's System-Wide or App-Specific
Open File Explorer, Settings, and Start menu
If all animations lag → system/driver issue
If only one app lags → app/GPU setting
📌 System-wide lag points to graphics or power settings.","✅ Option 2: Update or Reinstall Graphics Driver (CRITICAL)
Download the latest stable driver from the GPU or laptop manufacturer
If problem started after an update → roll back to a previous driver
Restart and test
📌 Windows Update sometimes installs slow generic drivers.","✅ Option 3: Reduce Visual Effects (Instant Improvement)
Press Win + R → sysdm.cpl
Advanced tab → Performance → Settings
Choose: Adjust for best performance
Or manually disable: Animate windows / Fade effects / Shadows
📌 This doesn't affect functionality—only eye candy.","✅ Option 4: Check for Overheating (Hidden Cause)
Install HWMonitor
If CPU idle > 65 °C or GPU idle unusually hot → throttling
✔️ Clean dust, ensure fans spin, improve airflow","✅ Option 5: Repair Windows UI Files
Open Command Prompt (Admin):
sfc /scannow
DISM /Online /Cleanup-Image /RestoreHealth
✔️ Fixes corrupted UI/graphics components",Windows animations should be smooth without lag,low,Windows 10/11,Desktop/Laptop,"windows animations, ui lag, visual effects, graphics",
NEW092,System,Access Denied Error,Access denied error appears,"Access denied message, cannot access files or folders, permission errors, cannot delete or modify files","Insufficient permissions, file ownership issues, files in use, system-protected locations, administrator rights required","✅ Option 1: Check What You're Trying to Access (IMPORTANT)
Identify:
File or folder?
Drive (C:, D:, USB)?
System location (Program Files, Windows folder)?
📌 System-protected locations need administrator rights.","✅ Option 2: Run as Administrator (MOST COMMON FIX)
If it's an app or command: Right-click → Run as administrator
If it's a file action: Make sure you're logged into an Admin account
✔️ Many access errors are simply permission-level issues.","✅ Option 3: Take Ownership of the File / Folder
Right-click the file/folder → Properties
Security tab → Advanced
Next to Owner → Change
Enter your username → Check Names → OK
Enable Replace owner on subcontainers
Apply → OK
📌 Ownership issues often happen after copying files from another PC or reinstalling Windows.","✅ Option 4: Grant Full Permissions
Right-click file/folder → Properties
Security tab → Edit
Select your user account
Check Full control
Apply → OK
✔️ Fixes ""You need permission to perform this action"".","✅ Option 5: Check If the File Is In Use (Locked)
Close all apps that might be using the file
Restart Windows and try again
For stubborn files: Boot into Safe Mode
Then delete or modify
📌 Files in use cannot be changed or deleted.","You should be able to access, modify, or delete the file/folder without access denied errors",low,Windows 10/11,Desktop/Laptop,"access denied, permissions, file access, administrator",
NEW093,Security,Windows Blocks an Application,Windows blocks an application,"App blocked by Windows, SmartScreen warning, publisher cannot be verified, Windows protected your PC message","SmartScreen filter, Windows Defender, unknown publisher, downloaded file restrictions, security policies","✅ Option 1: Read the Block Message Carefully (VERY IMPORTANT)
Common messages:
""Windows protected your PC""
""This app has been blocked for your protection""
""Publisher cannot be verified""
📌 This tells you which security feature blocked it.","✅ Option 2: Allow the App via SmartScreen (MOST COMMON)
If you see ""Windows protected your PC"":
Click More info
Click Run anyway
✔️ The app will launch immediately.
⚠️ Only do this if you trust the source.","✅ Option 3: Run the App as Administrator
Some apps need admin permission.
Right-click the app → Run as administrator
✔️ Fixes blocks caused by insufficient privileges.","✅ Option 4: Allow the App in Windows Security
Open Windows Security
Go to Virus & threat protection
Click Protection history
Find the blocked app
Choose Allow on device
📌 Required for apps blocked after download or install.","✅ Option 5: Unblock the File Manually
Right-click the app (.exe) → Properties
At the bottom: Check Unblock
Click Apply → OK
Run the app again
✔️ Very common fix.",The application should launch without being blocked by Windows,low,Windows 10/11,Desktop/Laptop,"windows blocks app, smartscreen, security, blocked application",
NEW094,Security,Antivirus Deletes Safe Files,Antivirus deletes safe files,"Safe files deleted by antivirus, false positive detections, legitimate software quarantined, files removed automatically","False positive detection, aggressive antivirus settings, unknown file signatures, heuristic scanning, outdated definitions","✅ Option 1: Confirm the File Is Truly Safe (VERY IMPORTANT)
Make sure the file is from a trusted source (official website, your own code, known vendor)
Avoid restoring files from: Email attachments / Cracked software /Unknown downloads
📌 False positives are common with tools, scripts, installers, and custom apps.","✅ Option 2: Restore the File from Quarantine (MOST COMMON FIX)
Open Windows Security
Go to Virus & threat protection
Click Protection history
Find the detected file
Select it → Restore
✔️ The file returns to its original location.","✅ Option 3: Add an Antivirus Exclusion (PREVENT FUTURE DELETIONS)
Windows Security
Virus & threat protection → Manage settings
Exclusions → Add or remove exclusions
Add: The file Or the entire folder (recommended)
📌 Best for developer tools, games, and trusted utilities.","✅ Option 4: Unblock the File (If Downloaded)
Windows may block files downloaded from the internet.
Right-click the file → Properties
Check Unblock
Click Apply → OK
✔️ Prevents SmartScreen-triggered blocks.","✅ Option 5: Re-Download from the Official Source
Download the latest version from the official site
Older builds trigger more false positives
✔️ Newer versions are often whitelisted.",The safe file should be restored and not deleted again by antivirus,low,Windows 10/11,Desktop/Laptop,"antivirus false positive, safe files deleted, quarantine, exclusions",
NEW095,Security,UAC Prevents Program Installation,UAC prevents program installation,"UAC prompt blocks installation, installer cannot run, permission denied during install, administrator required","User Account Control settings, insufficient privileges, blocked installer, SmartScreen filter, security policies","✅ Option 1: Read the UAC Message Carefully (VERY IMPORTANT)
Common messages:
""Do you want to allow this app to make changes to your device?""
""This app has been blocked for your protection""
Publisher: Unknown
📌 The wording tells you how strict the block is.","✅ Option 2: Run the Installer as Administrator (MOST COMMON FIX)
Right-click the installer (.exe or .msi)
Click Run as administrator
Click Yes on the UAC prompt
✔️ Required for apps that install system files or drivers.","✅ Option 3: Unblock the Installer File
If the file was downloaded from the internet:
Right-click the installer → Properties
At the bottom, check Unblock
Click Apply → OK
Run the installer again
📌 Very common fix for downloaded installers.","✅ Option 4: Allow the App via Windows Security (If Blocked)
Open Windows Security
Go to Virus & threat protection
Click Protection history
Find the blocked installer
Choose Allow on device
⚠️ Only do this if you trust the software source.","✅ Option 5: Lower UAC Level Temporarily (SAFE IF DONE PROPERLY)
If the installer still won't run:
Press Win + R
Type UserAccountControlSettings
Move the slider down one level
Click OK and restart
Install the program
Restore UAC to the original level afterward
📌 Do not leave UAC disabled.",The program should install successfully without UAC blocking it,medium,Windows 10/11,Desktop/Laptop,"uac, program installation, administrator, installer blocked",
NEW096,Security,Malware Causes System Crashes,Malware causes system crashes,"System crashes after malware infection, blue screen errors, random restarts, system instability, corrupted files","Malware infection, rootkits, system file corruption, registry damage, driver conflicts from malware","✅ Option 1: Disconnect from the Internet IMMEDIATELY (VERY IMPORTANT)
Turn off Wi-Fi
Unplug Ethernet cable
📌 Prevents malware from:
Downloading more payloads & Stealing data & Spreading to other devices","✅ Option 2: Boot into Safe Mode (CRITICAL)
Restart PC
Hold Shift → click Restart
Troubleshoot → Advanced options → Startup Settings
Press 4 (Safe Mode) or 5 (Safe Mode with Networking)
✔️ Malware is much easier to remove in Safe Mode.","✅ Option 3: Run Windows Defender Offline Scan (MOST EFFECTIVE)
Open Windows Security
Virus & threat protection
Scan options
Select Microsoft Defender Offline scan
Start scan (PC will reboot)
📌 This scan runs before Windows loads, catching deep malware.","✅ Option 4: Run a Full Malware Scan (After Boot)
After Offline scan completes: Run Full Scan in Windows Security
Let it finish completely
✔️ Removes remaining malware components.","✅ Option 5: Remove Suspicious Startup Programs
Press Ctrl + Shift + Esc
Go to Startup
Disable: Unknown apps & Anything you didn't install
Restart
📌 Malware often hides in startup.",System should be stable without crashes after malware removal,high,Windows 10/11,Desktop/Laptop,"malware, system crashes, virus, security scan, safe mode",
NEW097,Security,Windows Security Blocks Downloads,Windows security blocks downloads,"Download blocked by Windows, file marked as dangerous, SmartScreen warning, download prevented","SmartScreen filter, Windows Defender, unknown file reputation, suspicious download source, security policies","✅ Option 1: Read the Exact Block Message (VERY IMPORTANT)
Common messages:
""Download blocked""
""This file may be dangerous""
""Windows protected your PC""
""Threat found and quarantined""
📌 The message tells you which feature blocked it (SmartScreen vs Antivirus).","✅ Option 2: Allow the Download in Your Browser (Most Common)
Open the browser's Downloads panel
Find the blocked file
Click Keep / Keep anyway
Confirm the warning
✔️ Works for reputation-based blocks.
⚠️ Only do this if you trust the website.","✅ Option 3: Unblock the Downloaded File
If the file downloaded but won't open:
Right-click the file → Properties
Check Unblock
Click Apply → OK
Run the file again
📌 Files from the internet are often blocked by default.","✅ Option 4: Restore & Allow from Windows Security (If Quarantined)
Open Windows Security
Virus & threat protection
Protection history
Select the blocked item
Choose Allow on device or Restore
✔️ Prevents repeated blocking of the same file.","✅ Option 5: Add an Exclusion (For Trusted Files Only)
Windows Security → Virus & threat protection
Manage settings
Exclusions → Add or remove exclusions
Add the file or folder
⚠️ Add exclusions only for trusted software.",Downloads should complete without being blocked by Windows security,low,Windows 10/11,Desktop/Laptop,"download blocked, windows security, smartscreen, download restrictions",
NEW098,System,Permission Error When Opening Files,Permission error when opening files,"Cannot open file due to permissions, access denied when opening, file locked, insufficient privileges","Insufficient user permissions, file ownership issues, files from another PC, blocked downloads, administrator rights required","✅ Option 1: Check Your Account Type (IMPORTANT)
Make sure you're signed in with an Administrator account
Settings → Accounts → Your info
📌 Standard accounts can't open or modify some files.","✅ Option 2: Open the App/File as Administrator (MOST COMMON)
Right-click the app used to open the file → Run as administrator
Try opening the file again
✔️ Fixes many ""Access denied"" errors.","✅ Option 3: Take Ownership of the File/Folder
If the file came from another PC, old Windows install, or external drive:
Right-click file/folder → Properties
Security tab → Advanced
Next to Owner → Change
Enter your username → Check Names → OK
Check Replace owner on subcontainers and objects
Apply → OK
📌 Ownership issues are very common.","✅ Option 4: Grant Full Permissions
Right-click file/folder → Properties
Security tab → Edit
Select your user
Allow Read / Full control
Apply → OK
✔️ Resolves ""You need permission to open this file"".","✅ Option 5: Check If the File Is Blocked (Downloaded Files)
Right-click file → Properties
At the bottom, check Unblock
Apply → OK
Open again",You should be able to open the file without permission errors,low,Windows 10/11,Desktop/Laptop,"permission error, file access, ownership, administrator",
NEW099,Security,Virus Detected Warning Appears,Virus detected warning appears,"Virus warning popup, threat detected message, malware alert, security warning notification","Actual malware infection, false positive detection, scareware popup, suspicious file activity, outdated definitions","✅ Option 1: Do NOT Ignore the Warning (VERY IMPORTANT)
Do not click random pop-ups or ads
Do not disable antivirus
Do not run unknown programs
📌 Legitimate warnings usually come from Windows Security, not web pages.","✅ Option 2: Confirm It's a Real Windows Security Alert
Open Windows Security
Go to Virus & threat protection
If the threat appears here → ✅ real
If it only appears in a browser pop-up → ❌ fake scareware (close the browser)","✅ Option 3: Let Windows Take the Recommended Action (BEST OPTION)
In Windows Security: Click Start actions
Choose Remove or Quarantine
✔️ This safely isolates or deletes the virus.","✅ Option 4: Restart the PC
Restart immediately after removal
This prevents the malware from reloading","✅ Option 5: Run a Full Scan (CRITICAL)
Windows Security → Virus & threat protection
Scan options
Choose Full scan
Let it complete (may take time)
📌 Finds hidden malware and related files.",Virus should be removed and system should be clean after full scan,high,Windows 10/11,Desktop/Laptop,"virus detected, malware warning, security alert, threat removal",
NEW100,Security,Cannot Install Software Due to Restrictions,Cannot install software due to restrictions,"Software installation blocked, app blocked for protection, installation restricted, administrator policy prevents install","Group policy restrictions, Windows Defender blocks, SmartScreen filter, insufficient permissions, organization policies","✅ Option 1: Identify the Exact Restriction Message (IMPORTANT)
Common messages:
""This app has been blocked for your protection""
""You don't have permission to install this app""
""Installation blocked by administrator""
""Your organization manages this device""
📌 The wording tells you which control is blocking the install.","✅ Option 2: Make Sure You're Using an Administrator Account
Settings → Accounts → Your info
It must say Administrator
✔️ Standard accounts cannot install system-wide software.","✅ Option 3: Run the Installer as Administrator (MOST COMMON FIX)
Right-click the installer → Run as administrator
Approve the UAC prompt
📌 Required for apps that add drivers or system files.","✅ Option 4: Unblock the Installer File
Right-click the installer (.exe/.msi) → Properties
Check Unblock
Apply → OK
Run again
✔️ Very common fix.","✅ Option 5: Allow the App in Windows Security (If Blocked)
Open Windows Security
Virus & threat protection → Protection history
Select the blocked item
Choose Allow on device (only if you trust it)
⚠️ Do this only for trusted software.",Software should install successfully without restrictions blocking it,low,Windows 10/11,Desktop/Laptop,"installation blocked, software restrictions, group policy, installer blocked",
NEW101,System,Administrator Permission Required Error,Administrator permission required error,"Administrator permission required message, cannot perform action, access denied, elevated privileges needed","Insufficient user privileges, standard user account, system changes require admin, file ownership issues, UAC restrictions","✅ Option 1: Confirm You're Using an Administrator Account (VERY IMPORTANT)
Settings → Accounts → Your info
It should say Administrator
📌 If it says Standard user, you cannot bypass this without admin credentials.","✅ Option 2: Run the App or Action as Administrator (MOST COMMON FIX)
Right-click the app / installer / Command Prompt
Click Run as administrator
Click Yes on the UAC prompt
✔️ Required for installs, drivers, and system changes.","✅ Option 3: Take Ownership of the File or Folder
Common after copying files from another PC or old Windows install.
Right-click file/folder → Properties
Security → Advanced
Next to Owner → Change
Enter your username → Check Names → OK
Check Replace owner on subcontainers and objects
Apply → OK
📌 Ownership issues are the #1 cause for this error on files/folders.","✅ Option 4: Grant Yourself Full Permissions
Right-click file/folder → Properties
Security → Edit
Select your user account
Check Full control
Apply → OK
✔️ Fixes ""You need permission to perform this action"".","✅ Option 5: Unblock the File (If Downloaded)
Right-click the file → Properties
Check Unblock
Apply → OK
Try again",You should be able to perform the action without administrator permission errors,low,Windows 10/11,Desktop/Laptop,"administrator permission, elevated privileges, uac, admin rights",
NEW102,BSOD,General Blue Screen Error Troubleshooting,"blue screen error, bsod, system crash","Blue screen of death, system crash, automatic restart, STOP code error, Windows crash","Driver issues, overheating, faulty RAM, corrupted system files, hardware failure, recent changes","✅ Option 1: Stop the Automatic Restart (VERY IMPORTANT)
Press Win + R → type sysdm.cpl
Go to Advanced tab
Under Startup and Recovery → Settings
❌ Uncheck Automatically restart
Click OK
✔️ Next BSOD will stay on screen so you can read the STOP CODE.","✅ Option 2: Note the Blue Screen Error Code
Look for messages like:
CRITICAL_PROCESS_DIED
MEMORY_MANAGEMENT
IRQL_NOT_LESS_OR_EQUAL
SYSTEM_THREAD_EXCEPTION_NOT_HANDLED
📌 Write down exact text shown on the blue screen.","✅ Option 3: Restart and Check Recent Changes (COMMON CAUSE)
Ask yourself:
Installed a driver recently?
Windows update just installed?
New hardware added?
New software installed?
✔️ If yes, that's likely the trigger.","✅ Option 4: Check for Overheating (TOP CAUSE)

Overheating can instantly cause BSODs.
Install HWMonitor / HWInfo
Check CPU temperature: Idle: 30–55 °C & Load: 70–85 °C
❌ 90 °C+ → crash risk
✔️ Fix:
Clean dust & Ensure fans spin 
Improve airflow & Replace thermal paste (older PCs)","✅ Option 5: Test RAM (VERY COMMON BSOD CAUSE)
Press Win + R
Type mdsched.exe
Choose Restart now and check for problems
❌ Errors found → faulty RAM (replace or reseat)
✔️ No errors → continue",System should boot normally without blue screen errors,high,Windows 10/11,Desktop/Laptop,"blue screen, bsod, system crash, stop code, windows crash",
NEW103,BSOD,CRITICAL_PROCESS_DIED Blue Screen Error,I keep getting a CRITICAL_PROCESS_DIED blue screen error,"CRITICAL_PROCESS_DIED BSOD, system crash, automatic restart, Windows critical process failure","Corrupted system files, driver conflicts, malware, disk errors, recent Windows update, hardware failure","✅ Option 1: Restart in Safe Mode (IMPORTANT)
If Windows still boots:
Press Win + R → type msconfig
Go to Boot tab
Check Safe boot → Minimal
Click OK → Restart
If Windows doesn't boot:
Force shutdown during boot 3 times
Windows opens Automatic Repair
Go to Advanced options → Troubleshoot → Startup Settings
Press 4 (Safe Mode)
✔️ If BSOD stops in Safe Mode → driver or software issue confirmed.","✅ Option 2: Run System File Checker (MOST COMMON FIX)
Corrupted system files are the #1 cause.
Open Command Prompt as Administrator
Run: sfc /scannow
Wait for 100% completion
Restart PC
✔️ If it says ""Windows Resource Protection repaired files"", the issue may already be fixed.","✅ Option 3: Repair Windows Image (DISM)
If SFC fails or BSOD continues:
Run Command Prompt (Admin) and execute one by one:
DISM /Online /Cleanup-Image /CheckHealth
DISM /Online /Cleanup-Image /ScanHealth
DISM /Online /Cleanup-Image /RestoreHealth
Restart after completion.","✅ Option 4: Update or Roll Back Drivers
Press Win + X → Device Manager
Check for: Yellow warning icons & Recently updated drivers
Update or Roll Back: Graphics driver / Storage / Chipset Network driver
❌ Avoid driver updater tools (often cause BSODs).","✅ Option 5: Check Disk for Errors
Run Command Prompt (Admin): chkdsk C: /f /r
✔️ Type Y → Restart PC
⏳ Scan may take time — this is normal.",System should boot without CRITICAL_PROCESS_DIED BSOD errors,high,Windows 10/11,Desktop/Laptop,"critical process died, bsod, blue screen, system crash, windows crash",
NEW104,BSOD,MEMORY_MANAGEMENT Blue Screen Error,Windows crashes with a MEMORY_MANAGEMENT error,"MEMORY_MANAGEMENT BSOD, system crash, memory error, blue screen with memory management stop code","Faulty RAM, RAM incompatibility, corrupted system files, driver conflicts, overheating, memory paging errors","✅ Option 1: Boot into Safe Mode (Critical Test)
hardware or drivers are at fault. If Windows boots:
Press Win + R
Type msconfig
Open Boot tab
Enable Safe boot → Minimal
Restart
If Windows won't boot:
Force power off during startup 3 times
Go to Automatic Repair → Advanced options
Troubleshoot → Startup Settings → Press 4
✔️ If BSOD does NOT happen in Safe Mode → RAM or driver issue confirmed.","✅ Option 2: Test RAM (MOST IMPORTANT FIX)
Press Win + R
Type: mdsched.exe
Choose Restart now and check for problems
Let the test finish
❌ If ANY error appears → RAM is bad
✔️ Remove one RAM stick and test again
✔️ Replace the faulty stick
⚠️ If you recently upgraded RAM, remove the new RAM immediately and retest.","✅ Option 3: Repair System Files
Corrupted memory-related system files can trigger this crash.
Open Command Prompt (Run as Administrator) and run: sfc /scannow
✔️ If it repairs files → Restart
❌ If it fails → Continue to Step 4","✅ Option 4: Repair Windows Image (DISM)
Fixes deep Windows corruption affecting memory handling.
Run Command Prompt (Admin): DISM /Online /Cleanup-Image /RestoreHealth
Restart after completion.","✅ Option 5: Check Disk & Paging File Errors
Memory paging depends on disk health.
Run: chkdsk C: /f /r
✔️ Type Y → Restart
⏳ Long scan = normal",System should boot without MEMORY_MANAGEMENT BSOD errors,high,Windows 10/11,Desktop/Laptop,"memory management, bsod, blue screen, ram error, memory error",
NEW105,BSOD,Blue Screen Every Time on Startup,My computer shows a blue screen every time I start it,"BSOD on every startup, Windows crashes immediately, cannot boot normally, automatic restart loop","Corrupted boot files, driver conflicts, hardware failure, recent Windows update, system file corruption","✅ Option 1: Enter Windows Recovery (YOU MUST DO THIS FIRST)
Since Windows crashes on startup, normal boot fixes won't work.
Power on the PC
When Windows logo appears → hold power button to force shutdown
Repeat 3 times
Windows will show Automatic Repair
Select: Advanced options → Troubleshoot
✔️ You are now in Windows Recovery Environment (WinRE)","✅ Option 2: Try Startup Repair (Quick Win)
Go to: Advanced options → Startup Repair
Select your account
Enter password if asked
Let Windows attempt automatic repair
✔️ If it boots → problem solved
❌ If it fails → continue","✅ Option 3: Boot into Safe Mode (CRITICAL DIAGNOSIS STEP)
Safe Mode loads only basic drivers.
Go to: Advanced options → Startup Settings
Click Restart
Press 4 (Enable Safe Mode)
✔️ If Windows boots in Safe Mode → driver or software issue
❌ If it still blue screens → hardware or system corruption","✅ Option 4: Run System File Repair (VERY IMPORTANT)
While in Safe Mode or Recovery → Command Prompt:
Run: sfc /scannow
✔️ Repairs corrupted system files
❌ If SFC fails → go to Step 5","✅ Option 5: Repair Windows Image (DISM)
Fixes deep corruption that causes boot-time crashes.
Run: DISM /Online /Cleanup-Image /RestoreHealth
Restart after completion.",Windows should boot normally without blue screen on startup,high,Windows 10/11,Desktop/Laptop,"bsod on startup, blue screen every boot, startup crash, boot failure",
NEW106,BSOD,BSOD After Logging Into Windows,I get a BSOD after logging into Windows,"BSOD after login, crash after user login, blue screen after entering password, system crash after login screen","Startup drivers, startup programs, graphics driver, antivirus software, corrupted user profile, driver conflicts","✅ Option 1: Boot into Safe Mode (MOST IMPORTANT)
Safe Mode prevents startup drivers & apps from loading.
On the login screen, hold Shift
Click Power → Restart
Go to: Troubleshoot → Advanced options → Startup Settings
Click Restart
Press 4 (Enable Safe Mode)
✔️ If Windows does NOT crash in Safe Mode, the problem is confirmed as:
Startup driver /Startup program / Antivirus /GPU driver","✅ Option 2: Disable All Startup Programs (COMMON FIX)
Many BSODs after login are caused by startup apps.
Press Ctrl + Shift + Esc → Task Manager
Go to Startup tab
Disable ALL non-Microsoft entries
Restart PC normally
✔️ If BSOD stops → re-enable apps one by one to find the culprit.","✅ Option 3: Update or Roll Back Graphics Driver (VERY COMMON CAUSE)
Graphics drivers load right after login.
Press Win + X → Device Manager
Expand Display adapters
Right-click GPU → choose: Roll Back Driver OR Uninstall device
Restart → Windows will load a safe driver
✔️ If fixed → install latest stable driver from manufacturer.","✅ Option 4: Uninstall Third-Party Antivirus / Security Tools
Security software hooks deeply into memory.
From Safe Mode: Go to Settings → Apps
Uninstall: Antivirus / Firewall tools / System cleaners / boosters
Restart
✔️ Windows Defender will protect you automatically.","✅ Option 5: Repair System Files (ESSENTIAL)
Corrupted files can crash Windows after user login.
Open Command Prompt (Run as Administrator) and run: sfc /scannow
After that, run: DISM /Online /Cleanup-Image /RestoreHealth
Restart PC.",Windows should boot and login without BSOD errors,high,Windows 10/11,Desktop/Laptop,"bsod after login, crash after login, blue screen after password, login crash",
NEW107,BSOD,Random System Crashes with Stop Code,The system crashes randomly with a stop code,"Random BSOD crashes, unpredictable system crashes, different stop codes, intermittent blue screen errors","Faulty RAM, overheating, driver instability, corrupted system files, hardware failure, overclocking issues","✅ Option 1: Note the Stop Code (VERY IMPORTANT)
Common random crash codes:
MEMORY_MANAGEMENT
IRQL_NOT_LESS_OR_EQUAL
CRITICAL_PROCESS_DIED
SYSTEM_SERVICE_EXCEPTION
PAGE_FAULT_IN_NONPAGED_AREA
✔️ Different codes appearing randomly = hardware or driver instability","✅ Option 2: Check Event Viewer (Crash Pattern)
Press Win + X → Event Viewer
Go to: Windows Logs → System
Look for Critical / Error entries at crash time
✔️ Repeating driver or hardware errors = root cause identified","✅ Option 3: Test RAM (MOST COMMON CAUSE)
Random crashes = RAM instability 70% of the time.
Press Win + R
Type: mdsched.exe
Choose Restart now and check
❌ Any error = faulty RAM
✔️ If you have 2 sticks → test one at a time
✔️ Disable XMP / overclocking in BIOS
⚠️ Software fixes cannot fix bad RAM.","✅ Option 4: Check Overheating (VERY COMMON)
Install HWMonitor or Core Temp
Check temps: CPU > 85°C ❌ & GPU > 90°C ❌
Fixes: Clean dust / Improve airflow / Replace thermal paste / Stop overclocking","✅ Option 5: Repair System Files
Corruption causes unpredictable crashes.
Run Command Prompt (Admin): sfc /scannow
Then: DISM /Online /Cleanup-Image /RestoreHealth
Restart PC.",System should run without random crashes,high,Windows 10/11,Desktop/Laptop,"random bsod, random crashes, intermittent blue screen, unpredictable crashes",
NEW108,BSOD,PC Blue Screens While Gaming,My PC blue screens while gaming,"BSOD during gaming, crash while playing games, blue screen under load, system crash during gameplay","Overheating, GPU driver issues, unstable overclocking, faulty RAM, power supply issues, corrupted game files","✅ Option 1: Check Temperatures (MOST COMMON CAUSE)
Install & check temps while gaming: CPU <85°C AND GPU <90°C
❌ If temps exceed this:
Clean dust from fans & heatsinks
Improve case airflow
Replace thermal paste (if old)
Stop overclocking
✔️ Overheating = instant BSODs during games.","✅ Option 2: Disable Overclocking / XMP (CRITICAL)
Unstable clocks crash systems under load.
Enter BIOS / UEFI
Disable: CPU overclock & GPU overclock & XMP / DOCP (RAM)
Set everything to Default / Auto
Save & exit
✔️ This alone fixes many gaming BSODs.","✅ Option 3: Clean Reinstall GPU Driver (VERY IMPORTANT)
Boot into Safe Mode :  Win + I → Settings → System → Recovery → Advanced startup → Restart 
Select: Troubleshoot → Advanced options → Startup Settings → Restart → Press 4 or F4 → Safe Mode
Use DDU (Display Driver Uninstaller) to remove GPU driver
Reboot normally
Install latest stable driver from:
NVIDIA / AMD / Intel official site
❌ Do NOT use beta drivers or driver updater tools.","✅ Option 4: Test RAM (HIGH-LOAD FAILURES)
Gaming stresses RAM heavily.
Press Win + R
Type: mdsched.exe
Restart and test
❌ Any error = faulty RAM
✔️ If 2 sticks → test one at a time
✔️ Keep XMP disabled if unstable","✅ Option 5: Check Disk & System Files
Corruption can crash games mid-session.
Run Command Prompt (Admin):
sfc /scannow
DISM /Online /Cleanup-Image /RestoreHealth
Then: chkdsk C: /f /r",PC should run games without blue screen crashes,high,Windows 10/11,Desktop/Laptop,"bsod while gaming, crash during games, blue screen gaming, game crash",
NEW109,BSOD,Blue Screen After Windows Update,Blue screen appears after a Windows update,"BSOD after Windows update, crash after update installation, blue screen post-update, system crash after update","Driver conflicts from update, incompatible drivers, corrupted update files, system file corruption, hardware incompatibility","✅ Option 1: Boot into Windows Recovery (REQUIRED)
If Windows keeps crashing, use Recovery.
Turn on PC
When Windows logo appears → hold power button to force OFF
Repeat 3 times
You'll see Automatic Repair
Select: Advanced options → Troubleshoot","✅ Option 2: Uninstall the Problematic Update (MOST EFFECTIVE)
Go to: Advanced options → Uninstall Updates
Choose: Uninstall latest quality update (first)
If still crashing → Uninstall latest feature update
Restart PC

✔️ This fixes most post-update BSODs.","✅ Option 3: Boot into Safe Mode
If uninstalling update isn't enough:
Go to: Advanced options → Startup Settings
Click Restart
Press 4 (Safe Mode)
✔️ If Safe Mode works → driver conflict confirmed.","✅ Option 4: Roll Back or Fix Drivers (VERY COMMON)
Windows updates often replace drivers.
In Safe Mode: Press Win + X → Device Manager
Check these first:
Display adapters (GPU)
Storage controllers
Network adapters
Right-click → Roll Back Driver
Or Uninstall device (restart to reload safe driver)","✅ Option 5: Disable Automatic Driver Updates (PREVENT REPEAT)
Stops Windows from reinstalling the bad driver.
Press Win + R → type: sysdm.cpl
Go to Hardware → Device Installation Settings
Choose No
Save",System should boot without BSOD after Windows update,high,Windows 10/11,Desktop/Laptop,"bsod after update, crash after windows update, blue screen post-update, update crash",
NEW110,BSOD,INACCESSIBLE_BOOT_DEVICE Blue Screen,I see INACCESSIBLE_BOOT_DEVICE on a blue screen,"INACCESSIBLE_BOOT_DEVICE BSOD, cannot access boot drive, blue screen with boot device error, Windows cannot boot","Wrong BIOS storage mode, corrupted boot files, disk errors, recent Windows update, SATA controller issues, boot sector corruption","✅ Option 1: Enter Windows Recovery (REQUIRED)
You must use Recovery because Windows can't boot.
Turn on PC
When Windows logo appears → hold Power button to turn OFF
Repeat 3 times
You'll see Automatic Repair
Go to: Advanced options → Troubleshoot","✅ Option 2: Try Startup Repair (Quick Fix)
Go to: Advanced options → Startup Repair
Select your Windows account
Let Windows attempt repair
✔️ If Windows boots → fixed
❌ If not → continue","✅ Option 3: Uninstall Recent Windows Update (VERY COMMON FIX)
This error often appears right after an update.
Go to: Advanced options → Uninstall Updates
First select: Uninstall latest quality update
If still broken: Uninstall latest feature update
Restart PC
✔️ This fixes many systems instantly.","✅ Option 4: Check BIOS / UEFI Storage Mode (CRITICAL)
A wrong disk mode will break boot access.
Restart PC → Enter BIOS / UEFI (Del / F2 / F10 / Esc)
Find Storage / SATA / NVMe settings
Ensure mode is: AHCI (most systems)
❌ NOT RAID (unless you installed Windows with RAID)
Save & Exit
⚠️ If BIOS was reset recently, this is likely the cause.","✅ Option 5: Repair Boot Files (VERY IMPORTANT)
Win + I → Settings → System → Recovery → Advanced startup → Restart
Select: Troubleshoot → Advanced options → Command Prompt 
Run one by one:
bootrec /fixmbr
bootrec /fixboot
bootrec /scanos
bootrec /rebuildbcd
If fixboot says Access denied, run: bootsect /nt60 sys
Then retry bootrec /fixboot.",Windows should boot without INACCESSIBLE_BOOT_DEVICE error,high,Windows 10/11,Desktop/Laptop,"inaccessible boot device, bsod, boot device error, cannot access boot drive",
NEW111,BSOD,Laptop Crashes and Reboots Without Warning,My laptop crashes and reboots without warning,"Laptop crashes and reboots suddenly, unexpected shutdown, no warning before reboot, instant power loss","Overheating, battery issues, faulty power adapter, bad RAM, power supply problems, thermal protection","✅ Option 1: Check Overheating (MOST COMMON CAUSE)
Laptops shut down instantly to protect hardware.
🔥 Check temperatures
Install HWMonitor or Core Temp
Normal ranges: CPU: < 85°C & GPU: < 90°C
❌ If temps spike before reboot:
Clean dust from vents
Use laptop on a hard surface
Replace thermal paste (if laptop is old)
Use a cooling pad
✔️ Overheating causes instant reboot with no warning.","✅ Option 2: Check Power & Battery Issues
Remove battery (if removable)
Run laptop only on charger
Try a different charger if possible
❌ If reboot stops → bad battery or adapter
✔️ Replace the faulty part","✅ Option 3: Check Event Viewer (CONFIRM CAUSE)
Press Win + X → Event Viewer
Go to: Windows Logs → System
Look for: Kernel-Power (Event ID 41)
✔️ This confirms unexpected power loss, not software shutdown.","✅ Option 4: Test RAM (VERY IMPORTANT)
Bad RAM causes sudden reboots.
Press Win + R
Type: mdsched.exe
Choose Restart now and check
❌ Any error = faulty RAM
✔️ Laptop RAM must be replaced","✅ Option 5: Disable Fast Startup (COMMON FIX)
Go to Control Panel → Power Options
Click Choose what the power buttons do
Click Change settings currently unavailable
Uncheck Turn on fast startup
Save & Restart",Laptop should run without unexpected crashes and reboots,high,Windows 10/11,Laptop,"laptop crashes, unexpected reboot, sudden shutdown, laptop restart",
NEW112,Boot,Computer Does Not Boot Into Windows,My computer does not boot into Windows,"PC does not boot, Windows does not start, system does not load, boot failure, no Windows startup","Power issues, BIOS settings, corrupted boot files, disk errors, hardware failure, system file corruption","✅ Option 1: Power Reset (Very Important & Easy)
For desktop :
Turn off the PC & Unplug the power cable
Hold the Power button for 15 seconds & Plug back in and turn on
For laptop :
Shut down & Remove charger (and battery if removable)
Hold Power button for 15 seconds & Reconnect and start
✔️ If it boots → problem solved
❌ If not → continue","✅ Option 2: Check BIOS / UEFI Boot Settings
Turn on PC
Immediately press DEL / F2 / F10 / F12 / ESC (depends on motherboard)
Enter BIOS / UEFI
Check: Boot Mode → UEFI (for Windows 10/11)
Windows Boot Manager is first
Choose Load Optimized Defaults
Save & Exit (F10)
✔️ Reboot and test","✅ Option 3: Try Automatic Startup Repair
Power on → interrupt boot 3 times (hold power during loading)
You'll see Preparing Automatic Repair
Go to: Advanced options → Troubleshoot → Startup Repair
Select your Windows account
✔️ Let Windows repair itself","✅ Option 4: Boot into Safe Mode
Safe Mode loads minimal drivers.
Advanced options
Troubleshoot → Advanced options
Startup Settings → Restart
Press 4 or F4 (Safe Mode)
If Safe Mode works:
Uninstall recent drivers
Uninstall recent Windows updates
Remove recently installed software","✅ Option 5: Check Disk & System Files (Advanced but Effective)
Advanced options → Command Prompt
Run these commands one by one:
chkdsk c: /f /r
sfc /scannow /offbootdir=C:\ /offwindir=C:\Windows
✔️ These fix disk corruption and missing system files",Windows should boot normally into the desktop,high,Windows 10/11,Desktop/Laptop,"does not boot, boot failure, windows not starting, system does not load",
NEW113,Boot,PC Stuck in Automatic Repair Loop,PC is stuck in an automatic repair loop,"Automatic repair keeps running, repair loop, Windows repair never finishes, stuck in repair mode","Corrupted system files, disk errors, bad Windows update, boot configuration issues, file system corruption","✅ Option 1: Force Windows Recovery Menu
Power ON the PC
When Windows logo appears → hold Power button to force shutdown
Repeat 3 times
You should now see Advanced options
✔️ If you see Choose an option → continue
❌ If not → tell me (hardware-level issue)","✅ Option 2: Disable Automatic Repair (MOST EFFECTIVE)
Advanced options → Troubleshoot
Advanced options → Command Prompt
Type exactly: bcdedit /set {default} recoveryenabled No
Press Enter
Close Command Prompt
Restart PC
✔️ This stops the repair loop in many cases","✅ Option 3: Check & Repair Disk Errors
Back in Command Prompt, run: chkdsk c: /f /r
⏳ May take time (10–60 minutes)
✔️ Fixes corrupted sectors & file system damage","✅ Option 4: Repair Windows System Files
Still in Command Prompt: sfc /scannow /offbootdir=C:\ /offwindir=C:\Windows
✔️ Repairs missing or damaged Windows files","✅ Option 5: Uninstall Bad Windows Updates
Advanced options
Uninstall Updates
Try: Uninstall latest quality update
If fails → Uninstall feature update
✔️ Update corruption is a top cause of repair loops",PC should boot normally without getting stuck in repair loop,high,Windows 10/11,Desktop/Laptop,"automatic repair loop, repair never finishes, stuck in repair, repair keeps running",
NEW114,Boot,Bootmgr is Missing Error,Windows shows Bootmgr is missing at startup,"Bootmgr is missing error, boot manager missing, cannot find boot manager, boot error at startup","Wrong boot order, corrupted boot files, disk errors, missing boot partition, external device boot conflict","✅ Option 1: Check Boot Order in BIOS (VERY COMMON FIX)
Wrong boot order can cause this error.
Restart PC
Press DEL / F2 / F10 / F12 / ESC (depends on motherboard)
Enter BIOS / UEFI
Open Boot tab
Set Windows Boot Manager as Boot Option #1
Save & Exit (F10)
✔️ Restart and test
❌ Still error → continue","✅ Option 2: Remove External Devices
Power OFF PC
Remove: USB drives / External HDD/SSD / Memory cards
Power ON again
✔️ Sometimes PC tries to boot from USB","✅ Option 3: Use Windows Startup Repair
You need Windows installation USB/DVD.
Boot from Windows USB
Choose language → Next
Click Repair your computer
Go to: Troubleshoot → Advanced options → Startup Repair
✔️ Let Windows fix boot files automatically","✅ Option 4: Rebuild BOOTMGR Manually (MOST EFFECTIVE)
From Advanced options → Command Prompt, run one by one:
bootrec /fixmbr
bootrec /fixboot
bootrec /scanos
bootrec /rebuildbcd
If asked to add installation → type Y and press Enter
✔️ Restart PC
⚠️ If ""Access is denied"" on fixboot
Run these extra commands:
bootsect /nt60 sys
bootsect /nt60 all
Then retry Step 4.","✅ Option 5: Check Disk for Errors
Still in Command Prompt: chkdsk c: /f /r
✔️ Fixes file system corruption causing BOOTMGR errors",Windows should boot without Bootmgr is missing error,high,Windows 10/11,Desktop/Laptop,"bootmgr is missing, boot manager missing, boot error, cannot find boot manager",
NEW115,Boot,Black Screen When Turning On PC,I get a black screen when turning on my PC,"Black screen on startup, no display when booting, screen stays black, monitor shows no signal","Display cable issues, monitor problems, graphics card failure, BIOS settings, external device conflicts","✅ Option 1: Check Display & Cable (VERY COMMON)
Turn monitor OFF and ON
Confirm correct input source (HDMI / DP / VGA)
Reseat the video cable on both ends
Try another cable or another monitor
✔️ If display appears → problem solved
❌ Still black → continue","✅ Option 2: Hard Power Reset
Desktop :
Power OFF &Unplug power cable
Hold Power button 15 seconds & Plug in and start
Laptop :
Shut down &Unplug charger (remove battery if possible)
Hold Power button 15 seconds & Reconnect and start","✅ Option 3: Check External Devices
Power OFF
Disconnect all USB devices
Leave only keyboard + mouse
Power ON
✔️ Faulty USB devices can block boot","✅ Option 4: Try BIOS / UEFI Display
Power ON
Immediately press DEL / F2 / ESC / F10
If BIOS shows: Hardware is working & Windows/driver issue likely
If BIOS does NOT show → hardware problem","✅ Option 5: Reset Graphics Output (Laptop Fix)
Press together: Ctrl + Shift + Win + B
✔️ You should hear a beep or screen flash",Display should show Windows desktop,medium,Windows 10/11,Desktop/Laptop,"black screen, no display, screen stays black, monitor no signal",
NEW116,Boot,Laptop Turns On But Shows No Display,Laptop turns on but shows no display,"Laptop powers on but screen is black, no display on laptop, screen stays black, backlight failure","Brightness settings, display toggle, backlight failure, graphics driver, external display conflict, hardware failure","✅ Option 1: Check Screen Brightness & Display Toggle (VERY COMMON)
Press Fn + Brightness Up (☀️ key)
Press Fn + Display toggle (usually Fn + F4 / F5 / F7 / F8 depending on brand)
Wait 10 seconds
✔️ If display appears → solved
❌ Still black → continue","✅ Option 2: Hard Power Reset (MOST IMPORTANT)
This clears stuck power states.
Turn laptop OFF
Unplug charger
If battery is removable → remove it
Hold Power button for 20 seconds
Reinsert battery (if removed)
Plug charger and power ON
✔️ Many black-screen laptops recover here","✅ Option 3: Check if Screen Is Actually Working (Flashlight Test)
Turn laptop ON
Shine a phone flashlight very close to the screen
Look carefully for: Faint logo & Very dim desktop
🔎 Results:
✔️ Faint image visible → backlight failure
❌ Nothing visible at all → continue","✅ Option 4: Test with External Monitor
Connect laptop to: TV / external monitor (HDMI / VGA)
Turn laptop ON
Press Fn + Display toggle key
🔎 Results:
✔️ External display works → laptop screen or cable issue
❌ External display also black → motherboard / GPU issue","✅ Option 5: Reset Graphics (Windows Shortcut)
Press together: Ctrl + Shift + Win + B
✔️ Screen may flicker or beep
❌ No change → continue",Laptop display should show Windows desktop,medium,Windows 10/11,Laptop,"laptop no display, laptop black screen, screen stays black, backlight failure",
NEW117,Boot,Windows Fails to Start After Update,Windows fails to start after an update,"Windows does not start after update, boot failure after update, system crash after Windows update, update broke Windows","Corrupted update files, driver conflicts, system file corruption, incompatible update, boot file damage","✅ Option 1: Enter Windows Recovery (WinRE)
Turn ON the PC
When Windows logo appears → hold Power button to force shutdown
Repeat 3 times
You should see Preparing Automatic Repair
Select Advanced options
✔️ If you reach Choose an option, continue
❌ If not → tell me (possible hardware issue)","✅ Option 2: Use Startup Repair (FAST CHECK)
Advanced options
Troubleshoot
Startup Repair
Select your Windows account
✔️ Let Windows try automatic fixes
❌ If it fails → continue","✅ Option 3: Uninstall the Problematic Update (MOST EFFECTIVE)
Advanced options
Uninstall Updates
First choose: Uninstall latest quality update
If still broken: Uninstall feature update
✔️ Restart after uninstall","✅ Option 4: Boot into Safe Mode & Remove Drivers
Advanced options → Startup Settings
Click Restart
Press 4 or F4 (Safe Mode)
If Safe Mode loads:
Uninstall recent drivers (especially GPU)
Uninstall antivirus
Restart normally
✔️ Driver conflicts are a top cause after updates","✅ Option 5: Repair Windows System Files
Advanced options → Command Prompt
Run one by one:
sfc /scannow /offbootdir=C:\ /offwindir=C:\Windows
chkdsk c: /f /r
✔️ Repairs corrupted files caused by failed updates",Windows should boot normally after update,high,Windows 10/11,Desktop/Laptop,"windows fails to start after update, boot failure after update, update broke windows",
NEW118,Boot,PC Restarts Repeatedly During Boot,PC restarts repeatedly during boot,"PC keeps restarting during boot, boot loop, system restarts before Windows loads, continuous reboot cycle","Overheating, power supply issues, hardware failure, corrupted boot files, driver conflicts, system file corruption","✅ Option 1: Power Drain Reset (VERY IMPORTANT)
Clears stuck hardware states.
Desktop :
Power OFF & Unplug power cable
Hold Power button 15 seconds & Plug in and start
Laptop :
Shut down & Unplug charger (remove battery if possible)
Hold Power button 20 seconds & Reconnect and power ON
✔️ If it boots → solved
❌ Still looping → continue","✅ Option 2: Check Overheating / Fan Issue
Instant restarts often mean overheating.
Power ON and listen:
CPU fan spinning?
Clean dust from vents
Place laptop on flat surface
⚠️ If PC restarts within 5–10 seconds, overheating or PSU issue is likely.","✅ Option 3: Enter Windows Recovery (WinRE)
Power ON
When Windows logo appears → hold Power to force OFF
Repeat 3 times
You should see Preparing Automatic Repair
Click Advanced options
✔️ If you reach recovery → continue","✅ Option 4: Disable Automatic Restart on Failure
Advanced options → Troubleshoot
Advanced options → Startup Settings
Click Restart
Press 9 or F9 → Disable automatic restart
✔️ Lets you see the real error instead of rebooting","✅ Option 5: Boot into Safe Mode
Startup Settings
Press 4 or F4 (Safe Mode)
If Safe Mode works:
Uninstall recent drivers
Uninstall recent Windows updates
Remove antivirus or tuning tools
Restart normally
✔️ Confirms driver/software issue",PC should boot normally without restarting repeatedly,high,Windows 10/11,Desktop/Laptop,"pc restarts repeatedly, boot loop, continuous reboot, restart cycle",
NEW119,Boot,Startup Repair Keeps Running and Never Finishes,Startup repair keeps running and never finishes,"Startup repair never completes, repair stuck running, endless repair loop, Windows repair hangs","Corrupted system files, disk errors, bad sectors, Windows update corruption, boot configuration issues","✅ Option 1: Break the Startup Repair Loop
Power ON the PC
When Startup Repair starts → hold Power button to force shutdown
Repeat 2–3 times
You should see Advanced options
✔️ If you reach Choose an option, continue
❌ If not → tell me (possible hardware failure)","✅ Option 2: Disable Automatic Startup Repair (MOST EFFECTIVE)
Advanced options → Troubleshoot
Advanced options → Command Prompt
Type exactly and press Enter: bcdedit /set {default} recoveryenabled No
Close Command Prompt
Restart PC
✔️ This stops Windows from looping into Startup Repair","✅ Option 3: Repair Disk Errors (VERY IMPORTANT)
Still in Command Prompt, run: chkdsk c: /f /r
⏳ May take 30–90 minutes
⚠️ Do NOT interrupt
✔️ Fixes bad sectors that cause endless repair","✅ Option 4: Repair Windows System Files
After chkdsk completes:
sfc /scannow /offbootdir=C:\ /offwindir=C:\Windows
✔️ Repairs corrupted Windows files","✅ Option 5: Uninstall the Broken Windows Update
Advanced options
Uninstall Updates
First choose Uninstall latest quality update
If still stuck → Uninstall feature update
✔️ Updates are the #1 cause of this loop",PC should boot normally without getting stuck in startup repair,high,Windows 10/11,Desktop/Laptop,"startup repair never finishes, repair stuck, endless repair loop, repair hangs",
NEW120,Boot,Windows Boot Error Code 0x74,Windows shows boot error code 0x74,"Boot error 0x74, error code 0x74 at startup, Windows boot failure 0x74, system cannot boot 0x74","File system corruption, disk errors, corrupted boot files, registry corruption, system file damage","✅ Option 1: Enter Windows Recovery (WinRE)
Power ON the PC
When Windows logo appears → hold Power button to force OFF
Repeat 3 times
You should see Preparing Automatic Repair
Select Advanced options
✔️ If you reach Choose an option, continue
❌ If not → possible hardware issue","✅ Option 2: Run Startup Repair (Quick Check)
Advanced options
Troubleshoot
Startup Repair
Select your account
✔️ If Windows boots → done
❌ If repair fails → continue","✅ Option 3: Repair Disk Errors (VERY IMPORTANT)
Advanced options → Command Prompt
Run: chkdsk c: /f /r
⏳ May take 30–90 minutes
✔️ Fixes file system corruption causing 0x74","✅ Option 4: Repair Windows System Files
After chkdsk finishes, run: sfc /scannow /offbootdir=C:\ /offwindir=C:\Windows
✔️ Repairs corrupted Windows files and registry links","✅ Option 5: Rebuild Boot Configuration (MOST EFFECTIVE)
Still in Command Prompt, run one by one:
bootrec /fixmbr
bootrec /fixboot
bootrec /scanos
bootrec /rebuildbcd
If asked to add installation → type Y and press Enter
✔️ Restores broken boot configuration
⚠️ If ""Access is denied"" appears
Run this, then retry Option 5: bootsect /nt60 sys OR bootsect /nt60 all",Windows should boot without error code 0x74,high,Windows 10/11,Desktop/Laptop,"boot error 0x74, error code 0x74, windows boot failure 0x74, system cannot boot",
NEW121,Boot,System Stuck on Loading Screen,My system is stuck on the loading screen,"PC stuck on loading screen, Windows loading never completes, system hangs on startup, loading screen freeze","USB device conflicts, driver issues, corrupted system files, Windows update problems, hardware failure","✅ Option 1: Hard Power Reset (Quick & Important)
Desktop :
Power OFF & Unplug power cable
Hold Power button 15 seconds & Plug in and start
Laptop :
Shut down & Unplug charger (remove battery if possible)
Hold Power button 20 seconds & Reconnect and start
✔️ If it boots → done
❌ Still stuck → continue","✅ Option 2: Disconnect External Devices
Power OFF
Remove all USB devices (printers, drives, hubs)
Leave only keyboard & mouse
Power ON
✔️ Faulty USB devices can hang startup","✅ Option 3: Enter Windows Recovery (WinRE)
Power ON
When Windows logo appears → hold Power to force OFF
Repeat 3 times
You should see Preparing Automatic Repair
Select Advanced options
✔️ If you reach Choose an option, continue","✅ Option 4: Use Startup Repair
Troubleshoot
Startup Repair
Select your Windows account
✔️ If Windows loads → solved
❌ If it fails → continue","✅ Option 5: Boot into Safe Mode (Driver Check)
Advanced options → Startup Settings
Click Restart
Press 4 or F4 (Safe Mode)
If Safe Mode works:
Uninstall recent drivers (especially GPU)
Uninstall recent Windows updates
Remove third-party antivirus
Restart normally
✔️ Confirms a software/driver issue",System should boot past the loading screen into Windows,medium,Windows 10/11,Desktop/Laptop,"stuck on loading screen, loading never completes, startup freeze, loading screen hang",
NEW122,Network,Internet Is Very Slow Suddenly,My internet is very slow suddenly,"Internet speed suddenly slow, slow browsing, slow downloads, network performance dropped, slow connection","Router/modem issues, Wi-Fi signal strength, too many devices, network congestion, ISP problems, background downloads","✅ Option 1: Restart Your Router & Modem (MOST IMPORTANT)
Turn OFF your router and modem
Unplug power cables
Wait 30–60 seconds
Plug them back in
Wait until all lights are stable
✔️ This clears temporary network glitches","✅ Option 2: Test Internet Speed
Open any browser
Go to speedtest.net or fast.com
Run the test
✔️ Compare with your normal speed
❌ If speed is far lower → continue steps","✅ Option 3: Check Wi-Fi Signal Strength
Move closer to the router
Avoid walls, metal objects, microwaves
If possible, use a LAN (Ethernet) cable
✔️ Weak Wi-Fi = slow internet","✅ Option 4: Disconnect Other Devices
Turn off Wi-Fi on unused phones, TVs, tablets
Pause downloads / streaming on other devices
✔️ Too many devices can slow the network","✅ Option 5: Restart Your Computer
Click Start → Restart
Do NOT shut down — choose Restart
✔️ Clears network cache & stuck processes",Internet speed should return to normal levels,low,Windows 10/11,Desktop/Laptop,"internet slow, slow browsing, slow connection, network speed dropped",
NEW123,Network,Wi-Fi Signal Strong But Pages Wont Load,Wi-Fi signal is strong but pages won't load,"Strong Wi-Fi signal but no internet, connected but cannot browse, pages not loading, DNS issues","DNS problems, router issues, network cache, ISP connectivity, proxy settings, network adapter issues","✅ Option 1: Check if Internet Is Actually Working
Open any website (google.com)
Try another browser (Chrome / Edge / Firefox)
❌ If no site opens → continue steps
✔️ If some sites open → DNS issue likely","✅ Option 2: Restart Router & Modem (MOST IMPORTANT)
Turn OFF router & modem
Unplug power cables
Wait 30–60 seconds
Plug back in and wait for stable lights
✔️ Fixes temporary ISP & routing issues","✅ Option 3: Disable & Re-Enable Wi-Fi (Quick Reset)
Press Win + I → Network & Internet
Click Wi-Fi → Turn OFF
Wait 10 seconds
Turn Wi-Fi ON
✔️ Refreshes the network connection","✅ Option 4: Run Network Troubleshooter
Press Win + I
Go to Network & Internet
Click Advanced network settings
Select Network troubleshooter
✔️ Automatically detects common problems","✅ Option 5: Flush DNS Cache (VERY EFFECTIVE)
Press Win + S → type cmd
Right-click Command Prompt → Run as administrator
Run commands one by one:
ipconfig /flushdns
ipconfig /release
ipconfig /renew
Restart your PC
✔️ Fixes ""connected but no internet"" issues",Web pages should load normally,low,Windows 10/11,Desktop/Laptop,"wifi strong but no internet, pages not loading, connected but cannot browse, dns issues",
NEW124,Network,Network Shows Limited Access,Network shows limited access,"Limited access network, no internet access, connected but limited, network connectivity issues","Router/modem issues, DHCP problems, IP configuration errors, network adapter issues, DNS problems","✅ Option 1: Restart Router & Modem (MOST IMPORTANT)
Turn OFF router and modem
Unplug power cables
Wait 30–60 seconds
Plug back in
Wait until all lights are stable
✔️ Fixes temporary ISP & DHCP issues","✅ Option 2: Restart Your Computer
Click Start → Restart
Do NOT shut down — choose Restart
✔️ Clears network cache problems","✅ Option 3: Disable & Re-Enable Network Adapter
Press Win + I → Network & Internet
Click Advanced network settings
Select Disable (Wi-Fi or Ethernet)
Wait 10 seconds
Click Enable
✔️ Refreshes the connection","✅ Option 4: Run Network Troubleshooter
Win + I → Network & Internet
Click Advanced network settings
Select Network troubleshooter
✔️ Automatically detects common problems","✅ Option 5: Reset IP & DNS (VERY EFFECTIVE)
Press Win + S → type cmd
Right-click Command Prompt → Run as administrator
Run commands one by one:
ipconfig /release
ipconfig /renew
ipconfig /flushdns
Restart PC
✔️ Fixes ""Limited access / No internet"" errors",Network should show full internet access,low,Windows 10/11,Desktop/Laptop,"limited access, no internet access, connected but limited, network connectivity",
NEW125,Network,PC Cannot Detect Any Wi-Fi Networks,My PC cannot detect any Wi-Fi networks,"No Wi-Fi networks found, cannot see Wi-Fi, Wi-Fi adapter not working, no wireless networks detected","Airplane mode enabled, Wi-Fi adapter disabled, missing Wi-Fi driver, WLAN service stopped, hardware failure","✅ Option 1: Check Airplane Mode (VERY COMMON)
Click Wi-Fi icon in taskbar
Make sure Airplane mode = OFF
Wi-Fi toggle must be ON
✔️ Airplane mode disables Wi-Fi completely","✅ Option 2: Turn Wi-Fi ON from Settings
Press Win + I
Go to Network & Internet
Click Wi-Fi
Turn Wi-Fi → ON
❌ If Wi-Fi option is missing → go to STEP 3","✅ Option 3: Check Wi-Fi Adapter (IMPORTANT)
Press Win + X → Device Manager
Expand Network adapters
✔️ You should see something like: Wireless / Wi-Fi / 802.11
❌ If missing or disabled: Right-click adapter → Enable Or continue to STEP 5","✅ Option 4: Install / Reinstall Wi-Fi Driver (MOST EFFECTIVE)
If adapter is missing or has ⚠️:
In Device Manager
Right-click Wi-Fi adapter
Click Uninstall device
Restart PC
✔️ Windows will reinstall driver automatically
❌ If not installed:
Download Wi-Fi driver from laptop/PC manufacturer website
Use LAN cable or mobile hotspot (USB)","✅ Option 5: Check WLAN Service
Press Win + R
Type: services.msc
Find WLAN AutoConfig
Status must be: Running → Startup type: Automatic
✔️ Required to detect Wi-Fi networks",PC should detect available Wi-Fi networks,medium,Windows 10/11,Desktop/Laptop,"no wifi networks, cannot detect wifi, wifi adapter not working, no wireless networks",
NEW126,Network,Internet Works on Phone But Not on PC,Internet works on phone but not on PC,"Internet works on phone but not PC, phone has internet PC does not, network works on mobile but not computer","PC network configuration, Wi-Fi profile issues, DNS problems, network adapter issues, firewall blocking","✅ Option 1: Restart Router & PC (MOST IMPORTANT)
Turn OFF router
Wait 30–60 seconds
Turn it ON
Restart your PC
✔️ Phone working = ISP OK
❌ PC issue = local network problem","✅ Option 2: Check Wi-Fi Status on PC
Click Wi-Fi icon in taskbar
Make sure: Wi-Fi is ON & Airplane mode is OFF
Connected to correct network
✔️ Forget and reconnect if needed","✅ Option 3: Forget & Reconnect Wi-Fi
Win + I → Network & Internet → Wi-Fi
Click Manage known networks
Select your Wi-Fi → Forget
Reconnect and enter password again
✔️ Fixes wrong/old network configs","✅ Option 4: Run Network Troubleshooter
Win + I → Network & Internet
Advanced network settings
Click Network troubleshooter
✔️ Auto-fixes common issues","✅ Option 5: Reset IP & DNS (VERY EFFECTIVE)
Press Win + S → type cmd
Right-click Command Prompt → Run as administrator
Run commands one by one:
ipconfig /release
ipconfig /renew
ipconfig /flushdns
Restart PC
✔️ Fixes ""connected but no internet""",PC should have internet access like the phone,low,Windows 10/11,Desktop/Laptop,"internet works on phone not pc, phone has internet pc does not, network works on mobile",
NEW127,Network,Network Adapter Disappeared After Update,Network adapter disappeared after update,"Network adapter missing after update, Wi-Fi adapter gone, network device not found, adapter disappeared","Windows update removed driver, driver conflict, corrupted driver installation, system file corruption","✅ Option 1: Check Device Manager (MOST IMPORTANT)
Press Win + X → Device Manager
Click View → Show hidden devices
Expand Network adapters
✔️ If adapter appears: Right-click → Enable
❌ If still missing → go to STEP 3","✅ Option 2: Scan for Hardware Changes
In Device Manager
Click Action → Scan for hardware changes
✔️ Forces Windows to re-detect the adapter","✅ Option 3: Check for Unknown Device
In Device Manager
Look under: Other devices & Unknown device
⚠️ Yellow warning icons
✔️ This means driver was removed by update","✅ Option 4: Reinstall Network Driver (VERY EFFECTIVE)
If adapter is missing or has error:
Right-click Unknown / Network device
Click Uninstall device
Restart PC
✔️ Windows may auto-install driver
❌ If not installed:
Download driver from PC/Laptop manufacturer website
Use LAN cable or USB phone hotspot","✅ Option 5: Roll Back the Windows Update
If issue started immediately after update:
Win + I → Windows Update
Click Update history
Select Uninstall updates
Remove latest update
Restart PC
✔️ Fixes broken driver updates",Network adapter should be visible and working in Device Manager,medium,Windows 10/11,Desktop/Laptop,"network adapter missing, wifi adapter gone, adapter disappeared, network device not found",
NEW128,Network,Internet Speed Dropped After Router Restart,Internet speed dropped after router restart,"Slow internet after router restart, speed decreased after reboot, network slower after restart","Router configuration reset, wrong Wi-Fi band, channel interference, QoS settings, ISP sync issues","✅ Option 1: Power-Cycle Router & Modem (MOST IMPORTANT)
Turn OFF router and modem
Unplug power cables
Wait 60 seconds
Plug modem first, wait till stable
Plug router, wait 2–3 minutes
✔️ Restores proper sync with ISP","✅ Option 2: Run a Speed Test (Baseline)
Go to speedtest.net or fast.com
Note Download / Upload / Ping
✔️ Compare with your plan speed","✅ Option 3: Check Wi-Fi Band (Common After Restart)
Connect to 5 GHz (faster, shorter range)
Use 2.4 GHz if far from router
✔️ Routers often switch bands after reboot","✅ Option 4: Change Wi-Fi Channel (Reduces Interference)
Open router admin page (usually 192.168.1.1)
Wireless settings → Channel
Set Auto or try: 2.4 GHz: 1 / 6 / 11 & 5 GHz: 36 / 40 / 44 / 48
Save & reboot router
✔️ Fixes congestion from nearby networks","✅ Option 5: Disable Bandwidth-Hungry Features
In router settings, turn OFF temporarily:
QoS (Quality of Service)
Traffic monitoring
Parental controls
✔️ Misconfigured QoS can cap speeds",Internet speed should return to normal levels,low,Windows 10/11,Desktop/Laptop,"slow internet after router restart, speed dropped, network slower after reboot",
NEW129,Network,VPN Breaks Internet Connection,VPN breaks internet connection,"No internet when VPN is on, VPN blocks internet, cannot browse with VPN, VPN disconnects internet","VPN protocol blocked, kill switch enabled, split tunneling misconfigured, proxy conflicts, VPN server issues","✅ Option 1: Disconnect VPN & Test Internet
Turn OFF the VPN
Open any website (google.com)
✔️ If internet works when VPN is OFF → VPN settings are the issue","✅ Option 2: Change VPN Protocol (MOST COMMON FIX)
Open your VPN app → Settings / Protocol
Try one by one: WireGuard / OpenVPN UDP / OpenVPN TCP / IKEv2
✔️ Some ISPs block specific VPN protocols","✅ Option 3: Disable Kill Switch (VERY IMPORTANT)
In VPN settings:
Turn OFF Kill Switch
Turn OFF Block internet if VPN disconnects
✔️ Kill Switch can block all traffic","✅ Option 4: Turn OFF Split Tunneling (Test)
VPN app → Split Tunneling
Disable it completely
Reconnect VPN
✔️ Misconfigured split tunneling breaks routing","✅ Option 5: Check Windows Proxy Settings
Win + I → Network & Internet → Proxy
Turn OFF: Use a proxy server
✔️ VPN + proxy conflict = no internet",Internet should work with VPN connected,low,Windows 10/11,Desktop/Laptop,"vpn breaks internet, no internet with vpn, vpn blocks internet, vpn disconnects internet",
NEW130,Network,Network Settings Reset Automatically,Network settings reset automatically (ERR_CONNECTION_RESET),"Network settings keep resetting, connection resets automatically, ERR_CONNECTION_RESET, network config changes","Windows updates, third-party apps, network services stopped, scheduled tasks, corrupted network driver","✅ Option 1: Check If Windows Update Caused This
Press Win + I → Windows Update
Click Update history
Look for recent updates installed before the issue
✔️ Some updates reset network configs automatically","✅ Option 2: Stop Network Reset by Third-Party Apps
Common culprits: VPN software & Antivirus / Firewall tools & Network optimizer / booster apps
What to do:
Temporarily disable or uninstall these apps
Restart PC
Re-check network settings
✔️ These apps often overwrite Windows settings","✅ Option 3: Check Network Services (IMPORTANT)
Press Win + R
Type: services.msc
Ensure these are Running:
Network Connections & Network Location Awareness
WLAN AutoConfig (Wi-Fi) & DHCP Client
✔️ If stopped → Right-click → Start
✔️ Startup type must be Automatic","✅ Option 4: Disable ""Network Reset"" Scheduled Tasks
Press Win + R → type: taskschd.msc
Go to: Task Scheduler Library → Microsoft → Windows → NetworkSetup
Disable suspicious or repeated reset tasks
✔️ Prevents auto resets on startup","✅ Option 5: Fix Corrupt Network Driver (VERY EFFECTIVE)
Win + X → Device Manager
Expand Network adapters
Right-click your adapter → Uninstall device
Restart PC
✔️ Windows will reinstall a clean driver",Network settings should remain stable without resetting,medium,Windows 10/11,Desktop/Laptop,"network settings reset, connection resets, err_connection_reset, network config changes",
NEW131,Network,Wi-Fi Connects But Disconnects After Few Minutes,Wi-Fi connects but disconnects after few minutes,"Wi-Fi disconnects frequently, connection drops after few minutes, intermittent Wi-Fi, random disconnections","Wi-Fi power saving, router issues, driver problems, signal interference, corrupted Wi-Fi profile, overheating","✅ Option 1: Restart Router & PC (DO THIS FIRST)
Turn OFF router
Unplug for 30–60 seconds
Turn it ON
Restart your PC
✔️ Clears temporary drops caused by router memory issues","✅ Option 2: Disable Wi-Fi Power Saving (MOST COMMON FIX)
Win + X → Device Manager
Expand Network adapters
Right-click Wi-Fi adapter → Properties
Open Power Management tab
❌ Uncheck Allow the computer to turn off this device to save power
Click OK → Restart PC
✔️ Prevents Windows from disconnecting Wi-Fi to save power","✅ Option 3: Set Power Plan to Maximum Performance
Control Panel → Power Options
Select High performance
Click Change plan settings → Advanced
Wireless Adapter Settings → Maximum Performance
✔️ Stops signal drops during idle time","✅ Option 4: Update or Reinstall Wi-Fi Driver
Win + X → Device Manager
Right-click Wi-Fi adapter
Try Update driver first
If problem continues → Uninstall device
Restart PC (Windows reinstalls driver)
✔️ Bad drivers cause random disconnects","✅ Option 5: Forget & Reconnect to Wi-Fi
Win + I → Network & Internet → Wi-Fi
Manage known networks
Select your Wi-Fi → Forget
Reconnect and enter password again
✔️ Fixes corrupted Wi-Fi profiles",Wi-Fi should stay connected without frequent disconnections,low,Windows 10/11,Desktop/Laptop,"wifi disconnects, connection drops, intermittent wifi, random disconnections",
NEW132,Storage,Disk Structure Is Corrupted and Unreadable,Disk structure is corrupted and unreadable,"Disk structure corrupted, unreadable disk, cannot access drive, disk corruption error","File system corruption, bad sectors, sudden power loss, disk failure, corrupted partition table","✅ Option 1: Restart Your PC (Quick Fix)
Sometimes the error is temporary.
✔️ Restart Windows normally
✔️ Try opening the drive again
👉 If still not accessible, continue.","✅ Option 2: Run CHKDSK (MOST IMPORTANT)
This repairs file system corruption and bad sectors.
Press Win + X
Click Command Prompt (Admin) or Windows Terminal (Admin)
Type : chkdsk X: /f /r
Press Enter
If asked to schedule → type Y → Restart PC
✔️ /f fixes errors
✔️ /r recovers bad sectors

⏳ May take time — do not interrupt","✅ Option 3: Check Drive in Disk Management
Confirms if Windows detects the disk correctly.
Press Win + R
Type: diskmgmt.msc
Press Enter
✔️ If drive shows RAW → file system is corrupted
✔️ If No Drive Letter → right-click → Change Drive Letter → Add

❌ If disk shows Unallocated → do NOT format yet","✅ Option 4: Run System File Checker (Internal Drives)
If this affects C: drive or system disk.
Open Command Prompt (Admin)
Run: sfc /scannow
✔️ Repairs damaged Windows system files
✔️ Restart after completion","✅ Option 5: Check Disk Health (SMART Status)
Detects physical disk failure.
Open Command Prompt
Run: wmic diskdrive get status
✔️ OK → disk is healthy
❌ Pred Fail / Bad → disk is dying (backup immediately)",Disk should be accessible and readable,high,Windows 10/11,Desktop/Laptop,"disk structure corrupted, unreadable disk, disk corruption, cannot access drive",
NEW133,Storage,Hard Drive Has Bad Sectors,Hard drive has bad sectors,"Bad sectors detected, disk errors, slow disk performance, file corruption, disk health warning","Physical disk damage, aging hard drive, manufacturing defects, power surges, excessive wear","✅ Option 1: Restart Your PC (Quick Fix)
Sometimes the error is temporary.
✔️ Restart Windows normally
✔️ Try opening the drive again
👉 If still not accessible, continue.","✅ Option 2: Run CHKDSK (MOST IMPORTANT)
This repairs file system corruption and bad sectors.
Press Win + X
Click Command Prompt (Admin) or Windows Terminal (Admin)
Type (replace X: with your drive letter): chkdsk X: /f /r
Press Enter
If asked to schedule → type Y → Restart PC
✔️ /f fixes errors
✔️ /r recovers bad sectors
⏳ May take time — do not interrupt","✅ Option 3: Check Drive in Disk Management
Confirms if Windows detects the disk correctly.
Press Win + R
Type: diskmgmt.msc
Press Enter
✔️ If drive shows RAW → file system is corrupted
✔️ If No Drive Letter → right-click → Change Drive Letter → Add

❌ If disk shows Unallocated → do NOT format yet","✅ Option 4: Run System File Checker (Internal Drives)
If this affects C: drive or system disk.
Open Command Prompt (Admin)
Run: sfc /scannow
✔️ Repairs damaged Windows system files
✔️ Restart after completion","✅ Option 5: Check Disk Health (SMART Status)
Detects physical disk failure.
Open Command Prompt
Run: wmic diskdrive get status
✔️ OK → disk is healthy
❌ Pred Fail / Bad → disk is dying (backup immediately)",Bad sectors should be marked and isolated,high,Windows 10/11,Desktop/Laptop,"bad sectors, disk errors, disk health warning, physical disk damage",
NEW134,Storage,Partition Is Missing or Deleted,Partition is missing or deleted,"Partition missing, deleted partition, unallocated space, partition not found, drive disappeared","Accidental deletion, partition table corruption, disk errors, malware, system crash, user error","✅ Option 1: Check Disk Management
Confirm whether the partition is actually missing.
Press Win + R
Type: diskmgmt.msc
Press Enter
🔍 Look for:
Unallocated space → partition deleted
RAW partition → file system damaged
Disk Offline → right-click → Online
No drive letter → Change Drive Letter → Add","✅ Option 2: Rescan Disks
Sometimes Windows just didn't refresh.
In Disk Management
Click Action → Rescan Disks
✔️ If partition reappears → assign a drive letter","✅ Option 3: Use DiskPart (Advanced Check)
Confirms if partition table exists.
Open Command Prompt (Admin)
Run: diskpart
list disk 
select disk 0 
list volume
🔍 If volume is missing → partition table is damaged or deleted
❌ Do NOT use clean","✅ Option 4: Recover the Lost Partition (BEST OPTION)
Use partition recovery (read-only scan).
✔️ Scan entire disk
✔️ Restore partition table
✔️ Save recovered partition
⚠️ Choose ""Recover Partition"", not file-only recovery","✅ Option 5: If Partition Shows RAW
Try repairing the file system first.
chkdsk X: /f
✔️ Works only if file system is damaged but partition exists",Partition should be visible and accessible,high,Windows 10/11,Desktop/Laptop,"partition missing, deleted partition, unallocated space, partition not found",
NEW135,Storage,CHKDSK Shows Errors Repeatedly,CHKDSK shows errors repeatedly,"CHKDSK errors keep appearing, repeated disk errors, bad clusters increasing, file system errors recurring","Physical disk failure, bad sectors spreading, controller failure, disk wear, manufacturing defects","✅ Option 1: Confirm the Pattern
Run CHKDSK once more to verify.
RUN : chkdsk C: /f /r
🔍 If you see the same messages again like:
""Windows replaced bad clusters""
""Correcting errors in the master file table (MFT)""
""File record segment is unreadable""
➡️ This confirms physical disk problems","✅ Option 2: Check SMART Disk Health
This tells if the disk is failing.
Open Command Prompt
Run: wmic diskdrive get status
✔️ OK → early-stage failure
❌ Pred Fail / Bad → disk is dying","✅ Option 3: Identify Disk Type (HDD vs SSD)
This affects the decision.
✔️ HDD → bad sectors spread over time
✔️ SSD → repeated errors mean controller / NAND failure
⚠️ SSDs should be replaced immediately if errors repeat","✅ Option 4: Run System File Repair (System Drive Only)
RUN : sfc /scannow
✔️ Repairs Windows files damaged by disk errors
❌ If SFC fails → corruption is deep","✅ Option 5: Clone the Disk (BEST PRACTICE)
Do this before total failure.
✔️ Clone entire disk to a new SSD / HDD
✔️ Keep clone read-only if possible
✔️ Verify cloned disk boots correctly",Disk should be replaced if errors continue,high,Windows 10/11,Desktop/Laptop,"chkdsk errors repeatedly, repeated disk errors, bad clusters increasing, physical disk failure",
NEW136,Storage,Disk Read Error Occurs at Startup,Disk read error occurs at startup,"Disk read error at boot, cannot read disk, boot disk error, startup disk read failure","Wrong boot order, loose disk cables, corrupted boot files, disk failure, boot sector damage","✅ Option 1: Restart & Remove External Devices (EASY FIX)
Turn OFF the PC
Remove USB drives, external HDDs, memory cards, DVDs
Turn PC ON
✔️ Many times Windows tries to boot from USB by mistake","✅ Option 2: Check BIOS / UEFI Boot Order (VERY COMMON CAUSE)
Restart PC
Press F2 / DEL / F10 / ESC (depends on brand)
Open BIOS / UEFI Setup
Go to Boot tab
✔️ Set System Disk (HDD/SSD) as First Boot Device
✔️ Disable Network / PXE Boot
✔️ Save & Exit (F10)","✅ Option 3: Check Disk Cables (DESKTOP PCs)
Loose cables can cause read errors.
Power OFF & unplug PC
Open case
Reconnect: ✔️ SATA data cable & ✔️ SATA power cable
Try a different SATA port or cable if available
⚠️ Skip this step for laptops","✅ Option 4: Run Startup Repair
Power ON PC
Interrupt boot 2–3 times (force shutdown while loading)
Windows enters Automatic Repair
Choose: Troubleshoot → Advanced options → Startup Repair
✔️ Fixes boot files automatically","✅ Option 5: Repair Boot Records (IMPORTANT)
Go to: Troubleshoot → Advanced options → Command Prompt
Run commands one by one:
bootrec /fixmbr
bootrec /fixboot
bootrec /scanos
bootrec /rebuildbcd
✔️ Repairs damaged boot sector & BCD",PC should boot without disk read errors,high,Windows 10/11,Desktop/Laptop,"disk read error, boot disk error, startup disk read failure, cannot read disk",
NEW137,Storage,Drive Asks to Be Formatted,Drive asks to be formatted,"Drive needs formatting, format disk prompt, drive not formatted, format required error","File system corruption, RAW drive, partition table damage, disk errors, corrupted file system","✅ Option 1: Check Disk Management
Confirm how Windows sees the drive.
Press Win + R
Type: diskmgmt.msc
Press Enter
🔍 Look for:
RAW → file system corrupted
Healthy but no letter → add a drive letter
Unallocated → partition missing","✅ Option 2: Try CHKDSK (Only If Drive Has a Letter)
If the drive shows a letter (e.g., D:): chkdsk D: /f
✔️ May repair the file system
❌ If it says ""CHKDSK is not available for RAW drives"", go to Step 3","✅ Option 3: Recover Data (BEST OPTION)
If drive is RAW or CHKDSK fails.
✔️ Use read-only data recovery
✔️ Scan the entire disk
✔️ Copy files to another drive
⚠️ Do NOT save recovered files back to the same disk","✅ Option 4: Check Disk Health (SMART)
Repeated format prompts often mean disk failure.
RUN : wmic diskdrive get status
✔️ OK → corruption only
❌ Pred Fail / Bad → disk is failing (replace it)","✅ Option 5: Format the Drive (LAST STEP)
Only after data is safe.
Disk Management → right-click the drive
Format
Choose: NTFS (Windows use) OR exFAT (USB / cross-platform)
❌ Formatting permanently erases old data",Drive should be accessible without format prompt,high,Windows 10/11,Desktop/Laptop,"drive asks to format, format disk prompt, drive not formatted, format required",
NEW138,Storage,External Drive Shows RAW Format,External drive shows RAW format,"External drive RAW, RAW file system, drive shows RAW, cannot access RAW drive","File system corruption, sudden disconnection, disk errors, partition table damage, physical failure","✅ Option 1: Check Disk Management
Confirm how Windows detects the drive.
Press Win + R
Type: diskmgmt.msc
Press Enter
🔍 You'll likely see:
RAW → file system damaged
No drive letter → assign one (right-click → Change Drive Letter)","✅ Option 2: Try CHKDSK (Only If Drive Has a Letter)
If the RAW drive has a letter (e.g., E:): chkdsk E: /f
✔️ If it runs and completes → data may return
❌ If you see ""CHKDSK is not available for RAW drives"" → go to Step 3","✅ Option 3: Recover Your Data (BEST OPTION)
This is the safest way to save files.
✔️ Use read-only data recovery
✔️ Scan the entire disk
✔️ Recover files to another drive (NOT the same one)
⚠️ Do NOT interrupt the scan","✅ Option 4: Check Disk Health (SMART)
RAW often appears when the disk is failing.
RUN : wmic diskdrive get status
✔️ OK → corruption only
❌ Pred Fail / Bad → disk is dying (replace it)","✅ Option 5: Backup Everything You Can
Once files are recovered or accessible:
✔️ Verify files open correctly
✔️ Keep a second copy if possible",External drive should be accessible or data recovered,high,Windows 10/11,Desktop/Laptop,"external drive raw, raw file system, drive shows raw, cannot access raw drive",
NEW139,Storage,Disk Write Error Appears Frequently,Disk write error appears frequently,"Disk write error, cannot write to disk, write failure, write protection error, frequent write errors","Low disk space, write protection, bad sectors, file system errors, permission issues, disk failure","✅ Option 1: Restart & Check Free Space (EASY)
Restart the PC
Open This PC
Ensure the drive has at least 10–15% free space
✔️ Low space can trigger write failures","✅ Option 2: Check Write Protection
Common with USB / external drives.
Try another USB port / cable
Check for a physical lock switch on the drive (OFF)
Press Win + R → type: diskpart
Run:
list disk
select disk X
attributes disk
❌ If Read-only: Yes → remove it: attributes disk clear readonly","✅ Option 3: Run CHKDSK (VERY IMPORTANT)
Fixes file-system errors and bad sectors.
Open Command Prompt (Admin)
Run (replace X: with your drive letter): chkdsk X: /f /r
✔️ /f fixes errors
✔️ /r marks bad sectors
⏳ Let it finish—do not interrupt","✅ Option 4: Check Permissions (Internal/Data Drives)
Right-click the drive → Properties
Security tab → ensure your user has Full control
Apply changes
✔️ Permission blocks can cause write errors","✅ Option 5: Disable Policies That Block Writes (Advanced)
(Useful if errors started after updates)
Press Win + R → gpedit.msc
Go to: Computer Configuration → Administrative Templates → System → Removable Storage Access
Set Deny write access = Disabled",Disk should accept writes without errors,medium,Windows 10/11,Desktop/Laptop,"disk write error, cannot write to disk, write failure, write protection error",
NEW140,Storage,Windows Fails to Repair Disk Errors,Windows fails to repair disk errors,"Windows cannot repair disk, repair failed, disk errors cannot be fixed, repair unsuccessful","Severe disk damage, physical failure, extensive bad sectors, controller failure, disk wear","✅ Option 1: Confirm Repair Failure (One Last Check)
Run CHKDSK once to confirm Windows cannot fix it.
Open Command Prompt (Admin)
Run: chkdsk C: /f /r
❌ If you see messages like:
""Windows cannot repair this disk""
Errors found but could not be fixed
Bad sectors increasing
➡️ This confirms serious disk damage","✅ Option 2: Check Disk Health (CRITICAL)
This tells if the disk is physically failing.
Open Command Prompt
Run: wmic diskdrive get status
✔️ OK → corruption is logical (still risky)
❌ Pred Fail / Bad → disk is dying
🚨 If NOT OK → skip to STEP 5","✅ Option 3: Try Offline Repair (Advanced)
Sometimes online repair fails but offline works.
Restart PC
Enter Advanced Startup: Troubleshoot → Advanced options → Command Prompt
Run: chkdsk C: /f /r /x
✔️ /x forces dismount
❌ If this also fails → disk damage is deep","✅ Option 4: Repair Windows System Files (If Disk Is Detected)
Only useful if disk is still readable.
Run : sfc /scannow
✔️ Repairs damaged Windows files
❌ If SFC fails → corruption is beyond repair","✅ Option 5: Clone or Recover Data (MOST IMPORTANT)
This is now a data-rescue situation.
✔️ Clone the disk to a new SSD/HDD
✔️ Or recover files using read-only recovery tools
✔️ Save data to another disk only
⚠️ Do NOT clone repeatedly if disk disconnects — that means imminent failure",Data should be recovered and disk replaced,high,Windows 10/11,Desktop/Laptop,"windows cannot repair disk, repair failed, disk errors cannot be fixed, severe disk damage",
NEW141,Storage,Cannot Open Files Due to Disk Error,Cannot open files due to disk error,"Cannot open files, disk error when opening files, file access denied due to disk error, files corrupted","Bad sectors, file system corruption, disk errors, physical disk damage, corrupted files","✅ Option 1: Restart & Test
Restart the PC
Try opening a different file on the same drive
✔️ Some files open → partial disk damage
❌ None open → serious disk issue","✅ Option 2: Run CHKDSK (MOST IMPORTANT)
Repairs file-system errors and marks bad sectors.
Press Win + X → Command Prompt (Admin)
Run (replace X: with your drive letter): chkdsk X: /f /r
✔️ /f fixes errors
✔️ /r finds bad sectors & recovers readable data
⏳ Let it finish — do not interrupt","✅ Option 3: Check Disk Health (SMART)
Confirms if the disk is failing. wmic diskdrive get status
✔️ OK → logical corruption likely
❌ Pred Fail / Bad → hardware failure (replace soon)","✅ Option 4: Try Safe Mode
Rules out software conflicts.
Hold Shift → Restart
Go to: Troubleshoot → Advanced options → Startup Settings → Restart
Press 4 (Safe Mode)
✔️ Files open → third-party software issue
❌ Still fails → disk problem","✅ Option 5: Copy Files via Command Prompt (If Explorer Fails)
Copies what's still readable.
xcopy X:\source\path D:\backup\ /c /h /i /r /y
✔️ Skips corrupted files
✔️ Saves readable files to another disk",Files should be accessible or recovered,high,Windows 10/11,Desktop/Laptop,"cannot open files, disk error opening files, file access denied, files corrupted",
NEW142,Storage,Partition Table Is Damaged,Partition table is damaged,"Partition table damaged, disk shows unallocated, partitions missing, partition table corruption","Corrupted partition table, disk errors, sudden power loss, malware, system crash, user error","✅ Option 1: Check Disk Management (Confirm Damage)
Press Win + R
Type: diskmgmt.msc
Press Enter
🔍 Signs of partition table damage:
Entire disk shows Unallocated
Partitions missing
Disk shows RAW
Correct disk size but no volumes","✅ Option 2: Rescan Disks (Quick Fix)
Sometimes Windows fails to refresh.
In Disk Management
Click Action → Rescan Disks
✔️ If partition reappears → assign drive letter and backup immediately","✅ Option 3: Verify with DiskPart (Read-Only Check)
Open Command Prompt (Admin)
Run: diskpart
list disk
select disk 0
list volume
❌ If volumes are missing → partition table is damaged
⚠️ Do NOT run clean","✅ Option 4: Recover the Partition Table (BEST FIX)
This restores the original partitions instead of just files.
✔️ Use partition recovery (read-only scan)
✔️ Scan the entire disk
✔️ Select Recover Partition / Rebuild Partition Table
🎯 This often brings back the drive exactly as before","✅ Option 5: Backup All Data Immediately
Once partitions reappear:
✔️ Copy all important files to another disk
✔️ Verify files open correctly
❌ Do NOT continue using this disk yet",Partition table should be restored and partitions accessible,high,Windows 10/11,Desktop/Laptop,"partition table damaged, disk unallocated, partitions missing, partition table corruption",
NEW143,Storage,Disk Errors After Power Failure,Disk errors after power failure,"Disk errors after power outage, corruption after power loss, disk problems after sudden shutdown","File system corruption from sudden shutdown, bad sectors, partition table damage, incomplete writes","✅ Option 1: Restart Once & Disconnect Externals (EASY)
Restart the PC once
Unplug USB drives / external HDDs
Boot again
✔️ Prevents Windows from checking the wrong device","✅ Option 2: Run CHKDSK (MOST IMPORTANT)
Repairs file-system damage caused by the sudden shutdown.
Press Win + X → Command Prompt (Admin)
Run (replace X: with your drive letter): chkdsk X: /f /r
If asked to schedule → type Y → Restart
✔️ /f fixes errors
✔️ /r finds & isolates bad sectors
⏳ Let it finish — do not interrupt","✅ Option 3: Repair Windows System Files (System Drive)
If errors affect Windows or apps:
Run : sfc /scannow
✔️ Repairs corrupted system files
✔️ Restart after completion","✅ Option 4: Check Disk Health (SMART)
Power cuts can push weak drives over the edge.
Run : wmic diskdrive get status
✔️ OK → likely logical corruption
❌ Pred Fail / Bad → disk is failing (replace soon)","✅ Option 5: Check Disk in Disk Management
Press Win + R → diskmgmt.msc
Look for:
RAW → file system damaged
Unallocated → partition table issue
No drive letter → add one
⚠️ If RAW/Unallocated → do NOT format yet",Disk should be accessible after repair,high,Windows 10/11,Desktop/Laptop,"disk errors after power failure, corruption after power loss, disk problems after shutdown",
NEW144,Storage,Hard Drive Not Accessible,Hard drive not accessible,"Hard drive not accessible, cannot access drive, drive access denied, disk not accessible","Connection issues, missing drive letter, file system corruption, permission problems, disk failure","✅ Option 1: Restart & Reconnect (BASIC CHECK)
Restart your PC
If external drive: Try a different USB port & different cable & Avoid USB hubs
✔️ Many access issues are connection-related","✅ Option 2: Check Disk Management (VERY IMPORTANT)
Press Win + R
Type: diskmgmt.msc
Press Enter
🔍 Check status:
No drive letter → Right-click → Change Drive Letter → Add
RAW → File system corrupted (do NOT format)
Unallocated → Partition missing
Offline → Right-click → Online","✅ Option 3: Run CHKDSK (MOST IMPORTANT)
Fixes file-system errors and bad sectors.
Open Command Prompt (Admin)
Run (replace X: with your drive letter): chkdsk X: /f /r
✔️ Repairs file system
✔️ Marks bad sectors
⏳ Let it complete fully — do not interrupt","✅ Option 4: Fix Access Denied / Permission Errors
If error says ""Access is denied"":
Right-click drive → Properties
Go to Security tab
Click Advanced → Change Owner
Select your user → Apply
Give Full Control
✔️ Fixes permission-based access blocks","✅ Option 5: Check Disk Health (SMART)
Frequent inaccessibility often means disk failure.
Run : wmic diskdrive get status
✔️ OK → logical corruption
❌ Pred Fail / Bad → disk is failing",Hard drive should be accessible,medium,Windows 10/11,Desktop/Laptop,"hard drive not accessible, cannot access drive, drive access denied",
NEW145,Storage,Drive Becomes Read-Only,Drive becomes read-only,"Drive is read-only, cannot write to drive, read-only disk, write protection enabled","Read-only attribute, physical lock switch, file system errors, permission issues, disk failure","✅ Option 1: Restart & Check the Obvious (EASY)
Restart the PC
If external drive: Try a different USB port & different cable
Check for a physical lock switch on USB/SD → set to OFF","✅ Option 2: Remove Read-Only Attribute (MOST COMMON FIX)
Press Win + X → Command Prompt (Admin)
Type: diskpart
Then Type one by one: 
list disk
select disk X
attributes disk
If Read-only: Yes, run: attributes disk clear readonly
Type exit and reconnect the drive
✔️ This clears software-level write protection","✅ Option 3: Run CHKDSK (VERY IMPORTANT)
File-system errors can force read-only mode.
Run : chkdsk X: /f /r
✔️ Fixes corruption
✔️ Marks bad sectors
⏳ Let it finish fully — do not interrupt","✅ Option 4: Check Permissions (Internal/Data Drives)
Right-click the drive → Properties
Security tab → ensure your user has Full control
Apply changes","✅ Option 5: Disable Write-Blocking Policies (Advanced)
Press Win + R → gpedit.msc
Go to: Computer Configuration → Administrative Templates → System → Removable Storage Access
Set Deny write access = Disabled",Drive should accept writes,low,Windows 10/11,Desktop/Laptop,"drive read-only, cannot write to drive, read-only disk, write protection",
NEW146,Storage,Storage Error Causes System Crash,Storage error causes system crash,"System crash due to storage error, blue screen from disk error, system freeze from disk, crash during disk access","Disk controller failure, bad sectors, corrupted system files, disk failure, file system corruption","✅ Option 1: Check Error Pattern (Quick Diagnosis)
Does the PC crash during: Boot? / File copy? / Gaming / heavy load?
✔️ Crashes under load = disk or controller failure
✔️ Random crashes = file-system corruption","✅ Option 2: Run CHKDSK (MOST IMPORTANT)
Fixes disk corruption and isolates bad sectors.
Press Win + X → Command Prompt (Admin)
Run: chkdsk C: /f /r
If asked → type Y → Restart
✔️ Repairs file system
✔️ Marks bad sectors
⏳ Do NOT interrupt","✅ Option 3: Check Disk Health (SMART)
Confirms if the storage device is failing.
Open Command Prompt
Run: wmic diskdrive get status
✔️ OK → logical damage
❌ Pred Fail / Bad → hardware failure (URGENT)","✅ Option 4: Repair Windows System Files
Storage errors often corrupt system files.
Run : sfc /scannow
✔️ Repairs Windows components
❌ If SFC fails → disk damage is severe","✅ Option 5: Check Event Viewer (Crash Proof)
Press Win + R
Type: eventvwr.msc
Check: Windows Logs → System
🔍 Look for: Disk / Ntfs / StorAHCI / iaStorA
✔️ Confirms storage-related crashes",System should run without storage-related crashes,high,Windows 10/11,Desktop/Laptop,"storage error crash, blue screen disk error, system crash from disk, disk controller failure",
NEW147,Storage,Disk Error Slows Down Windows,Disk error slows down Windows,"Windows slow due to disk error, disk at 100%, slow performance from disk errors, system lag from disk","Bad sectors, file system corruption, disk failure, disk errors, slow disk performance","✅ Option 1: Restart & Observe Disk Usage (Quick Check)
Restart Windows
Press Ctrl + Shift + Esc → Task Manager
Check Disk column
🔍 If Disk stays at 80–100% → disk problem confirmed","✅ Option 2: Run CHKDSK (MOST IMPORTANT)
Fixes file-system corruption and bad sectors that slow Windows.
Press Win + X → Command Prompt (Admin)
Run (replace C: if different drive): chkdsk C: /f /r
Type Y if asked → Restart
✔️ Repairs errors
✔️ Marks bad sectors
⏳ Let it complete fully — do not interrupt","✅ Option 3: Check Disk Health (SMART)
Slowdowns often mean disk failure is starting.
Run : wmic diskdrive get status
✔️ OK → software/file-system issue
❌ Pred Fail / Bad → disk is failing (replace soon)","✅ Option 4: Repair Windows System Files
Disk errors can corrupt Windows components.
Run : sfc /scannow
✔️ Fixes damaged system files
✔️ Restart after completion","✅ Option 5: Reduce Disk Load (Temporary Relief)
Open Task Manager → Startup
Disable unnecessary startup apps
Pause Windows Update temporarily
Stop background sync apps (cloud, torrents)
✔️ Reduces disk stress while fixing",Windows should run at normal speed,medium,Windows 10/11,Desktop/Laptop,"disk error slows windows, disk at 100%, slow performance from disk, system lag from disk",
NEW148,Driver,Device Manager Shows Yellow Warning Icon,Device Manager shows yellow warning icon,"Yellow warning icon in Device Manager, device error, driver problem, device not working","Missing driver, outdated driver, corrupted driver, driver conflict, hardware failure, incompatible driver","✅ Option 1: Restart Your PC (Simple but Important)
Temporary driver glitches are common.
Click Start → Restart
After restart, open Device Manager again
✔️ If icon disappears → problem solved","✅ Option 2: Check the Error Code (VERY IMPORTANT)
📌 This tells the exact problem.
Press Win + X → Device Manager
Right-click the device with ⚠️
Click Properties
Open Device status section
📄 Note the error code (e.g., Code 10, Code 28, Code 43)","✅ Option 3: Update the Driver Automatically
🧩 Missing or outdated drivers cause this issue.
Right-click the ⚠️ device
Click Update driver
Select Search automatically for drivers
Wait → Restart PC
✔️ Works for most users","✅ Option 4: Install Driver Manually (BEST FIX)
🛠️ If auto update fails.
Identify device name (Network / Display / USB etc.)
 Visit manufacturer's official website (Intel / AMD / NVIDIA / Laptop brand)
Download the exact driver for your Windows version
Install → Restart
✔️ Fixes Code 28, Code 10, Unknown Device","✅ Option 5: Uninstall & Reinstall the Device
♻️ Fixes corrupted drivers.
Right-click the ⚠️ device
Click Uninstall device
Check Delete driver software (if shown)
Restart PC
✔️ Windows will reinstall the driver automatically",Device Manager should show no yellow warning icons,medium,Windows 10/11,Desktop/Laptop,"device manager warning, yellow icon, driver error, device not working",
NEW149,Driver,Driver Installation Failed,Driver installation failed,"Driver installation failed, driver setup error, cannot install driver, installation unsuccessful","Permission issues, corrupted installer, wrong driver version, incompatible driver, system file corruption","✅ Option 1: Restart & Try Again (DO NOT SKIP)
🔄 Clears temporary installer locks.
Click Start → Restart
After restart, try installing the driver again
✔️ If it installs → done","✅ Option 2: Run Installer as Administrator
🔐 Permission issues are very common.
Right-click the driver setup file
Click Run as administrator
Click Yes on the UAC prompt
✔️ Fixes most ""access denied / failed"" installs","✅ Option 3: Uninstall the Broken Driver (IMPORTANT)
♻️ Removes corrupted driver files.
Press Win + X → Device Manager
Right-click the device with ⚠️
Click Uninstall device
Tick Delete the driver software for this device
Click Uninstall
Restart PC","✅ Option 4: Install the Correct Driver (BEST FIX)

📥 Wrong drivers always fail.
✔️ Make sure: 
Correct device model
Correct Windows version (10 / 11)
Correct system type (64-bit)
Steps: Download driver from official manufacturer website
Install → Restart
❌ Do NOT use driver booster tools","✅ Option 5: Install Driver Manually (Advanced but Effective)
🛠️ Works when setup files fail.
Open Device Manager
Right-click problem device → Update driver
Click Browse my computer for drivers
Click Let me pick from a list
Select correct device → Next
✔️ Forces Windows to accept the driver",Driver should install successfully,medium,Windows 10/11,Desktop/Laptop,"driver installation failed, driver setup error, cannot install driver",
NEW150,Driver,GPU Driver Keeps Crashing,GPU driver keeps crashing,"GPU driver crashes, display driver stopped responding, graphics driver reset, screen flickers, driver timeout","Corrupted GPU driver, overheating, overclocking, incompatible driver, power issues, hardware failure","✅ Option 1: Reboot into Safe Mode
🛡️ Prevents the GPU driver from crashing while fixing.
Press Win + R → type msconfig → Enter
Go to Boot tab
Check Safe boot → Minimal
Click Apply → Restart","✅ Option 2: Completely Remove GPU Driver (VERY IMPORTANT)
🧹 Normal uninstall is NOT enough.
Download DDU (Display Driver Uninstaller)
Run DDU in Safe Mode
Select GPU (NVIDIA / AMD / Intel)
Click Clean and restart
✔️ This removes ALL broken driver files","✅ Option 3: Install a STABLE GPU Driver (NOT Latest Beta)
📥 Newest ≠ best.
Download driver from official GPU website only
Choose: Correct GPU model & Correct Windows version
❌ Avoid beta drivers
Install → Restart
✔️ Fixes most driver crashes","✅ Option 4: Disable Overclocking (TOP CAUSE)
🔥 Overclocking = crashes.
Enter BIOS / UEFI : F2 / F10 / Esc / F2 / DEL /F2
Set to Default / Optimized Defaults
Disable: CPU overclock & GPU overclock & XMP / DOCP (RAM)
Save & Exit
✔️ Very important for gaming crashes","✅ Option 5: Check GPU Temperature (CRITICAL)
🌡️ Overheating causes driver resets.
✔️ Safe temperatures: Idle: 30–50°C & Gaming: ≤85°C
Fix overheating:
Clean GPU & fans
Improve airflow
Replace thermal paste (advanced)",GPU driver should run without crashing,high,Windows 10/11,Desktop/Laptop,"gpu driver crashes, display driver stopped, graphics driver reset, driver timeout",
NEW151,Driver,Audio Device Not Detected,Audio device not detected,"Audio device not detected, no sound device found, audio device missing, sound device not recognized","Missing audio driver, disabled audio device, driver corruption, hardware disabled, BIOS settings","✅ Option 1: Restart & Check Physical Connections
🔌 Simple but important.
✔️ Restart your PC
✔️ If using:
Headphones → reconnect firmly
Speakers → check power & cable
Laptop → unplug external audio devices","✅ Option 2: Check Sound Output Device
🎧 Sometimes the device is hidden or not selected.
Right-click speaker icon → Sound settings
Under Output, check device list
Click Select the correct device
If empty → continue to next step","✅ Option 3: Show Disabled Audio Devices
🔊 Audio may be disabled.
Right-click speaker icon → Sounds
Go to Playback tab
Right-click empty area
Enable Show Disabled Devices
Right-click device → Enable
Set as Default","✅ Option 4: Check Device Manager (VERY IMPORTANT)
⚠️ Driver or detection issue.
Press Win + X → Device Manager
Expand Sound, video and game controllers
✔️ If device shows ⚠️ → driver issue
❌ If missing completely → driver not installed","✅ Option 5: Reinstall Audio Driver (BEST FIX)
🧩 Most common solution.
In Device Manager
Right-click Audio device
Click Uninstall device
Check Delete the driver software
Restart PC
✔️ Windows will reinstall default audio driver",Audio device should be detected and working,medium,Windows 10/11,Desktop/Laptop,"audio device not detected, no sound device, audio device missing, sound device not recognized",
NEW152,Driver,Network Driver Missing,Network driver missing,"Network driver missing, no network adapter, Wi-Fi driver not found, Ethernet driver missing","Driver not installed, driver removed by update, BIOS disabled network, corrupted driver, hardware failure","✅ Option 1: Confirm It's Really Missing
🔍 Check Device Manager first.
Press Win + X → Device Manager
Expand Network adapters
✔️ If list is empty OR
✔️ You see Unknown device / Ethernet Controller ⚠️
➡️ Driver is missing","✅ Option 2: Restart & Scan for Hardware Changes
🔄 Quick detection fix.
In Device Manager
Click Action → Scan for hardware changes
Restart PC
✔️ Sometimes Windows re-detects the adapter","✅ Option 3: Check BIOS / UEFI (VERY IMPORTANT)
🧠 Network can be disabled at hardware level.
Restart PC → Enter BIOS / UEFI
Look for: Onboard LAN / Network Controller /Wireless / Wi-Fi
Set to Enabled
Save & Exit
❌ If disabled → Windows won't see network at all","✅ Option 4: Install Network Driver Manually (BEST FIX)
📥 Since there's no internet, use another device.
On another PC or phone: Go to laptop / motherboard official website
Download: LAN (Ethernet) driver & Wi-Fi driver (if laptop)
Copy to USB → plug into problem PC
Install → Restart
✔️ This fixes 90% of cases","✅ Option 5: Install via Device Manager (Manual Method)
🛠️ If setup file fails.
Device Manager → Right-click Unknown device
Click Update driver
Choose Browse my computer for drivers
Select driver folder
Click Next
✔️ Forces Windows to load the driver",Network driver should be installed and adapter working,high,Windows 10/11,Desktop/Laptop,"network driver missing, no network adapter, wifi driver missing",
NEW154,Driver,USB Device Driver Failed,USB device driver failed,"USB device driver failed, USB device not recognized, USB driver error, USB device malfunction","Corrupted USB driver, USB port issues, power saving, driver conflict, hardware failure","✅ Option 1: Unplug & Restart (DO NOT SKIP)
🔄 Clears temporary USB errors.
Safely remove the USB device
Shut down the PC completely
Wait 30 seconds
Turn PC ON
Plug USB device back in
✔️ Many USB errors are temporary","✅ Option 2: Try Different USB Ports
🔌 Rules out port failure.
✔️ Try:
Rear USB ports (desktop)
Another side port (laptop)
USB 2.0 instead of USB 3.0
❌ Avoid USB hubs during testing","✅ Option 3: Check Device Manager (IMPORTANT)
⚠️ Look for error indicators.
Press Win + X → Device Manager
Expand Universal Serial Bus controllers
Look for : ⚠️ Unknown USB Device & USB Composite Device with error
✔️ Confirms driver issue","✅ Option 4: Uninstall USB Drivers (BEST FIX)
♻️ Windows will reinstall them automatically.
In Device Manager
Right-click Unknown USB Device
Click Uninstall device
Repeat for all USB Root Hub / Host Controller entries
Restart PC
✔️ Windows rebuilds fresh USB drivers","✅ Option 5: Disable USB Power Saving
⚡ Power cut causes USB failure.
Device Manager → USB Root Hub
Right-click → Properties
Power Management tab
❌ Uncheck Allow the computer to turn off this device
Click OK
✔️ Fixes disconnect/reconnect loops",USB device should work with proper driver,low,Windows 10/11,Desktop/Laptop,"usb device driver failed, usb not recognized, usb driver error, usb device malfunction",
NEW155,Driver,Windows Cannot Load Driver,Windows cannot load driver,"Windows cannot load driver, driver load failure, driver not loading, device driver error","Corrupted driver, driver disabled, incompatible driver, system file corruption, registry issues","✅ Option 1: Restart & Check Error Code (VERY IMPORTANT)
🔍 Error codes explain the cause.
Restart your PC
Press Win + X → Device Manager
Right-click the problem device → Properties
Read Device status
🧠 Common codes:
Code 39 → Driver corrupted / registry issue
Code 32 → Driver disabled
Code 10 → Driver loaded but device failed
Code 31 → Driver incompatible","✅ Option 2: Enable the Driver (If Disabled)
🚫 Simple but often missed.
Device Manager → Right-click device
Click Enable device
✔️ If already enabled → continue","✅ Option 3: Uninstall the Driver Completely (BEST FIX)
♻️ Removes broken driver files.
Right-click the device
Click Uninstall device
Check Delete the driver software for this device
Click Uninstall
Restart PC
✔️ Windows installs a clean default driver","✅ Option 4: Install the Correct Driver Manually
📥 Wrong driver = load failure.
✔️ Download driver from:
Laptop / PC manufacturer website
Motherboard manufacturer site
GPU vendor (for graphics)
✔️ Match exactly: Device model & Windows version (10 / 11) & 64-bit system
❌ Avoid driver booster tools","✅ Option 5: Fix Corrupt System Files
🧱 Windows file damage blocks drivers.
Press Win + X → Terminal (Admin)
Run one by one: 
sfc /scannow
DISM /Online /Cleanup-Image /RestoreHealth
Restart PC",Windows should load the driver successfully,medium,Windows 10/11,Desktop/Laptop,"windows cannot load driver, driver load failure, driver not loading, device driver error",
NEW156,Driver,Bluetooth Driver Not Working,Bluetooth driver not working,"Bluetooth not working, Bluetooth driver error, Bluetooth device not found, Bluetooth connection failed","Missing Bluetooth driver, disabled Bluetooth, driver corruption, BIOS disabled, service stopped","✅ Option 1: Restart & Check Airplane Mode
✈️ Bluetooth is disabled when airplane mode is ON.
Restart your PC
Click Network icon (bottom-right)
Make sure Airplane mode = OFF
Turn Bluetooth = ON","✅ Option 2: Check If Bluetooth Exists in Device Manager
🔍 Confirms driver or hardware issue.
Press Win + X → Device Manager
Look for Bluetooth section
✔️ If Bluetooth exists with ⚠️ → driver issue
❌ If Bluetooth section is missing → driver not installed or disabled in BIOS","✅ Option 3: Enable Hidden / Disabled Bluetooth Devices
👻 Sometimes Bluetooth is hidden.
Device Manager → Click View
Select Show hidden devices
Expand Bluetooth
Right-click device → Enable","✅ Option 4: Reinstall Bluetooth Driver (BEST FIX)
♻️ Removes broken driver files.
In Device Manager
Right-click Bluetooth device
Click Uninstall device
Check Delete the driver software
Restart PC
✔️ Windows installs a fresh default driver","✅ Option 5: Restart Bluetooth Services
🔄 Bluetooth won't work if services are stopped.
Press Win + R → type services.msc
Restart:
Bluetooth Support Service
Bluetooth Audio Gateway Service
Bluetooth User Support Service
✔️ Startup type must be Automatic",Bluetooth should work properly,low,Windows 10/11,Desktop/Laptop,"bluetooth not working, bluetooth driver error, bluetooth device not found, bluetooth connection failed",
NEW157,Driver,Webcam Driver Missing,Webcam driver missing,"Webcam driver missing, camera not detected, webcam not found, camera driver error","Missing camera driver, driver removed by update, privacy settings, disabled device, hardware failure","✅ Option 1: Restart & Check Camera Privacy Settings
🔐 Windows may be blocking the camera.
Restart your PC
Go to Settings → Privacy & security → Camera
Turn Camera access = ON
Turn Let apps access your camera = ON
Enable access for Camera / Zoom / Browser
✔️ Required after Windows updates","✅ Option 2: Check Device Manager (VERY IMPORTANT)
🔍 Confirms whether the driver exists.
Press Win + X → Device Manager
Look under: Cameras / Imaging devices / Other devices
✔️ If you see Unknown device / USB Camera ⚠️ → driver missing
❌ If camera section is missing → disabled or driver not installed","✅ Option 3: Show Hidden & Disabled Devices
👻 Webcam may be hidden.
Device Manager → View → Show hidden devices
Expand Cameras / Imaging devices
Right-click webcam → Enable device","✅ Option 4: Reinstall Webcam Driver (BEST FIX)
♻️ Removes broken camera drivers.
In Device Manager
Right-click webcam / unknown device
Click Uninstall device
Check Delete the driver software
Restart PC
✔️ Windows installs a basic camera driver automatically","✅ Option 5: Reset Camera App
📷 Fixes app-side detection issues.
Settings → Apps → Installed apps
Find Camera
Advanced options → Repair / Reset",Webcam should be detected and working,low,Windows 10/11,Desktop/Laptop,"webcam driver missing, camera not detected, webcam not found, camera driver error",
NEW158,Driver,Printer Driver Unavailable,Printer driver unavailable,"Printer driver unavailable, printer not working, printer driver error, printer not detected","Missing printer driver, corrupted spooler, driver conflict, printer disconnected, driver removed by update","✅ Option 1: Restart Printer & PC (DO NOT SKIP)
🔄 Clears temporary spooler and connection issues.
Turn OFF the printer
Shut down the PC
Wait 30 seconds
Turn ON printer → Start PC
✔️ Simple but fixes many cases","✅ Option 2: Check Printer Status
🖨️ Make sure Windows sees the printer.
Go to Settings → Bluetooth & devices → Printers & scanners
Click your printer
If status shows Unavailable / Driver error → continue","✅ Option 3: Remove the Printer Completely (VERY IMPORTANT)
♻️ Broken drivers must be removed first.
Settings → Printers & scanners
Select the printer → Remove
Restart PC
✔️ This clears the broken driver link","✅ Option 4: Clear Print Spooler (BEST FIX)
🧹 Fixes stuck or corrupted printer drivers.
Press Win + R → type services.msc
Stop Print Spooler
Open File Explorer → go to: C:\Windows\System32\spool\PRINTERS
Delete all files inside
Go back → Start Print Spooler","✅ Option 5: Add Printer Manually (If Not Detected)
🛠️ Forces Windows to bind the driver.
Settings → Printers & scanners
Click Add device
If not found → click Add manually
Choose correct port & driver
Finish setup",Printer should be available and working,low,Windows 10/11,Desktop/Laptop,"printer driver unavailable, printer not working, printer driver error, printer not detected",
NEW159,Driver,Device Stopped Working After Update,Device stopped working after update,"Device stopped working after update, device not working after Windows update, driver broken after update","Incompatible driver update, corrupted driver installation, Windows update replaced working driver, driver conflict","✅ Option 1: Restart Once (Don't Skip)
🔄 Some updates need a full restart to finish driver setup.
Click Start → Restart
Test the device again
✔️ If it works → done","✅ Option 2: Check Device Manager for Errors
🔍 Confirms driver problem.
Press Win + X → Device Manager
Find the device that stopped working
Look for:
⚠️ Yellow warning icon
Device disabled
Error code (Code 10, 43, 31, etc.)
📌 Note the error if shown","✅ Option 3: Roll Back the Driver (BEST & FASTEST FIX)
⏪ Reverts to the last working driver.
Right-click the device → Properties
Go to Driver tab
Click Roll Back Driver
Choose a reason → Yes
Restart PC
✔️ This fixes most ""after update"" issues","✅ Option 4: Uninstall the Update Driver
♻️ Removes the broken driver completely.
Device Manager → Right-click device
Click Uninstall device
Check Delete the driver software
Restart PC
✔️ Windows will reinstall a stable driver","✅ Option 5: Remove the Problematic Windows Update (If Needed)
🪟 Use only if multiple devices broke.
Settings → Windows Update
Update history → Uninstall updates
Remove the latest update
Restart PC
⚠️ Temporary fix until Microsoft releases a patch",Device should work after driver rollback or reinstall,medium,Windows 10/11,Desktop/Laptop,"device stopped working after update, device not working after windows update, driver broken after update",
NEW160,Driver,Driver Conflict Causes Crash,Driver conflict causes crash,"Driver conflict causes crash, system crash from driver conflict, blue screen driver conflict, driver incompatibility crash","Multiple drivers for same device, conflicting driver versions, virtual driver conflicts, old driver remnants, driver incompatibility","✅ Option 1: Boot into Safe Mode (CRITICAL)
🛡️ Loads Windows with minimum drivers.
Hold Shift → Click Restart
Troubleshoot → Advanced options → Startup Settings
Click Restart
Press 4 → Safe Mode
✔️ If PC is stable in Safe Mode → driver conflict confirmed","✅ Option 2: Identify Recently Installed or Updated Drivers
🔍 Conflicts usually come from recent changes.
Ask yourself:
Did you update GPU / Wi-Fi / Audio driver?
Did Windows Update install drivers?
Did you install new hardware/software?
📌 Note the last driver installed before crashes","✅ Option 3: Uninstall Conflicting Drivers (BEST FIX)
♻️ Remove the problematic driver.
Press Win + X → Device Manager
Find the recently updated device
Right-click → Uninstall device
Check Delete the driver software
Restart PC
✔️ Windows loads a safe default driver","✅ Option 4: Roll Back Driver Version
⏪ Revert to last stable driver.
Device Manager → Right-click device
Properties → Driver tab
Click Roll Back Driver
Restart PC
✔️ Extremely effective after Windows updates","✅ Option 5: Disable Duplicate / Virtual Drivers
⚠️ VPNs, emulators, and old software cause conflicts.
Device Manager → View → Show hidden devices
Remove:
Old network adapters / Virtual audio drivers / Emulator drivers
Restart PC",System should run without crashes from driver conflicts,high,Windows 10/11,Desktop/Laptop,"driver conflict causes crash, system crash from driver conflict, blue screen driver conflict, driver incompatibility crash",
NEW161,Driver,Old Driver Incompatible with Windows,Old driver incompatible with Windows,"Old driver incompatible with Windows, driver not supported, incompatible driver error, driver compatibility issue","Outdated driver for older Windows version, driver not updated for Windows 10/11, legacy driver, unsupported driver version","✅ Option 1: Identify the Incompatible Driver (VERY IMPORTANT)
🔍 First, confirm which driver is failing.
Press Win + X → Device Manager
Find the device with ⚠️
Right-click → Properties
Check Device status message
🧠 Messages like:
This driver is not supported on this version of Windows
Driver incompatible
Code 31 / Code 39","✅ Option 2: Uninstall the Old Driver Completely (BEST FIRST FIX)
♻️ Old drivers must be removed fully.
Device Manager → Right-click the device
Click Uninstall device
Check Delete the driver software for this device
Click Uninstall
Restart PC
✔️ Windows loads a basic compatible driver","✅ Option 3: Install a Compatible Driver (RECOMMENDED)
📥 Use only supported drivers.
✔️ Download driver from:
Laptop manufacturer website
Device manufacturer website
✔️ Match exactly:
Windows version (10 / 11)
64-bit system & Device model
❌ Do NOT install very old (Windows 7/8) drivers","✅ Option 4: Use Windows Update (Optional Drivers)
🪟 Microsoft often supplies compatible drivers.
Settings → Windows Update
Advanced options → Optional updates
Install available driver updates
Restart PC
✔️ Safe and tested for your Windows version","✅ Option 5: Use Compatibility Mode (ONLY If No New Driver Exists)
⚠️ Temporary workaround.
Right-click driver installer (.exe)
Properties → Compatibility
Check Run this program in compatibility mode
Select Windows 8 / Windows 7
Run as administrator
❗ Use only if manufacturer has no newer driver",Driver should be compatible with Windows version,medium,Windows 10/11,Desktop/Laptop,"old driver incompatible with windows, driver not supported, incompatible driver error, driver compatibility issue",
NEW162,Driver,Driver Update Causes BSOD,Driver update causes BSOD,"Driver update causes BSOD, blue screen after driver update, system crash after driver install, driver update crash","Faulty driver update, incompatible driver version, corrupted driver installation, driver conflict, overclocking with new driver","✅ Option 1: Boot into Safe Mode (MOST IMPORTANT)
🛡️ Prevents the faulty driver from loading.
Hold Shift → Click Restart
Troubleshoot → Advanced options → Startup Settings
Click Restart
Press 4 → Safe Mode
✔️ If PC works in Safe Mode → driver is the cause","✅ Option 2: Roll Back the Driver (FASTEST FIX)
⏪ Revert to the last working version.
Press Win + X → Device Manager
Right-click the updated device
Click Properties → Driver
Click Roll Back Driver
Select a reason → Yes
Restart PC
✔️ Fixes most BSOD-after-update cases","✅ Option 3: Uninstall the Faulty Driver Completely
♻️ Use this if rollback is unavailable.
Device Manager → Right-click device
Click Uninstall device
Check Delete the driver software
Restart PC
✔️ Windows installs a safe default driver","✅ Option 4: Clean Reinstall the Driver (BEST PRACTICE)
🧹 Removes leftover files that cause crashes.
For GPU drivers:
Boot into Safe Mode
Use DDU (Display Driver Uninstaller)
Clean & restart & Install stable (non-beta) driver
For other devices: Install driver only from official manufacturer website
❌ Avoid driver booster tools","✅ Option 5: Stop Windows from Reinstalling the Bad Driver
🛑 Prevents repeat crashes.
Open System Properties → Hardware tab
Click Device Installation Settings
Select No (your device may not work as expected)
Save changes
✔️ Temporary until stable driver is released",System should boot without BSOD after driver fix,high,Windows 10/11,Desktop/Laptop,"driver update causes bsod, blue screen after driver update, system crash after driver install, driver update crash",
NEW163,Driver,Touchpad Driver Not Responding,Touchpad driver not responding,"Touchpad driver not responding, touchpad not working, touchpad frozen, touchpad driver error","Touchpad disabled, driver corruption, driver conflict, Windows update broke driver, hardware failure","✅ Option 1: Check Touchpad Is Not Disabled (VERY COMMON)

🖱️ Many laptops have a shortcut key.
✔️ Try: 
Fn + F6 / F7 / F9 / F10 (varies by brand)
Look for a touchpad icon on the key
✔️ If external mouse works → continue steps","✅ Option 2: Enable Touchpad in Windows Settings
⚙️ Windows may have disabled it.
Go to Settings → Bluetooth & devices → Touchpad
Turn Touchpad = ON
Increase Touchpad sensitivity
✔️ Fixes software-level disable issues","✅ Option 3: Restart Touchpad Driver (IMPORTANT)
🔄 Driver may be frozen.
Press Win + X → Device Manager
Expand Mice and other pointing devices
Right-click Touchpad / HID-compliant mouse
Click Disable device → wait 5 seconds
Click Enable device
✔️ Often restores responsiveness instantly","✅ Option 4: Reinstall Touchpad Driver (BEST FIX)
♻️ Removes corrupted driver files.
In Device Manager
Right-click Touchpad device
Click Uninstall device
Check Delete the driver software (if shown)
Restart PC
✔️ Windows installs a fresh default driver","✅ Option 5: Roll Back Driver (If Issue After Update)
⏪ Windows updates often break touchpads.
Device Manager → Touchpad → Properties
Driver tab → Roll Back Driver
Restart PC",Touchpad should be responsive and working,low,Windows 10/11,Laptop,"touchpad driver not responding, touchpad not working, touchpad frozen, touchpad driver error",
NEW164,Driver,Windows Blocks Driver Installation,Windows blocks driver installation,"Windows blocks driver installation, driver installation blocked, driver not digitally signed, driver blocked by Windows","Unsigned driver, driver signature enforcement, Core Isolation enabled, permission issues, incompatible driver","✅ Option 1: Read the Block Message (VERY IMPORTANT)
🔍 The message tells the reason.
Common messages:
Windows blocked this driver
The driver is not digitally signed
This driver is incompatible with your version of Windows
📌 Note the exact message before continuing.","✅ Option 2: Run Installer as Administrator
🔐 Permission blocks are common.
Right-click the driver installer
Click Run as administrator
Click Yes on the prompt
✔️ Fixes many ""blocked"" installs","✅ Option 3: Turn OFF Core Isolation (Memory Integrity)
🛡️ Windows 10/11 security often blocks older drivers.
Settings → Privacy & security → Windows Security
Open Device security
Click Core isolation details
Turn Memory integrity = OFF
Restart PC
Install the driver
(Optional) Turn it back ON after install
✔️ Very common fix","✅ Option 4: Disable Driver Signature Enforcement (TEMPORARY)
⚠️ Needed for unsigned or legacy drivers.
Hold Shift → Restart
Troubleshoot → Advanced options → Startup Settings
Restart → Press 7 (Disable driver signature enforcement)
Install the driver
Restart normally
❗ Use only for trusted drivers","✅ Option 5: Install Driver Manually via Device Manager
🛠️ Bypasses installer restrictions.
Win + X → Device Manager
Right-click the device → Update driver
Browse my computer for drivers
Let me pick from a list
Select the driver → Next
✔️ Forces Windows to load the driver",Driver should install successfully,medium,Windows 10/11,Desktop/Laptop,"windows blocks driver installation, driver installation blocked, driver not digitally signed, driver blocked by windows",
NEW165,Driver,Camera Driver Error Appears,Camera driver error appears,"Camera driver error appears, camera driver error, webcam driver error, camera not working driver issue","Corrupted camera driver, driver conflict, privacy settings, driver removed by update, hardware failure","✅ Option 1: Restart & Check Camera Privacy Settings
🔐 Windows may be blocking camera access.
Restart your PC
Go to Settings → Privacy & security → Camera
Turn Camera access = ON
Turn Let apps access your camera = ON
Enable Camera access for Zoom / Browser / Teams
✔️ Mandatory after Windows updates","✅ Option 2: Check Device Manager for Camera Errors
🔍 Confirms driver-level problem.
Press Win + X → Device Manager
Expand Cameras or Imaging devices
Look for: ⚠️ Yellow warning icon & Camera listed as Unknown device
📌 Note any error code shown (Code 10, Code 43, etc.)","✅ Option 3: Disable & Re-Enable Camera Driver
🔄 Restarts the camera driver.
Right-click the camera device
Click Disable device → wait 5 seconds
Click Enable device
✔️ Often fixes temporary driver freezes","✅ Option 4: Reinstall Camera Driver (BEST FIX)
♻️ Removes corrupted driver files.
Right-click camera → Uninstall device
Check Delete the driver software (if available)
Click Uninstall
Restart PC
✔️ Windows will reinstall a clean default camera driver","✅ Option 5: Reset Camera App
📷 Fixes app-side camera errors.
Settings → Apps → Installed apps
Find Camera
Advanced options → Repair
If needed → Reset",Camera should work without driver errors,low,Windows 10/11,Desktop/Laptop,"camera driver error appears, camera driver error, webcam driver error, camera not working driver issue",
NEW166,Driver,Sound Driver Disappeared Suddenly,Sound driver disappeared suddenly,"Sound driver disappeared suddenly, audio driver missing, sound driver removed, audio device disappeared","Driver removed by update, driver corruption, Windows update issue, driver conflict, system file corruption","✅ Option 1: Restart & Check Basic Sound Settings
🔄 Sounds simple, but important.
Restart your PC
Right-click speaker icon → Sound settings
Check Output device list
✔️ If no devices listed → continue","✅ Option 2: Check Device Manager (VERY IMPORTANT)
🔍 Confirms whether the driver is missing or disabled.
Press Win + X → Device Manager
Expand:
Sound, video and game controllers
Audio inputs and outputs
✔️ If audio device is missing → driver removed
⚠️ If shown with yellow icon → driver corrupted","✅ Option 3: Show Hidden & Disabled Audio Devices
👻 Audio may be hidden.
Device Manager → View → Show hidden devices
Expand Sound, video and game controllers
Right-click any greyed device → Enable","✅ Option 4: Restart Windows Audio Services (BEST QUICK FIX)
🔄 Audio disappears when services stop.
Press Win + R → type services.msc
Restart: Windows Audio & Windows Audio Endpoint Builder
✔️ Startup type must be Automatic","✅ Option 5: Reinstall Audio Driver (BEST FIX)
♻️ Restores missing drivers.
Device Manager → right-click audio device / unknown device
Click Uninstall device
Check Delete the driver software
Restart PC
✔️ Windows installs a basic audio driver automatically",Sound driver should be restored and working,medium,Windows 10/11,Desktop/Laptop,"sound driver disappeared suddenly, audio driver missing, sound driver removed, audio device disappeared",
NEW167,Driver,Device Not Recognized Due to Driver Issue,Device not recognized due to driver issue,"Device not recognized due to driver issue, device not detected driver problem, unknown device driver error","Missing driver, corrupted driver, wrong driver installed, driver conflict, hardware detection failure","✅ Option 1: Restart & Reconnect the Device
🔄 Clears temporary driver glitches.
Disconnect the device (USB / external / peripheral)
Restart the PC
Reconnect the device
Try a different USB port (avoid hubs)
✔️ If device works → issue was temporary","✅ Option 2: Check Device Manager for Errors (VERY IMPORTANT)
🔍 Confirms driver problem.
Press Win + X → Device Manager
Look under:
Other devices
Universal Serial Bus controllers
Network / Audio / Cameras (depending on device)
⚠️ Common signs: Unknown device / Yellow ⚠️ icon
Error codes (Code 10, 28, 43)
📌 Note the error code if shown","✅ Option 3: Uninstall the Broken Driver (BEST FIX)
♻️ Removes corrupted driver files.
Right-click the problem device
Click Uninstall device
Check Delete the driver software (if available)
Click Uninstall
Restart PC
✔️ Windows will try to reinstall a clean driver","✅ Option 4: Install the Correct Driver Manually
📥 Windows often installs the wrong one.
✔️ Download driver from:
Device manufacturer website
Laptop / motherboard manufacturer site
✔️ Match exactly:
Device model / Windows version (10 / 11) / 64-bit system
❌ Do NOT use driver booster tools","✅ Option 5: Install Driver via Device Manager (Manual Method)
🛠️ Use if installer fails.
Device Manager → Right-click device
Update driver
Browse my computer for drivers
Select the downloaded driver folder
Click Next
✔️ Forces Windows to bind the driver",Device should be recognized and working,medium,Windows 10/11,Desktop/Laptop,"device not recognized due to driver issue, device not detected driver problem, unknown device driver error",
NEW168,Display,No Display on Monitor,No display on monitor,"No display on monitor, monitor shows no signal, black screen, monitor not showing anything","Monitor power off, wrong input source, loose cable, wrong video port, RAM issue, GPU failure","✅ Option 1: Check Monitor Power & Input (MOST COMMON)
Make sure the monitor power light is ON
Press the monitor power button once
Use monitor menu → Input Source
Select HDMI / VGA / DisplayPort correctly
Increase brightness (some monitors boot dark)
✔️ If monitor shows ""No Signal"", PC is the issue
❌ If monitor stays black with no light, monitor may be faulty","✅ Option 2: Check Display Cable & Port
Turn PC OFF
Remove the display cable (HDMI / VGA / DP)
Reconnect firmly on both ends
Try: A different cable OR A different port on GPU or monitor
✔️ Loose or bad cables cause most no-display issues","✅ Option 3: Use Correct Video Output (VERY IMPORTANT)
If you have a graphics card, connect cable to: GPU ports (lower slots)
❌ Do NOT connect to motherboard ports if GPU is installed
✔️ Motherboard port works only if CPU has integrated graphics","✅ Option 4: Power Reset (Simple but Effective)
Shut down PC
Unplug power cable
Hold power button for 10 seconds
Reconnect power & start PC
✔️ Clears stuck hardware states","✅ Option 5: Check RAM (TOP CAUSE)
Turn PC OFF & unplug
Open case
Remove RAM sticks
Clean slot (blow air)
Insert ONE RAM stick only
Try different RAM slots
❌ Beeping sounds = RAM issue
✔️ Display returns = faulty RAM stick/slot",Monitor should display Windows desktop,medium,Windows 10/11,Desktop/Laptop,"no display on monitor, monitor shows no signal, black screen, monitor not showing anything",
NEW169,Display,Screen Flickers Randomly,Screen flickers randomly,"Screen flickers randomly, display flickering, monitor flickering, screen flashing","Loose display cable, graphics driver issue, wrong refresh rate, hardware acceleration, cable damage","✅ Option 1: Check Display Cable (MOST COMMON)
Turn PC & monitor OFF
Remove the display cable (HDMI / DP / VGA)
Reconnect firmly on both ends
Try: A different cable OR A different port on GPU or monitor
✔️ Loose or damaged cables cause random flicker
❌ Bent pins = replace cable","✅ Option 2: Restart Graphics Driver (Quick Test)
Press Win + Ctrl + Shift + B
Screen may go black for 1–2 seconds
You'll hear a beep
✔️ If flicker stops → driver glitch confirmed","✅ Option 3: Update or Reinstall Display Driver (VERY IMPORTANT)
Press Win + X → Device Manager
Expand Display adapters
Right-click GPU → Update driver
Choose Search automatically
🔁 If flicker continues: Uninstall driver & Restart PC
Install latest stable driver from GPU website
❌ Avoid beta drivers","✅ Option 4: Check Refresh Rate (COMMON ISSUE)
Right-click Desktop → Display settings
Click Advanced display
Set Refresh Rate to: 60Hz (test) Or monitor's native rate
✔️ Wrong refresh rate = flickering","✅ Option 5: Disable Hardware Acceleration (Browser/App Flicker)
Open browser (Chrome / Edge)
Settings → System
Turn Hardware acceleration OFF
Restart browser
✔️ Fixes flicker in Chrome, Edge, apps",Screen should display without flickering,low,Windows 10/11,Desktop/Laptop,"screen flickers randomly, display flickering, monitor flickering, screen flashing",
NEW170,Display,Monitor Not Recognized by PC,Monitor not recognized by PC,"Monitor not recognized by PC, Windows does not detect monitor, monitor not showing in display settings","Wrong input source, loose cable, damaged cable, GPU driver issue, monitor driver missing","✅ Option 1: Check Monitor Power & Input (MOST COMMON)
Make sure the monitor power light is ON
Press the monitor power button
Open monitor menu → Input Source
Select the correct input: HDMI / DisplayPort / VGA
✔️ Wrong input = PC won't detect monitor","✅ Option 2: Reconnect Display Cable
Turn PC & monitor OFF
Remove display cable from both ends
Reconnect firmly
Try: A different cable & A different port on GPU or monitor
❌ Damaged cable = monitor not recognized","✅ Option 3: Force Windows to Detect Monitor
Right-click Desktop → Display settings
Scroll down → Multiple displays
Click Detect
✔️ If monitor appears → issue fixed
❌ If ""Didn't detect another display"" → continue","✅ Option 4: Check Device Manager (KEY STEP)
Press Win + X → Device Manager
Expand Display adapters 
Make sure GPU is listed (no ⚠️ symbol)
Expand Monitors
If empty → click View → Show hidden devices
🔁 If monitor shows error: Right-click → Uninstall device
Restart PC","✅ Option 5: Update / Reinstall Graphics Driver (CRITICAL)
Open Device Manager
Right-click GPU → Update driver
Choose Search automatically
🔁 If still not detected: Uninstall GPU driver
Restart PC
Install latest stable driver from GPU manufacturer
❌ Avoid beta drivers",Monitor should be recognized and detected by Windows,low,Windows 10/11,Desktop/Laptop,"monitor not recognized by pc, windows does not detect monitor, monitor not showing in display settings",
NEW171,Display,Black Screen After Login,Black screen after login,"Black screen after login, desktop not showing after login, black screen Windows login, no desktop after login","Windows Explorer crash, graphics driver crash, startup app issue, display driver failure","✅ Option 1: Wait & Check Cursor (VERY IMPORTANT)
After logging in, wait 2–3 minutes
Check:
Do you see a mouse cursor?
Can you move it?
✔️ Cursor visible = Windows loaded but desktop didn't start
❌ No cursor = driver or boot issue","✅ Option 2: Restart Windows Explorer (MOST COMMON FIX)
Press Ctrl + Shift + Esc
If Task Manager opens:
Click File → Run new task
Type: explorer.exe
Click OK
✔️ Desktop appears instantly = issue fixed","✅ Option 3: Restart Graphics Driver
Press Win + Ctrl + Shift + B
Screen may blink or go black briefly
Listen for a beep
✔️ Fixes display driver crash after login","✅ Option 4: Boot into Safe Mode
Hold Shift → Click Restart
Go to: Troubleshoot → Advanced options → Startup Settings
Press 4 (Safe Mode)
✔️ If Safe Mode works → driver or startup app issue","✅ Option 5: Fix Display Driver (CRITICAL)
In Safe Mode:
Press Win + X → Device Manager
Expand Display adapters
Right-click GPU → Uninstall device
Restart PC
Install latest stable GPU driver from official site
❌ Do NOT use beta drivers or driver-updater tools",Desktop should appear after login,medium,Windows 10/11,Desktop/Laptop,"black screen after login, desktop not showing after login, black screen windows login, no desktop after login",
NEW172,Display,Display Resolution Changes Automatically,Display resolution changes automatically,"Display resolution changes automatically, resolution keeps changing, screen resolution resets, resolution auto changes","Non-native resolution, wrong refresh rate, corrupted graphics driver, GPU scaling settings, cable issues","✅ Option 1: Set the Correct Native Resolution (MOST COMMON)
Right-click Desktop → Display settings
Under Display resolution, choose Recommended
Click Keep changes
✔️ Non-native resolution often resets automatically","✅ Option 2: Check Refresh Rate (IMPORTANT)
Display settings → Advanced display
Set Refresh rate to: 60Hz (test first) Or  your monitor's native Hz
❌ Unsupported refresh rate = Windows resets resolution","✅ Option 3: Update / Reinstall Graphics Driver (CRITICAL)
Press Win + X → Device Manager
Expand Display adapters
Right-click GPU → Update driver → Search automatically
🔁 If issue continues:
Uninstall GPU driver & Restart PC
Install latest stable driver from official site
✔️ Corrupt drivers commonly cause auto resolution changes","✅ Option 4: Disable GPU Scaling & Auto Settings
Open GPU Control Panel (NVIDIA / AMD / Intel)
Find Display / Scaling options
Set: Scaling → Off / Preserve aspect ratio
Disable Auto-detect resolution
✔️ GPU software can override Windows settings","✅ Option 5: Check Monitor Cable & Port
Turn PC OFF
Reconnect HDMI / DP cable firmly
Try: A different cable & A different GPU port
❌ Bad cable causes EDID detection issues → resolution changes",Resolution should stay at the set value,low,Windows 10/11,Desktop/Laptop,"display resolution changes automatically, resolution keeps changing, screen resolution resets, resolution auto changes",
NEW173,Display,External Monitor Not Working,External monitor not working,"External monitor not working, external monitor not detected, second monitor not showing, external display not working","Wrong input source, faulty cable, wrong port/adapter, Windows not detecting, display mode set incorrectly","✅ Option 1: Check Monitor Power & Input (MOST COMMON)
Make sure the external monitor is powered ON
Check the power LED on the monitor
Open monitor menu → Input Source
Select the correct input: HDMI / DisplayPort / VGA / USB-C
✔️ Wrong input = no display","✅ Option 2: Reconnect Cable & Try Another One
Turn PC/Laptop & monitor OFF
Unplug the display cable from both ends
Reconnect firmly
Try: A different cable OR A different port on laptop/PC or monitor
❌ Faulty cable is a top cause","✅ Option 3: Use Correct Port & Adapter (IMPORTANT)
If using HDMI/DP → connect directly
If using USB-C: Port must support DisplayPort Alt Mode
If using adapters (HDMI → VGA): Use active adapters only
✔️ Wrong adapter = external monitor won't work","✅ Option 4: Force Windows to Detect External Monitor
Right-click Desktop → Display settings
Scroll down → Multiple displays
Click Detect
✔️ If detected → select Extend / Duplicate","✅ Option 5: Use Keyboard Shortcut (FAST FIX)
Press Win + P
Try each mode: Duplicate / Extend / Second screen only
✔️ Sometimes Windows defaults to PC screen only",External monitor should be detected and displaying,low,Windows 10/11,Desktop/Laptop,"external monitor not working, external monitor not detected, second monitor not showing, external display not working",
NEW174,Display,Screen Goes Blank During Use,Screen goes blank during use,"Screen goes blank during use, display goes black randomly, screen turns off during use, monitor goes blank","Loose cable, screen sleep settings, graphics driver crash, GPU overheating, power saving settings","✅ Option 1: Check Monitor & Cable (MOST COMMON)
Make sure the monitor power light stays ON when the screen goes blank
Re-seat the display cable (HDMI / DP / VGA) on both ends
Try: A different cable OR A different GPU/monitor port
✔️ Intermittent cables cause random blank screens
❌ If monitor power light turns OFF → monitor/power issue","✅ Option 2: Disable Screen Sleep & Power Saving
Settings → System → Power & sleep
Set: Turn off screen → Never & Sleep → Never (test)
✔️ Prevents Windows from blanking display incorrectly","✅ Option 3: Restart Graphics Driver (Quick Fix)
Press Win + Ctrl + Shift + B
Screen may go black for 1–2 seconds
✔️ If display returns → GPU driver crash confirmed","✅ Option 4: Update / Reinstall Graphics Driver (CRITICAL)
Press Win + X → Device Manager
Expand Display adapters
Right-click GPU → Update driver
🔁 If problem continues: Uninstall GPU driver
Restart PC
Install latest stable driver from official site
❌ Avoid beta drivers","✅ Option 5: Check GPU Temperature (VERY IMPORTANT)
Press Ctrl + Shift + Esc → Performance → GPU
If temperature is high: 
Clean dust from fans / Improve airflow / Stop gaming temporarily
❌ Overheating GPU causes blank screens",Screen should stay on during normal use,medium,Windows 10/11,Desktop/Laptop,"screen goes blank during use, display goes black randomly, screen turns off during use, monitor goes blank",
NEW175,Display,Display Tearing While Gaming,Display tearing while gaming,"Display tearing while gaming, screen tearing in games, visual tearing, horizontal lines while gaming","V-Sync disabled, refresh rate mismatch, FPS higher than refresh rate, G-SYNC/FreeSync disabled","✅ Option 1: Enable V-Sync (FASTEST FIX)
In-game settings:
Open game Graphics / Video settings
Turn V-Sync → ON
Restart the game
✔️ Syncs GPU frames with monitor refresh
❌ May add slight input lag (normal)","✅ Option 2: Match Refresh Rate Correctly (VERY IMPORTANT)
Right-click Desktop → Display settings
Click Advanced display
Set Refresh rate to your monitor's native value
60Hz / 75Hz / 144Hz / 165Hz / 240Hz
✔️ Mismatch = tearing even with good FPS","✅ Option 3: Enable G-SYNC / FreeSync (BEST SOLUTION)
Monitor + GPU must support it
NVIDIA: NVIDIA Control Panel → Set up G-SYNC → Enable
AMD: AMD Adrenalin → Display → Enable FreeSync
✔️ Eliminates tearing without input lag","✅ Option 4: Cap FPS (CRITICAL FOR TEARING)
In-game or GPU control panel:
Cap FPS to 2–3 FPS below refresh rate
60Hz → cap at 58
144Hz → cap at 141
✔️ Prevents GPU from rendering faster than monitor","✅ Option 5: Disable Fast Sync / Enhanced Sync (If Flicker Happens)
NVIDIA: Turn Fast Sync → OFF
AMD: Turn Enhanced Sync → OFF
✔️ These can cause tearing or micro-stutter on some systems",Display should be smooth without tearing during gaming,low,Windows 10/11,Desktop/Laptop,"display tearing while gaming, screen tearing in games, visual tearing, horizontal lines while gaming",
NEW176,Display,Brightness Control Not Working,Brightness control not working,"Brightness control not working, brightness slider missing, cannot adjust brightness, brightness keys not working","Desktop monitor (not Windows controlled), display driver issue, generic monitor driver, disabled display adapter","✅ Option 1: Confirm Device Type (IMPORTANT)
Laptop → Brightness should work via keyboard keys & Windows
Desktop + external monitor → Brightness is controlled via monitor buttons, not Windows
✔️ If desktop monitor → skip to STEP 7","✅ Option 2: Restart Display Driver (FAST FIX)
Press Win + Ctrl + Shift + B
Screen may flicker briefly
✔️ Fixes temporary brightness control bugs","✅ Option 3: Update / Reinstall Display Driver (TOP CAUSE)
Press Win + X → Device Manager
Expand Display adapters
Right-click GPU → Update driver → Search automatically
🔁 If still not working:
Right-click GPU → Uninstall device
Restart PC
Install latest stable driver from official site
❌ Avoid beta drivers","✅ Option 4: Check Generic Monitor Driver
Device Manager → Monitors
If you see Generic PnP Monitor: Right-click → Uninstall
Restart PC
✔️ Forces Windows to reload monitor settings","✅ Option 5: Enable Display Adapter (CRITICAL)
Device Manager → Display adapters
If any adapter is Disabled:
Right-click → Enable device
✔️ Disabled adapter = brightness slider missing",Brightness control should work via keyboard or Windows settings,low,Windows 10/11,Desktop/Laptop,"brightness control not working, brightness slider missing, cannot adjust brightness, brightness keys not working",
NEW177,Display,Screen Shows Artifacts,Screen shows artifacts,"Screen shows artifacts, display artifacts, visual glitches, screen corruption, graphics artifacts","Faulty display cable, GPU overheating, corrupted GPU driver, failing GPU hardware, monitor issue","✅ Option 1: Restart & Quick Test
Restart the PC
Check:
Do artifacts appear immediately?
Or only during gaming / heavy load?
✔️ Appears instantly → hardware likely
✔️ Appears under load → heat / driver / power","✅ Option 2: Check Display Cable & Port (EASY)
Turn PC OFF
Re-seat HDMI / DP cable on both ends
Try: A different cable OR A different GPU port
✔️ Cable errors can look like GPU artifacts","✅ Option 3: Take a Screenshot Test (IMPORTANT)
Press PrtSc (take screenshot)
View screenshot on another device
Results:
✔️ Artifacts visible in screenshot → GPU/driver
❌ Screenshot clean → monitor or cable","✅ Option 4: Update / Clean Reinstall GPU Driver (CRITICAL)
Press Win + X → Device Manager
Expand Display adapters
Right-click GPU → Uninstall device
Restart PC
Install latest stable GPU driver (official site)
❌ Avoid beta drivers or auto driver tools","✅ Option 5: Check GPU Temperature (VERY IMPORTANT)
Press Ctrl + Shift + Esc → Performance → GPU
If temperature is high:
Clean GPU fans & heatsink
Improve airflow
Stop gaming temporarily
❌ Overheating GPU causes artifacts",Screen should display without artifacts or visual glitches,high,Windows 10/11,Desktop/Laptop,"screen shows artifacts, display artifacts, visual glitches, screen corruption, graphics artifacts",
NEW178,Display,Monitor Shows No Signal,"Monitor shows ""No signal.""","Monitor shows no signal, no signal error, monitor no signal message, display no signal","Wrong input source, loose cable, wrong video port, RAM issue, GPU failure, monitor power issue","✅ Option 1: Check Monitor Power & Input (MOST COMMON)
Make sure the monitor power light is ON
Press the monitor power button once
Open the monitor menu → Input / Source
Select the correct input: HDMI / DisplayPort / VGA
✔️ Wrong input = ""No Signal""","✅ Option 2: Check Display Cable
Turn PC & monitor OFF
Remove the display cable from both ends
Reconnect firmly
Try: A different cable OR A different port on GPU or monitor
❌ Damaged / loose cable = no signal","✅ Option 3: Use the Correct Video Output (VERY IMPORTANT)
If your PC has a dedicated graphics card:
Plug the cable into GPU ports only
❌ Do NOT use motherboard ports
Motherboard port works only if CPU has integrated graphics
✔️ Wrong port = no signal","✅ Option 4: Power Reset (EASY & EFFECTIVE)
Shut down PC
Unplug power cable
Hold power button for 10 seconds
Reconnect power & turn PC ON
✔️ Clears stuck hardware states","✅ Option 5: Check RAM (TOP CAUSE)
Turn PC OFF & unplug
Open case
Remove all RAM sticks
Clean slots (air blow)
Insert ONE RAM stick only
Try different slots
❌ Beep codes = RAM issue
✔️ Display returns = bad RAM stick/slot",Monitor should display signal from PC,medium,Windows 10/11,Desktop/Laptop,"monitor shows no signal, no signal error, monitor no signal message, display no signal",
NEW179,Display,Display Driver Stopped Responding,Display driver stopped responding,"Display driver stopped responding, graphics driver stopped, driver timeout, display driver error","GPU driver crash, GPU overheating, overclocking, power management, driver corruption","✅ Option 1: Restart Graphics Driver (FAST FIX)
Press Win + Ctrl + Shift + B
Screen may flicker / go black for 1–2 seconds
✔️ If the message disappears → temporary driver hang fixed","✅ Option 2: Update Graphics Driver (MOST COMMON FIX)
Press Win + X → Device Manager
Expand Display adapters
Right-click GPU → Update driver → Search automatically
🔁 If problem returns: Uninstall the GPU driver
Restart PC
Install latest stable driver from the GPU's official website
❌ Avoid beta drivers or ""driver booster"" tools","✅ Option 3: Disable GPU Overclocking (CRITICAL)
Open GPU software (Afterburner / Adrenalin / NVIDIA tools)
Reset GPU to Stock / Default clocks
Disable: Core overclock & Memory overclock
✔️ Overclocking is the #1 cause of this error","✅ Option 4: Check GPU Temperature (VERY IMPORTANT)
Press Ctrl + Shift + Esc → Performance → GPU
If temps are high:
Clean GPU fans & heatsink
Improve case airflow
Avoid gaming temporarily
❌ Overheating triggers driver timeout (TDR)","✅ Option 5: Change Power Settings (IMPORTANT)
Control Panel → Power Options
Select High performance
Click Change plan settings → Advanced
Set: PCI Express → Link State Power Management → Off
✔️ Prevents GPU from powering down incorrectly",Display driver should respond without timeout errors,medium,Windows 10/11,Desktop/Laptop,"display driver stopped responding, graphics driver stopped, driver timeout, display driver error",
NEW180,Display,Screen Flickers After Update,Screen flickers after update,"Screen flickers after update, display flickering after Windows update, screen flashing after update","Incompatible driver update, corrupted driver installation, wrong refresh rate, driver conflict","✅ Option 1: Restart Graphics Driver (FASTEST FIX)
Press Win + Ctrl + Shift + B
Screen will blink and you may hear a beep
✔️ Fixes temporary driver crash after update","✅ Option 2: Restart PC (IMPORTANT)
Click Start → Restart
Do NOT shut down and power on
✔️ Ensures update changes apply correctly","✅ Option 3: Update or Roll Back Display Driver (MOST COMMON FIX)
Press Win + X → Device Manager
Expand Display adapters
Right-click GPU → Properties
Choose one: Roll Back Driver (if update caused flicker)
OR Update Driver → Search automatically
✔️ New updates often install unstable drivers","✅ Option 4: Clean Reinstall Graphics Driver (VERY IMPORTANT)
If flicker continues:
Uninstall GPU driver (Device Manager)
Restart PC
Install latest stable driver from GPU official website
❌ Avoid beta drivers and driver booster apps","✅ Option 5: Check Refresh Rate & Resolution
Right-click Desktop → Display settings
Click Advanced display
Set: Resolution → Recommended & Refresh rate → 60Hz (test)
✔️ Wrong refresh rate after update = flicker",Screen should display without flickering after update,low,Windows 10/11,Desktop/Laptop,"screen flickers after update, display flickering after windows update, screen flashing after update",
NEW181,Display,Graphics Glitch Appears Randomly,Graphics glitch appears randomly,"Graphics glitch appears randomly, random display glitches, visual glitches random, screen glitches randomly","GPU overheating, overclocking, corrupted driver, cable issues, hardware failure","✅ Option 1: Quick Restart & Observe (IMPORTANT)
Restart your PC
Note when glitches appear:
During gaming / heavy load
While browsing / idle
Immediately after boot
✔️ Only under load → heat / power / overclock
✔️ Even at idle → driver or hardware issue","✅ Option 2: Screenshot Test (KEY DIAGNOSIS)
When glitch appears, press PrtSc
View the screenshot on another device
Results:
✔️ Glitch visible in screenshot → GPU / driver
❌ Screenshot clean → monitor or cable","✅ Option 3: Check Display Cable & Port (EASY)
Turn PC OFF
Reconnect HDMI / DP cable firmly
Try: A different cable & A different GPU port
✔️ Signal interference can look like GPU glitches","✅ Option 4: Update or Clean Reinstall GPU Driver (TOP FIX)
Press Win + X → Device Manager
Expand Display adapters
Right-click GPU → Uninstall device
Restart PC
Install latest stable driver from official GPU website
❌ Avoid beta drivers & driver booster tools","✅ Option 5: Disable Overclocking (VERY IMPORTANT)
Open GPU tuning software (Afterburner / Adrenalin)
Reset to Stock / Default clocks
Disable: Core overclock & Memory overclock
✔️ Even small OC can cause random glitches",Graphics should display without random glitches,high,Windows 10/11,Desktop/Laptop,"graphics glitch appears randomly, random display glitches, visual glitches random, screen glitches randomly",
NEW182,Display,Display Goes Black After Sleep,Display goes black after sleep,"Display goes black after sleep, screen black after sleep, monitor black after sleep, display not waking from sleep","Graphics driver wake issue, fast startup, power management, sleep state bug, display driver crash","✅ Option 1: Wake Screen Properly (QUICK CHECK)
Press any key or move the mouse
Press Ctrl + Alt + Del
Press Win + Ctrl + Shift + B (restart graphics driver)
✔️ If screen comes back → driver wake issue confirmed","✅ Option 2: Change Sleep & Display Power Settings (MOST COMMON FIX)
Go to Settings → System → Power & sleep
Set:
Turn off display → 10–30 minutes
Sleep → Never (test)
✔️ Confirms sleep-state bug","✅ Option 3: Disable Fast Startup (VERY IMPORTANT)
Open Control Panel → Power Options
Click What the power buttons do
Click Change settings currently unavailable
Uncheck Turn on fast startup
Save changes & restart
✔️ Fast Startup breaks display wake on many systems","✅ Option 4: Update / Reinstall Graphics Driver (CRITICAL)
Press Win + X → Device Manager
Expand Display adapters
Right-click GPU → Update driver
🔁 If problem continues: Uninstall GPU driver
Restart PC
Install latest stable driver from official site
❌ Avoid beta drivers","✅ Option 5: Change Power Management for GPU
Device Manager → Display adapters
Right-click GPU → Properties
Power Management tab
Uncheck: Allow the computer to turn off this device to save power
✔️ Prevents GPU sleep bug",Display should wake properly from sleep,low,Windows 10/11,Desktop/Laptop,"display goes black after sleep, screen black after sleep, monitor black after sleep, display not waking from sleep",
NEW183,Display,Screen Resolution Stuck at Low Value,Screen resolution stuck at low value,"Screen resolution stuck at low value, resolution stuck at 800x600, cannot change resolution, low resolution stuck","Missing graphics driver, basic display adapter, wrong refresh rate, monitor driver issue, EDID detection failure","✅ Option 1: Check If Windows Is Using Basic Display Adapter (MOST COMMON)
Press Win + X → Device Manager
Expand Display adapters
✔️ If you see Microsoft Basic Display Adapter → driver missing
❌ If your GPU name is listed → go to STEP 3","✅ Option 2: Install Correct Graphics Driver (CRITICAL FIX)
Go to your GPU manufacturer's official website
Download latest stable driver for your GPU & Windows version
Install → Restart PC
✔️ Full resolution options will return after proper driver install
❌ Do NOT use driver booster tools","✅ Option 3: Set Correct Resolution Manually
Right-click Desktop → Display settings
Under Display resolution, choose Recommended
Click Keep changes
✔️ Low resolution (800×600 / 1024×768) means driver or detection issue","✅ Option 4: Check Refresh Rate (IMPORTANT)
Display settings → Advanced display
Set Refresh rate to:
60Hz (test) Or your monitor's native refresh rate
✔️ Wrong refresh rate can lock resolution options","✅ Option 5: Reinstall Monitor Driver
Device Manager → Monitors
Right-click Generic PnP Monitor → Uninstall device
Restart PC
✔️ Forces Windows to re-detect monitor capabilities (EDID)",Resolution should be set to recommended or higher value,low,Windows 10/11,Desktop/Laptop,"screen resolution stuck at low value, resolution stuck at 800x600, cannot change resolution, low resolution stuck",
NEW184,Audio,Headphones Not Detected,Headphones not detected,"Headphones not detected, headphones not showing up, no sound from headphones, Windows does not detect headphones","Loose connection, wrong audio jack, disabled audio device, driver issue, or incorrect output device selected","✅ Option 1: Check Physical Connection (VERY IMPORTANT)
Plug the headphones firmly into the correct jack (usually green 🎯)
Try another USB / 3.5mm port
Test the headphones on another device to confirm they work","✅ Option 2: Select the Correct Output Device
Right-click the speaker icon → Sound settings
Under Output, choose Headphones / Headset / Speakers
Click Test to verify sound 🔊","✅ Option 3: Enable & Set as Default
Sound settings → More sound settings
Playback tab → Right-click your headphones
Click Enable → Set as Default → OK","✅ Option 4: Restart Audio Services
Press Win + R → type services.msc → Enter
Restart: Windows Audio & Windows Audio Endpoint Builder
Close and test again 🔄","✅ Option 5: Update or Reinstall Audio Driver
Press Win + X → Device Manager
Expand Sound, video and game controllers
Right-click audio device → Update driver → Search automatically
If still not detected: Uninstall device → Restart PC → Windows will reinstall",Headphones should be detected and sound should play when testing,low,Windows 10/11,Desktop/Laptop,"headphones not detected, headphones not showing up, no sound from headphones, Windows does not detect headphones",
NEW185,Audio,Microphone Not Working in Apps,Microphone not working in apps,"Microphone not working in apps, mic works in Windows but not in apps, Zoom mic not working, Discord mic not working, Chrome mic not working","App microphone permission disabled, wrong microphone selected, microphone not set as default, or app-specific settings issue","✅ Option 1: Check App-Level Microphone Permission (MOST COMMON FIX)
Open Settings → Privacy & security → Microphone
Turn Microphone access → ON
Turn Let apps access your microphone → ON
Scroll down and enable the mic for the specific app (Zoom, Chrome, Discord, etc.)
✔️ Many apps won't work even if the mic is fine unless this is enabled","✅ Option 2: Select the Correct Microphone
Right-click speaker icon → Sound settings
Go to Input
Select the correct Microphone / Headset / Webcam mic
Speak and check Input volume bar (should move 🎙️)","✅ Option 3: Set Microphone as Default
Sound settings → More sound settings
Recording tab
Right-click your microphone → Enable
Click Set as Default
Click OK","✅ Option 4: Increase Mic Volume & Disable Enhancements
Recording tab → Double-click your microphone
Levels tab → Set volume to 80–100
Enhancements tab → ✔ Disable all enhancements
Apply → OK","✅ Option 5: Restart Audio Services
Press Win + R
Type services.msc → Enter
Restart: Windows Audio & Windows Audio Endpoint Builder
🔄 This fixes mic detection glitches",Microphone should work in apps after enabling permissions and setting as default,low,Windows 10/11,Desktop/Laptop,"microphone not working in apps, mic works in Windows but not in apps, Zoom mic not working, Discord mic not working, Chrome mic not working",
NEW186,Audio,Audio Service Not Running,Audio service not running,"Audio service not running, Windows Audio service stopped, no sound due to service error, audio service error","Audio service stopped, service dependency issue, corrupted service configuration, or driver conflict","✅ Option 1: Start Audio Services (MOST IMPORTANT)
Press Win + R
Type services.msc → Enter
Find and Start these services: Windows Audio & Windows Audio Endpoint Builder
Set both to: Startup type: Automatic
Click Apply → OK
🔁 Restart your PC and test sound","✅ Option 2: Restart Audio Services Properly
In Services:
Right-click Windows Audio → Restart
Right-click Windows Audio Endpoint Builder → Restart
✔️ Fixes temporary service crashes","✅ Option 3: Run Windows Audio Troubleshooter
Settings → System → Sound
Scroll down → Troubleshoot
Follow on-screen steps
🛠️ Windows can auto-fix service dependency issues","✅ Option 4: Check Service Dependencies (IMPORTANT)
In Services, double-click Windows Audio
Open Dependencies tab
Make sure these services are Running:
Remote Procedure Call (RPC)
Windows Audio Endpoint Builder
Plug and Play
❌ If RPC is stopped → Audio will NEVER start","✅ Option 5: Reinstall / Fix Audio Driver
Press Win + X → Device Manager
Expand Sound, video and game controllers
Right-click audio device → Uninstall device
✔️ Check Delete the driver software (if shown)
Restart PC (Windows reinstalls driver)
🔄 Fixes corrupted driver → service won't start issues",Audio services should be running and sound should work,low,Windows 10/11,Desktop/Laptop,"audio service not running, Windows Audio service stopped, no sound due to service error, audio service error",
NEW187,Audio,No Audio After Windows Update,No audio after Windows update,"No audio after Windows update, sound stopped working after update, audio driver broken after update, no sound after Windows update","Audio driver broken by update, default output device changed, audio services stopped, or driver conflict after update","✅ Option 1: Restart Audio Services (MOST COMMON FIX)
Press Win + R
Type services.msc → Enter
Restart these services: Windows Audio & Windows Audio Endpoint Builder
Set Startup type = Automatic
Restart your PC 🔄","✅ Option 2: Select the Correct Audio Output Device
Right-click speaker icon → Sound settings
Under Output, choose: Speakers / Headphones / HDMI / Bluetooth
Click Test 🔊
⚠️ Updates often change the default output device","✅ Option 3: Roll Back the Audio Driver (VERY IMPORTANT)
Press Win + X → Device Manager
Expand Sound, video and game controllers
Right-click your audio device → Properties
Go to Driver tab
Click Roll Back Driver (if available)
Restart PC
✔️ This fixes broken drivers pushed by updates","✅ Option 4: Reinstall Audio Driver (Clean Fix)
Device Manager → Audio device → Uninstall device
✔️ Check Delete the driver software (if shown)
Restart PC
Install the latest stable driver from:
Laptop brand website (Dell / HP / Lenovo)
Motherboard support page (Desktop)
❌ Avoid driver-updater tools","✅ Option 5: Disable Audio Enhancements
Sound settings → More sound settings
Playback → Select device → Properties
Enhancements tab → ✔ Disable all enhancements
Apply → OK
🎯 Many Windows updates break enhancements",Audio should work after rolling back or reinstalling the driver,low,Windows 10/11,Desktop/Laptop,"no audio after Windows update, sound stopped working after update, audio driver broken after update, no sound after Windows update",
NEW188,Audio,Mic Works But No Sound Output,Mic works but no sound output,"Mic works but no sound output, microphone works but speakers do not, input works but output does not","Wrong output device selected, app muted, output device disabled, or audio services issue","✅ Option 1: Select the Correct Output Device (MOST COMMON FIX)
Right-click speaker icon → Sound settings
Under Output, choose the correct device:
Speakers / Headphones / HDMI / Bluetooth
Click Test 🔊
⚠️ Windows updates or app installs often switch output automatically","✅ Option 2: Check Volume Mixer (App Muted Issue)
Right-click speaker icon → Open Volume mixer
Make sure:
System volume is not muted
The specific app (Chrome, Zoom, Game, etc.) is not muted
Output device is correct for each app","✅ Option 3: Set Output Device as Default
Sound settings → More sound settings
Playback tab
Right-click your speakers/headphones → Enable
Click Set as Default → OK","✅ Option 4: Restart Audio Services
Press Win + R
Type services.msc → Enter
Restart: Windows Audio & Windows Audio Endpoint Builder
Ensure Startup type = Automatic
🔄 Fixes audio engine glitches where mic still works","✅ Option 5: Disable Audio Enhancements (Very Important)
More sound settings → Playback
Select output device → Properties
Enhancements tab → ✔ Disable all enhancements
Apply → OK
🎯 Enhancements often break output after updates",Sound output should work after selecting correct device and restarting services,low,Windows 10/11,Desktop/Laptop,"mic works but no sound output, microphone works but speakers do not, input works but output does not",
NEW189,Audio,Sound Cuts Out Randomly,Sound cuts out randomly,"Sound cuts out randomly, audio drops randomly, sound stops and starts, intermittent audio issues","Audio enhancements enabled, power saving on audio device, output device switching, or driver issue","✅ Option 1: Disable Audio Enhancements (TOP FIX)
Right-click speaker icon → Sound settings
More sound settings → Playback
Select your output device → Properties
Enhancements tab → ✔ Disable all enhancements
Apply → OK
🎯 Enhancements are the #1 cause of random audio dropouts","✅ Option 2: Restart Audio Services
Press Win + R
Type services.msc → Enter
Restart: Windows Audio & Windows Audio Endpoint Builder
Set Startup type = Automatic
🔄 Fixes audio engine crashes","✅ Option 3: Prevent Power Saving on Audio Device (VERY IMPORTANT)
Win + X → Device Manager
Expand Sound, video and game controllers
Right-click audio device → Properties
Power Management tab
❌ Uncheck Allow the computer to turn off this device
OK
💤 Windows power saving can cut audio mid-use","✅ Option 4: Check Output Device Switching Automatically
Sound settings → Output
Make sure the correct device stays selected
Disconnect unused devices:
Bluetooth speakers / HDMI monitors / Virtual audio devices
⚠️ Windows may switch output without notice","✅ Option 5: Update or Roll Back Audio Driver
Device Manager → Audio device → Properties
Driver tab: Try Roll Back Driver (if issue started after update)
Or Update driver
Restart PC",Audio should play continuously without random cutouts,low,Windows 10/11,Desktop/Laptop,"sound cuts out randomly, audio drops randomly, sound stops and starts, intermittent audio issues",
NEW190,Audio,Audio Device Disabled Automatically,Audio device disabled automatically,"Audio device disabled automatically, speakers disabled automatically, audio device keeps getting disabled","Windows disabling unused devices, exclusive mode enabled, driver issue, or power management","✅ Option 1: Manually Enable the Audio Device (MOST COMMON)
Right-click speaker icon → Sound settings
Click More sound settings
Go to Playback
Right-click Speakers / Headphones
Click Enable
Click Set as Default → OK
⚠️ Windows may disable devices it thinks are unused","✅ Option 2: Enable Device in Device Manager
Press Win + X → Device Manager
Expand Sound, video and game controllers
Look for:
⛔ Down arrow → Right-click → Enable device
⚠️ Yellow warning → Driver issue (continue to Step 4)","✅ Option 3: Disable Exclusive Mode (VERY IMPORTANT)
Sound settings → More sound settings
Playback tab → Select device → Properties
Go to Advanced
❌ Uncheck:
Allow applications to take exclusive control
Give exclusive mode applications priority
Click Apply → OK
🎯 Apps like Zoom, Discord, or games can disable audio when they close","✅ Option 4: Reinstall Audio Driver (BEST FIX)
Device Manager
Right-click audio device → Uninstall device
✔️ Check Delete the driver software (if shown)
Restart PC 🔄
Install latest stable audio driver from:
Laptop manufacturer website
Motherboard support page (Desktop)
❌ Do NOT use third-party driver updater tools","✅ Option 5: Restart Audio Services
Press Win + R
Type services.msc
Restart: Windows Audio & Windows Audio Endpoint Builder
Set Startup type = Automatic",Audio device should remain enabled and working,low,Windows 10/11,Desktop/Laptop,"audio device disabled automatically, speakers disabled automatically, audio device keeps getting disabled",
NEW191,Audio,Bluetooth Audio Not Connecting,Bluetooth audio not connecting,"Bluetooth audio not connecting, Bluetooth headset not connecting, Bluetooth speaker not pairing","Bluetooth not in pairing mode, device not removed properly, Bluetooth service stopped, or driver issue","✅ Option 1: Turn Bluetooth OFF → ON (Quick Reset)
Settings → Bluetooth & devices
Toggle Bluetooth OFF
Wait 10 seconds
Toggle Bluetooth ON
Try connecting again 🔄","✅ Option 2: Put Audio Device in Pairing Mode (VERY IMPORTANT)
Power OFF the headset/speaker
Hold Power / Bluetooth button until LED blinks (pairing mode)
Keep the device close to the PC (within 1–2 meters)
⚠️ If not in pairing mode, Windows will fail to connect","✅ Option 3: Remove & Re-Pair the Device (MOST COMMON FIX)
Settings → Bluetooth & devices
Click the three dots (⋯) on your device
Click Remove device
Restart PC 🔄
Pair the device again from Add device → Bluetooth","✅ Option 4: Select Bluetooth as Audio Output
Right-click speaker icon → Sound settings
Under Output, select your Bluetooth headset/speaker
Click Test 🔊
⚠️ Bluetooth may connect but not be selected for sound","✅ Option 5: Restart Bluetooth & Audio Services
Press Win + R
Type services.msc
Restart:
Bluetooth Support Service
Windows Audio
Windows Audio Endpoint Builder
Set Startup type = Automatic",Bluetooth audio device should connect and play sound,low,Windows 10/11,Desktop/Laptop,"Bluetooth audio not connecting, Bluetooth headset not connecting, Bluetooth speaker not pairing",
NEW192,Audio,Mic Volume Too Low,Mic volume too low,"Mic volume too low, microphone too quiet, mic not picking up sound, low microphone input","Microphone level too low, microphone boost disabled, audio enhancements reducing gain, or app settings","✅ Option 1: Increase Microphone Level (MOST IMPORTANT)
Right-click speaker icon → Sound settings
Go to Input
Select your Microphone
Click Device properties
Set Volume to 90–100
🎯 Low input level is the #1 cause","✅ Option 2: Enable Microphone Boost
Sound settings → More sound settings
Go to Recording tab
Double-click your microphone
Open Levels tab
Increase:
Microphone → 90–100
Microphone Boost → +10 dB / +20 dB
Click Apply → OK
⚠️ Don't max boost if it causes noise","✅ Option 3: Disable Audio Enhancements (VERY IMPORTANT)
Recording tab → Microphone → Properties
Go to Enhancements
✔ Disable all enhancements
Apply → OK
🎯 Enhancements often reduce mic gain","✅ Option 4: Turn Off Exclusive Mode
Microphone Properties
Go to Advanced
❌ Uncheck:
Allow applications to take exclusive control
Give exclusive mode applications priority
Apply → OK
Apps like Zoom/Discord can lower mic volume automatically","✅ Option 5: Check App Microphone Settings
Inside the app (Zoom / Discord / Chrome / Games):
Select the correct microphone
Disable Auto gain control
Manually increase Input volume
🔍 App settings override Windows settings",Microphone volume should be audible and clear,low,Windows 10/11,Desktop/Laptop,"mic volume too low, microphone too quiet, mic not picking up sound, low microphone input",
NEW193,Audio,Audio Crackling Noise,Audio crackling noise,"Audio crackling noise, sound crackling, audio popping, distorted sound, audio static","Audio enhancements enabled, high sample rate, driver issue, or power saving interrupting audio","✅ Option 1: Disable Audio Enhancements (TOP FIX)
Right-click speaker icon → Sound settings
More sound settings → Playback
Select your output device → Properties
Enhancements tab → ✔ Disable all enhancements
Apply → OK
🎯 Enhancements commonly cause crackling after updates","✅ Option 2: Change Audio Format (Sample Rate)
Playback → Device Properties
Advanced tab
Set Default format to:
16 bit, 44100 Hz (CD Quality) or
16 bit, 48000 Hz
Apply → OK
⚠️ Very high sample rates can cause popping","✅ Option 3: Restart Audio Services
Press Win + R
Type services.msc
Restart: Windows Audio & Windows Audio Endpoint Builder
Ensure Startup type = Automatic
🔄 Clears temporary audio engine glitches","✅ Option 4: Update or Roll Back Audio Driver
Win + X → Device Manager
Sound, video and game controllers
Audio device → Properties → Driver
Try Roll Back Driver (if issue started after update)
Or Update driver
Restart PC","✅ Option 5: Disable Power Saving (IMPORTANT)
Device Manager → Audio device → Properties
Power Management tab
❌ Uncheck Allow the computer to turn off this device
OK
💤 Power saving can interrupt audio stream",Audio should play clearly without crackling or popping,low,Windows 10/11,Desktop/Laptop,"audio crackling noise, sound crackling, audio popping, distorted sound, audio static",
NEW194,Audio,Sound Delay Issue,Sound delay issue,"Sound delay issue, audio lag, sound out of sync, delayed audio, audio latency","Audio enhancements adding delay, high sample rate, Bluetooth latency, or driver issue","✅ Option 1: Disable Audio Enhancements (TOP FIX)
Right-click speaker icon → Sound settings
Click More sound settings
Playback tab → select your output device → Properties
Enhancements tab → ✔ Disable all enhancements
Apply → OK
🎯 Enhancements add processing delay","✅ Option 2: Change Audio Format (Sample Rate)
Playback → Device Properties
Go to Advanced
Set Default format to:
16 bit, 44100 Hz (CD Quality) or
16 bit, 48000 Hz
Apply → OK
⚠️ High sample rates can cause latency","✅ Option 3: Check Bluetooth Latency (VERY IMPORTANT)
If using Bluetooth headphones/speakers:
Bluetooth has inherent delay
Switch output to wired headphones to confirm
Keep device close (≤1–2 meters)
Disconnect other Bluetooth devices
✔️ This is the #1 cause of sound delay","✅ Option 4: Restart Audio Services
Press Win + R
Type services.msc
Restart: Windows Audio & Windows Audio Endpoint Builder
Ensure Startup type = Automatic
🔄 Clears audio engine lag","✅ Option 5: Update or Roll Back Audio Driver
Win + X → Device Manager
Sound, video and game controllers
Audio device → Properties → Driver
Try Roll Back Driver (if delay started after update)
Or Update driver
Restart PC",Audio should be in sync without noticeable delay,low,Windows 10/11,Desktop/Laptop,"sound delay issue, audio lag, sound out of sync, delayed audio, audio latency",
NEW195,Audio,Microphone Not Detected by Windows,Microphone not detected by Windows,"Microphone not detected by Windows, mic not showing up, Windows cannot detect microphone","Loose connection, microphone privacy disabled, microphone disabled in settings, or driver issue","✅ Option 1: Check Physical Connection (VERY IMPORTANT)
Re-plug the microphone firmly 🎧
Try a different USB port / audio jack
Avoid USB hubs
Test the mic on another device (phone / PC)
✔️ Confirms the mic itself is not faulty","✅ Option 2: Enable Microphone Privacy Access (MOST COMMON)
Settings → Privacy & security → Microphone
Turn Microphone access → ON
Turn Let apps access your microphone → ON
❌ If OFF → Windows will not detect any mic","✅ Option 3: Check Sound Input Settings
Right-click speaker icon → Sound settings
Go to Input
If you see your mic: Select it
Speak and check the Input level bar
If no device listed → continue to next steps","✅ Option 4: Enable Microphone in Sound Control Panel
Sound settings → More sound settings
Go to Recording tab
Right-click anywhere → ✔ Show Disabled Devices
If microphone appears: Right-click → Enable
Set as Default","✅ Option 5: Check Device Manager (CRITICAL)
Press Win + X → Device Manager
Expand: Audio inputs and outputs & Sound, video and game controllers
Look for:
⛔ Disabled device → Enable
⚠️ Yellow warning → Driver problem
If microphone is missing → continue",Microphone should be detected and visible in Windows settings,low,Windows 10/11,Desktop/Laptop,"microphone not detected by Windows, mic not showing up, Windows cannot detect microphone",
NEW196,Audio,Audio Stops After Sleep Mode,Audio stops after sleep mode,"Audio stops after sleep mode, no sound after sleep, audio not working after sleep, sound stops after wake","Audio services not restarting, power saving disabling audio device, fast startup issue, or audio enhancements failing","✅ Option 1: Restart Audio Services (FASTEST FIX)
Press Win + R
Type services.msc → Enter
Restart: Windows Audio & Windows Audio Endpoint Builder
Set Startup type = Automatic
🔄 This instantly restores sound in many cases","✅ Option 2: Disable Power Saving for Audio Device (VERY IMPORTANT)
Win + X → Device Manager
Expand Sound, video and game controllers
Right-click your audio device → Properties
Power Management tab
❌ Uncheck Allow the computer to turn off this device
Click OK
💤 Windows sleep mode may shut down audio hardware","✅ Option 3: Re-Select the Output Device
Right-click speaker icon → Sound settings
Under Output, re-select your Speakers / Headphones / HDMI / Bluetooth
Click Test
⚠️ Sleep can reset the default output device","✅ Option 4: Disable Fast Startup (COMMON CAUSE)
Control Panel → Power Options
Click Choose what the power buttons do
Click Change settings that are currently unavailable
❌ Uncheck Turn on fast startup
Save changes → Restart PC
🚫 Fast Startup often breaks audio after sleep","✅ Option 5: Disable Audio Enhancements
Sound settings → More sound settings
Playback tab → Device → Properties
Enhancements tab → ✔ Disable all enhancements
Apply → OK
🎯 Enhancements may fail to reinitialize after sleep",Audio should work normally after waking from sleep,low,Windows 10/11,Desktop/Laptop,"audio stops after sleep mode, no sound after sleep, audio not working after sleep, sound stops after wake",
NEW197,Audio,Headset Mic Not Recognized,Headset mic not recognized,"Headset mic not recognized, headset microphone not working, headset mic not detected","Wrong jack connection, microphone privacy disabled, headset mic disabled, or driver issue","✅ Option 1: Check the Headset Connection (VERY IMPORTANT)
Make sure the headset is fully plugged in
If your PC has separate mic & headphone jacks:
Use a Y-splitter (headset → mic + audio)
Try the headset on a phone or another PC
✔️ Many headset mics fail due to jack mismatch","✅ Option 2: Allow Microphone Access in Windows (MOST COMMON FIX)
Settings → Privacy & security → Microphone
Turn Microphone access → ON
Turn Let apps access your microphone → ON
❌ If OFF → headset mic will never appear","✅ Option 3: Select the Correct Input Device
Right-click speaker icon → Sound settings
Go to Input
Select: Headset Microphone & External Mic
Speak and check if the input bar moves 🎙️","✅ Option 4: Enable Hidden / Disabled Microphones
Sound settings → More sound settings
Go to Recording tab
Right-click empty space
✔ Show Disabled Devices
If headset mic appears: Enable
Set as Default","✅ Option 5: Check Device Manager (CRITICAL)
Win + X → Device Manager
Expand:
Audio inputs and outputs & Sound, video and game controllers
If headset mic is:
⛔ Disabled → Enable
⚠️ Has warning → Driver issue",Headset microphone should be recognized and working,low,Windows 10/11,Desktop/Laptop,"headset mic not recognized, headset microphone not working, headset mic not detected",
NEW198,Audio,Sound Settings Reset Automatically,Sound settings reset automatically,"Sound settings reset automatically, audio device changes automatically, volume resets, output device switches","Exclusive mode enabled, multiple audio devices, audio enhancements, audio software overriding, or service issues","✅ Option 1: Disable Exclusive Mode (MOST IMPORTANT)
Right-click speaker icon → Sound settings
Click More sound settings
Playback tab → select your output device → Properties
Advanced tab
❌ Uncheck:
Allow applications to take exclusive control of this device
Give exclusive mode applications priority
Apply → OK
🎯 Apps (Zoom, Discord, games) can reset sound when exclusive mode is ON","✅ Option 2: Set and Lock the Default Audio Device
Sound settings → Output
Select your main Speakers / Headphones
Disconnect unused devices:
Bluetooth audio / HDMI monitors / Virtual audio devices
⚠️ Windows may switch outputs automatically if multiple devices exist","✅ Option 3: Disable Audio Enhancements
More sound settings → Playback
Device Properties
Enhancements tab → ✔ Disable all enhancements
Apply → OK
🎯 Enhancements often reset after sleep, updates, or app launches","✅ Option 4: Stop Audio Software from Overriding Settings
Uninstall or disable (if installed):
Nahimic / DTS Audio / Dolby Access / Sonic Studio / Realtek sound effects
These tools frequently force-reset volume & device settings","✅ Option 5: Restart Audio Services & Set to Automatic
Press Win + R → type services.msc
Restart: Windows Audio / Windows Audio Endpoint Builder
Open Properties → set Startup type = Automatic
🔄 Prevents resets after reboot or sleep",Sound settings should remain stable and not reset automatically,low,Windows 10/11,Desktop/Laptop,"sound settings reset automatically, audio device changes automatically, volume resets, output device switches",
NEW199,Windows Update,Windows Update Failed to Install,Windows update failed to install,"Windows update failed to install, update installation failed, update error, Windows update not installing","Insufficient disk space, antivirus blocking, corrupted update cache, or system file corruption","✅ Option 1: Restart PC & Try Again (BASIC BUT IMPORTANT)
Restart your computer
Go to Settings → Windows Update
Click Check for updates
✔️ Clears temporary update glitches","✅ Option 2: Run Windows Update Troubleshooter
Settings
System → Troubleshoot → Other troubleshooters
Click Run next to Windows Update
Follow on-screen instructions
✔️ Automatically fixes common update issues","✅ Option 3: Free Disk Space (VERY IMPORTANT)
Windows updates need space.
Open This PC
Make sure C: drive has at least 20–30 GB free
Delete: Temporary files / Old downloads / Recycle Bin
✔️ Low storage = update failure","✅ Option 4: Disable Antivirus Temporarily
Third-party antivirus often blocks updates.
Open antivirus
Disable real-time protection temporarily
Try installing the update
Re-enable antivirus after update
❗ Do NOT uninstall antivirus","✅ Option 5: Reset Windows Update Components (MOST EFFECTIVE)
Press Win + X → Terminal (Admin) / Command Prompt (Admin)
Run commands one by one:
net stop wuauserv / net stop bits / net stop cryptsvc / net stop msiserver
ren C:\Windows\SoftwareDistribution SoftwareDistribution.old
ren C:\Windows\System32\catroot2 catroot2.old
net start wuauserv / net start bits / net start cryptsvc / net start msiserver
Restart PC
Try update again
✔️ Fixes corrupted update cache",Windows update should install successfully,low,Windows 10/11,Desktop/Laptop,"Windows update failed to install, update installation failed, update error, Windows update not installing",
NEW200,Windows Update,Update Stuck at 0%,Update stuck at 0%,"Update stuck at 0%, Windows update not progressing, update stuck at 0 percent, update download stuck","Update services stopped, internet connection issue, insufficient disk space, or corrupted update cache","✅ Option 1: Wait 10–15 Minutes (DON'T PANIC)
At 0%, Windows often prepares files silently
Check disk activity LED or fan noise
✔️ If no progress after 15 minutes, continue below","✅ Option 2: Restart Windows Update Services (VERY IMPORTANT)
Press Win + R
Type services.msc → Enter
Restart these services one by one:
Windows Update / Background Intelligent Transfer Service (BITS) / Cryptographic Services
Close window
Go back to Settings → Windows Update
Click Check for updates","✅ Option 3: Check Internet Connection
Restart router / mobile hotspot
Avoid VPN or proxy
Prefer wired (LAN) or stable Wi-Fi
❌ Weak or unstable internet = update stuck at 0%","✅ Option 4: Free Disk Space (CRITICAL)
Windows updates WILL FAIL without space.
Open This PC
Ensure C: drive has at least 20–30 GB free
Delete: Temporary files / Recycle Bin / Old downloads
✔️ Restart PC after cleaning","✅ Option 5: Reset Windows Update Cache (MOST EFFECTIVE FIX)
Press Win + X → Command Prompt (Admin) / Terminal (Admin)
Run one by one:
net stop wuauserv / net stop bits /net stop cryptsvc
ren C:\Windows\SoftwareDistribution SoftwareDistribution.old
ren C:\Windows\System32\catroot2 catroot2.old
net start wuauserv / net start bits / net start cryptsvc
Restart PC
Try update again
✔️ This fixes 90% of stuck-at-0% cases",Update should progress beyond 0%,low,Windows 10/11,Desktop/Laptop,"Update stuck at 0%, Windows update not progressing, update stuck at 0 percent, update download stuck",
NEW201,Windows Update,Update Stuck at 100%,Update stuck at 100%,"Update stuck at 100%, update installation stuck, update frozen at 100 percent, update not completing","Update finalization issue, system file corruption, disk error, or update rollback problem","✅ Option 1: Wait 15–30 Minutes (IMPORTANT)
At 100%, Windows may still be finalizing files
Check disk light / fan noise
✔️ If no change after 30 minutes, continue below","✅ Option 2: Restart the PC (SAFE METHOD)
Hold Power button until PC shuts down
Wait 10 seconds
Turn PC ON normally
✔️ Often resumes or completes the update","✅ Option 3: Boot into Recovery Mode
If it freezes again:
Power ON → force shutdown during Windows logo
Repeat 2–3 times
You'll see Preparing Automatic Repair
Go to Advanced options","✅ Option 4: Uninstall the Stuck Update (MOST EFFECTIVE)
Advanced options
Troubleshoot → Advanced options
Uninstall Updates
Choose: Uninstall latest quality update (try first)
Or Uninstall latest feature update
🔁 Restart after uninstall
✔️ Fixes update loops & 100% freeze issues","✅ Option 5: Repair System Files (STRONG FIX)
Advanced options → Command Prompt
Run one by one:
chkdsk c: /f /r
sfc /scannow /offbootdir=C:\ /offwindir=C:\Windows
✔️ Repairs corrupted system & update files",Update should complete or be successfully uninstalled,medium,Windows 10/11,Desktop/Laptop,"Update stuck at 100%, update installation stuck, update frozen at 100 percent, update not completing",
NEW202,Windows Update,Feature Update Fails Repeatedly,Feature update fails repeatedly,"Feature update fails repeatedly, Windows feature update error, major update fails, version upgrade fails","Insufficient disk space, external device conflicts, antivirus blocking, corrupted system files, or update cache issue","✅ Option 1: Check Disk Space (TOP CAUSE)
Feature updates WILL FAIL without enough space.
Open This PC
Make sure C: drive has at least 30–40 GB free
Delete: Temporary files / Old downloads / Recycle Bin
🔁 Restart PC after cleaning
✔️ Low disk space = repeated failure","✅ Option 2: Disconnect External Devices
During feature updates, drivers load heavily.
Unplug: USB drives / External HDD/SSD / Printers /Webcam / dongles
Keep only: Keyboard / Mouse
✔️ Prevents driver conflicts during upgrade","✅ Option 3: Disable Third-Party Antivirus (VERY IMPORTANT)
Antivirus commonly blocks feature updates.
Open your antivirus
Disable real-time protection temporarily
Do NOT uninstall
Try the feature update again
✔️ Re-enable antivirus after update","✅ Option 4: Repair System Files (CRITICAL)
Corrupted files = upgrade failure.
Press Win + X → Command Prompt (Admin) / Terminal (Admin)
Run one by one:
sfc /scannow (wait until 100%)
DISM /Online /Cleanup-Image /RestoreHealth
🔁 Restart PC after completion","✅ Option 5: Reset Windows Update Components
Fixes stuck or looping updates.
Open Command Prompt (Admin)
Run:
net stop wuauserv / net stop bits / net stop cryptsvc /net stop msiserver
ren C:\Windows\SoftwareDistribution SoftwareDistribution.old
ren C:\Windows\System32\catroot2 catroot2.old
net start wuauserv / net start bits / net start cryptsvc / net start msiserver
🔁 Restart PC",Feature update should install successfully,medium,Windows 10/11,Desktop/Laptop,"Feature update fails repeatedly, Windows feature update error, major update fails, version upgrade fails",
NEW203,Windows Update,Windows Rollback After Update,Windows rollback after update,"Windows rollback after update, update rolled back, Windows undoing changes, update failed and rolled back","Insufficient disk space, system file corruption, driver conflicts, or incompatible software","✅ Option 1: Let Rollback Finish (DO NOT INTERRUPT)
Wait 20–30 minutes
Keep PC plugged in
Do NOT force shutdown unless it's stuck for over 45 minutes
✔️ Interrupting rollback can corrupt Windows","✅ Option 2: Boot Normally & Pause Updates (IMPORTANT)
Once you reach desktop:
Settings → Windows Update
Click Pause updates (7–14 days)
✔️ Prevents Windows from retrying the same broken update","✅ Option 3: Check Disk Space (TOP CAUSE)
Rollback often happens due to low storage.
Open This PC
Ensure C: drive has 30–40 GB free
Delete: Temporary files / Recycle Bin / Old installers
🔁 Restart PC","✅ Option 4: Repair System Files (VERY IMPORTANT)
Press Win + X → Terminal (Admin) / Command Prompt (Admin)
Run one by one:
sfc /scannow (wait until 100%)
DISM /Online /Cleanup-Image /RestoreHealth
✔️ Fixes corrupted files that force rollback","✅ Option 5: Remove Conflicting Drivers & Software
Before retrying the update:
Uninstall third-party antivirus
Uninstall:
Old GPU drivers / Virtual drive tools /System tweakers / cleaners
✔️ Reboot after uninstall",Windows should boot normally and updates should not rollback,medium,Windows 10/11,Desktop/Laptop,"Windows rollback after update, update rolled back, Windows undoing changes, update failed and rolled back",
NEW204,Windows Update,System Files Corrupted After Update,System files corrupted after update,"System files corrupted after update, Windows files corrupted, system corruption after update, file integrity errors","Corrupted update files, disk errors, interrupted update, or system file conflicts","✅ Option 1: Restart & Check If Windows Boots Normally
Restart once and test basic things (Start menu, Settings, apps)
If Windows won't boot, go straight to STEP 4
✔️ Minor corruption sometimes fixes after reboot","✅ Option 2: Run SFC Scan (FIRST & SAFE FIX)
Press Win + X → Command Prompt (Admin) / Terminal (Admin)
Run: sfc /scannow 
Wait until 100%
Results
✔️ No integrity violations → Go to STEP 3
⚠️ Found & repaired files → Restart PC
❌ Could not fix some files → Continue below","✅ Option 3: Repair Windows Image with DISM (VERY IMPORTANT)
Open Command Prompt (Admin)
Run: DISM /Online /Cleanup-Image /RestoreHealth
Wait (can take 10–20 minutes)
Restart PC
Run SFC again: sfc /scannow
✔️ This fixes deep system corruption caused by updates","✅ Option 4: Repair System Files from Recovery (If Windows Won't Boot)
Force shutdown during Windows logo 2–3 times
Go to Preparing Automatic Repair → Advanced options
Troubleshoot → Advanced options → Command Prompt
Run:
sfc /scannow /offbootdir=C:\ /offwindir=C:\Windows
chkdsk c: /f /r
✔️ Repairs offline system & disk corruption","✅ Option 5: Reset Windows Update Cache
Corrupted update files often damage system files.
Open Command Prompt (Admin)
Run:
net stop wuauserv /net stop bits /net stop cryptsvc
ren C:\Windows\SoftwareDistribution SoftwareDistribution.old
ren C:\Windows\System32\catroot2 catroot2.old
net start wuauserv / net start bits / net start cryptsvc
🔁 Restart PC",System files should be repaired and Windows should work normally,medium,Windows 10/11,Desktop/Laptop,"System files corrupted after update, Windows files corrupted, system corruption after update, file integrity errors",
NEW205,Windows Update,SFC Scan Shows Errors,SFC scan shows errors,"SFC scan shows errors, system file checker errors, SFC found integrity violations, SFC cannot repair files","Corrupted Windows image, disk errors, system file damage, or update-related corruption","✅ Option 1: Restart & Run SFC Again (QUICK CHECK)
Restart your PC
Open Command Prompt (Admin)
Run: sfc /scannow
✔️ If it says no integrity violations, you're done
❌ If errors remain → continue","✅ Option 2: Run DISM to Repair Windows Image (MOST IMPORTANT)
SFC depends on a healthy Windows image.
Open Command Prompt (Admin)
Run: DISM /Online /Cleanup-Image /RestoreHealth
⏳ Wait 10–20 minutes (do NOT close)
Restart PC
Run SFC again: sfc /scannow
✔️ This fixes most SFC errors","✅ Option 3: Check Disk for Errors (CRITICAL)
Disk errors can keep corrupting files.
Open Command Prompt (Admin)
Run: chkdsk C: /f /r
Type Y → Enter
Restart PC (scan runs before Windows loads)
✔️ Repairs bad sectors & file system issues","✅ Option 4: Run SFC from Recovery Mode (If Errors Persist)
Force shutdown during Windows logo 2–3 times
Preparing Automatic Repair → Advanced options
Troubleshoot → Advanced options → Command Prompt
Run: sfc /scannow /offbootdir=C:\ /offwindir=C:\Windows
✔️ Fixes files that are locked during normal boot","✅ Option 5: Reset Windows Update Cache
Corrupt update files often break system files.
Open Command Prompt (Admin)
Run:
net stop wuauserv / net stop bits / net stop cryptsvc
ren C:\Windows\SoftwareDistribution SoftwareDistribution.old
ren C:\Windows\System32\catroot2 catroot2.old
net start wuauserv / net start bits / net start cryptsvc
🔁 Restart PC",SFC scan should show no integrity violations,low,Windows 10/11,Desktop/Laptop,"SFC scan shows errors, system file checker errors, SFC found integrity violations, SFC cannot repair files",
NEW206,Windows Update,DISM Repair Fails,DISM repair fails,"DISM repair fails, DISM error, DISM cannot repair, DISM restore health failed","Windows Update service stopped, missing repair source files, disk errors, or corrupted Windows image","✅ Option 1: Restart & Try DISM Again (BASIC CHECK)
Restart your PC
Open Command Prompt (Admin)
Run: DISM /Online /Cleanup-Image /RestoreHealth
✔️ If it completes → run sfc /scannow
❌ If it fails again → continue","✅ Option 2: Check Windows Update Service (VERY IMPORTANT)
DISM uses Windows Update as a source.
Press Win + R → type services.msc
Make sure these are Running:
Windows Update / Background Intelligent Transfer Service (BITS) / Cryptographic Services
Restart these services
Try DISM again","✅ Option 3: Use DISM with Windows ISO (MOST EFFECTIVE FIX)
If DISM can't find repair files, you must provide them manually.
🔹 What you need
Windows ISO same version, edition, language
Example: Windows 11 23H2 → Windows 11 23H2 ISO
🔹 Steps
Download Windows ISO
Right-click ISO → Mount
Note the drive letter (example: D:)
Open Command Prompt (Admin)
Run (try this first): DISM /Online /Cleanup-Image /RestoreHealth /Source:D:\sources\install.wim /LimitAccess
If install.wim doesn't exist, try: DISM /Online /Cleanup-Image /RestoreHealth /Source:D:\sources\install.esd /LimitAccess
⏳ Wait until completion
Restart PC
Run: sfc /scannow
✔️ This fixes 90% of DISM failures","✅ Option 4: Run DISM from Recovery Mode (Offline Repair)
If Windows is unstable:
Force shutdown during Windows logo 2–3 times
Preparing Automatic Repair → Advanced options
Troubleshoot → Advanced options → Command Prompt
Run: DISM /Image:C:\ /Cleanup-Image /RestoreHealth
✔️ Repairs Windows offline (no locked files)","✅ Option 5: Check Disk for Errors (CRITICAL)
Disk errors can break DISM.
Open Command Prompt (Admin)
Run: chkdsk C: /f /r
Press Y → Enter
Restart PC (scan runs before Windows loads)
✔️ Fixes file system corruption",DISM should complete successfully and repair Windows image,low,Windows 10/11,Desktop/Laptop,"DISM repair fails, DISM error, DISM cannot repair, DISM restore health failed",
NEW207,Windows Update,Windows Version Upgrade Failed,Windows version upgrade failed,"Windows version upgrade failed, major version upgrade error, Windows 10 to 11 upgrade failed, version update failed","Insufficient disk space, external device conflicts, antivirus blocking, corrupted system files, or incompatible hardware","✅ Option 1: Check Disk Space (TOP CAUSE)
Version upgrades require a lot of space.
Open This PC
Ensure C: drive has 30–40 GB free
Delete: Temporary files / Recycle Bin / Old installers / Downloads
🔁 Restart PC
✔️ Low space = guaranteed upgrade failure","✅ Option 2: Disconnect External Devices
Drivers load during upgrade.
Unplug: USB drives / External HDD / SSD / Printers /Webcams / dongles
Keep only: Keyboard / Mouse
✔️ Prevents driver conflicts","✅ Option 3: Disable Third-Party Antivirus (VERY IMPORTANT)
Antivirus commonly blocks version upgrades.
Open antivirus
Disable real-time protection temporarily
❌ Do NOT uninstall
Retry upgrade
✔️ Re-enable antivirus after upgrade","✅ Option 4: Repair System Files Before Upgrade
Corrupted files stop upgrades.
Open Command Prompt (Admin)
Run: sfc /scannow (wait until 100%)
Then run: DISM /Online /Cleanup-Image /RestoreHealth
🔁 Restart PC","✅ Option 5: Upgrade Using Installation Assistant (BEST FIX)
Instead of Windows Update:
Download Windows Installation Assistant
Run tool
Choose Upgrade this PC now
✔️ Bypasses Windows Update errors
✔️ Keeps files & apps",Windows version upgrade should complete successfully,medium,Windows 10/11,Desktop/Laptop,"Windows version upgrade failed, major version upgrade error, Windows 10 to 11 upgrade failed, version update failed",
NEW208,Windows Update,PC Stuck on Undoing Changes,"PC stuck on ""Undoing changes.""","PC stuck on ""Undoing changes."", Windows undoing changes stuck, update rollback frozen, undoing changes loop","Corrupted update files, disk errors, system file corruption, or interrupted rollback process","✅ Option 1: WAIT FIRST (VERY IMPORTANT)
Wait 30–45 minutes
Keep laptop plugged in
Check for disk light or fan activity
❌ Do NOT force shutdown too early
✔️ If still frozen after 45 minutes → continue","✅ Option 2: Force Restart (SAFE METHOD)
Hold Power button until PC shuts down
Wait 10 seconds
Turn PC ON
✔️ Often completes rollback after restart","✅ Option 3: Enter Windows Recovery (WinRE)
If it gets stuck again:
Power ON → force shutdown during Windows logo
Repeat 2–3 times
You'll see Preparing Automatic Repair
 Select Advanced options","✅ Option 4: Uninstall the Failed Update (MOST EFFECTIVE FIX)
Troubleshoot → Advanced options
Click Uninstall Updates
Choose: Uninstall latest quality update (try first)
If not fixed → Uninstall latest feature update
🔁 Restart PC
✔️ Fixes endless ""Undoing changes"" loops","✅ Option 5: Repair System Files (CRITICAL)
From Advanced options → Command Prompt, run: chkdsk C: /f /r
Then: sfc /scannow /offbootdir=C:\ /offwindir=C:\Windows
✔️ Repairs disk + system corruption causing rollback",PC should boot normally without being stuck on undoing changes,medium,Windows 10/11,Desktop/Laptop,"PC stuck on ""Undoing changes."", Windows undoing changes stuck, update rollback frozen, undoing changes loop",
NEW209,Windows Update,Update Restarts Endlessly,Update restarts endlessly,"Update restarts endlessly, PC keeps restarting after update, update reboot loop, endless restart loop","Failed update causing boot loop, corrupted boot configuration, system file corruption, or update installation failure","✅ Option 1: Let It Try Once (IMPORTANT)
Wait 10–15 minutes after a restart
Some updates need multiple reboots
✔️ If it keeps looping → continue below","✅ Option 2: Force Windows Recovery Mode (CRITICAL)
Turn ON PC
When Windows logo appears → hold Power button to shut down
Repeat 2–3 times
You'll see Preparing Automatic Repair
Select Advanced options
✔️ You are now in Windows Recovery (WinRE)","✅ Option 3: Uninstall the Failed Update (MOST EFFECTIVE FIX)
Troubleshoot → Advanced options
Click Uninstall Updates
Choose: Uninstall latest quality update (try first)
If still looping → Uninstall latest feature update
🔁 Restart PC
✔️ Stops endless restart loops in most cases","✅ Option 4: Run Startup Repair
Advanced options
Click Startup Repair
Select Windows account
Wait for repair to complete
✔️ Fixes broken boot configuration","✅ Option 5: Repair Disk & System Files (VERY IMPORTANT)
From Advanced options → Command Prompt, run one by one: chkdsk C: /f /r
sfc /scannow /offbootdir=C:\ /offwindir=C:\Windows
✔️ Fixes corruption causing reboot loops",PC should boot normally without endless restart loops,medium,Windows 10/11,Desktop/Laptop,"Update restarts endlessly, PC keeps restarting after update, update reboot loop, endless restart loop",
NEW210,Windows Update,Windows Update Error Code Appears,Windows update error code appears,"Windows update error code appears, update error code, Windows update failed with error, update installation error","Corrupted update cache, insufficient disk space, antivirus blocking, service issues, or system file problems","✅ Option 1: Restart & Retry Update (BASIC BUT IMPORTANT)
Restart your PC
Go to Settings → Windows Update
Click Check for updates
✔️ Clears temporary glitches","✅ Option 2: Run Windows Update Troubleshooter
Settings → System → Troubleshoot → Other troubleshooters
Click Run next to Windows Update
Follow on-screen instructions
✔️ Automatically fixes common error codes","✅ Option 3: Check Disk Space (VERY IMPORTANT)
Many error codes appear due to low storage.
Open This PC
Ensure C: drive has at least 20–30 GB free
Delete: Temporary files / Recycle Bin /Old downloads
🔁 Restart PC","✅ Option 4: Disable Third-Party Antivirus Temporarily
Antivirus can block update files.
Open antivirus software
Disable real-time protection
Try updating again
Re-enable antivirus after update
❌ Do NOT uninstall antivirus","✅ Option 5: Reset Windows Update Components (MOST EFFECTIVE)
Press Win + X → Command Prompt (Admin) / Terminal (Admin)
Run one by one:
net stop wuauserv / net stop bits / net stop cryptsvc / net stop msiserver
ren C:\Windows\SoftwareDistribution SoftwareDistribution.old
ren C:\Windows\System32\catroot2 catroot2.old
net start wuauserv / net start bits / net start cryptsvc /net start msiserver
🔁 Restart PC
✔️ Fixes update cache corruption",Windows update should install without error codes,low,Windows 10/11,Desktop/Laptop,"Windows update error code appears, update error code, Windows update failed with error, update installation error",
NEW211,Windows Update,OS Corruption Detected,OS corruption detected,"OS corruption detected, operating system corruption, Windows corruption, system corruption error","Corrupted update files, disk errors, interrupted updates, system file damage, or hardware issues","✅ Option 1: Restart & Check Basic Stability
Restart once
Check if Windows loads to desktop normally
If Windows won't boot, jump to STEP 4
✔️ Minor corruption sometimes resolves after restart","✅ Option 2: Run SFC (FIRST & SAFE FIX)
Press Win + X → Command Prompt (Admin) / Terminal (Admin)
Run: sfc /scannow
Results
✔️ No integrity violations → go to STEP 3
⚠️ Errors fixed → restart PC
❌ Errors not fixed → continue","✅ Option 3: Repair Windows Image with DISM (VERY IMPORTANT)
Open Command Prompt (Admin)
Run: DISM /Online /Cleanup-Image /RestoreHealth
Wait (10–20 minutes)
Restart PC
Run SFC again: sfc /scannow
✔️ Fixes deep OS corruption caused by updates","✅ Option 4: Repair from Recovery Mode (If Windows Won't Boot)
Turn ON PC → force shutdown during Windows logo
Repeat 2–3 times
Preparing Automatic Repair → Advanced options
Troubleshoot → Advanced options → Command Prompt
Run: sfc /scannow /offbootdir=C:\ /offwindir=C:\Windows
chkdsk C: /f /r
✔️ Repairs offline OS + disk corruption","✅ Option 5: Reset Windows Update Cache
Corrupt update files can damage OS files.
Open Command Prompt (Admin)
Run:
net stop wuauserv / net stop bits / net stop cryptsvc
ren C:\Windows\SoftwareDistribution SoftwareDistribution.old
ren C:\Windows\System32\catroot2 catroot2.old
net start wuauserv / net start bits /net start cryptsvc
🔁 Restart PC",OS corruption should be repaired and Windows should work normally,medium,Windows 10/11,Desktop/Laptop,"OS corruption detected, operating system corruption, Windows corruption, system corruption error",
NEW212,Windows Update,Windows Update Downloads But Won't Install,Windows update downloads but won't install,"Windows update downloads but won't install, update downloaded but not installing, update installation stuck","Insufficient disk space, update service issues, corrupted update files, or installation locks","✅ Option 1: Restart & Retry Installation
Restart your PC
Go to Settings → Windows Update
Click Retry / Install now
✔️ Clears temporary install locks","✅ Option 2: Check Disk Space (VERY IMPORTANT)
Updates need space to unpack.
Open This PC
Ensure C: drive has at least 20–30 GB free
Delete: Temporary files / Recycle Bin /Old downloads
🔁 Restart PC","✅ Option 3: Run Windows Update Troubleshooter
Settings → System → Troubleshoot → Other troubleshooters
Click Run next to Windows Update
Follow on-screen instructions
✔️ Fixes permission & service issues automatically","✅ Option 4: Restart Windows Update Services
Press Win + R → type services.msc
Restart these services:
Windows Update
Background Intelligent Transfer Service (BITS)
Cryptographic Services
✔️ Unlocks stalled installations","✅ Option 5: Reset Windows Update Cache (MOST EFFECTIVE)
Press Win + X → Command Prompt (Admin) / Terminal (Admin)
Run one by one:
net stop wuauserv / net stop bits / net stop cryptsvc / net stop msiserver
ren C:\Windows\SoftwareDistribution SoftwareDistribution.old
ren C:\Windows\System32\catroot2 catroot2.old
net start wuauserv / net start bits / net start cryptsvc / net start msiserver
🔁 Restart PC
✔️ Fixes corrupted update files",Windows update should install successfully after download,low,Windows 10/11,Desktop/Laptop,"Windows update downloads but won't install, update downloaded but not installing, update installation stuck",
NEW213,Windows Update,Update Freezes During Installation,Update freezes during installation,"Update freezes during installation, update installation frozen, update stuck installing, update not progressing","System file corruption, disk errors, update file corruption, or hardware issues","✅ Option 1: Wait First (VERY IMPORTANT)
Wait 20–30 minutes
Keep the PC plugged in
Check disk light or fan noise
✔️ Some updates pause while configuring files
❌ If frozen over 30 minutes → continue","✅ Option 2: Restart the PC (SAFE METHOD)
Hold Power button until PC turns off
Wait 10 seconds
Turn PC ON
✔️ Many times Windows resumes or completes the install","✅ Option 3: Enter Windows Recovery (WinRE)
If it freezes again:
Turn ON PC → force shutdown at Windows logo
Repeat 2–3 times
You'll see Preparing Automatic Repair
Select Advanced options","✅ Option 4: Uninstall the Stuck Update (MOST EFFECTIVE)
Troubleshoot → Advanced options
Click Uninstall Updates
Choose: Uninstall latest quality update (try first)
If not fixed → Uninstall latest feature update
🔁 Restart PC
✔️ Stops install freeze loops","✅ Option 5: Repair Disk & System Files (CRITICAL)
From Advanced options → Command Prompt, run one by one: chkdsk C: /f /r
sfc /scannow /offbootdir=C:\ /offwindir=C:\Windows
✔️ Fixes corruption that blocks installation",Update should complete installation or be successfully uninstalled,medium,Windows 10/11,Desktop/Laptop,"Update freezes during installation, update installation frozen, update stuck installing, update not progressing",
NEW214,Windows Update,Windows Becomes Unstable After Update,Windows becomes unstable after update,"Windows becomes unstable after update, system crashes after update, PC freezes after update, apps crash after update","Driver conflicts, incompatible software, corrupted system files, or update-related bugs","✅ Option 1: Restart & Observe the Symptoms
Restart once
Check if issues happen:
Immediately after boot
Only while gaming
When opening apps
✔️ Helps identify if it's a temporary glitch","✅ Option 2: Boot into Safe Mode (VERY IMPORTANT)
Safe Mode loads minimal drivers.
Settings → Recovery → Advanced startup → Restart now
Troubleshoot → Advanced options → Startup Settings → Restart
Press 4 / F4 → Safe Mode
✔️ If Windows is stable in Safe Mode → driver or software conflict confirmed","✅ Option 3: Uninstall the Problematic Update (FAST FIX)
Settings → Windows Update → Update history
Click Uninstall updates
Remove the latest update
Restart PC
✔️ Instability often disappears immediately","✅ Option 4: Update or Roll Back Drivers (CRITICAL)
Bad drivers cause instability after updates.
Press Win + X → Device Manager
Check: Display adapter (GPU) / Network adapter / Storage controller
Actions: Update driver OR Roll back driver (if update caused issues)
✔️ Especially important for GPU drivers","✅ Option 5: Repair System Files
Open Command Prompt (Admin)
Run: sfc /scannow
Then: DISM /Online /Cleanup-Image /RestoreHealth
✔️ Fixes corruption introduced by updates",Windows should be stable and work normally after update,medium,Windows 10/11,Desktop/Laptop,"Windows becomes unstable after update, system crashes after update, PC freezes after update, apps crash after update",
NEW215,Windows Update,System Repair Required After Update,System repair required after update,"System repair required after update, automatic repair after update, Windows repair screen after update, repair loop after update","Corrupted boot files, system file damage, update installation failure, or disk errors","✅ Option 1: Let Automatic Repair Finish (IMPORTANT)
Wait 20–30 minutes
Keep laptop plugged in
Do NOT force shutdown unless stuck over 45 minutes
✔️ Automatic Repair often fixes minor damage by itself","✅ Option 2: Run Startup Repair (FIRST MANUAL FIX)
When you see Repair your PC, click Advanced options
Troubleshoot → Advanced options
Click Startup Repair
Select your Windows account
✔️ Repairs boot configuration and startup files","✅ Option 3: Uninstall the Failed Update (MOST EFFECTIVE)
If repair keeps appearing:
Advanced options → Troubleshoot
Advanced options → Uninstall Updates
Try: Uninstall latest quality update
If still broken → Uninstall latest feature update
🔁 Restart PC
✔️ Fixes update-caused repair loops","✅ Option 4: Repair Disk & System Files (CRITICAL)
From Advanced options → Command Prompt, run one by one:
chkdsk C: /f /r
sfc /scannow /offbootdir=C:\ /offwindir=C:\Windows
✔️ Fixes file system + Windows file corruption","✅ Option 5: Use System Restore (SAFE & FAST)
If repair started right after an update:
Advanced options → System Restore
Choose a restore point before the update
✔️ Keeps personal files
❌ Removes recent updates/apps",System should boot normally without requiring repair,medium,Windows 10/11,Desktop/Laptop,"System repair required after update, automatic repair after update, Windows repair screen after update, repair loop after update",
NEW216,Driver,Driver IRQL_NOT_LESS_OR_EQUAL Error,Driver_IRQL_NOT_LESS_OR_EQUAL error appears,"IRQL_NOT_LESS_OR_EQUAL BSOD, driver IRQL error, blue screen driver error, system crash from driver","Faulty driver, driver conflict, corrupted driver, incompatible driver, overclocking, hardware failure","✅ Option 1: Boot into Safe Mode (CRITICAL)
🛡️ Prevents the bad driver from loading.
Hold Shift → Click Restart
Troubleshoot → Advanced options → Startup Settings
Click Restart
Press 4 (Safe Mode)
✔️ If Safe Mode works → driver is the cause","✅ Option 2: Identify the Problem Driver
🔍 Find which driver caused the crash.
In Safe Mode, open C:\Windows\Minidump
Look for recent .dmp files
If you remember:
Crash after GPU install → GPU driver
Crash after Wi-Fi update → Network driver","✅ Option 3: Uninstall the Faulty Driver (VERY IMPORTANT)
♻️ This stops the BSOD loop.
Press Win + X → Device Manager
Find recently updated device
Right-click → Uninstall device
Check Delete the driver software
Restart PC
✔️ Windows will load a safe default driver","✅ Option 4: Clean Reinstall Drivers (BEST FIX)
🧹 Old files must be removed.
For GPU:
Boot into Safe Mode
Use DDU (Display Driver Uninstaller)
Clean & Restart
Install stable (not beta) driver
For others: Install driver only from official manufacturer site","✅ Option 5: Disable Overclocking (TOP CAUSE)
⚡ Overclocked systems crash easily.
Enter BIOS / UEFI
Set Optimized Defaults
Disable: CPU overclock & GPU overclock & XMP / DOCP (RAM)
Save & Exit
✔️ This alone fixes many BSODs",System should boot without IRQL_NOT_LESS_OR_EQUAL errors,high,Windows 10/11,Desktop/Laptop,"irql_not_less_or_equal, driver irql error, blue screen driver error, driver bsod",
NEW217,Security,Windows Defender Blocks Apps,Windows Defender blocks apps,"Windows Defender blocks apps, app blocked by Windows Defender, false positive, app blocked for protection","Reputation-based protection, unknown publisher, false positive detection, or SmartScreen blocking","✅ Option 1: Check the Blocked App Details (IMPORTANT)
Open Windows Security
Go to Virus & threat protection
Click Protection history
Select the blocked item
Read the Threat name & action taken
✔️ Confirms whether it's a real threat or false positive","✅ Option 2: Allow the App (If You Trust It)
⚠️ Do this ONLY if you are sure the app is safe
In Protection history
Click the blocked item
Click Actions → Allow on device
✔️ App will run normally after this","✅ Option 3: Turn Off Reputation-Based Protection (Common Cause)
Many safe apps are blocked as ""unknown publisher""
Open Windows Security
App & browser control
Click Reputation-based protection settings
Turn OFF: Check apps and files & Potentially unwanted app blocking (temporary)
✔️Fixes ""This app was blocked for your protection""","✅ Option 4: Add App to Exclusions (BEST PRACTICE)
Prevents Defender from blocking it again
Windows Security
Virus & threat protection
Manage settings
Exclusions → Add an exclusion
Choose File / Folder
✔️ Recommended for developer tools, installers, scripts","✅ Option 5: Run the App as Administrator
Right-click the app
Click Run as administrator
Click Yes
✔️ Required for system-level tools & installers",App should run without being blocked by Windows Defender,low,Windows 10/11,Desktop/Laptop,"Windows Defender blocks apps, app blocked by Windows Defender, false positive, app blocked for protection",
NEW218,Security,Cannot Modify System Files,Cannot modify system files,"Cannot modify system files, access denied to system files, permission denied, system file protected","Insufficient permissions, TrustedInstaller ownership, read-only files, or UAC restrictions","✅ Option 1: Use Administrator Privileges (MOST COMMON FIX)
System files require elevated rights.
Right-click the app (Explorer / CMD / PowerShell / installer)
Click Run as administrator
Click Yes on the UAC prompt
✔️ Required for any system-level modification","✅ Option 2: Take Ownership of the File or Folder
If the file belongs to TrustedInstaller, you can't edit it.
Right-click the file/folder → Properties
Security tab → Advanced
At Owner, click Change
Type your username → Check Names → OK
Enable Replace owner on subcontainers and objects
Apply → OK
✔️ Gives you control over protected files","✅ Option 3: Grant Full Permissions
Ownership alone is not enough.
Properties → Security → Edit
Select your user account
Check Full control
Apply → OK
✔️ Fixes ""permission denied"" even after ownership change","✅ Option 4: Modify System Files via Command Prompt (Recommended)
GUI editing sometimes fails.
Press Win + X → Terminal (Admin) or Command Prompt (Admin)
Use commands like:
takeown /f ""C:\Path\to\file""
icacls ""C:\Path\to\file"" /grant %username%:F
✔️ More reliable than File Explorer","✅ Option 5: Disable Read-Only & File Protection (If Present)
Right-click file → Properties
Uncheck Read-only
Apply → OK
✔️ Some system config files are read-only",System files should be modifiable after taking ownership and granting permissions,medium,Windows 10/11,Desktop/Laptop,"Cannot modify system files, access denied to system files, permission denied, system file protected",
NEW219,Security,Security Settings Reset Automatically,Security settings reset automatically,"Security settings reset automatically, Windows Defender settings reset, security settings keep changing, tamper protection issues","Group policy enforcement, third-party antivirus conflict, malware, tamper protection, or corrupted system files","✅ Option 1: Check If PC Is Managed by Organization (VERY COMMON)
Press Win + R → type gpedit.msc → Enter
Go to: Computer Configuration → Administrative Templates → Windows Components → Microsoft Defender Antivirus
Make sure these are set to Not Configured:
Turn off Microsoft Defender Antivirus & Real-time Protection & Tamper Protection
✔️ Policies here will reset settings automatically","✅ Option 2: Disable Third-Party Antivirus / Security Tools
Press Win + R → type appwiz.cpl
Uninstall: Avast / AVG / Kaspersky / McAfee / Bitdefender
Restart PC
✔️ Only one antivirus should exist","✅ Option 3: Scan for Malware (CRITICAL)
Open Windows Security
Virus & threat protection → Scan options
Run Microsoft Defender Offline scan
✔️ Removes hidden threats that auto-reset settings","✅ Option 4: Turn OFF Tamper Protection (TEMPORARY)
Windows Security
Virus & threat protection
Manage settings
Turn OFF Tamper Protection
Change your required security settings
Restart PC
Turn Tamper Protection back ON
✔️ Allows permanent changes to save","✅ Option 5: Repair Corrupted System Files
Open Command Prompt (Admin)
Run one by one:
sfc /scannow
DISM /Online /Cleanup-Image /RestoreHealth
✔️ Fixes broken security services",Security settings should remain stable and not reset automatically,medium,Windows 10/11,Desktop/Laptop,"Security settings reset automatically, Windows Defender settings reset, security settings keep changing, tamper protection issues",
NEW220,Security,App Blocked for Security Reasons,App blocked for security reasons,"App blocked for security reasons, app blocked for your protection, Windows blocked app, SmartScreen blocked app","SmartScreen blocking, reputation-based protection, unknown publisher, or downloaded file blocking","✅ Option 1: Read the Exact Block Message (IMPORTANT)
Note the text:
""This app has been blocked for your protection""
""App blocked by administrator""
""Windows protected your PC""
✔️ The wording tells which security feature is blocking it","✅ Option 2: Allow the App from Windows Security (If You Trust It)
Open Windows Security
Virus & threat protection
Protection history
Click the blocked item
Actions → Allow on device
✔️ Most common fix for false positives","✅ Option 3: Disable SmartScreen (Temporary – VERY COMMON CAUSE)
Windows Security
App & browser control
Reputation-based protection settings
Turn OFF: Check apps and files & SmartScreen for Microsoft Edge (temporary)
Run the app
Turn SmartScreen back ON
✔️ Fixes ""blocked for your protection""","✅ Option 4: Run the App as Administrator
Right-click the app
Click Run as administrator
Click Yes
✔️ Required for installers, system tools, drivers","✅ Option 5: Unblock the File (Downloaded Apps)
Right-click the app → Properties
Under General tab
Check Unblock (if visible)
Apply → OK
✔️ Windows blocks files downloaded from the internet by default",App should run without being blocked by security features,low,Windows 10/11,Desktop/Laptop,"App blocked for security reasons, app blocked for your protection, Windows blocked app, SmartScreen blocked app",
NEW221,Security,Ransomware Warning Message Appears,Ransomware warning message appears,"Ransomware warning message appears, ransomware detected, files encrypted, ransom note appears","Actual ransomware infection, false positive detection, or suspicious file behavior","✅ Option 1: Disconnect From the Internet (MOST IMPORTANT)
Turn Wi-Fi OFF
Unplug Ethernet cable
Disconnect USB / external drives
✔️ Stops spread and blocks contact with attackers' servers","✅ Option 2: Do NOT Pay the Ransom
❌ No guarantee files will be restored
❌ Encourages more attacks
✔️ Focus on containment and recovery","✅ Option 3: Boot Into Safe Mode
Hold Shift → click Restart
Troubleshoot → Advanced options
Startup Settings → Restart
Press 4 (Safe Mode)
✔️ Prevents ransomware from actively running","✅ Option 4: Run Microsoft Defender Offline Scan
Open Windows Security
Virus & threat protection → Scan options
Choose Microsoft Defender Offline scan
Restart and let it complete
✔️ Best chance to remove hidden ransomware components","✅ Option 5: Identify the Ransomware Type
Note the ransom note name/text
Check new file extensions (e.g., .locked, .crypt, .xyz)
Take a photo or copy the message
✔️ Some types have free decryptors","Ransomware should be contained and removed, system should be secure",high,Windows 10/11,Desktop/Laptop,"Ransomware warning message appears, ransomware detected, files encrypted, ransom note appears",
NEW222,Boot,PC Does Not Pass the Motherboard Logo Screen,PC does not pass the motherboard logo screen,"PC does not pass the motherboard logo screen, stuck at BIOS logo, frozen at motherboard screen, POST freeze","Stuck electrical state, faulty external device, BIOS misconfiguration, boot drive not detected, or fast boot issue","✅ Option 1: Power Reset (VERY IMPORTANT)
Shut down the PC completely
Unplug power cable (and remove laptop battery if possible)
Hold Power button for 15–20 seconds
Plug power back in and turn on
✔️ Clears stuck electrical states
✔️ Fixes logo-freeze issues caused by static power","✅ Option 2: Disconnect All External Devices
Turn off PC
Remove ALL USB devices: Pen drives / External HDD/SSD / Printer, webcam, USB hub
3️⃣ Leave only: Keyboard / Mouse /Monitor
✔️ Bootable USB or faulty device can block POST","✅ Option 3: Enter BIOS / UEFI & Load Defaults
Power on PC
Press DEL / F2 / F10 / ESC (depends on motherboard)
In BIOS, choose: Load Optimized Defaults or Load Setup Defaults
Save & Exit (F10)
✔️ Fixes wrong boot mode, XMP, or firmware misconfigurations","✅ Option 4: Disable Fast Boot & Secure Boot
In BIOS: Disable Fast Boot & Disable Secure Boot (temporarily)
Set Boot Mode to UEFI (or Legacy if older OS)
✔️ Fast Boot can freeze systems at logo
✔️ Secure Boot blocks unsigned bootloaders","✅ Option 5: Check Boot Drive Detection
In BIOS → Storage / Boot:
Confirm SSD / HDD is detected
Set Windows Boot Manager / OS drive as Boot Priority #1
❌ If drive NOT detected:
Power off / Reseat SATA & power cables / Try another SATA port or cable",PC should pass the motherboard logo and proceed to Windows boot,medium,Windows 10/11,Desktop/Laptop,"PC does not pass the motherboard logo screen, stuck at BIOS logo, frozen at motherboard screen, POST freeze",
NEW223,Boot,Windows Shows Preparing Automatic Repair Endlessly,"Windows shows ""Preparing Automatic Repair"" endlessly","Windows shows ""Preparing Automatic Repair"" endlessly, automatic repair loop, stuck on preparing automatic repair, repair screen freeze","Corrupted boot files, failed Windows update, damaged system files, or boot configuration error","✅ Option 1: Force Shutdown Loop (IMPORTANT TRICK)
Turn ON the PC
When you see Preparing Automatic Repair, hold Power button → force shutdown
Repeat this 2–3 times
✔️ This forces Advanced Recovery Options to appear
✔️ Required to access repair tools","✅ Option 2: Enter Advanced Startup Options
When you see ""Automatic Repair"" → ""Diagnosing your PC"":
Click Advanced options
Choose Troubleshoot
Choose Advanced options","✅ Option 3: Run Startup Repair (First Safe Fix)
Advanced options → Startup Repair
Select your Windows account
Enter password (if asked)
✔️ Fixes broken boot files
✔️ Works for many update-related failures
⏳ Wait 5–10 minutes","✅ Option 4: Boot into Safe Mode
Advanced options → Startup Settings
Click Restart
Press 4 or F4 → Safe Mode OR (5 / F5 for Safe Mode with Networking)
✔️ If Safe Mode works → Windows core is OK","✅ Option 5: Uninstall Recent Windows Update (TOP FIX)
From Advanced options:
Click Uninstall Updates
Choose Uninstall latest quality update
If still stuck → uninstall feature update
✔️ Updates are the #1 cause of this loop",Windows should boot normally without getting stuck in automatic repair,medium,Windows 10/11,Desktop/Laptop,"Windows shows ""Preparing Automatic Repair"" endlessly, automatic repair loop, stuck on preparing automatic repair, repair screen freeze",
NEW224,Boot,Laptop Boots to a Blank Screen,Laptop boots to a blank screen,"Laptop boots to a blank screen, black screen on startup, no display on boot, laptop screen blank but running","Display driver issue, sleep/hibernation freeze, screen hardware failure, or graphics driver crash","✅ Option 1: Check If the Laptop Is Actually Running
Look for these signs:
🔆 Power light ON
🎹 Keyboard backlight ON
🌬️ Fan sound or heat
✔️ If you see these → system is ON, display is the issue
❌ No lights/fan → power or motherboard issue","✅ Option 2: Force Restart (MOST IMPORTANT FIRST FIX)
Hold Power button for 10–15 seconds
Laptop turns OFF
Wait 10 seconds
Turn it ON again
✔️ Fixes sleep / hibernation display freeze
✔️ Very common after updates","✅ Option 3: Try Display Reset Shortcut
Press together: Win + Ctrl + Shift + B
🔔 You may hear a beep
🖥️ Screen may flicker and come back
✔️ Restarts graphics driver instantly","✅ Option 4: External Monitor Test (CRITICAL TEST)
Connect laptop to TV / external monitor via HDMI
Turn laptop ON
Press Fn + F4 / F5 / F8 (display toggle key)
✔️ If display works externally → laptop screen or cable issue
❌ No display anywhere → driver or OS issue","✅ Option 5: Boot Into Safe Mode
Turn laptop ON
As soon as Windows tries to load → hold Power to shut down
Repeat 2–3 times
You'll see Preparing Automatic Repair
Then:
Advanced options
Troubleshoot → Advanced options
Startup Settings → Restart
Press 4 (Safe Mode)
✔️ If Safe Mode works → display driver is the cause",Laptop should display Windows normally on boot,medium,Windows 10/11,Laptop,"Laptop boots to a blank screen, black screen on startup, no display on boot, laptop screen blank but running",
NEW225,Boot,PC Boots But Keyboard and Mouse Do Not Work,PC boots but keyboard and mouse do not work,"PC boots but keyboard and mouse do not work, keyboard not working at login, mouse not responding on boot, USB devices dead at startup","USB controller issue, BIOS USB settings, fast startup problem, or USB driver failure","✅ Option 1: Check Basic Hardware (DON'T SKIP)
Unplug keyboard & mouse
Plug them into different USB ports
Prefer rear USB ports (desktop)
Avoid USB hubs
Try another keyboard/mouse if available
✔️ If they work → original device faulty
❌ Still not working → continue","✅ Option 2: Test in BIOS / UEFI (VERY IMPORTANT)
Restart PC
Press DEL / F2 / ESC to enter BIOS
👉 Check: Does keyboard work in BIOS?
✔️ YES → Windows/driver problem
❌ NO → BIOS or motherboard USB issue","✅ Option 3: Enable USB Support in BIOS
In BIOS:
Enable Legacy USB Support
Enable USB Keyboard Support
Enable USB Mouse Support
Set xHCI Hand-off = Enabled
➡️ Save & Exit (F10)
✔️ Fixes keyboard/mouse dead at Windows login","✅ Option 4: Power Reset (Fixes USB Controller Lock)
Shut down PC
Unplug power cable
Hold Power button for 15–20 seconds
Plug back & start PC
✔️ Clears stuck USB controller state","✅ Option 5: Disable Fast Startup (TOP WINDOWS FIX)
If keyboard works in BIOS but not Windows: Boot into Safe Mode
Force shutdown during boot 2–3 times
Go to:
Control Panel → Power Options
Choose what power buttons do
Change settings currently unavailable
❌ Uncheck Fast Startup
Restart PC
✔️ Fast Startup often breaks USB devices",Keyboard and mouse should work normally during boot and at login,low,Windows 10/11,Desktop/Laptop,"PC boots but keyboard and mouse do not work, keyboard not working at login, mouse not responding on boot, USB devices dead at startup",
NEW226,Boot,Windows Boot Failure After Power Cut,Windows boot failure after power cut,"Windows boot failure after power cut, PC won't boot after power outage, system won't start after sudden shutdown, boot error after power loss","Corrupted boot files, damaged file system, corrupted power state, or disk errors from sudden shutdown","✅ Option 1: Power Drain Reset (DO THIS FIRST)
Turn OFF the PC
Unplug power cable (and remove laptop battery if possible)
Hold Power button for 20 seconds
Plug power back in and turn ON
✔️ Clears corrupted power state caused by sudden shutdown","✅ Option 2: Remove External Devices
Power OFF PC
Disconnect all USB devices: Pendrives / External HDD/SSD / Printers, hubs
Keep only: Keyboard / Mouse / Monitor
✔️ Prevents boot conflicts after power loss","✅ Option 3: Enter Automatic Repair / Recovery Mode
Turn ON PC
When Windows logo appears → hold Power to force OFF
Repeat 2–3 times
You should see Preparing Automatic Repair
➡️ Click Advanced options","✅ Option 4: Run Startup Repair (SAFE FIX)
Advanced options → Troubleshoot
Advanced options → Startup Repair
Select Windows account & password
✔️ Repairs damaged boot files automatically
⏳ Takes 5–10 minutes","✅ Option 5: Repair Disk Errors (VERY IMPORTANT)
Advanced options → Command Prompt
Run one by one: chkdsk c: /f /r
✔️ Press Y if asked
✔️ May take time (normal)
This fixes file system damage caused by sudden power loss",Windows should boot normally after power cut recovery,medium,Windows 10/11,Desktop/Laptop,"Windows boot failure after power cut, PC won't boot after power outage, system won't start after sudden shutdown, boot error after power loss",
NEW227,Boot,PC Shows No Bootable Device Found,"PC shows ""No bootable device found.""","PC shows ""No bootable device found."", no bootable device error, boot device not found, system cannot find boot drive","Wrong boot order, boot drive not detected, loose SATA cables, or BIOS boot mode misconfiguration","✅ Option 1: Remove External Devices (VERY IMPORTANT)
Turn OFF the PC
Disconnect ALL external devices: USB pendrive / External HDD/SSD / SD card
3️⃣ Leave only: Keyboard / Mouse / Monitor
✔️ A USB device can confuse the boot order","✅ Option 2: Check BIOS / UEFI Boot Order
Turn ON PC
Press DEL / F2 / ESC / F10 repeatedly
Enter BIOS / UEFI
In Boot section:
Set Windows Boot Manager as Boot Option #1
Boot Mode: UEFI
Disable Legacy / CSM (for Windows 10/11)
➡️ Save & Exit (F10)
✔️ BIOS often resets after power cut or CMOS issue","✅ Option 3: Check If SSD / HDD Is Detected
In BIOS → Storage / Information:
Is your SSD / HDD listed?
✔️ YES → go to Step 5
❌ NO → continue to Step 4","✅ Option 4: Reseat Drive Cables (DESKTOPS)
Power OFF & unplug PC
Open case
Disconnect & reconnect: SATA data cable & SATA power cable
Try a different SATA port or cable
✔️ Loose cable = No bootable device
💻 Laptop: drive may be faulty or disconnected internally","✅ Option 5: Load BIOS Default Settings
In BIOS: Choose Load Optimized Defaults
Save & Exit
✔️ Fixes wrong boot mode or corrupted settings",PC should detect and boot from the correct drive,medium,Windows 10/11,Desktop/Laptop,"PC shows ""No bootable device found."", no bootable device error, boot device not found, system cannot find boot drive",
NEW228,Boot,Boot Error Occurs After Changing BIOS Settings,Boot error occurs after changing BIOS settings,"Boot error occurs after changing BIOS settings, PC won't boot after BIOS change, system fails after BIOS update, boot failure after BIOS modification","Incompatible BIOS settings, wrong boot mode, overclocking instability, or secure boot conflict","✅ Option 1: Enter BIOS & Load Default Settings (TOP FIX)
Turn ON the PC
Immediately press DEL / F2 / ESC / F10 (depends on motherboard/laptop)
In BIOS, select: Load Optimized Defaults or Load Setup Defaults
Save & Exit (F10)
✔️ Fixes 80% of boot errors after BIOS changes
✔️ Reverts unsafe or incompatible settings","✅ Option 2: Correct Boot Mode (VERY IMPORTANT)
Back in BIOS → Boot section:
If Windows 10/11: Boot Mode = UEFI
❌ Disable Legacy / CSM
Set Windows Boot Manager as Boot Priority #1
✔️ Wrong boot mode = ""No boot device"" / boot loop","✅ Option 3: Fix Secure Boot Settings
In BIOS → Security / Boot:
Temporarily Disable Secure Boot
OS Type: Other OS (if option exists)
✔️ Secure Boot blocks unsigned or mismatched boot loaders
✔️ Common after BIOS reset or OS reinstall","✅ Option 4: Disable Overclocking / XMP (CRITICAL)
In BIOS → Advanced / Tweaker / OC:
Disable: CPU Overclock / GPU Overclock /XMP / DOCP (RAM)
Set everything to Auto / Default
✔️ Unstable RAM settings = instant boot failure","✅ Option 5: Check Storage Mode (AHCI vs RAID)
In BIOS → Storage / SATA Configuration:
Set SATA Mode = AHCI
❌ Avoid RAID unless Windows was installed with RAID
✔️ Changing this breaks Windows boot immediately",PC should boot normally after correcting BIOS settings,medium,Windows 10/11,Desktop/Laptop,"Boot error occurs after changing BIOS settings, PC won't boot after BIOS change, system fails after BIOS update, boot failure after BIOS modification",
NEW229,Boot,Windows Does Not Load Beyond Spinning Dots,Windows does not load beyond spinning dots,"Windows does not load beyond spinning dots, stuck on loading screen, Windows spinning dots freeze, boot stuck at loading animation","Faulty USB device, fast startup issue, corrupted driver, or startup program conflict","✅ Option 1: Wait & Hard Restart (Simple but Important)
Wait 5–10 minutes (sometimes Windows is repairing silently)
If still stuck → hold Power button for 10–15 seconds
Turn PC back ON
✔️ Clears temporary boot hang
❌ If it freezes again → continue","✅ Option 2: Disconnect External Devices
Power OFF PC
Remove ALL USB devices: Pen drives / External HDD/SSD /Printer, USB hub
Keep only: Keyboard / Mouse /Monitor
✔️ A faulty USB can freeze Windows at spinning dots","✅ Option 3: Enter Windows Recovery (Advanced Startup)
Turn ON PC
When spinning dots appear → force shutdown
Repeat 2–3 times
You should see Preparing Automatic Repair
➡️ Click Advanced options","✅ Option 4: Boot into Safe Mode (KEY TEST)
Advanced options → Troubleshoot → Advanced options → Startup Settings → Restart
Press: 4 → Safe Mode OR 5 → Safe Mode with Networking
✔️ If Safe Mode loads → driver or startup app is the cause","✅ Option 5: Disable Fast Startup (TOP FIX)
In Safe Mode:
Control Panel → Power Options
Choose What the power buttons do
Click Change settings currently unavailable
❌ Uncheck Fast Startup
Restart PC
✔️ Fast Startup frequently causes spinning-dot freezes",Windows should load completely past the spinning dots,medium,Windows 10/11,Desktop/Laptop,"Windows does not load beyond spinning dots, stuck on loading screen, Windows spinning dots freeze, boot stuck at loading animation",
NEW230,Boot,PC Stuck on Manufacturer Logo,PC stuck on manufacturer logo,"PC stuck on manufacturer logo, frozen at brand logo, stuck at OEM logo screen, POST freeze at logo","Stuck electrical state, faulty external device, BIOS misconfiguration, or boot drive detection issue","✅ Option 1: Power Drain Reset (MOST IMPORTANT)
Turn OFF the PC
Unplug power cable
(Laptop) Remove battery if possible
Hold Power button for 20 seconds
Plug power back in and turn ON
✔️ Clears stuck electrical state
✔️ Fixes many logo-freeze issues","✅ Option 2: Disconnect ALL External Devices
Power OFF PC
Remove ALL USB devices: Pendrive / External HDD / SSD / Printer, webcam, USB hub
Leave only: Keyboard / Mouse / Monitor
✔️ Faulty USB devices can freeze POST","✅ Option 3: Enter BIOS & Load Default Settings
Turn ON PC
Immediately press DEL / F2 / ESC / F10
In BIOS, select: Load Optimized Defaults or Load Setup Defaults
Save & Exit (F10)
✔️ Fixes wrong boot mode, XMP, or firmware glitches","✅ Option 4: Disable Fast Boot & Overclocking
In BIOS:
Disable Fast Boot
Disable XMP / DOCP (RAM)
Disable CPU / GPU overclock
Set everything to Auto / Default
✔️ Unstable RAM or fast boot = logo freeze","✅ Option 5: Check If Boot Drive Is Detected
In BIOS → Storage / Boot: Confirm SSD / HDD is listed
Set Windows Boot Manager as Boot Priority #1
❌ If drive NOT detected:
Desktop: reseat SATA & power cables
Laptop: drive may be failing",PC should pass the manufacturer logo and proceed to Windows boot,medium,Windows 10/11,Desktop/Laptop,"PC stuck on manufacturer logo, frozen at brand logo, stuck at OEM logo screen, POST freeze at logo",
NEW231,Boot,Startup Fails After Installing a Driver,Startup fails after installing a driver,"Startup fails after installing a driver, PC won't boot after driver install, system crashes after driver update, boot failure after driver installation","Incompatible driver, corrupted driver files, driver conflict, or system file corruption from bad driver","✅ Option 1: Enter Windows Recovery (Advanced Startup)
Turn ON the PC
When Windows starts loading → hold Power button to force OFF
Repeat 2–3 times
You'll see Preparing Automatic Repair
Click Advanced options
✔️ This is required to undo the bad driver","✅ Option 2: Boot into Safe Mode (MOST IMPORTANT)
Advanced options → Troubleshoot → Advanced options → Startup Settings → Restart
Press: 4 / F4 → Safe Mode OR 5 / F5 → Safe Mode with Networking
✔️ Safe Mode loads basic drivers only, skipping the broken one","✅ Option 3: Uninstall the Problem Driver (TOP FIX)
In Safe Mode:
Press Win + X → Device Manager
Find the device you updated (GPU / Network / Audio / Storage)
Right-click → Uninstall device
✔️ Check Delete the driver software for this device
Restart PC normally
✔️ Windows will load a stable default driver","✅ Option 4: Roll Back Driver (If Uninstall Is Not Available)
In Device Manager:
Right-click device → Properties
Driver tab → Roll Back Driver
Restart PC
✔️ Reverts to the previous working driver version","✅ Option 5: Disable Automatic Driver Updates (Prevent Re-Install)
Control Panel → System → Advanced system settings
Hardware tab → Device Installation Settings
Select No (your device may not work as expected)
Save
✔️ Stops Windows Update from reinstalling the bad driver",PC should boot normally after removing the problematic driver,medium,Windows 10/11,Desktop/Laptop,"Startup fails after installing a driver, PC won't boot after driver install, system crashes after driver update, boot failure after driver installation",
NEW232,BSOD,Blue Screen Happens When Connecting External Devices,Blue screen happens when I connect external devices,"Blue screen happens when I connect external devices, BSOD when plugging USB, crash when connecting external drive, blue screen on USB device connection","Faulty USB device, bad USB drivers, USB power saving issue, or USB controller failure","✅ Option 1: Identify the Problem Device (FIRST & IMPORTANT)
Shut down the PC
Disconnect ALL external devices (USB drives, external HDD/SSD, phone, printer, webcam, USB hub)
Turn on the PC
Connect devices one by one
✔️ When BSOD happens → the last connected device is the cause","✅ Option 2: Try a Different USB Port or Cable
🔌 Power or cable faults cause crashes.
Plug device into a rear USB port (motherboard port)
Avoid front panel ports
Replace the USB cable
Avoid USB hubs (especially cheap ones)
✔️ If BSOD stops → cable/port issue confirmed","✅ Option 3: Remove Faulty USB Drivers (TOP CAUSE)
Bad USB drivers crash Windows instantly.
Boot into Safe Mode
Press Win + X → Device Manager
Expand: Universal Serial Bus controllers
For each item: Right-click → Uninstall device
Restart PC normally
✔️ Windows will reinstall clean USB drivers automatically","✅ Option 4: Disable USB Power Saving (VERY IMPORTANT)
Power-saving features can crash USB devices.
Device Manager → Universal Serial Bus controllers
Right-click USB Root Hub
Properties → Power Management
❌ Uncheck: Allow the computer to turn off this device to save power
Click OK → Restart PC
✔️ Fixes BSOD when plugging devices","✅ Option 5: Disable Fast Startup (IMPORTANT)
Fast Startup breaks USB initialization.
Control Panel → Power Options
Choose what the power buttons do
Click Change settings currently unavailable
❌ Uncheck Turn on fast startup
Save → Restart",PC should not crash when connecting external devices,medium,Windows 10/11,Desktop/Laptop,"Blue screen happens when I connect external devices, BSOD when plugging USB, crash when connecting external drive, blue screen on USB device connection",
NEW233,BSOD,Windows Crashes When Using Heavy Applications,Windows crashes when using heavy applications,"Windows crashes when using heavy applications, BSOD during gaming, crash when rendering, blue screen under heavy load, system crash during intensive tasks","Overheating, overclocking instability, GPU driver issue, RAM failure, or power supply problem","✅ Option 1: Check Temperatures (TOP CAUSE)
🔥 Heavy apps push CPU & GPU to the limit.
Install a monitor tool (HWMonitor / MSI Afterburner)
Run the heavy app
Watch temps: CPU<85°C & GPU<90°C
❌ If temps spike → crash confirmed
✔️ Fix by cleaning dust, improving airflow, replacing thermal paste, or reducing load","✅ Option 2: Disable Overclocking (VERY IMPORTANT)
⚠️ Overclocking is unstable under heavy load.
Restart PC → Enter BIOS / UEFI (DEL / F2 / F10 / ESC)
Select Load Optimized Defaults
Disable: CPU overclock & GPU overclock & XMP / DOCP (RAM)
Save & Exit
✔️ This alone fixes many ""crash under load"" issues","✅ Option 3: Clean Reinstall GPU Driver (CRITICAL)
🎮 GPU drivers are the #1 cause during gaming/rendering.
Boot into Safe Mode
Use DDU (Display Driver Uninstaller) to remove GPU driver
Restart normally
Install latest stable driver from: NVIDIA / AMD / Intel official site
❌ Do NOT install beta drivers
✔️ Avoid driver updater tools","✅ Option 4: Test RAM (High-Load Failures)
🧠 Heavy apps stress RAM hard.
Press Win + R
Type: mdsched.exe
Choose Restart now and check for problems
❌ Any error = faulty RAM
✔️ If multiple sticks → test one at a time
✔️ Keep XMP disabled if crashes stop","✅ Option 5: Repair Windows System Files
🛠️ Corruption shows up during stress.
Open Command Prompt (Admin) and run:
sfc /scannow
DISM /Online /Cleanup-Image /RestoreHealth
Restart after completion.",Heavy applications should run without causing system crashes,high,Windows 10/11,Desktop/Laptop,"Windows crashes when using heavy applications, BSOD during gaming, crash when rendering, blue screen under heavy load, system crash during intensive tasks",
NEW234,BSOD,BSOD Keeps Appearing Again and Again,BSOD keeps appearing again and again,"BSOD keeps appearing again and again, repeated blue screen errors, continuous system crashes, endless BSOD loop, recurring blue screen","Faulty driver, overclocking instability, RAM failure, disk corruption, or system file damage","✅ Option 1: Boot into Safe Mode (MOST IMPORTANT)
Safe Mode helps confirm if the cause is driver/software.
Force shut down during startup 3 times
You'll see Preparing Automatic Repair
Go to: Advanced options → Troubleshoot → Advanced options → Startup Settings → Restart
Press 4 → Safe Mode
✔️ If BSOD stops in Safe Mode → driver or software issue confirmed","✅ Option 2: Remove Faulty Drivers (TOP CAUSE)
In Safe Mode → Win + X → Device Manager
Uninstall recently installed or suspicious drivers: Display (GPU) / Network /Storage controller
Restart PC
❌ Don't use driver updater tools
✔️ Install only official stable drivers","✅ Option 3: Disable Overclocking (CRITICAL)
Overclocking causes endless BSOD loops.
Restart → Enter BIOS / UEFI (DEL / F2 / F10 / ESC)
Choose Load Optimized Defaults
Disable: CPU overclock / GPU overclock /XMP / DOCP (RAM)
Save & Exit
✔️ This alone fixes many systems","✅ Option 4: Repair Disk & System Files
Corruption = repeated crashes.
From Advanced options → Command Prompt, run:
chkdsk c: /f /r
sfc /scannow /offbootdir=C:\ /offwindir=C:\Windows
⏳ Let it complete → Restart","✅ Option 5: Test RAM (VERY COMMON)
Faulty RAM = random BSODs.
Press Win + R
Type: mdsched.exe
Choose Restart now and check for problems
❌ Any error = bad RAM
✔️ Test one stick at a time if needed",BSOD should stop appearing repeatedly,high,Windows 10/11,Desktop/Laptop,"BSOD keeps appearing again and again, repeated blue screen errors, continuous system crashes, endless BSOD loop, recurring blue screen",
NEW235,BSOD,Blue Screen Error Started After Installing New Software,Blue screen error started after installing new software,"Blue screen error started after installing new software, BSOD after software install, crash after installing program, blue screen after new app","Incompatible software, software-installed driver conflict, malware, or system file corruption from bad software","✅ Option 1: Boot into Safe Mode (FIRST STEP)
Safe Mode prevents the new software from loading.
Force shut down during startup 3 times
You'll see Preparing Automatic Repair
Go to: Advanced options → Troubleshoot → Advanced options → Startup Settings → Restart
Press 4 → Safe Mode
✔️ If BSOD does not appear in Safe Mode → the software is confirmed as the cause","✅ Option 2: Uninstall the Problem Software (TOP FIX)
In Safe Mode: Settings → Apps → Installed apps
Uninstall the recently installed software
Restart PC normally
✔️ Most BSODs caused by software stop here","✅ Option 3: Remove Leftover Drivers & Services
Some apps install hidden drivers (VPNs, antivirus, emulators).
Press Win + X → Device Manager
Enable: View → Show hidden devices
Uninstall: Virtual adapters / Filter drivers / Unknown drivers
✔️ Especially common with VPN, firewall, emulator, and RGB tools","✅ Option 4: Use System Restore (SAFE & EFFECTIVE)
Roll back Windows to a stable point.
Advanced options → System Restore
Select a restore point before the software was installed
Restore → Restart
✔️ Completely reverses system-level changes","✅ Option 5: Repair System Files
If software damaged system files:
Open Command Prompt (Admin) and run:
sfc /scannow
DISM /Online /Cleanup-Image /RestoreHealth
Restart after completion.",BSOD should stop after removing the problematic software,medium,Windows 10/11,Desktop/Laptop,"Blue screen error started after installing new software, BSOD after software install, crash after installing program, blue screen after new app",
NEW236,BSOD,PC Freezes and Then Shows a Blue Screen,PC freezes and then shows a blue screen,"PC freezes and then shows a blue screen, system freezes before BSOD, computer hangs then crashes, freeze followed by blue screen","Overheating, overclocking instability, RAM failure, GPU driver crash, or power supply issue","✅ Option 1: Check What Happens Before the Freeze (IMPORTANT)
Ask yourself:
Does it freeze while gaming / heavy apps?
Does it freeze when idle?
Does it freeze after connecting USB devices?
📌 This helps identify the root cause, but continue with the steps below regardless.","✅ Option 2: Check CPU & GPU Temperatures (TOP CAUSE)
🔥 Freezing before BSOD = overheating.
Install a temp monitor (HWMonitor / MSI Afterburner)
Use the PC normally until it freezes
Watch temperatures: CPU: below ~85°C & GPU: below ~90°C
❌ If temps spike → crash confirmed
✔️ Fix: clean dust, improve airflow, replace thermal paste, increase fan speed","✅ Option 3: Disable Overclocking (VERY IMPORTANT)
⚠️ Overclocking causes freezes before crashes.
Restart PC → Enter BIOS / UEFI (DEL / F2 / F10 / ESC)
Select Load Optimized Defaults
Disable: CPU overclock / GPU overclock / XMP / DOCP (RAM)
Save & Exit
✔️ This alone fixes many ""freeze then BSOD"" issues","✅ Option 4: Test RAM (EXTREMELY COMMON)
🧠 RAM errors cause system hangs first.
Press Win + R
Type: mdsched.exe
Select Restart now and check for problems
❌ Any error = faulty RAM
✔️ If you have 2 sticks → test one at a time
✔️ Keep XMP disabled if freezes stop","✅ Option 5: Clean Reinstall GPU Driver
🎮 GPU driver crashes often cause freezing first.
Boot into Safe Mode
Use DDU (Display Driver Uninstaller) to remove GPU drivers
Restart normally
Install the latest stable GPU driver (no beta)
✔️ Fixes freezes + BSOD during graphics load",PC should not freeze before showing blue screen,high,Windows 10/11,Desktop/Laptop,"PC freezes and then shows a blue screen, system freezes before BSOD, computer hangs then crashes, freeze followed by blue screen",
NEW237,BSOD,Windows Crashes When Waking From Sleep,Windows crashes when waking from sleep,"Windows crashes when waking from sleep, BSOD after sleep mode, blue screen on wake, crash when resuming from sleep","Fast startup conflict, GPU driver issue, USB power saving, outdated BIOS/chipset, or sleep state corruption","✅ Option 1: Disable Fast Startup (TOP FIX)
Fast Startup conflicts with sleep/hibernate drivers.
Control Panel → Power Options
Choose what the power buttons do
Click Change settings currently unavailable
❌ Uncheck Turn on fast startup
Save → Restart PC
✔️ This alone fixes many wake-from-sleep crashes","✅ Option 2: Update or Clean Reinstall GPU Driver (CRITICAL)
Display drivers often fail during power state changes.
Boot into Safe Mode
Use DDU (Display Driver Uninstaller) to remove GPU drivers
Restart normally
Install the latest stable GPU driver from NVIDIA / AMD / Intel
❌ Avoid beta drivers
✔️ Clean install is important","✅ Option 3: Disable USB Power Saving
USB devices can crash Windows during wake.
Device Manager → Universal Serial Bus controllers
For each USB Root Hub: Properties → Power Management
❌ Uncheck Allow the computer to turn off this device to save power
Restart PC
✔️ Fixes BSOD on wake with mouse/keyboard/USB devices","✅ Option 4: Update BIOS / Chipset Drivers
Old firmware causes sleep-state crashes.
Update Chipset drivers
Update BIOS/UEFI (only from motherboard manufacturer)
⚠️ Do not interrupt BIOS update","✅ Option 5: Change Sleep & Power Settings
Prevent unstable sleep states.
Control Panel → Power Options → Change plan settings
Click Change advanced power settings
Set:
Sleep → Hibernate after → ❌ Never
Sleep → Allow hybrid sleep → ❌ Off
PCI Express → Link State Power Management → ❌ Off
USB selective suspend → ❌ Disabled
✔️ Stabilizes wake-up process",Windows should wake from sleep without crashing,medium,Windows 10/11,Desktop/Laptop,"Windows crashes when waking from sleep, BSOD after sleep mode, blue screen on wake, crash when resuming from sleep",
NEW238,BSOD,PC Shows Different BSOD Errors Every Time,My PC shows different BSOD errors every time,"My PC shows different BSOD errors every time, random blue screen codes, various stop codes, different BSOD errors each crash","Overclocking instability, faulty RAM, overheating, driver corruption, or disk corruption","✅ Option 1: Disable ALL Overclocking (MOST IMPORTANT)
⚠️ Random BSOD codes = unstable hardware timings.
Restart → Enter BIOS / UEFI (DEL / F2 / F10 / ESC)
Choose Load Optimized Defaults / Default Settings
Disable: CPU overclock / GPU overclock / XMP / DOCP (RAM)
Save & Exit
✔️ This step alone fixes many ""random BSOD"" systems","✅ Option 2: Test RAM Thoroughly (TOP CAUSE)
🧠 Faulty or unstable RAM causes different errors every crash.
Press Win + R
Type: mdsched.exe
Select Restart now and check for problems
❌ Any error = bad RAM
✔️ If you have multiple RAM sticks:
Test one at a time
Keep XMP disabled","✅ Option 3: Check Temperatures (CPU & GPU)
🔥 Overheating causes unpredictable crashes.
Monitor temps during use
CPU should stay <85°C & GPU should stay <90°C
✔️ Clean dust
✔️ Improve airflow
✔️ Replace thermal paste if old","✅ Option 4: Clean Reinstall GPU & Chipset Drivers
🎮 Driver corruption = random STOP codes.
Boot into Safe Mode
Use DDU to remove GPU drivers
Reboot normally
Install latest stable drivers only
❌ Avoid beta drivers
❌ Avoid driver updater tools","✅ Option 5: Repair Disk & System Files
💽 Disk corruption causes varied BSODs.
Open Command Prompt (Admin):
chkdsk c: /f /r
sfc /scannow
DISM /Online /Cleanup-Image /RestoreHealth
Restart after completion.",BSOD errors should stop appearing randomly,high,Windows 10/11,Desktop/Laptop,"My PC shows different BSOD errors every time, random blue screen codes, various stop codes, different BSOD errors each crash",
NEW239,BSOD,System Crashes Under High Load and Shows BSOD,System crashes under high load and shows BSOD,"System crashes under high load and shows BSOD, PC crashes during gaming, BSOD under stress, blue screen during intensive tasks, crash under heavy load","Overheating, overclocking instability, RAM failure, GPU driver issue, or insufficient power supply","✅ Option 1: Check CPU & GPU Temperatures (TOP CAUSE)
Install a monitor (HWMonitor / MSI Afterburner)
Start the heavy app/game
Watch temps: CPU: keep < 85°C & GPU: keep < 90°C
❌ If temps spike → crash confirmed
✔️ Fix: clean dust, improve airflow, increase fan curve, replace old thermal paste","✅ Option 2: Disable ALL Overclocking (CRITICAL)
⚠️ Overclocks often pass light use but fail under stress.
Restart → Enter BIOS / UEFI (DEL / F2 / F10 / ESC)
Load Optimized Defaults
Disable: CPU overclock / GPU overclock / XMP / DOCP (RAM)
Save & Exit
✔️ This alone fixes many ""high-load BSOD"" cases","✅ Option 3: Test RAM Stability (VERY COMMON)
🧠 Heavy workloads stress RAM the most.
Press Win + R → type: mdsched.exe
Choose Restart now and check for problems
❌ Any error = faulty/unstable RAM
✔️ If multiple sticks → test one at a time
✔️ Keep XMP OFF if crashes stop","✅ Option 4: Clean Reinstall GPU Driver
🎮 GPU drivers are the #1 crash source under load.
Boot into Safe Mode
Use DDU (Display Driver Uninstaller) to remove GPU drivers
Restart normally
Install the latest stable driver (avoid beta)
❌ Don't use driver updater tools","✅ Option 5: Check Power Supply (OFTEN MISSED)
⚡ Under load, a weak PSU can't deliver enough power.
Signs:
Instant crash/reboot under load
BSOD appears only during gaming/rendering
System is stable at idle
✔️ Use a quality PSU with enough wattage
✔️ Replace old/generic power supplies",System should handle high load without crashing,high,Windows 10/11,Desktop/Laptop,"System crashes under high load and shows BSOD, PC crashes during gaming, BSOD under stress, blue screen during intensive tasks, crash under heavy load",
NEW240,Network,Browser Shows ERR_NAME_NOT_RESOLVED,My browser shows ERR_NAME_NOT_RESOLVED and cannot find the website's IP address,"My browser shows ERR_NAME_NOT_RESOLVED and cannot find the website's IP address, DNS resolution failed, website IP not found, ERR_NAME_NOT_RESOLVED error","DNS server issue, incorrect DNS settings, DNS cache corruption, or network configuration problem","✅ Option 1: Check the Website Name (Very Important)
Make sure the URL is typed correctly
Try opening a different website (google.com)
If all websites fail → continue steps","✅ Option 2: Restart Internet & PC (Fast Fix)
Restart your router / modem
Restart your computer
✔ Clears temporary DNS glitches","✅ Option 3: Flush DNS Cache (MOST EFFECTIVE)
Press Win + R
Type cmd → Press Ctrl + Shift + Enter
Click Yes (Administrator)
Run this command: ipconfig /flushdns
✔ You should see: Successfully flushed the DNS Resolver Cache","✅ Option 4: Change DNS to Google / Cloudflare (BEST FIX)
Google DNS : Preferred DNS: 8.8.8.8 / Alternate DNS: 8.8.4.4
Cloudflare DNS : Preferred DNS: 1.1.1.1 / Alternate DNS: 1.0.0.1
🔹 How to change DNS
Control Panel → Network & Internet
Network and Sharing Center
Change adapter settings
Right-click your network → Properties
Internet Protocol Version 4 (IPv4)
Use the DNS above → OK
Restart browser","✅ Option 5: Disable VPN / Proxy / Ad-blocker
Turn OFF VPN
Disable Proxy
Temporarily disable AdBlock / Antivirus web protection
These often break DNS resolution.",Browser should be able to resolve website names and load pages,low,Windows 10/11,Desktop/Laptop,"My browser shows ERR_NAME_NOT_RESOLVED and cannot find the website's IP address, DNS resolution failed, website IP not found, ERR_NAME_NOT_RESOLVED error",
NEW241,Network,DNS_PROBE_FINISHED_NXDOMAIN Error,I get DNS_PROBE_FINISHED_NXDOMAIN because the domain name does not exist or DNS failed,"I get DNS_PROBE_FINISHED_NXDOMAIN because the domain name does not exist or DNS failed, DNS probe finished NXDOMAIN, domain not found error, DNS resolution failure","Incorrect domain name, DNS server failure, DNS cache issue, or network configuration problem","✅ Option 1: Check the Website Name (IMPORTANT)
Make sure spelling is correct
Remove www and try again
Try opening google.com
🔹 If only one website fails, the domain may truly not exist
🔹 If all websites fail, continue steps","✅ Option 2: Restart Router & Computer (Quick Fix)
Turn off router/modem (30 seconds)
Turn it back on
Restart your PC
✔ Clears DNS and IP conflicts","✅ Option 3: Flush DNS Cache (MOST EFFECTIVE)
Press Win + R
Type cmd → Press Ctrl + Shift + Enter
Click Yes
Run: ipconfig /flushdns
✔ Message should say Successfully flushed the DNS Resolver Cache","✅ Option 4: Change DNS to Google or Cloudflare (BEST FIX)
🔹 Google DNS : 8.8.8.8 / 8.8.4.4
🔹 Cloudflare DNS : 1.1.1.1 / 1.0.0.1
✔ How to change
Control Panel → Network & Internet
Network and Sharing Center
Change adapter settings
Right-click active network → Properties
Internet Protocol Version 4 (IPv4)
Use the DNS above → OK
Restart browser","✅ Option 5: Reset Network Stack (Advanced)
Open Command Prompt (Admin)
Run: 
netsh winsock reset
netsh int ip reset
Restart PC",DNS should resolve domain names correctly,low,Windows 10/11,Desktop/Laptop,"I get DNS_PROBE_FINISHED_NXDOMAIN because the domain name does not exist or DNS failed, DNS probe finished NXDOMAIN, domain not found error, DNS resolution failure",
NEW242,Network,DNS_PROBE_FINISHED_NO_INTERNET Error,DNS_PROBE_FINISHED_NO_INTERNET appears even though DNS works but there is no internet access,"DNS_PROBE_FINISHED_NO_INTERNET appears even though DNS works but there is no internet access, DNS probe finished no internet, no internet connection, DNS works but no internet","ISP connection issue, router problem, VPN interference, or network configuration error","✅ Option 1: Check Internet on Other Devices (IMPORTANT)
Open the same website on mobile (Wi-Fi)
Open the site using mobile data
🔹 If no device works → ISP / router issue
🔹 If only your PC fails → continue steps","✅ Option 2: Restart Router & Modem (MOST COMMON FIX)
Turn off router + modem
Wait 30–60 seconds
Turn them back on
Wait until internet light is stable
✔ Fixes temporary ISP handshake failures","✅ Option 3: Reconnect Network on PC
Click Wi-Fi icon
Turn Wi-Fi OFF → wait 10 seconds
Turn Wi-Fi ON
Reconnect to your network
✔ Forces a new IP and gateway assignment","✅ Option 4: Run Windows Network Reset (BEST FIX)
Open Command Prompt (Admin)
Run these commands one by one:
ipconfig /release
ipconfig /renew
ipconfig /flushdns
✔ Fixes IP, gateway, and DNS routing issues","✅ Option 5: Disable VPN / Proxy (CRITICAL)
Turn OFF VPN apps
Go to Settings → Network → Proxy
Turn Proxy OFF
✔ VPNs often cause this exact error.",Internet connection should work properly,medium,Windows 10/11,Desktop/Laptop,"DNS_PROBE_FINISHED_NO_INTERNET appears even though DNS works but there is no internet access, DNS probe finished no internet, no internet connection, DNS works but no internet",
NEW243,Network,DNS_PROBE_STARTED Keeps Loading,The browser shows DNS_PROBE_STARTED and keeps loading without opening the website,"The browser shows DNS_PROBE_STARTED and keeps loading without opening the website, DNS probe started hanging, website keeps loading, DNS timeout","DNS server timeout, slow DNS response, network congestion, or DNS cache issue","✅ Option 1: Check If Internet Is Actually Working
Open google.com or youtube.com
Try on another device (same Wi-Fi)
🔹 If no sites open → router / ISP problem
🔹 If only this PC fails → continue steps","✅ Option 2: Restart Router & PC (Fast Fix)
Turn off router/modem (30 seconds)
Turn it back on
Restart your computer
✔ Fixes DNS request hanging","✅ Option 3: Flush DNS Cache (MOST EFFECTIVE)
Press Win + R
Type cmd → Press Ctrl + Shift + Enter
Click Yes
Run: ipconfig /flushdns
✔ Clears stuck DNS requests","✅ Option 4: Change DNS Server (BEST FIX)
Set a stable public DNS:
🔹 Google DNS : 8.8.8.8 / 8.8.4.4
🔹 Cloudflare DNS : 1.1.1.1 / 1.0.0.1
✔ Prevents DNS timeout issues","✅ Option 5: Disable VPN, Proxy & Extensions
Turn OFF VPN
Disable Proxy (Settings → Network → Proxy)
Disable AdBlock / Security extensions
These often block DNS resolution.",Websites should load without hanging on DNS probe,low,Windows 10/11,Desktop/Laptop,"The browser shows DNS_PROBE_STARTED and keeps loading without opening the website, DNS probe started hanging, website keeps loading, DNS timeout",
NEW244,Network,ERR_SSL_PROTOCOL_ERROR,ERR_SSL_PROTOCOL_ERROR appears when the secure HTTPS connection fails,"ERR_SSL_PROTOCOL_ERROR appears when the secure HTTPS connection fails, SSL protocol error, HTTPS connection failed, SSL handshake error","Incorrect system date/time, corrupted SSL cache, antivirus interference, or VPN/proxy issue","✅ Option 1: Check Date & Time (VERY IMPORTANT)
Incorrect time breaks SSL certificates.
Right-click date & time (bottom-right)
Click Adjust date/time
Turn ON: Set time automatically & Set time zone automatically
Click Sync now
✔ Restart browser and test again","✅ Option 2: Clear Browser Cache & Cookies (Chrome / Edge)
Press Ctrl + Shift + Delete
Select: Cached images and files & Cookies and site data
Time range → All time
Click Clear data
✔ Fixes corrupted SSL sessions","✅ Option 3: Clear SSL State (Windows Fix)
Open Control Panel
Go to Internet Options
Open Content tab
Click Clear SSL state
Click OK
✔ This is one of the most effective fixes","✅ Option 4: Disable Antivirus / Firewall Temporarily
✔ Turn OFF:
Antivirus web protection
HTTPS / SSL scanning
Firewall (temporary)
⚠️ If error disappears → add browser as exception","✅ Option 5: Disable VPN / Proxy
Turn OFF VPN
Go to Settings → Network → Proxy
Ensure Proxy = OFF
✔ VPNs often break SSL handshakes",HTTPS websites should load without SSL protocol errors,medium,Windows 10/11,Desktop/Laptop,"ERR_SSL_PROTOCOL_ERROR appears when the secure HTTPS connection fails, SSL protocol error, HTTPS connection failed, SSL handshake error",
NEW245,Network,ERR_CERT_AUTHORITY_INVALID,I see ERR_CERT_AUTHORITY_INVALID because the website's security certificate is not trusted,"I see ERR_CERT_AUTHORITY_INVALID because the website's security certificate is not trusted, certificate authority invalid, untrusted certificate, SSL certificate error","Incorrect system date/time, outdated browser, corrupted SSL cache, antivirus SSL scanning, or VPN certificate replacement","✅ Option 1: Fix Date & Time (MOST IMPORTANT)
SSL certificates depend on correct time.
Right-click the clock → Adjust date/time
Turn ON: Set time automatically & Set time zone automatically
Click Sync now
Restart browser
✔ This alone fixes many cases","✅ Option 2: Update Browser & Windows
Outdated security certificates cause trust failures.
Update Chrome / Edge / Firefox
Run Windows Update
Restart PC","✅ Option 3: Clear Browser Cache & SSL State
Press Ctrl + Shift + Delete
Select: Cookies & Cached images/files
Time range → All time → Clear data
🔹 Clear SSL state (Windows)
Control Panel → Internet Options
Content tab
Click Clear SSL state → OK","✅ Option 4: Disable Antivirus HTTPS / SSL Scanning
Open antivirus settings
Turn OFF: HTTPS scanning / SSL inspection / Web protection (temporarily)
🔹 If error disappears → add browser as exception","✅ Option 5: Disable VPN / Proxy
Turn OFF VPN
Settings → Network → Proxy
Ensure Proxy = OFF
VPNs often replace certificates → browser rejects them.",Websites should load without certificate authority errors,medium,Windows 10/11,Desktop/Laptop,"I see ERR_CERT_AUTHORITY_INVALID because the website's security certificate is not trusted, certificate authority invalid, untrusted certificate, SSL certificate error",
NEW246,Network,ERR_CERT_DATE_INVALID,ERR_CERT_DATE_INVALID appears because the certificate is expired or my system date is wrong,"ERR_CERT_DATE_INVALID appears because the certificate is expired or my system date is wrong, certificate date invalid, expired certificate, SSL date error","Incorrect system date/time, expired certificate, outdated browser, or corrupted SSL cache","✅ Option 1: Fix Date, Time & Time Zone (MOST IMPORTANT)
This fixes the issue in most cases.
Right-click the clock → Adjust date & time
Turn ON: Set time automatically & Set time zone automatically
Click Sync now
Restart the browser
✔ SSL certificates require exact time","✅ Option 2: Restart PC & Try Again
Ensures time sync and services reload
Reopen the website after restart","✅ Option 3: Update Browser & Windows
Update Chrome / Edge / Firefox
Run Windows Update
Restart PC","✅ Option 4: Clear Browser Cache & SSL State
Clear browser cache
Press Ctrl + Shift + Delete
Select: Cookies & Cached images/files
Time range → All time → Clear data
🔹 Clear SSL state (Windows)
Control Panel → Internet Options
Content tab
Click Clear SSL state → OK","✅ Option 5: Disable Antivirus HTTPS Scanning
Open antivirus settings
Disable: HTTPS / SSL scanning & Web protection (temporarily)
🔹 If fixed → add browser to exceptions",Websites should load without certificate date errors,low,Windows 10/11,Desktop/Laptop,"ERR_CERT_DATE_INVALID appears because the certificate is expired or my system date is wrong, certificate date invalid, expired certificate, SSL date error",
NEW247,Network,Browser and Website Security Settings Mismatch,This error appears because my browser and the website's security settings do not match,"This error appears because my browser and the website's security settings do not match, security settings mismatch, TLS version mismatch, browser security error","Outdated browser, outdated Windows, disabled TLS versions, corrupted SSL cache, or antivirus interference","STEP 1: Update Browser (MOST IMPORTANT)
Update Chrome / Edge / Firefox to the latest version
Restart browser
👉 This alone fixes many cases.","✅ Option 2: Update Windows (Critical)
Settings → Windows Update
Install all available updates
Restart PC
✔ Especially important on Windows 7 / 8 / old Windows 10 builds","✅ Option 3: Enable Modern TLS Versions (Windows)
Press Win + R → type: inetcpl.cpl
Go to Advanced tab
Under Security, ensure these are ✔ checked:
TLS 1.2 & TLS 1.3 (if available)
❌ Uncheck only if required: SSL 3.0 (insecure)
Click Apply → OK
Restart browser","✅ Option 4: Clear SSL State
Control Panel → Internet Options
Content tab
Click Clear SSL state
OK → Restart browser
✔ Removes corrupted SSL sessions","✅ Option 5: Disable Antivirus HTTPS / SSL Inspection
Open antivirus settings
Disable: HTTPS scanning / SSL inspection / Encrypted traffic scanning (temporarily)
🔹 If fixed → add browser as exception",Browser should connect to websites without security settings mismatch,low,Windows 10/11,Desktop/Laptop,"This error appears because my browser and the website's security settings do not match, security settings mismatch, TLS version mismatch, browser security error",
NEW248,Network,400 Bad Request Error,The website shows a 400 Bad Request error because the server cannot understand my request,"The website shows a 400 Bad Request error because the server cannot understand my request, 400 error, bad request, HTTP 400 error","Malformed URL, corrupted cookies/cache, browser extension interference, or network configuration issue","✅ Option 1: Reload & Check the URL (IMPORTANT)
Press Ctrl + F5 (hard refresh)
Remove: Extra symbols / Spaces / Random characters after ? or &
🔹 Example problem: https://example.com/page?%%$","✅ Option 2: Clear Cookies & Cache (MOST COMMON FIX)
Press Ctrl + Shift + Delete
Select: Cookies and site data & Cached images and files
Time range → All time
Click Clear data
Restart browser
✔ Fixes corrupted request data","✅ Option 3: Open Website in Incognito / Private Mode
Chrome: Ctrl + Shift + N
Edge/Firefox: Ctrl + Shift + P
🔹 If it works → cookies or extensions are the issue","✅ Option 4: Disable Browser Extensions
Open Extensions/Add-ons
Disable all extensions
Restart browser
Test website
✔ Ad-blockers and privacy tools often cause 400 errors","✅ Option 5: Clear DNS & Reset Network (Recommended)
Open Command Prompt (Admin) and run: 
ipconfig /flushdns
netsh winsock reset
Restart PC after.",Website should load without 400 Bad Request errors,low,Windows 10/11,Desktop/Laptop,"The website shows a 400 Bad Request error because the server cannot understand my request, 400 error, bad request, HTTP 400 error",
NEW249,Network,401 Unauthorized Error,I get a 401 Unauthorized error because login is required to access this page,"I get a 401 Unauthorized error because login is required to access this page, 401 error, unauthorized access, login required error","Expired session, invalid credentials, corrupted cookies, or browser extension blocking authentication","✅ Option 1: Log In Again (MOST COMMON FIX)
Click Login / Sign in on the website
Enter correct username & password
Try opening the page again
🔹 Sessions often expire automatically.","✅ Option 2: Refresh Session (Quick Fix)
Press Ctrl + F5 (hard refresh)
Or log out → log back in
✔ Forces the website to issue a new session token","✅ Option 3: Clear Cookies for That Website
Corrupted cookies often cause 401 errors.
Press Ctrl + Shift + Delete
Select: Cookies and site data
Time range → All time (or site-specific if preferred)
Clear data
Restart browser
Log in again","✅ Option 4: Open in Incognito / Private Mode
Chrome: Ctrl + Shift + N
Edge/Firefox: Ctrl + Shift + P
🔹 If it works here → browser cookies/extensions caused the issue","✅ Option 5: Disable Extensions Temporarily
✔ Disable:
Ad blockers / Script blockers / Privacy extensions
These can block authentication headers or cookies.",Website should allow access after proper login,low,Windows 10/11,Desktop/Laptop,"I get a 401 Unauthorized error because login is required to access this page, 401 error, unauthorized access, login required error",
NEW250,Network,403 Forbidden Error,The website shows 403 Forbidden because I do not have permission to access the page,"The website shows 403 Forbidden because I do not have permission to access the page, 403 error, forbidden access, permission denied error","Not logged in, insufficient permissions, VPN/proxy blocking, or browser extension interference","✅ Option 1: Check Login & Account (MOST COMMON)
Make sure you are logged in
Log out → log in again
Try opening the page after login
🔹 Some pages are members-only / admin-only","✅ Option 2: Hard Refresh the Page
Press Ctrl + F5
This reloads the page without cached permissions.","✅ Option 3: Clear Cookies for That Website
Press Ctrl + Shift + Delete
Select Cookies and site data
Clear data
Restart browser
Log in again","✅ Option 4: Disable VPN / Proxy (VERY IMPORTANT)
Turn OFF VPN
Settings → Network → Proxy → OFF
🔹 Many websites block VPN IP addresses.","✅ Option 5: Try Incognito / Private Mode
Chrome: Ctrl + Shift + N
Edge/Firefox: Ctrl + Shift + P
🔹 If it works here → cookies or extensions are the problem.",Website should allow access if user has proper permissions,low,Windows 10/11,Desktop/Laptop,"The website shows 403 Forbidden because I do not have permission to access the page, 403 error, forbidden access, permission denied error",
NEW251,Network,404 Not Found Error,I see a 404 Not Found error because the page does not exist or was removed,"I see a 404 Not Found error because the page does not exist or was removed, 404 error, page not found, file not found error","Incorrect URL, page moved or deleted, cached old URL, or website structure changed","✅ Option 1: Check the URL Carefully (MOST COMMON)
Look for:
Spelling mistakes
Missing or extra / Wrong file name (.html, .php, etc.)
🔹 Example: /contact-us /contactus   ❌","✅ Option 2: Reload & Hard Refresh
Press F5 Or press Ctrl + F5 (hard refresh)
Sometimes the browser loads an old cached path.","✅ Option 3: Go to the Website Home Page
Remove everything after the domain:
https://example.com/page123 → https://example.com
Navigate using the site menu
🔹 The page may have been moved to a new location","✅ Option 4: Use the Website Search or Sitemap
Use the website's search bar
Look for: Updated page / New article URL /Renamed section","✅ Option 5: Try a Search Engine
✔ Search: site:example.com page name
This often shows the new URL if the page was moved.","Correct URL should load the page, or confirm the page no longer exists",low,Windows 10/11,Desktop/Laptop,"I see a 404 Not Found error because the page does not exist or was removed, 404 error, page not found, file not found error",
NEW252,Network,408 Request Timeout Error,A 408 Request Timeout error appears because the server took too long to respond,"A 408 Request Timeout error appears because the server took too long to respond, 408 error, request timeout, server timeout error","Slow internet connection, server overload, VPN latency, or network congestion","✅ Option 1: Reload the Page (FAST FIX)
Press F5 Or Ctrl + F5 (hard refresh)
Temporary delays often disappear on reload.","✅ Option 2: Check Your Internet Speed & Stability
Try opening other websites
Restart router / modem
🔹 If internet is slow or unstable, 408 errors are common.","✅ Option 3: Disable VPN / Proxy (VERY IMPORTANT)
Turn OFF VPN
Settings → Network → Proxy → OFF
VPNs add latency and often trigger timeouts.","✅ Option 4: Clear Browser Cache & Cookies
Press Ctrl + Shift + Delete
Select: Cached images/files & Cookies and site data
Time range → All time
Clear data
Restart browser
✔ Removes stuck or slow requests.","✅ Option 5: Try Incognito / Another Browser
Open Incognito / Private mode
Try a different browser
🔹 Helps rule out extensions or browser issues.",Website should respond within timeout period,low,Windows 10/11,Desktop/Laptop,"A 408 Request Timeout error appears because the server took too long to respond, 408 error, request timeout, server timeout error",
NEW253,Network,500 Internal Server Error,The website shows a 500 Internal Server Error due to a server problem,"The website shows a 500 Internal Server Error due to a server problem, 500 error, internal server error, server error","Server-side issue, website maintenance, server overload, or temporary server failure","✅ Option 1: Reload the Page (Quick Check)
Press F5 Or Ctrl + F5
Sometimes the server recovers instantly.","✅ Option 2: Try Another Page on the Same Website
Open the homepage
Click a different section
🔹 If other pages load → only one page is broken
🔹 If nothing loads → server issue","✅ Option 3: Clear Browser Cache or Use Incognito
Open Incognito / Private mode
Or clear browser cache
🔹 This rarely fixes 500, but helps rule out client issues.","✅ Option 4: Try Another Browser or Device
Test on a different browser
Test on mobile data
🔹 If it fails everywhere → server problem confirmed.","✅ Option 5: Disable VPN / Proxy
Turn OFF VPN
Ensure Proxy is OFF
Some servers block VPN traffic and return 500 errors.",Website should load if server issue is resolved,low,Windows 10/11,Desktop/Laptop,"The website shows a 500 Internal Server Error due to a server problem, 500 error, internal server error, server error",
NEW254,Network,502 Bad Gateway Error,I get a 502 Bad Gateway error because the server received an invalid response,"I get a 502 Bad Gateway error because the server received an invalid response, 502 error, bad gateway, gateway error","Server gateway issue, backend server problem, network routing issue, or VPN interference","✅ Option 1: Reload the Page (Quick Check)
Press F5 or Ctrl + F5
Temporary backend hiccups often resolve on reload.","✅ Option 2: Try Another Page or the Homepage
Open the site's homepage
Click a different section
🔹 If one page fails → page-specific backend issue
🔹 If all pages fail → server-wide issue","✅ Option 3: Check on Another Network or Device
Try mobile data
Try a different device
🔹 If it fails everywhere → server problem confirmed.","✅ Option 4: Disable VPN / Proxy
Turn OFF VPN
Ensure Proxy = OFF
Some gateways block or mishandle VPN traffic.","✅ Option 5: Clear Browser Cache or Use Incognito
Open Incognito / Private mode
Or clear cache
This rarely fixes 502, but rules out local issues.",Website should load if gateway issue is resolved,low,Windows 10/11,Desktop/Laptop,"I get a 502 Bad Gateway error because the server received an invalid response, 502 error, bad gateway, gateway error",
NEW255,Network,503 Service Unavailable Error,A 503 Service Unavailable error appears because the website is overloaded or under maintenance,"A 503 Service Unavailable error appears because the website is overloaded or under maintenance, 503 error, service unavailable, maintenance mode","Server overload, website maintenance, temporary server shutdown, or high traffic","✅ Option 1: Reload the Page After a Short Wait
Wait 1–5 minutes
Press F5 or Ctrl + F5
✔ Most 503 errors are temporary.","✅ Option 2: Try Another Page or the Homepage
Open the homepage
Navigate via menus
🔹 If some pages load → partial outage
🔹 If nothing loads → site-wide issue","✅ Option 3: Check on Another Network or Device
Try mobile data
Try a different device
🔹 If it fails everywhere → server overload confirmed.","✅ Option 4: Disable VPN / Proxy
Turn OFF VPN
Ensure Proxy = OFF
✔ Some sites block VPN traffic during high load.","✅ Option 5: Wait and Try Again Later (BEST OPTION)
Try again after 10–30 minutes
✔ Only the website owner can fix a true 503 error.",Website should be available when server is back online,low,Windows 10/11,Desktop/Laptop,"A 503 Service Unavailable error appears because the website is overloaded or under maintenance, 503 error, service unavailable, maintenance mode",
NEW256,Network,504 Gateway Timeout Error,The 504 Gateway Timeout error appears because the server did not respond in time,"The 504 Gateway Timeout error appears because the server did not respond in time, 504 error, gateway timeout, server timeout","Server timeout, backend server slow response, network latency, or VPN interference","✅ Option 1: Reload the Page (Quick Check)
Press F5 or Ctrl + F5
Sometimes the backend responds on retry.","✅ Option 2: Try Another Page or the Homepage
Open the homepage
Click a different section
🔹 One page fails → page-specific backend issue
🔹 All pages fail → server-wide issue","✅ Option 3: Check on Another Network or Device
Try mobile data
Try another device
🔹 If it fails everywhere → server problem confirmed.","✅ Option 4: Disable VPN / Proxy
Turn OFF VPN
Ensure Proxy = OFF
🔹 VPNs can add latency and cause gateway timeouts.","✅ Option 5: Wait and Try Again Later
504 errors are often temporary.
✔ Try again after 5–15 minutes",Website should respond if server timeout is resolved,low,Windows 10/11,Desktop/Laptop,"The 504 Gateway Timeout error appears because the server did not respond in time, 504 error, gateway timeout, server timeout",
NEW257,Network,ERR_CACHE_MISS,ERR_CACHE_MISS appears because the browser's cached data is missing or corrupted,"ERR_CACHE_MISS appears because the browser's cached data is missing or corrupted, cache miss error, corrupted cache, browser cache error","Corrupted browser cache, form submission issue, browser extension interference, or developer tools cache setting","✅ Option 1: Reload the Page Properly (FAST FIX)
Click Reload
Avoid using the Back button after submitting a form
If it's a form page → resubmit carefully","✅ Option 2: Hard Refresh (IMPORTANT)
Press Ctrl + F5 (forces fresh download)
This bypasses broken cached files.","✅ Option 3: Clear Cache & Cookies (MOST EFFECTIVE)
Press Ctrl + Shift + Delete
Select: Cached images and files & Cookies and site data
Time range → All time
Click Clear data
Restart browser","✅ Option 4: Disable Browser Extensions
Disable: 
Ad blockers
Script blockers
Privacy / cache tools
✔ Restart browser and test again.","✅ Option 5: Close Developer Tools (If Open)
If you use DevTools:
Close Developer Tools
Ensure Disable cache is unchecked
✔ DevTools can cause ERR_CACHE_MISS.",Browser should load pages without cache miss errors,low,Windows 10/11,Desktop/Laptop,"ERR_CACHE_MISS appears because the browser's cached data is missing or corrupted, cache miss error, corrupted cache, browser cache error",
NEW258,Network,ERR_TOO_MANY_REDIRECTS,My browser shows ERR_TOO_MANY_REDIRECTS because the website keeps redirecting endlessly,"My browser shows ERR_TOO_MANY_REDIRECTS because the website keeps redirecting endlessly, too many redirects, redirect loop, infinite redirect error","Corrupted cookies, browser extension interference, VPN/proxy redirect conflict, or incorrect URL (HTTP vs HTTPS)","✅ Option 1: Clear Cookies for That Website (MOST EFFECTIVE)
Press Ctrl + Shift + Delete
Select Cookies and site data
Time range → All time
Clear data
Restart browser
Open the site again
✔ This fixes most cases","✅ Option 2: Open the Site in Incognito / Private Mode
Chrome: Ctrl + Shift + N
Edge/Firefox: Ctrl + Shift + P
🔹 If it works → cookies or extensions caused the loop","✅ Option 3: Disable VPN / Proxy (IMPORTANT)
Turn OFF VPN
Settings → Network → Proxy → OFF
🔹 VPNs often cause redirect conflicts.","✅ Option 4: Disable Browser Extensions
Disable:
Ad blockers / Privacy / security extensions
Restart browser and try again.","✅ Option 5: Try Correct URL (HTTP vs HTTPS)
Manually try:
https://example.com
http://example.com
🔹 One may redirect correctly while the other loops.",Website should load without redirect loops,low,Windows 10/11,Desktop/Laptop,"My browser shows ERR_TOO_MANY_REDIRECTS because the website keeps redirecting endlessly, too many redirects, redirect loop, infinite redirect error",
NEW259,Network,ERR_BLOCKED_BY_CLIENT,ERR_BLOCKED_BY_CLIENT appears because a browser extension or antivirus blocked the page,"ERR_BLOCKED_BY_CLIENT appears because a browser extension or antivirus blocked the page, blocked by client, extension blocked page, antivirus blocked website","Browser extension blocking, ad-blocker interference, antivirus web protection, or privacy tool blocking","✅ Option 1: Open the Site in Incognito / Private Mode (Quick Test)
Chrome: Ctrl + Shift + N
Edge/Firefox: Ctrl + Shift + P
🔹 If the site opens → an extension is blocking it.","✅ Option 2: Disable Browser Extensions (MOST EFFECTIVE)
Open Extensions/Add-ons
Disable all extensions
Restart the browser
Open the site again
✔ If it works, re-enable extensions one by one to find the blocker.","✅ Option 3: Whitelist the Website in Ad-Blocker
If you use an ad-blocker:
Click the ad-blocker icon
Pause on this site or Add to whitelist
Reload the page
✔ Best fix if you want to keep the extension enabled.","✅ Option 4: Check Antivirus / Internet Security
Open antivirus settings
Temporarily disable: Web protection / URL filtering / HTTPS scanning
🔹 If fixed → add the website to exceptions.
⚠️ Re-enable protection after testing.","✅ Option 5: Try Another Browser or Network
Try a different browser
Try mobile data
🔹 Works elsewhere → local blocking confirmed.",Website should load without being blocked by client,low,Windows 10/11,Desktop/Laptop,"ERR_BLOCKED_BY_CLIENT appears because a browser extension or antivirus blocked the page, blocked by client, extension blocked page, antivirus blocked website",
NEW260,Network,ERR_EMPTY_RESPONSE,ERR_EMPTY_RESPONSE appears because the server did not send any data,"ERR_EMPTY_RESPONSE appears because the server did not send any data, empty response error, server no response, connection empty","Server issue, VPN/proxy interference, network problem, or corrupted browser cache","✅ Option 1: Reload the Page (FAST FIX)
Press F5 Or Ctrl + F5 (hard refresh)
✔ Temporary server glitches often recover immediately.","✅ Option 2: Check Other Websites
✔ Open google.com or youtube.com
🔹 If other sites load → website issue
🔹 If none load → internet/network issue","✅ Option 3: Disable VPN / Proxy (VERY IMPORTANT)
Turn OFF VPN
Settings → Network → Proxy → OFF
🔹 VPNs are a top cause of ERR_EMPTY_RESPONSE.","✅ Option 4: Clear Browser Cache & Cookies
Press Ctrl + Shift + Delete
Select: Cached images and files & Cookies and site data
Time range → All time
Clear data
Restart browser","✅ Option 5: Try Incognito / Another Browser
Open Incognito / Private mode
Or try a different browser
🔹 If it works → extension or cache issue confirmed.",Website should send data and load properly,low,Windows 10/11,Desktop/Laptop,"ERR_EMPTY_RESPONSE appears because the server did not send any data, empty response error, server no response, connection empty",
NEW261,BSOD,SYSTEM_SERVICE_EXCEPTION Blue Screen,I keep getting a SYSTEM_SERVICE_EXCEPTION blue screen randomly while using my computer,"I keep getting a SYSTEM_SERVICE_EXCEPTION blue screen randomly while using my computer, SYSTEM_SERVICE_EXCEPTION BSOD, random blue screen SYSTEM_SERVICE_EXCEPTION, system service exception crash","Faulty driver, corrupted system files, RAM failure, or external device driver issue","✅ Option 1: Restart & Disconnect External Devices (Quick Check)
Remove USB drives, printers, external HDDs, webcams
Restart your PC
✔️ If the crash stops → one of the devices or its driver was the cause","✅ Option 2: Update or Roll Back Drivers (MOST COMMON CAUSE)
Press Win + X → Device Manager
Check for devices with ⚠️ warning
Update these drivers first:
Graphics (GPU) / Network (Wi-Fi / Ethernet) / Audio / Storage / SATA
❌ If the error started after a recent driver update
➡️ Right-click driver → Properties → Roll Back Driver","✅ Option 3: Run System File Checker (Fix Corrupted Files)
Press Win + S → type: cmd
Right-click Command Prompt → Run as administrator
Run: sfc /scannow
⏳ Wait until 100%
✔️ Restart PC after completion","✅ Option 4: Run DISM (Deep Windows Repair)
Open Command Prompt (Admin) and run one by one:
DISM /Online /Cleanup-Image /CheckHealth
DISM /Online /Cleanup-Image /ScanHealth
DISM /Online /Cleanup-Image /RestoreHealth
✔️ Restart after finished","✅ Option 5: Check RAM (Common Hidden Cause)
Press Win + R
Type: mdsched.exe
Click Restart now and check for problems
❌ Any error = RAM issue
✔️ If you have 2 RAM sticks → test one at a time",SYSTEM_SERVICE_EXCEPTION BSOD should stop appearing,high,Windows 10/11,Desktop/Laptop,"I keep getting a SYSTEM_SERVICE_EXCEPTION blue screen randomly while using my computer, SYSTEM_SERVICE_EXCEPTION BSOD, random blue screen SYSTEM_SERVICE_EXCEPTION, system service exception crash",
NEW262,BSOD,PAGE_FAULT_IN_NONPAGED_AREA Blue Screen,My PC shows a PAGE_FAULT_IN_NONPAGED_AREA blue screen error during startup,"My PC shows a PAGE_FAULT_IN_NONPAGED_AREA blue screen error during startup, PAGE_FAULT_IN_NONPAGED_AREA BSOD, page fault blue screen, nonpaged area error","Faulty RAM, corrupted system files, disk errors, or problematic driver","✅ Option 1: Boot into Safe Mode (REQUIRED)
Power on PC → interrupt boot 2–3 times (hold power button when Windows logo appears)
You'll see Automatic Repair
Go to Advanced options → Troubleshoot → Advanced options → Startup Settings
Click Restart
Press 4 or F4 → Safe Mode
✔️ If Safe Mode works, the issue is software/driver-related","✅ Option 2: Check RAM (TOP CAUSE of This Error)
PAGE_FAULT_IN_NONPAGED_AREA is very often RAM-related.
In Safe Mode, press Win + R
Type: mdsched.exe
Click Restart now and check for problems
❌ Any error = faulty RAM
✔️ If you have 2 RAM sticks → test one stick at a time
✔️ Disable XMP / DOCP in BIOS if enabled","✅ Option 3: Run Disk Check (Fix File System Errors)
Open Command Prompt (Admin)
Run: chkdsk c: /f /r
Press Y → Restart PC
⏳ Disk scan may take time (normal)","✅ Option 4: Repair Corrupted System Files
Open Command Prompt (Admin) and run: sfc /scannow
If it fails, run: DISM /Online /Cleanup-Image /RestoreHealth
✔️ Restart after completion","✅ Option 5: Uninstall Problematic Drivers or Software
Safe Mode → Device Manager
Focus on: Graphics driver / Storage / SATA driver / Antivirus / security software
Right-click → Uninstall device
Restart normally
❌ Temporarily remove third-party antivirus (common cause)",PAGE_FAULT_IN_NONPAGED_AREA BSOD should stop appearing,high,Windows 10/11,Desktop/Laptop,"My PC shows a PAGE_FAULT_IN_NONPAGED_AREA blue screen error during startup, PAGE_FAULT_IN_NONPAGED_AREA BSOD, page fault blue screen, nonpaged area error",
NEW263,BSOD,KMODE_EXCEPTION_NOT_HANDLED Blue Screen,A KMODE_EXCEPTION_NOT_HANDLED error causes my system to crash suddenly,"A KMODE_EXCEPTION_NOT_HANDLED error causes my system to crash suddenly, KMODE_EXCEPTION_NOT_HANDLED BSOD, kernel mode exception, KMODE crash","Faulty driver, corrupted system files, RAM failure, or third-party software conflict","✅ Option 1: Restart & Remove External Devices (Quick Isolation)
Disconnect USB devices (printer, external HDD, webcam, Wi-Fi dongle, game controller)
Restart the PC
✔️ If the crash stops → a device or its driver was causing the issue","✅ Option 2: Boot into Safe Mode (IMPORTANT)
Force shutdown during boot 2–3 times
Automatic Repair → Advanced options → Troubleshoot → Advanced options → Startup Settings
Click Restart
Press 4 / F4 for Safe Mode
✔️ If Safe Mode works, the problem is almost always a driver or software","✅ Option 3: Update, Roll Back, or Remove Faulty Drivers (TOP CAUSE)
Press Win + X → Device Manager
Update these first: Graphics (GPU) / Network (Wi-Fi / LAN) / Storage / SATA / Audio
❌ If the crash started after a driver update
Right-click driver → Properties → Roll Back Driver
❌ Uninstall: Third-party antivirus / Driver updater tools /Recently installed hardware drivers","✅ Option 4: Repair Windows System Files
Corrupted system files can trigger kernel crashes.
Open Command Prompt (Admin) and run: sfc /scannow
If SFC finds errors but can't fix them, run:
DISM /Online /Cleanup-Image /RestoreHealth
✔️ Restart after completion","✅ Option 5: Check RAM (Very Common Hidden Cause)
Press Win + R
Type: mdsched.exe
Click Restart now and check for problems
❌ Any error = RAM issue
✔️ If multiple RAM sticks → test one stick at a time
✔️ Disable XMP / DOCP in BIOS",KMODE_EXCEPTION_NOT_HANDLED BSOD should stop appearing,high,Windows 10/11,Desktop/Laptop,"A KMODE_EXCEPTION_NOT_HANDLED error causes my system to crash suddenly, KMODE_EXCEPTION_NOT_HANDLED BSOD, kernel mode exception, KMODE crash",
NEW264,BSOD,DPC_WATCHDOG_VIOLATION Blue Screen,I get a DPC_WATCHDOG_VIOLATION blue screen while playing games,"I get a DPC_WATCHDOG_VIOLATION blue screen while playing games, DPC_WATCHDOG_VIOLATION BSOD, watchdog violation crash, DPC error during gaming","Storage controller driver issue, disk errors, overheating, power supply problem, or Windows update needed","✅ Option 1: Restart & Remove External Devices (Quick Check)
Disconnect: External HDD / SSD / USB hubs /Controllers, webcams, capture cards
Restart and test the game again
✔️ If the crash stops → one of these devices or its driver was the cause","✅ Option 2: Update Storage Controller & SSD/NVMe Driver
Press Win + X → Device Manager
Expand IDE ATA/ATAPI controllers & Storage controllers
Update: SATA AHCI Controller & NVMe Controller
Restart PC
✔️ If using an SSD, also update SSD firmware from the manufacturer","✅ Option 3: Check Disk & System Files
Open Command Prompt (Admin) and run: chkdsk c: /f /r
(Press Y → Restart)
After reboot, run: sfc /scannow","✅ Option 4: Update Windows Completely
Settings → Windows Update
Install all important & optional updates
Restart","✅ Option 5: Check Temperatures & Power (Gaming Load)
Overheating or power drops cause sudden crashes.
Monitor CPU/GPU temps (keep CPU < 85°C, GPU < 90°C)
Clean dust from fans
Ensure PSU cables are firmly connected
Avoid gaming on battery mode (laptops)",DPC_WATCHDOG_VIOLATION BSOD should stop appearing during gaming,high,Windows 10/11,Desktop/Laptop,"I get a DPC_WATCHDOG_VIOLATION blue screen while playing games, DPC_WATCHDOG_VIOLATION BSOD, watchdog violation crash, DPC error during gaming",
NEW265,BSOD,IRQL_NOT_LESS_OR_EQUAL Blue Screen,My system crashes with an IRQL_NOT_LESS_OR_EQUAL blue screen error,"My system crashes with an IRQL_NOT_LESS_OR_EQUAL blue screen error, IRQL_NOT_LESS_OR_EQUAL BSOD, IRQL error, interrupt request level error","Faulty driver, RAM failure, corrupted system files, or external device driver issue","✅ Option 1: Disconnect External Devices (Quick Isolation)
Remove all non-essential devices:
USB drives / External HDD/SSD / Printers, webcams, controllers
Restart the PC
✔️ If the crash stops → a device or its driver was the cause","✅ Option 2: Boot into Safe Mode (IMPORTANT)
Force shutdown during boot 2–3 times
Automatic Repair → Advanced options → Troubleshoot → Advanced options → Startup Settings
Click Restart
Press 4 / F4 → Safe Mode
✔️ If Safe Mode works, the issue is almost always driver or software related","✅ Option 3: Update, Roll Back, or Remove Faulty Drivers (TOP CAUSE)
Press Win + X → Device Manager
Update these first:
Graphics (GPU) / Network (Wi-Fi / LAN) / Audio / Storage / SATA / NVMe
❌ If the crash started after a driver update
Properties → Roll Back Driver
❌ Uninstall temporarily:
Third-party antivirus / Driver updater tools / Recently added hardware drivers","✅ Option 4: Repair System Files
Open Command Prompt (Admin) and run: sfc /scannow
If it reports errors it can't fix:
DISM /Online /Cleanup-Image /RestoreHealth
✔️ Restart after completion","✅ Option 5: Test RAM (VERY COMMON CAUSE)
Press Win + R
Type: mdsched.exe
Click Restart now and check for problems
❌ Any error = RAM issue
✔️ If multiple RAM sticks → test one at a time
✔️ Disable XMP / DOCP in BIOS",IRQL_NOT_LESS_OR_EQUAL BSOD should stop appearing,high,Windows 10/11,Desktop/Laptop,"My system crashes with an IRQL_NOT_LESS_OR_EQUAL blue screen error, IRQL_NOT_LESS_OR_EQUAL BSOD, IRQL error, interrupt request level error",
NEW266,BSOD,UNEXPECTED_KERNEL_MODE_TRAP Blue Screen,The PC shows an UNEXPECTED_KERNEL_MODE_TRAP blue screen and then restarts,"The PC shows an UNEXPECTED_KERNEL_MODE_TRAP blue screen and then restarts, UNEXPECTED_KERNEL_MODE_TRAP BSOD, kernel mode trap, unexpected trap error","Faulty RAM, overclocking instability, driver issue, or corrupted system files","✅ Option 1: Restart & Remove External Devices
Disconnect all non-essential devices:
USB drives / External HDD/SSD / Printers, webcams, controllers
Restart the PC
✔️ If the crash stops → a device or its driver was causing the trap","✅ Option 2: Check RAM (TOP CAUSE for This Error)
Press Win + R
Type: mdsched.exe
Click Restart now and check for problems
❌ Any error = faulty or unstable RAM
✔️ If you have multiple RAM sticks → test one stick at a time
✔️ Disable XMP / DOCP in BIOS","✅ Option 3: Disable Overclocking (CRITICAL)
Restart PC → Enter BIOS / UEFI
Load Optimized / Default settings
Disable: CPU overclock / GPU overclock / XMP / DOCP (RAM)
Save & Exit
🔥 This step alone fixes many UNEXPECTED_KERNEL_MODE_TRAP crashes","✅ Option 4: Update or Roll Back Drivers
Press Win + X → Device Manager
Update these drivers first: Graphics (GPU) / Network (Wi-Fi / LAN) / Storage (SATA / NVMe) / Audio
❌ If the crash started after a driver update
Properties → Roll Back Driver
❌ Uninstall temporarily: Third-party antivirus / Driver updater tools","✅ Option 5: Repair Windows System Files
Open Command Prompt (Admin) and run: sfc /scannow
If errors are found but not fixed:
DISM /Online /Cleanup-Image /RestoreHealth
✔️ Restart after completion",UNEXPECTED_KERNEL_MODE_TRAP BSOD should stop appearing,high,Windows 10/11,Desktop/Laptop,"The PC shows an UNEXPECTED_KERNEL_MODE_TRAP blue screen and then restarts, UNEXPECTED_KERNEL_MODE_TRAP BSOD, kernel mode trap, unexpected trap error",
NEW267,BSOD,CLOCK_WATCHDOG_TIMEOUT Blue Screen,A CLOCK_WATCHDOG_TIMEOUT blue screen appears when the system boots,"A CLOCK_WATCHDOG_TIMEOUT blue screen appears when the system boots, CLOCK_WATCHDOG_TIMEOUT BSOD, clock watchdog timeout, CPU timeout error","CPU overclocking, faulty CPU, driver issue, RAM instability, or corrupted system files","✅ Option 1: Enter BIOS & Reset to Defaults (TOP FIX)
Restart PC → Enter BIOS / UEFI (Del / F2 / F10 / Esc)
Choose Load Optimized Defaults / Load Default Settings
Disable: CPU overclock / GPU overclock /XMP / DOCP (RAM)
Save & Exit
🔥 This step alone fixes many CLOCK_WATCHDOG_TIMEOUT boot crashes","✅ Option 2: Boot into Safe Mode
Force shutdown during boot 2–3 times
Automatic Repair → Advanced options → Troubleshoot → Advanced options → Startup Settings
Click Restart
Press 4 / F4 → Safe Mode
✔️ If Safe Mode works → likely driver or software issue","✅ Option 3: Update or Roll Back CPU, Chipset & GPU Drivers
Safe Mode → Win + X → Device Manager → Expand System devices
Update: Chipset / CPU drivers (very important) / Graphics (GPU) / Storage (SATA / NVMe)
❌ If the issue started after a driver update
Properties → Roll Back Driver","✅ Option 4: Check RAM Stability
Press Win + R
Type: mdsched.exe
Click Restart now and check for problems
❌ Any error = RAM issue
✔️ Test RAM sticks one at a time
✔️ Keep XMP disabled","✅ Option 5: Repair System Files
Open Command Prompt (Admin) and run: sfc /scannow
If errors remain: DISM /Online /Cleanup-Image /RestoreHealth
✔️ Restart after completion",CLOCK_WATCHDOG_TIMEOUT BSOD should stop appearing,high,Windows 10/11,Desktop/Laptop,"A CLOCK_WATCHDOG_TIMEOUT blue screen appears when the system boots, CLOCK_WATCHDOG_TIMEOUT BSOD, clock watchdog timeout, CPU timeout error",
NEW268,BSOD,WHEA_UNCORRECTABLE_ERROR Blue Screen,"My computer crashes with a WHEA_UNCORRECTABLE_ERROR, which seems hardware-related","My computer crashes with a WHEA_UNCORRECTABLE_ERROR, which seems hardware-related, WHEA_UNCORRECTABLE_ERROR BSOD, hardware error, WHEA crash","Hardware failure, overclocking instability, overheating, faulty RAM, or storage device failure","✅ Option 1: Power Off & Check Physical Connections (VERY IMPORTANT)
Shut down the PC completely
Unplug power cable (and battery for laptops)
Open the case
Reseat: RAM sticks / GPU / Storage cables (SATA / NVMe) /CPU power cable (8-pin)
Remove dust from fans and heatsinks
🔁 Power on and test","✅ Option 2: Disable ALL Overclocking (TOP CAUSE)
Enter BIOS / UEFI
Load Optimized / Default settings
Disable: CPU overclock / GPU overclock / XMP / DOCP (RAM)
Save & Exit
🔥 This alone fixes many WHEA crashes","✅ Option 3: Check CPU & GPU Temperatures
✔️ CPU should stay below ~85°C
✔️ GPU should stay below ~90°C
If temps are high:
Clean fans / Replace thermal paste (if old) / Ensure airflow is not blocked","✅ Option 4: Test RAM (VERY COMMON CAUSE)
Press Win + R
Type: mdsched.exe
Click Restart now and check for problems
❌ Any error = bad or unstable RAM
✔️ If multiple RAM sticks → test one stick at a time
✔️ Keep XMP disabled","✅ Option 5: Check Disk & Storage Health
Open Command Prompt (Admin)
Run: chkdsk c: /f /r
Press Y → Restart
✔️ If using SSD/NVMe, also check SMART health with manufacturer tools",WHEA_UNCORRECTABLE_ERROR BSOD should stop appearing,high,Windows 10/11,Desktop/Laptop,"My computer crashes with a WHEA_UNCORRECTABLE_ERROR, which seems hardware-related, WHEA_UNCORRECTABLE_ERROR BSOD, hardware error, WHEA crash",
NEW269,BSOD,MACHINE_CHECK_EXCEPTION Blue Screen,A MACHINE_CHECK_EXCEPTION blue screen appears suddenly without warning,"A MACHINE_CHECK_EXCEPTION blue screen appears suddenly without warning, MACHINE_CHECK_EXCEPTION BSOD, machine check error, hardware exception","Hardware failure, overclocking instability, overheating, faulty CPU/RAM, or storage device failure","✅ Option 1: Power Off & Check Physical Connections (VERY IMPORTANT)
Shut down the PC completely
Unplug power cable (and battery for laptops)
Open the case
Reseat: RAM sticks / GPU / Storage cables (SATA / NVMe) /CPU power cable (8-pin)
Remove dust from fans and heatsinks
🔁 Power on and test","✅ Option 2: Disable ALL Overclocking (TOP CAUSE)
Enter BIOS / UEFI
Load Optimized / Default settings
Disable: CPU overclock / GPU overclock / XMP / DOCP (RAM)
Save & Exit
🔥 This alone fixes many WHEA crashes","✅ Option 3: Check CPU & GPU Temperatures
✔️ CPU should stay below ~85°C
✔️ GPU should stay below ~90°C
If temps are high:
Clean fans / Replace thermal paste (if old) / Ensure airflow is not blocked","✅ Option 4: Test RAM (VERY COMMON CAUSE)
Press Win + R
Type: mdsched.exe
Click Restart now and check for problems
❌ Any error = bad or unstable RAM
✔️ If multiple RAM sticks → test one stick at a time
✔️ Keep XMP disabled","✅ Option 5: Check Disk & Storage Health
Open Command Prompt (Admin)
Run: chkdsk c: /f /r
Press Y → Restart
✔️ If using SSD/NVMe, also check SMART health with manufacturer tools",MACHINE_CHECK_EXCEPTION BSOD should stop appearing,high,Windows 10/11,Desktop/Laptop,"A MACHINE_CHECK_EXCEPTION blue screen appears suddenly without warning, MACHINE_CHECK_EXCEPTION BSOD, machine check error, hardware exception",
NEW270,BSOD,APC_INDEX_MISMATCH Blue Screen,I keep seeing an APC_INDEX_MISMATCH blue screen error on my PC,"I keep seeing an APC_INDEX_MISMATCH blue screen error on my PC, APC_INDEX_MISMATCH BSOD, APC mismatch error, asynchronous procedure call error","Audio driver issue, GPU driver problem, conflicting software, or corrupted system files","✅ Option 1: Restart & Disconnect External Devices
Unplug: Headsets / microphones / Webcams / USB sound cards /Game controllers
Restart the PC
✔️ If the crash stops → one of these devices or its driver caused the issue","✅ Option 2: Update or Reinstall Audio Drivers (TOP CAUSE)
Press Win + X → Device Manager
Expand Sound, video and game controllers
Right-click your audio device → Uninstall device
Check Delete the driver software (if shown)
Restart PC
Windows will reinstall the correct driver automatically
✔️ If needed, install the latest audio driver from your PC/motherboard manufacturer","✅ Option 3: Update or Clean Reinstall GPU Driver
✔️ Update GPU driver via official site only
❌ Avoid beta drivers
❌ Avoid driver updater tools","✅ Option 4: Disable Third-Party Audio & Webcam Software
Conflicting background services often cause this BSOD.
❌ Temporarily uninstall:
Virtual audio tools (Voicemeeter, sound enhancers)
Webcam software
Screen recording apps
RGB control software
🔁 Restart and test","✅ Option 5: Repair Windows System Files
Open Command Prompt (Admin) and run: sfc /scannow
If errors remain: DISM /Online /Cleanup-Image /RestoreHealth
✔️ Restart after completion",APC_INDEX_MISMATCH BSOD should stop appearing,high,Windows 10/11,Desktop/Laptop,"I keep seeing an APC_INDEX_MISMATCH blue screen error on my PC, APC_INDEX_MISMATCH BSOD, APC mismatch error, asynchronous procedure call error",
NEW271,Boot,Windows Gets Stuck on Spinning Circle During Boot,Windows gets stuck on the spinning circle during boot and never loads,"Windows gets stuck on the spinning circle during boot and never loads, spinning circle stuck, boot stuck on loading, Windows logo spinning forever","Corrupted boot files, driver conflict, disk errors, or Fast Startup issue","✅ Option 1: Force Automatic Repair (Easiest)
Turn ON the PC
When you see the Windows logo / spinning dots, hold Power button to force shut down
Repeat this 2–3 times
You should see ""Preparing Automatic Repair""
Let it complete and restart
✔️ If Windows boots → Problem fixed","✅ Option 2: Boot into Safe Mode (Most Effective)
Enter Automatic Repair
Click Advanced options
Go to Troubleshoot → Advanced options → Startup Settings
Click Restart
Press 4 or F4 (Safe Mode)
🔹 If Safe Mode loads:
Uninstall recent drivers
Uninstall recent Windows updates
Restart normally","✅ Option 3: Run Startup Repair
Advanced options
Troubleshoot → Advanced options
Click Startup Repair
Select your account → Enter password
Wait for repair to finish
✔️ Very effective for boot corruption","✅ Option 4: Disable Fast Startup (Common Cause)
Fast Startup often causes endless spinning.
Boot into Safe Mode
Open Control Panel
Go to Power Options → Choose what the power buttons do
Click Change settings currently unavailable
❌ Uncheck Turn on fast startup
Save → Restart","✅ Option 5: Check Disk & System Files (Advanced)
Fixes disk errors and broken system files.
Advanced options → Command Prompt
Run these commands one by one:
chkdsk c: /f /r
sfc /scannow /offbootdir=C:\ /offwindir=C:\Windows
✔️ Fixes corrupted files that stop booting",Windows should boot normally without getting stuck on spinning circle,high,Windows 10/11,Desktop/Laptop,"Windows gets stuck on the spinning circle during boot and never loads, spinning circle stuck, boot stuck on loading, Windows logo spinning forever",
NEW272,Boot,EFI Boot File Missing Error,I see an EFI boot file missing error when starting my computer,"I see an EFI boot file missing error when starting my computer, EFI boot file missing, UEFI boot error, EFI system partition missing","Corrupted EFI partition, wrong boot mode, disk errors, or external drive interference","✅ Option 1: Check Boot Mode in BIOS / UEFI (MOST COMMON FIX)
Restart PC
Enter BIOS / UEFI (Press F2 / F10 / F12 / DEL / ESC (varies by brand))
Go to Boot or Boot Configuration
Make sure: Boot Mode = UEFI
❌ Disable Legacy / CSM
Set Windows Boot Manager as Boot Option #1
Save & Exit (F10)
✔️ Restart and check","✅ Option 2: Run Automatic Startup Repair
Force shutdown PC 2–3 times during boot
Enter Preparing Automatic Repair
Click Advanced options
Troubleshoot → Advanced options → Startup Repair
Select Windows account → Enter password
Wait until repair completes","✅ Option 3: Rebuild EFI Boot Files (VERY EFFECTIVE)
Use this if Startup Repair fails.
Advanced options → Command Prompt
Type one by one: diskpart / list disk / select disk 0 / list vol
👉 Find EFI volume (FAT32, ~100–300MB)
select vol X (Replace X with EFI volume number)
assign letter=S:
exit
Now rebuild EFI: bcdboot C:\Windows /s S: /f UEFI
Restart PC
✔️ This fixes missing EFI boot file in most cases","✅ Option 4: Check Disk for Errors
Disk corruption can delete EFI files.
Advanced options → Command Prompt
Run: chkdsk c: /f /r
Press Y if asked → Restart","✅ Option 5: Unplug External Drives
Power off PC
Remove: USB flash drives / External HDD / SSD / SD cards
Restart",EFI boot file missing error should be resolved and Windows should boot normally,high,Windows 10/11,Desktop/Laptop,"I see an EFI boot file missing error when starting my computer, EFI boot file missing, UEFI boot error, EFI system partition missing",
NEW273,Boot,PC Turns On But Shuts Down Immediately,My PC turns on but shuts down immediately after powering up,"My PC turns on but shuts down immediately after powering up, PC shuts down right after turning on, immediate shutdown after power up, computer turns off instantly","Power supply issue, overheating, faulty RAM, loose power cables, or BIOS settings","✅ Option 1: Power Drain Reset (FASTEST FIX)
Turn OFF the PC
Unplug power cable (and remove laptop battery if possible)
Hold Power button for 30 seconds
Reconnect power
Turn PC ON
✔️ If it stays ON → issue solved","✅ Option 2: Check Power Supply & Cables (VERY COMMON)
🔹 Desktop:
Reseat 24-pin motherboard cable
Reseat 8-pin CPU power cable
Check PSU switch is ON
Try a different wall socket
🔹 Laptop:
Try another charger & Check charging LED","✅ Option 3: Test RAM (TOP CAUSE)
Power OFF & unplug PC
Remove all RAM sticks
Clean RAM contacts (dry cloth)
Insert only ONE RAM stick
Try different slots
✔️ If it stays ON → faulty RAM found","✅ Option 4: Check CPU & Overheating Protection
Open PC case
Ensure CPU fan is spinning
Reconnect CPU_FAN cable to motherboard
Remove dust from heatsink
If recently assembled: Remove cooler & Reapply thermal paste","✅ Option 5: Reset BIOS / Disable Overclocking
Enter BIOS / UEFI
Select Load Optimized Defaults
Disable: CPU overclock & XMP / DOCP (RAM overclock)
Save & Exit",PC should stay on and boot normally without shutting down immediately,high,Windows 10/11,Desktop/Laptop,"My PC turns on but shuts down immediately after powering up, PC shuts down right after turning on, immediate shutdown after power up, computer turns off instantly",
NEW274,Boot,Windows Logo Appears Briefly Then System Reboots,The Windows logo appears briefly and then the system reboots,"The Windows logo appears briefly and then the system reboots, Windows logo then restart, boot loop Windows logo, system reboots after logo","Driver conflict, corrupted boot files, disk errors, or Fast Startup issue","✅ Option 1: Disable Automatic Restart (IMPORTANT)
Force shutdown PC 2–3 times to enter Automatic Repair
Click Advanced options
Go to Troubleshoot → Advanced options → Startup Settings
Click Restart
Press 9 or F9 → Disable automatic restart after failure
🔹 If a blue screen error code appears, note it (this helps exact fixing)","✅ Option 2: Boot into Safe Mode (MOST EFFECTIVE)
Advanced options → Startup Settings → Restart
Press 4 or F4 (Safe Mode)
✔️ If Safe Mode works:
Uninstall recent drivers / recent Windows updates / Restart normally","✅ Option 3: Run Startup Repair
Advanced options
Troubleshoot → Advanced options → Startup Repair
Select your account → Enter password
Let repair complete → Restart","✅ Option 4: Check Disk & System Files (Very Important)
Advanced options → Command Prompt
Run commands one by one: 
chkdsk c: /f /r (Press Y if asked, then restart)
sfc /scannow /offbootdir=C:\ /offwindir=C:\Windows","✅ Option 5: Disable Fast Startup
Boot into Safe Mode
Open Control Panel → Power Options
Click Choose what the power buttons do
Click Change settings currently unavailable
❌ Uncheck Turn on fast startup
Save → Restart",Windows should boot normally without rebooting after the logo,high,Windows 10/11,Desktop/Laptop,"The Windows logo appears briefly and then the system reboots, Windows logo then restart, boot loop Windows logo, system reboots after logo",
NEW275,Boot,Boot Device Priority Keeps Resetting in BIOS,The boot device priority keeps resetting automatically in BIOS or UEFI,"The boot device priority keeps resetting automatically in BIOS or UEFI, BIOS boot order resets, boot priority changes automatically, CMOS settings reset","Dead CMOS battery, corrupted BIOS settings, or power supply issue","✅ Option 1: Replace the CMOS Battery (TOP CAUSE)
Power OFF PC
Unplug power cable
Open PC case
Locate round silver battery on motherboard
Remove it → wait 5 minutes
Insert new CR2032 battery
Power ON → Enter BIOS
Set correct Boot Priority → Save (F10)
✔️ Fixes 70% of boot-priority reset issues","✅ Option 2: Use Correct Boot Mode (UEFI vs Legacy)
Enter BIOS / UEFI
Go to Boot Settings
Set: Boot Mode = UEFI
❌ Disable Legacy / CSM
Set Windows Boot Manager as Boot Option #1
Save & Exit (F10)","✅ Option 3: Disable Fast Boot / Ultra Fast Boot
Enter BIOS
Find Fast Boot / Ultra Fast Boot
Set it to Disabled
Save & Exit","✅ Option 4: Check Boot Drive Health & Connection
🔹 Desktop:
Reconnect SATA data cable
Reconnect SATA power cable
Try a different SATA port
🔹 Laptop:
Reseat SSD/HDD (if accessible)
✔️ Also check if drive appears correctly in BIOS","✅ Option 5: Disable Other Boot Devices
Enter BIOS
Disable: Network Boot (PXE) & USB Boot (temporarily)
Leave only OS drive enabled
Save & Exit",Boot device priority should remain set and not reset automatically,medium,Windows 10/11,Desktop/Laptop,"The boot device priority keeps resetting automatically in BIOS or UEFI, BIOS boot order resets, boot priority changes automatically, CMOS settings reset",
NEW276,Boot,UEFI Firmware Cannot Find Operating System,The UEFI firmware cannot find the operating system on my drive,"The UEFI firmware cannot find the operating system on my drive, UEFI cannot find OS, operating system not found UEFI, UEFI boot failure","Wrong boot mode, corrupted EFI partition, disk not detected, or boot files missing","✅ Option 1: Set Correct Boot Mode & Boot Option (MOST COMMON)
Restart PC → Enter BIOS / UEFI
Go to Boot Settings
Set: Boot Mode = UEFI
❌ Disable Legacy / CSM
Set Windows Boot Manager as Boot Option #1
Save & Exit (F10)
✔️ If Windows boots → fixed","✅ Option 2: Check If Drive Is Detected in BIOS
Enter BIOS / UEFI
Go to Storage / NVMe / SATA info
Confirm: SSD / HDD appears with correct size
❌ If drive does NOT appear:
Reconnect SATA/NVMe drive
Try different SATA port/cable
Drive may be failing","✅ Option 3: Run Startup Repair
Force shutdown 2–3 times during boot
Enter Preparing Automatic Repair
Advanced options → Troubleshoot → Advanced options
Click Startup Repair
Select account → Enter password
✔️ Works if EFI files are damaged but disk is OK","✅ Option 4: Rebuild EFI Boot Files (VERY EFFECTIVE)
Advanced options → Command Prompt
Type commands one by one:
diskpart / list disk / select disk 0 / list vol
👉 Find EFI partition (FAT32, 100–300MB)
select vol X (Replace X with EFI volume number)
assign letter=S:
exit
Rebuild boot files: bcdboot C:\Windows /s S: /f UEFI
Restart PC
✔️ This fixes UEFI cannot find OS in most cases","✅ Option 5: Check Disk for Errors
Advanced options → Command Prompt
Run: chkdsk c: /f /r
Press Y if asked → Restart",UEFI should detect and boot the operating system normally,high,Windows 10/11,Desktop/Laptop,"The UEFI firmware cannot find the operating system on my drive, UEFI cannot find OS, operating system not found UEFI, UEFI boot failure",
NEW277,Boot,Startup Fails After BIOS Update,Startup fails after I updated the BIOS on my computer,"Startup fails after I updated the BIOS on my computer, boot failure after BIOS update, computer wont boot after BIOS flash, startup error after firmware update","BIOS settings reset, wrong boot mode, corrupted boot files, or incompatible BIOS version","✅ Option 1: Load Optimized Defaults (FIRST & MOST IMPORTANT)
Turn on PC → Enter BIOS / UEFI
Choose Load Optimized Defaults / Load Default Settings
Confirm → Save & Exit (F10)
Let PC reboot
✔️ Many systems boot immediately after this","✅ Option 2: Fix Boot Mode & Boot Priority (VERY COMMON)
Enter BIOS / UEFI
Go to Boot Settings
Set: Boot Mode = UEFI
❌ Disable Legacy / CSM
Set Windows Boot Manager as Boot Option #1
Save & Exit","✅ Option 3: Clear CMOS (CRITICAL IF BOOT FAILS)
🔹 Desktop
Power OFF & unplug PC
Remove CMOS battery
Wait 5–10 minutes
Reinsert battery
Power ON → Enter BIOS → Set boot options again
🔹 Laptop
Look for CMOS reset pinhole / key combo (check manufacturer guide)
✔️ Fixes hidden BIOS corruption after update","✅ Option 4: Disable Secure Boot Temporarily
Enter BIOS
Go to Security / Boot
Set Secure Boot = Disabled
Save & Exit
🔹 If Windows boots → re-enable Secure Boot later","✅ Option 5: Rebuild Windows Boot Files
Force shutdown 2–3 times → enter Automatic Repair
Advanced options → Command Prompt
Run: bcdboot C:\Windows /f UEFI
Restart PC",Windows should boot normally after BIOS update,high,Windows 10/11,Desktop/Laptop,"Startup fails after I updated the BIOS on my computer, boot failure after BIOS update, computer wont boot after BIOS flash, startup error after firmware update",
NEW278,Boot,PC Stuck in Endless Reboot Loop Before Login,My PC is stuck in an endless reboot loop before reaching the login screen,"My PC is stuck in an endless reboot loop before reaching the login screen, endless reboot loop, computer keeps restarting before login, boot loop before Windows","Driver conflict, corrupted boot files, disk errors, or Fast Startup issue","✅ Option 1: Disable Automatic Restart (VERY IMPORTANT)
Force shut down the PC 2–3 times during boot
Enter Preparing Automatic Repair
Click Advanced options
Go to Troubleshoot → Advanced options → Startup Settings
Click Restart
Press 9 or F9 → Disable automatic restart after failure
✔️ If a blue screen error appears, note the error code","✅ Option 2: Boot into Safe Mode (MOST EFFECTIVE)
Advanced options → Startup Settings → Restart
Press 4 or F4 (Safe Mode)
🔹 If Safe Mode works:
Uninstall recent drivers
Uninstall recent Windows updates
Restart normally","✅ Option 3: Run Startup Repair
Advanced options
Troubleshoot → Advanced options → Startup Repair
Select account → Enter password
Wait for repair to finish → Restart","✅ Option 4: Repair Disk & System Files (CRITICAL)
Advanced options → Command Prompt
Run one by one: chkdsk c: /f /r (Press Y if asked, restart after completion)
sfc /scannow /offbootdir=C:\ /offwindir=C:\Windows","✅ Option 5: Disable Fast Startup
Boot into Safe Mode
Open Control Panel → Power Options
Click Choose what the power buttons do
Click Change settings currently unavailable
❌ Uncheck Turn on fast startup
Save → Restart",PC should boot normally and reach the login screen without rebooting,high,Windows 10/11,Desktop/Laptop,"My PC is stuck in an endless reboot loop before reaching the login screen, endless reboot loop, computer keeps restarting before login, boot loop before Windows",
NEW279,Boot,Windows Boot Freezes at Black Screen with Cursor,Windows boot freezes at a black screen with only the cursor visible,"Windows boot freezes at a black screen with only the cursor visible, black screen with cursor, boot stuck black screen, Windows freezes at cursor","Display driver issue, corrupted system files, Fast Startup problem, or explorer.exe not starting","✅ Option 1: Wait & Use Keyboard Shortcut (Quick Check)
Wait 2–3 minutes
Press Ctrl + Alt + Del
If menu appears → click Task Manager
Click File → Run new task
Type: explorer.exe
✔️ If desktop appears → issue fixed","✅ Option 2: Boot into Safe Mode (MOST EFFECTIVE)
Force shut down PC 2–3 times during boot
Enter Preparing Automatic Repair
Advanced options → Troubleshoot → Advanced options → Startup Settings
Click Restart
Press 4 or F4 (Safe Mode)
🔹 If Safe Mode works: 
Uninstall graphics driver
Restart normally (Windows will reinstall driver)","✅ Option 3: Disable Fast Startup
Boot into Safe Mode
Open Control Panel
Go to Power Options
Click Choose what the power buttons do
Click Change settings currently unavailable
❌ Uncheck Turn on fast startup
Save → Restart","✅ Option 4: Repair System Files (IMPORTANT)
Advanced options → Command Prompt
Run one by one:
sfc /scannow /offbootdir=C:\ /offwindir=C:\Windows
chkdsk c: /f /r (Press Y if asked, restart after completion)","✅ Option 5: Update or Roll Back Display Driver
Boot into Safe Mode
Press Win + X → Device Manager
Expand Display adapters
Right-click GPU:
Choose Roll Back Driver (if available) OR Uninstall device
Restart normally
✔️ Install latest stable driver later",Windows should boot normally and show the desktop instead of black screen with cursor,high,Windows 10/11,Desktop/Laptop,"Windows boot freezes at a black screen with only the cursor visible, black screen with cursor, boot stuck black screen, Windows freezes at cursor",
NEW280,Boot,Boot Error After Cloning Hard Drive,I get a boot error after cloning my hard drive to a new disk,"I get a boot error after cloning my hard drive to a new disk, boot error after disk clone, cloned drive wont boot, new disk boot failure after clone","Wrong boot device priority, mismatched boot mode, old drive still connected, or missing boot files on new disk","✅ Option 1: Set the New Disk as First Boot Device (MOST COMMON)
Restart PC → Enter BIOS / UEFI
Go to Boot / Boot Priority
Set: Windows Boot Manager (New SSD/HDD) as Boot Option #1
Save & Exit (F10)
✔️ If Windows loads → fixed","✅ Option 2: Match Boot Mode (UEFI vs Legacy)
Enter BIOS / UEFI
Go to Boot Settings
Check your disk type: 
GPT disk → UEFI mode & MBR disk → Legacy / CSM
Set correct mode:
Enable UEFI for GPT & Enable Legacy/CSM for MBR
Save & Exit","✅ Option 3: Disconnect the Old Drive (VERY IMPORTANT)
Power OFF PC
Disconnect old HDD/SSD
Leave only the new cloned disk
Power ON
✔️ This alone fixes many clone boot errors","✅ Option 4: Rebuild Boot Files on New Disk (VERY EFFECTIVE)
Force shutdown 2–3 times → enter Automatic Repair
Advanced options → Troubleshoot → Advanced options → Command Prompt
Run commands one by one:
bootrec /fixmbr
bootrec /fixboot
bootrec /scanos
bootrec /rebuildbcd
Restart PC","✅ Option 5: Rebuild EFI Boot Files (UEFI Systems)
Advanced options → Command Prompt
Type: diskpart / list vol
👉 Find EFI partition (FAT32, 100–300MB)
select vol X
assign letter=S:
exit
Recreate boot files: bcdboot C:\Windows /s S: /f UEFI
Restart",New cloned disk should boot Windows normally,medium,Windows 10/11,Desktop/Laptop,"I get a boot error after cloning my hard drive to a new disk, boot error after disk clone, cloned drive wont boot, new disk boot failure after clone",
NEW281,Network,Windows Gets Stuck on Spinning Circle During Boot,Windows gets stuck on the spinning circle during boot and never loads,"Windows gets stuck on the spinning circle during boot and never loads, spinning circle stuck, boot stuck on loading, Windows logo spinning forever, network connection issue during boot","Network adapter issue, router connection problem, ISP issue, or network driver conflict","✅ Option 1: Check Internet on Other Devices (Quick Test)
Connect your phone to the same Wi-Fi.
✔️ If phone also has no internet → Router / ISP issue
❌ If phone works fine → Problem is on your PC → continue","✅ Option 2: Restart Router & Modem (MOST COMMON FIX)
Turn OFF router & modem
Unplug power cables
Wait 30–60 seconds
Plug back in → turn ON
Wait until internet light is stable","✅ Option 3: Disable & Re-Enable Wi-Fi Adapter
Press Win + X → Network Connections
Click Advanced network settings
Click Change adapter options
Right-click Wi-Fi → Disable
Wait 10 seconds → Enable","✅ Option 4: Run Windows Network Troubleshooter
Settings → Network & Internet
Click Advanced network settings
Select Network troubleshooter
Apply suggested fixes","✅ Option 5: Reset Network (VERY EFFECTIVE)
Settings → Network & Internet
Advanced network settings
Click Network reset
Restart PC
Reconnect to Wi-Fi",Windows should boot normally and network connection should be restored,medium,Windows 10/11,Desktop/Laptop,"Windows gets stuck on the spinning circle during boot and never loads, spinning circle stuck, boot stuck on loading, Windows logo spinning forever, network connection issue during boot",
NEW282,Network,Internet Works Only on Some Websites,"The internet works only on some websites, while others do not load","The internet works only on some websites, while others do not load, some sites load but others dont, partial internet access, DNS resolution issue, selective website loading","DNS server issue, DNS cache corruption, proxy/VPN interference, or network configuration problem","✅ Option 1: Test the Problem (Important)
Open these sites in your browser:
✔️ https://google.com & ✔️ https://youtube.com
❌ A website that does not load
📌 If big sites work but others don't, it's almost always DNS or network config.","✅ Option 2: Change DNS to Google / Cloudflare (TOP FIX)
Settings → Network & Internet
Click Wi-Fi (or Ethernet)
Click your connected network
Edit DNS → Manual
Turn IPv4 ON
Enter: Option 1 (Google DNS) Preferred: 8.8.8.8 & Alternate: 8.8.4.4
OR Option 2 (Cloudflare DNS – faster) Preferred: 1.1.1.1 & Alternate: 1.0.0.1
Save → Restart browser","✅ Option 3: Flush DNS Cache (VERY IMPORTANT)
Search cmd
Right-click → Run as administrator
Run: ipconfig /flushdns
Restart browser","✅ Option 4: Disable VPN / Proxy (MOST COMMON CAUSE)
🔹 Disable Proxy:
Settings → Network & Internet → Proxy
Turn OFF everything
🔹 Disable VPN:
Exit VPN app completely
Restart browser","✅ Option 5: Reset Network Stack (Advanced but Safe)
Run Command Prompt as Admin:
netsh winsock reset
netsh int ip reset
ipconfig /renew
🔁 Restart PC after running commands",All websites should load normally after DNS and network fixes,low,Windows 10/11,Desktop/Laptop,"The internet works only on some websites, while others do not load, some sites load but others dont, partial internet access, DNS resolution issue, selective website loading",
NEW283,Network,Network Shows Connected But No Data Transfer,"The network shows connected, but there is no data transfer at all","The network shows connected, but there is no data transfer at all, connected but no internet, no data transfer, network connected but no traffic, zero send receive","Network adapter issue, network services stopped, TCP/IP stack corruption, or firewall blocking","✅ Option 1: Confirm It's Really No Data
Open Task Manager → Performance → Wi-Fi / Ethernet
❌ Send/Receive = 0 Kbps → continue
✔️ If traffic appears → browser/app issue","✅ Option 2: Restart Network Services (FAST FIX)
Press Win + R
Type services.msc → Enter        Restart these services one by one:
WLAN AutoConfig
Network Location Awareness 
DHCP Client
DNS Client
📌 Set them to Automatic","✅ Option 3: Disable & Re-Enable Network Adapter
Win + X → Network Connections
Advanced network settings
Change adapter options
Right-click your network → Disable
Wait 10 seconds → Enable","✅ Option 4: Reset TCP/IP, Winsock & IP Stack (VERY IMPORTANT)
Search cmd
Right-click → Run as administrator
Run one by one:
netsh winsock reset
netsh int ip reset
ipconfig /release
ipconfig /renew
ipconfig /flushdns
Restart PC","✅ Option 5: Turn OFF VPN, Proxy & Third-Party Firewall
Disable Proxy: Settings → Network & Internet → Proxy
Disable VPN: Exit VPN app completely
Antivirus: Temporarily disable firewall/web protection (test only)",Network should show data transfer in Task Manager and internet should work normally,low,Windows 10/11,Desktop/Laptop,"The network shows connected, but there is no data transfer at all, connected but no internet, no data transfer, network connected but no traffic, zero send receive",
NEW284,Network,Frequent Packet Loss Causes Connection Drops,"I experience frequent packet loss, which causes the connection to drop","I experience frequent packet loss, which causes the connection to drop, packet loss, connection drops, unstable connection, high packet loss percentage","Wi-Fi interference, router issues, network adapter problems, or driver issues","✅ Option 1: Confirm Packet Loss (Quick Test)
Open Command Prompt and run: ping google.com -n 20
Results:
✔️ 0–1% loss → Normal
⚠️ 5–10% loss → Unstable
❌ 10%+ loss → Serious issue","✅ Option 2: Restart Router & Modem (Very Important)
Turn OFF router & modem
Unplug power
Wait 60 seconds
Power ON → wait for stable lights
📌 This alone fixes many packet loss issues.","✅ Option 3: Switch Wi-Fi Band (2.4 GHz ↔ 5 GHz)
📶 Interference is the #1 cause of packet loss.
2.4 GHz → Long range, crowded, slower
5 GHz → Shorter range, faster, stable
👉 If far from router → use 2.4 GHz
👉 If close to router → use 5 GHz","✅ Option 4: Reduce Wi-Fi Interference
🚫 Nearby devices disrupt signal.
Move router away from: Microwaves /Bluetooth devices /Cordless phones /Thick walls / metal
Place router high & open
Avoid using Wi-Fi through multiple walls","✅ Option 5: Update Network Driver (CRITICAL)
Win + X → Device Manager
Expand Network adapters
Right-click Wi-Fi / Ethernet → Update driver
Choose Search automatically
🔁 If still bad: Uninstall device
Restart PC",Packet loss should be minimal (0-1%) and connection should be stable,low,Windows 10/11,Desktop/Laptop,"I experience frequent packet loss, which causes the connection to drop, packet loss, connection drops, unstable connection, high packet loss percentage",
NEW285,Network,Router Connected But PC Shows Offline,"The router is connected, but my PC shows an offline status","The router is connected, but my PC shows an offline status, router connected but PC offline, shows offline status, network offline, Windows shows offline","Windows offline mode enabled, network adapter issue, IP configuration problem, or proxy/VPN interference","✅ Option 1: Check if Windows Is Set to ""Offline""
🛑 Sometimes Windows/browser is forced offline.
Browser check: Open browser menu
Make sure Work Offline is ❌ OFF
Windows check: Settings → Network & Internet
Status should say Connected
If it says Offline, continue steps","✅ Option 2: Disconnect & Reconnect to Wi-Fi (Quick Fix)
Click Wi-Fi icon in taskbar
Click your network → Disconnect
Wait 10 seconds
Reconnect and enter password again","✅ Option 3: Disable & Re-Enable Network Adapter
Press Win + X → Network Connections
Advanced network settings
Change adapter options
Right-click Wi-Fi / Ethernet → Disable
Wait 10 seconds → Enable","✅ Option 4: Check IP Address (CRITICAL)
Open Command Prompt
Type: ipconfig
Results:
✔️ IP like 192.168.x.x / 10.x.x.x → OK
❌ IP like 169.254.x.x → PC is offline ","✅ Option 5: Turn OFF Proxy & VPN (Very Common Cause)
Disable Proxy: Settings → Network & Internet → Proxy
Turn OFF everything
Disable VPN: Exit VPN app completely
Restart PC",PC should show Connected status and have valid IP address,low,Windows 10/11,Desktop/Laptop,"The router is connected, but my PC shows an offline status, router connected but PC offline, shows offline status, network offline, Windows shows offline",
NEW286,Network,Internet Slow Only on One Device,"Internet speed is very slow only on one device, while others work fine","Internet speed is very slow only on one device, while others work fine, slow on one device, device-specific slow internet, one PC slow while others fast","Background processes consuming bandwidth, network driver issue, VPN/proxy interference, or device-specific network settings","✅ Option 1: Confirm It's Device-Specific Test on phone / another PC using the same Wi-Fi.
✔️ Others are fast → continue
❌ All devices slow → router / ISP issue","✅ Option 2: Restart PC & Reconnect to Wi-Fi (Quick Win)
Restart your PC
Disconnect Wi-Fi → reconnect","✅ Option 3: Check Background Usage (VERY COMMON)
Press Ctrl + Shift + Esc → Task Manager
Open Performance → Wi-Fi (or Ethernet)
Go to Processes tab
Look for high Network usage
End suspicious tasks (updaters, cloud sync)","✅ Option 4: Disable VPN, Proxy & Bandwidth Limit
Disable Proxy: Settings → Network & Internet → Proxy → Turn OFF everything
Check bandwidth limit: Settings → Network → Advanced network settings
Data usage → Ensure No limit set","✅ Option 5: Update or Reinstall Network Driver (TOP CAUSE)
Win + X → Device Manager
Network adapters
Right-click Wi-Fi adapter → Update driver
🔁 If still slow: Uninstall device
Restart PC",Internet speed should be normal and match other devices on the same network,low,Windows 10/11,Desktop/Laptop,"Internet speed is very slow only on one device, while others work fine, slow on one device, device-specific slow internet, one PC slow while others fast",
NEW287,Network,Network Switches Between Ethernet and Wi-Fi,The network keeps switching between Ethernet and Wi-Fi automatically,"The network keeps switching between Ethernet and Wi-Fi automatically, switches between networks, auto switching, Ethernet Wi-Fi switching, network priority issue","Network priority misconfiguration, power saving settings, loose Ethernet cable, or adapter auto-switch features","✅ Option 1: Decide Which Network You Want to Use
If you use Ethernet → disable Wi-Fi
If you use Wi-Fi → unplug Ethernet cable
Disable Wi-Fi : Settings → Network & Internet → Click Wi-Fi → Toggle OFF","✅ Option 2: Set Network Priority (VERY IMPORTANT)
Press Win + R → type ncpa.cpl → Enter
Press Alt key → Click Advanced → Advanced Settings
Under Adapters and Bindings:
Move Ethernet to the top
Keep Wi-Fi below it
Click OK
Restart PC","✅ Option 3: Disable Power Saving on Network Adapters
Win + X → Device Manager
Expand Network adapters
Right-click Ethernet adapter → Properties
Power Management tab
❌ Uncheck Allow the computer to turn off this device
Repeat for Wi-Fi adapter
Restart PC","✅ Option 4: Check Ethernet Cable & Port
Loose or bad cables cause drops → Wi-Fi takes over.
Try a different Ethernet cable
Try a different router LAN port
Make sure cable clicks firmly
📌 If Ethernet disconnects even briefly, Windows switches to Wi-Fi.","✅ Option 5: Disable ""Auto Switch"" / Roaming Features (Wi-Fi)
Device Manager → Network adapters
Right-click Wi-Fi adapter → Properties
Advanced tab
Disable or lower: Roaming Aggressiveness / Auto Connect / Auto Switch",Network should stay on the preferred connection without switching,low,Windows 10/11,Desktop/Laptop,"The network keeps switching between Ethernet and Wi-Fi automatically, switches between networks, auto switching, Ethernet Wi-Fi switching, network priority issue",
NEW288,Network,Cannot Access Local Network Devices,I cannot access local network devices like printers or shared folders,"I cannot access local network devices like printers or shared folders, cannot access network printer, shared folders not accessible, local network access denied","Network profile set to Public, network discovery disabled, firewall blocking, or network services not running","✅ Option 1: Set Network Profile to Private (MOST IMPORTANT)Settings → Network & Internet
Click Wi-Fi or Ethernet
Click your connected network
Set Network profile = Private
🔁 Restart PC","✅ Option 2: Turn ON Network Discovery & File Sharing
Control Panel → Network and Sharing Center
Click Change advanced sharing settings
Under Private: Turn on Network discovery & File and printer sharing
Click Save changes","✅ Option 3: Restart Required Network Services
Press Win + R → type services.msc
Ensure these are Running & Automatic:
Function Discovery Provider Host
Function Discovery Resource Publication / SSDP Discovery /UPnP Device Host /Server /Workstation
🔁 Restart these services if needed","✅ Option 4: Allow File & Printer Sharing Through Firewall
Control Panel → Windows Defender Firewall
Click Allow an app or feature
Enable: File and Printer Sharing & Network Discovery 
Allow on Private networks
📌 If using third-party antivirus → temporarily disable firewall to test","✅ Option 5: Check IP Address (Same Network Test)
Open Command Prompt
Type: ipconfig
Example (GOOD): PC: 192.168.1.10 & Printer/Other PC: 192.168.1.20
❌ If different ranges (192.168.1.x vs 192.168.0.x) → router config issue",Should be able to access network printers and shared folders on the local network,low,Windows 10/11,Desktop/Laptop,"I cannot access local network devices like printers or shared folders, cannot access network printer, shared folders not accessible, local network access denied",
NEW289,Network,Network Connection Drops During Downloads,The network connection drops whenever I try to download files,"The network connection drops whenever I try to download files, connection drops during download, download causes disconnection, network drops when downloading","Router buffer overload, power saving on network adapter, network driver issue, or TCP/IP stack corruption","✅ Option 1: Confirm the Pattern (Quick Test)
Try downloading: A small file (5–10 MB) & A large file (500 MB+)
❌ Drops only on large files → continue
❌ Drops on any download → continue","✅ Option 2: Restart Router & Modem (VERY IMPORTANT)
Turn OFF router & modem
Unplug power
Wait 60 seconds
Power ON → wait for stable lights
📌 This fixes router buffer overloads.","✅ Option 3: Disable Power Saving on Network Adapter (TOP CAUSE)
Win + X → Device Manager
Network adapters
Right-click your Wi-Fi / Ethernet adapter → Properties
Power Management tab
❌ Uncheck Allow the computer to turn off this device
Click OK → Restart PC","✅ Option 4: Update or Reinstall Network Drive
Device Manager → Network adapters
Right-click adapter → Update driver
🔁 If still dropping: Uninstall device
Restart PC
Windows reinstalls clean driver","✅ Option 5: Reset Network Stack (VERY EFFECTIVE)
Run Command Prompt as Administrator:
netsh winsock reset
netsh int ip reset
ipconfig /flushdns
🔁 Restart PC",Downloads should complete without connection drops,low,Windows 10/11,Desktop/Laptop,"The network connection drops whenever I try to download files, connection drops during download, download causes disconnection, network drops when downloading",
NEW290,Network,Cannot Access Router Admin Page,My PC cannot connect to the router's admin or settings page,"My PC cannot connect to the router's admin or settings page, cannot access router settings, router admin page not loading, cannot open router IP","Wrong router IP address, HTTPS vs HTTP issue, VPN/proxy blocking, IP address mismatch, or router blocking access","✅ Option 1: Find the Correct Router IP (MOST IMPORTANT)
Many users try the wrong address.
Press Win + R → type cmd → Enter
Run: ipconfig
Look for Default Gateway
📌 Common router IPs:
192.168.1.1 / 192.168.0.1 /192.168.1.254 / 10.0.0.1
👉 Open exactly that IP in your browser (example: http://192.168.1.1)","✅ Option 2: Use HTTP (Not HTTPS)
Some routers don't support HTTPS.
❌ https://192.168.1.1
✅ http://192.168.1.1
Also try: Different browser (Edge / Chrome / Firefox)
Incognito / Private window","✅ Option 3: Disable VPN & Proxy (VERY COMMON CAUSE)
Disable Proxy: Settings → Network & Internet → Proxy
Turn OFF everything
Disable VPN: Exit VPN app completely
Restart browser","✅ Option 4: Check Your IP Address (Same Network Test)

Run: ipconfig
Valid example: IP: 192.168.1.25  & Gateway: 192.168.1.1
❌ If IP is: 169.254.x.x → Not connected to router
Very different range → Network issue
🔧 Fix:
Reconnect Wi-Fi / Ethernet
Restart router","✅ Option 5: Test Router Reachability (Ping Test)
Checks if PC can even talk to router : ping 192.168.1.1
Results:
✔️ Replies received → Router reachable
❌ Request timed out → Blocked or not connected",Should be able to access router admin page at the correct IP address,low,Windows 10/11,Desktop/Laptop,"My PC cannot connect to the router's admin or settings page, cannot access router settings, router admin page not loading, cannot open router IP",
NEW291,Performance,PC Slow After Waking From Sleep,My PC becomes very slow only after waking up from sleep mode,"My PC becomes very slow only after waking up from sleep mode, slow after sleep, lag after wake, freezing after sleep mode, slow response after sleep","Fast startup enabled, graphics driver issue, power plan settings, USB power saving, or background apps consuming resources","✅ Option 1: Disable Fast Startup (MOST COMMON FIX)
Press Win + R → type control → Enter
Go to Power Options
Click Choose what the power buttons do
Click Change settings that are currently unavailable
❌ Uncheck Turn on fast startup
Click Save changes
Restart your PC
✔️ Fixes lag, freezing, and slow response after sleep","✅ Option 2: Update Graphics Driver (VERY IMPORTANT)
Right-click Start → Device Manager
Expand Display adapters
Right-click your GPU → Update driver
Or download the latest stable driver from: NVIDIA / AMD / Intel official website
❌ Avoid beta drivers
✔️ Fixes UI lag, stutter, black screens after sleep","✅ Option 3: Change Power Plan to High Performance
Press Win + R → type powercfg.cpl
Select High performance
Click Change plan settings → Change advanced power settings
Set: PCI Express → Link State Power Management → OFF
Processor power management → Minimum processor state → 100%
✔️ Prevents CPU throttling after sleep","✅ Option 4: Disable USB Power Saving
Open Device Manager
Expand Universal Serial Bus controllers
For each USB Root Hub: Right-click → Properties
Go to Power Management
❌ Uncheck Allow the computer to turn off…
Click OK
✔️ Fixes mouse/keyboard lag & random freezes","✅ Option 5: Stop Background Apps After Sleep
Press Ctrl + Shift + Esc (Task Manager)
Check CPU / Disk / Memory usage
If usage is high: Restart Windows Explorer
Disable heavy startup apps (Discord, launchers, RGB tools)
✔️ Restores normal performance instantly",PC should wake from sleep and respond normally without lag or freezing,low,Windows 10/11,Desktop/Laptop,"My PC becomes very slow only after waking up from sleep mode, slow after sleep, lag after wake, freezing after sleep mode, slow response after sleep",
NEW292,Performance,System Lag With Multiple Browser Tabs,System lag increases significantly when multiple browser tabs are open,"System lag increases significantly when multiple browser tabs are open, lag with many tabs, slow with browser tabs, high RAM usage with tabs, browser slows PC","Insufficient RAM, browser memory leaks, too many heavy tabs, browser extensions consuming resources, or browser not using memory efficiently","✅ Option 1: Check RAM Usage (MOST COMMON CAUSE)
Press Ctrl + Shift + Esc → open Task Manager
Go to Performance → Memory
If RAM usage is 80–100%, that's the main cause
✔️ Result: Confirms whether RAM is the bottleneck","✅ Option 2: Enable Browser Memory Saver (VERY IMPORTANT)
Open browser Settings
Go to Performance
Turn ON Memory Saver / Sleeping Tabs
✔️ Inactive tabs will sleep and free RAM","✅ Option 3: Close or Limit Heavy Tabs
⚠️ Tabs that slow PCs most:
YouTube / Streaming sites /Online editors (Canva, Figma)
Crypto dashboards /Too many Gmail / Google Docs tabs
✔️ Keep 10–15 tabs max on low-RAM systems","✅ Option 4: Disable Browser Extensions
Open browser → Extensions
Disable: Ad tools (too many) / VPN extensions / Screenshot tools / Shopping assistants
✔️ Restart browser after disabling","✅ Option 5: Use Browser Task Manager (POWERFUL)
Press Shift + Esc inside browser
Sort by Memory / CPU
End task for heavy tabs
✔️ Instantly reduces lag",System should run smoothly even with multiple browser tabs open,low,Windows 10/11,Desktop/Laptop,"System lag increases significantly when multiple browser tabs are open, lag with many tabs, slow with browser tabs, high RAM usage with tabs, browser slows PC",
NEW293,Performance,Slow File Copy Speed on Internal Drive,File copy speed is very slow on the internal drive,"File copy speed is very slow on the internal drive, slow file transfer, slow copy speed, slow disk write, slow file copy internal drive","High disk usage, HDD vs SSD performance, disk errors, antivirus scanning, or transfer mode set to PIO instead of DMA","✅ Option 1: Check Disk Usage (MOST COMMON CAUSE)
Press Ctrl + Shift + Esc → Task Manager
Go to Performance → Disk
If Disk usage stays at 90–100%, that's the issue
✔️ Indicates disk bottleneck","✅ Option 2: Check Drive Type (HDD vs SSD)
Task Manager → Performance → Disk
Check: HDD → Normal speed: 50–120 MB/s & SSD → Normal speed: 400–550 MB/s
⚠️ If SSD speed is below 100 MB/s → problem exists","✅ Option 3: Run Disk Error Check (VERY IMPORTANT)
Open File Explorer
Right-click C: drive → Properties
Tools tab → Check
Restart if asked
✔️ Fixes hidden disk errors","✅ Option 4: Disable Real-Time Antivirus Scan (TEMPORARY)
Open Windows Security
Virus & threat protection → Manage settings
Temporarily ❌ turn off Real-time protection
Copy files → re-enable antivirus
✔️ Often doubles copy speed","✅ Option 5: Check Transfer Mode (DMA vs PIO)
Press Win + X → Device Manager
Expand IDE ATA / ATAPI controllers
Open each ATA Channel → Advanced Settings
Ensure Transfer Mode = DMA
❌ If PIO → uninstall channel → restart PC",File copy speed should be normal for the drive type (HDD or SSD),low,Windows 10/11,Desktop/Laptop,"File copy speed is very slow on the internal drive, slow file transfer, slow copy speed, slow disk write, slow file copy internal drive",
NEW294,Performance,PC Stutters During Video Playback,My PC stutters or lags during video playback,"My PC stutters or lags during video playback, video stuttering, lag during playback, frame drops in video, choppy video playback","Hardware acceleration disabled, outdated graphics driver, CPU/GPU bottleneck, power plan throttling, or audio driver issue","✅ Option 1: Enable Hardware Acceleration in the Browser (MOST COMMON FIX)
Open Settings
Go to System
Turn ON Use hardware acceleration when available
Restart the browser
✔️ Smooth video playback & lower CPU usage","✅ Option 2: Update Graphics Driver (VERY IMPORTANT)
Right-click Start → Device Manager
Expand Display adapters
Right-click GPU → Update driver
👉 Or download latest stable driver from: NVIDIA /AMD /Intel
❌ Avoid beta drivers
✔️ Fixes stutter, frame drops, black screens","✅ Option 3: Check CPU & GPU Usage During Playback
Start playing a video
Press Ctrl + Shift + Esc → Task Manager
Check: CPU > 80–90% → CPU bottleneck & GPU at 0% → hardware acceleration not working
✔️ Helps choose correct fix","✅ Option 4: Change Power Plan to High Performance
Press Win + R → type powercfg.cpl
Select High performance
Advanced settings: Minimum processor state → 100%
✔️ Prevents throttling during playback","✅ Option 5: Update Audio Driver (Often Overlooked)
Device Manager → Sound, video and game controllers
Update audio driver
✔️ Fixes audio-video desync & stutter",Video playback should be smooth without stuttering or lag,low,Windows 10/11,Desktop/Laptop,"My PC stutters or lags during video playback, video stuttering, lag during playback, frame drops in video, choppy video playback",
NEW295,Performance,Windows Search High CPU Usage,Windows Search causes unusually high CPU usage,"Windows Search causes unusually high CPU usage, search high CPU, Windows Search CPU spike, search indexing high CPU, search service CPU usage","Search service stuck, corrupted search index, too many indexed locations, indexing on HDD, or search process error","✅ Option 1: Restart Windows Search Service (FAST FIX)
Press Win + R → type services.msc → Enter
Find Windows Search
Right-click → Restart
✔️ Instantly reduces CPU usage if the service was stuck","✅ Option 2: Rebuild Search Index (MOST EFFECTIVE FIX)
Press Win + R → type control
Open Indexing Options
Click Advanced
Under Troubleshooting → Rebuild
⏳ Takes time (PC may slow temporarily)
✔️ Permanently fixes search-related CPU spikes","✅ Option 3: Reduce Indexed Locations
Indexing Options → Modify
❌ Uncheck: Large drives /Downloads /Game folders /External drives
Keep only: Start Menu /Documents
✔️ Reduces background CPU usage","✅ Option 4: Disable Search Indexing on HDD (IMPORTANT)
Open File Explorer
Right-click C: drive → Properties
❌ Uncheck Allow files on this drive to have contents indexed
Apply to all files
✔️ Major performance improvement on HDD systems","✅ Option 5: Run Search Troubleshooter
Settings → System → Troubleshoot
Other troubleshooters
Run Search and Indexing
✔️ Repairs stuck search processes",Windows Search should not cause high CPU usage during normal operation,low,Windows 10/11,Desktop/Laptop,"Windows Search causes unusually high CPU usage, search high CPU, Windows Search CPU spike, search indexing high CPU, search service CPU usage",
NEW296,Performance,Desktop Takes Long Time to Load After Login,The desktop takes a long time to load after logging in,"The desktop takes a long time to load after logging in, slow desktop load, icons load slowly, desktop slow after login, long login time","Too many startup apps, high disk usage, heavy startup services, user profile issues, or system resource bottleneck","✅ Option 1: Disable Unnecessary Startup Apps (MOST COMMON FIX)
Press Ctrl + Shift + Esc → open Task Manager
Go to Startup tab
Disable apps with High / Medium impact, such as: Game launchers / Updaters / Chat apps /RGB / utility software
Restart PC
✔️ Desktop loads much faster","✅ Option 2: Check Disk Usage After Login
Log in → wait 30 seconds
Press Ctrl + Shift + Esc → Performance → Disk
If Disk usage is 90–100%, that's the cause
✔️ Confirms HDD/SSD bottleneck","✅ Option 3: Delay Heavy Startup Services
Press Win + R → type msconfig
Go to Services tab
Check Hide all Microsoft services
Disable non-essential services (Adobe, updater services)
Apply → Restart
✔️ Reduces login-time load","✅ Option 4: Disable Startup Apps from Settings
Settings → Apps → Startup
Turn OFF unnecessary apps
✔️ Improves consistency","✅ Option 5: Check User Profile Load Delay
✔️ If desktop shows black screen or icons load late:
Create a new local user
Log in and test speed
✔️ Confirms profile-related issue",Desktop should load quickly after login with all icons and shortcuts visible,low,Windows 10/11,Desktop/Laptop,"The desktop takes a long time to load after logging in, slow desktop load, icons load slowly, desktop slow after login, long login time",
NEW297,Performance,Random Lag Spikes During Normal Use,Lag spikes occur randomly even when the system is not under heavy load,"Lag spikes occur randomly even when the system is not under heavy load, random lag spikes, sudden freezes, intermittent stutter, random performance drops","Background CPU spikes, power plan throttling, fast startup issues, outdated drivers, or background apps/overlays causing DPC latency","✅ Option 1: Check Background CPU Spikes (MOST COMMON CAUSE)
Press Ctrl + Shift + Esc → open Task Manager
Go to Processes tab
Watch for sudden spikes from: Windows Defender / Windows Search / Update services / Third-party updaters
✔️ Identifies hidden background causes","✅ Option 2: Change Power Plan (VERY IMPORTANT)
Press Win + R → type powercfg.cpl
Select High performance
Click Change plan settings → Advanced
Set: Minimum processor state → 100% & PCI Express → Link State Power Management → OFF
✔️ Prevents CPU/GPU downclocking spikes","✅ Option 3: Disable Fast Startup
Control Panel → Power Options
Choose what the power buttons do
Change settings currently unavailable
❌ Uncheck Turn on fast startup
Restart PC
✔️ Fixes random freezes after boot & wake","✅ Option 4: Update Chipset & GPU Drivers
Open Device Manager
Update: Chipset / CPU drivers / GPU driver
Prefer manufacturer website drivers
✔️ Fixes micro-stutter & latency spikes","✅ Option 5: Disable Background Apps & Overlays
❌ Disable or close:
Xbox Game Bar / Screen recorders / RGB control software / Game launchers
✔️ Reduces DPC latency spikes",System should run smoothly without random lag spikes during normal use,low,Windows 10/11,Desktop/Laptop,"Lag spikes occur randomly even when the system is not under heavy load, random lag spikes, sudden freezes, intermittent stutter, random performance drops",
NEW298,Performance,PC Slow When Antivirus Is Active,My PC becomes slow whenever antivirus software is active,"My PC becomes slow whenever antivirus software is active, slow with antivirus, antivirus slows PC, high CPU with antivirus, slow when scanning","Antivirus consuming high CPU/disk resources, scanning too many files, duplicate antivirus software, or real-time protection being too aggressive","✅ Option 1: Identify Antivirus Resource Usage (MOST IMPORTANT)
Press Ctrl + Shift + Esc → open Task Manager
Go to Processes
Look for: Antimalware Service Executable & Third-party AV processes
If CPU/Disk stays high, antivirus is slowing the system
✔️ Confirms root cause","✅ Option 2: Add Exclusions (BEST FIX – SAFE)
Open Windows Security
Virus & threat protection → Manage settings
Scroll to Exclusions → Add or remove exclusions
Add: Game folders / Program install folders / Video / project folders
✔️ Massive speed improvement with no security risk","✅ Option 3: Schedule Full Scans (VERY IMPORTANT)
Open antivirus settings
Set Full Scan: Weekly OR Night time / idle hours
✔️ Prevents random slowdowns","✅ Option 4: Reduce Real-Time Protection Impact
✔️ Set real-time scanning to: 
""Smart / Balanced"" mode
Disable scanning of compressed archives
Disable scanning of network files (if safe)
✔️ Reduces disk & CPU load","✅ Option 5: Disable Duplicate Antivirus (CRITICAL)
❌ Uninstall: Trial antivirus software & Old security tools
✔️ Keep only one antivirus",PC should run normally even with antivirus active and real-time protection enabled,low,Windows 10/11,Desktop/Laptop,"My PC becomes slow whenever antivirus software is active, slow with antivirus, antivirus slows PC, high CPU with antivirus, slow when scanning",
NEW299,Performance,Windows Freezes Briefly Every Few Minutes,Windows freezes briefly every few minutes during normal use,"Windows freezes briefly every few minutes during normal use, periodic freezes, brief stutters, intermittent freezing, system freezes every few minutes","Disk spikes, Windows Search indexing, power plan throttling, fast startup issues, or outdated chipset/storage/GPU drivers causing DPC latency","✅ Option 1: Check Disk Spikes (MOST COMMON CAUSE)
Press Ctrl + Shift + Esc → Task Manager
Go to Performance → Disk
Watch for sudden jumps to 90–100%
✔️ Confirms disk-related stutter (very common on HDDs)","✅ Option 2: Disable Windows Search Indexing (HIGH IMPACT)
Press Win + R → type services.msc
Find Windows Search
Right-click → Properties
Startup type → Disabled
Click Stop → OK
✔️ Stops background CPU/disk spikes","✅ Option 3: Change Power Plan to High Performance
Press Win + R → powercfg.cpl
Select High performance
Change plan settings → Advanced
Minimum processor state → 100%
PCI Express → Link State Power Management → OFF
✔️ Prevents random throttling freezes","✅ Option 4: Disable Fast Startup
Control Panel → Power Options
Choose what the power buttons do
Change settings currently unavailable
❌ Uncheck Turn on fast startup
Restart PC
✔️ Fixes periodic freezes after boot/sleep","✅ Option 5: Update Chipset, Storage & GPU Drivers
Device Manager
Update: Chipset / CPU drivers / Storage (SATA/NVMe) drivers / GPU driver
✔️ Removes DPC latency spikes",Windows should run smoothly without periodic freezes during normal use,low,Windows 10/11,Desktop/Laptop,"Windows freezes briefly every few minutes during normal use, periodic freezes, brief stutters, intermittent freezing, system freezes every few minutes",
NEW300,Performance,Performance Drops When Battery Is Low,System performance drops noticeably when the battery level is low,"System performance drops noticeably when the battery level is low, slow on low battery, performance drop on battery, throttling on low battery, slow when battery low","Battery saver mode activated, aggressive CPU throttling, battery saver auto-activation, CPU throttling enabled, or outdated chipset/power management drivers","✅ Option 1: Change Power Mode to Best Performance (MOST IMPORTANT)
Click the battery icon in the taskbar
Move the slider to Best performance
Plug in the charger and test performance
✔️ Instantly improves speed (but uses more battery)","✅ Option 2: Modify Advanced Power Settings
Press Win + R → type powercfg.cpl
Click Change plan settings (current plan)
Click Change advanced power settings
Set the following (for On battery):
Processor power management → Minimum processor state → 50–60%
Maximum processor state → 100% & System cooling policy → Active
✔️ Prevents extreme downclocking","✅ Option 3: Disable Battery Saver Auto-Activation
Settings → System → Power & battery
Under Battery saver: Turn OFF Turn battery saver on automatically Or lower the trigger to 10–15%
✔️ Reduces sudden performance drops","✅ Option 4: Disable CPU Throttling (Advanced – Safe)
Press Win + R → type regedit
Go to: HKEY_LOCAL_MACHINE\SYSTEM\CurrentControlSet\Control\Power
Set: CsEnabled = 0
Restart PC
✔️ Improves responsiveness on battery
⚠️ Registry edit – follow carefully","✅ Option 5: Update Chipset & Power Management Drivers
Open Device Manager
Update: Chipset / CPU drivers & Battery / ACPI drivers
Prefer laptop manufacturer's website
✔️ Fixes incorrect throttling behavior",System performance should remain acceptable even when battery level is low,low,Windows 10/11,Laptop,"System performance drops noticeably when the battery level is low, slow on low battery, performance drop on battery, throttling on low battery, slow when battery low",
NEW301,Storage,Drive Shows Incorrect Storage Size,My drive shows an incorrect storage size and does not reflect the actual capacity,"My drive shows an incorrect storage size and does not reflect the actual capacity, wrong drive size, missing disk space, incorrect capacity, drive size mismatch","Unallocated space, MBR partition limit (2TB), hidden partitions, file system errors, or partition table issues","✅ Option 1: Check Disk Size in Disk Management (MOST COMMON FIX)
Press Win + X → Disk Management
Locate your drive
Look for Unallocated space (black bar)
If found: Right-click the main partition
Click Extend Volume
Finish the wizard
✔️ This instantly restores missing space","✅ Option 2: Check if Drive Is Limited by MBR (2TB LIMIT)
Open Disk Management
Right-click the disk label (Disk 0, Disk 1)
Select Properties → Volumes
Check Partition Style
Fix: If it says MBR and your drive is >2TB → Convert to GPT
⚠️ Backup data first","✅ Option 3: Convert MBR to GPT (WITHOUT DATA LOSS – Windows 10/11)
Steps:
Press Win + X → Windows Terminal (Admin)
Run:
mbr2gpt /validate /disk:0 /allowFullOS
mbr2gpt /convert /disk:0 /allowFullOS
Restart PC
Enter BIOS → Set Boot Mode = UEFI
✔️ Full capacity becomes available","✅ Option 4: Remove Hidden or OEM Partitions
Open Disk Management
Look for: Recovery / OEM / Unknown partitions
If unnecessary: Delete partition
Extend main volume
⚠️ Do NOT delete recovery unless you understand the risk","✅ Option 5: Check File System Errors
Open Command Prompt (Admin)
Run: chkdsk X: /f /r (Replace X: with your drive letter)
✔️ Fixes logical size mismatches",Drive should show correct total capacity matching the physical drive size,low,Windows 10/11,Desktop/Laptop,"My drive shows an incorrect storage size and does not reflect the actual capacity, wrong drive size, missing disk space, incorrect capacity, drive size mismatch",
NEW302,Storage,Delayed Write Failed Error,"Windows reports a ""delayed write failed"" error while saving or copying files","Windows reports a ""delayed write failed"" error while saving or copying files, delayed write failed, write error, save failed, copy error","USB connection issues, write caching enabled, disk errors, insufficient space, or power saving on USB ports","✅ Option 1: Reconnect the Drive (FASTEST FIX)
Stop copying files
Safely eject the drive
Unplug the USB cable
Wait 10 seconds
Reconnect the drive
 Try copying again
✔️ Often fixes the issue instantly","✅ Option 2: Change USB Port / Cable (VERY IMPORTANT)
Plug the drive into a different USB port
Avoid front-panel ports
Use a short, original USB cable
Do NOT use USB hubs
✔️ Especially important for external HDDs","✅ Option 3: Disable Write Caching (MOST EFFECTIVE)
Press Win + X → Device Manager
Expand Disk drives
Right-click your drive → Properties
Open Policies tab
Select Quick removal
Click OK and restart
✔️ Prevents delayed write errors","✅ Option 4: Run Disk Check (FIXES CORRUPTION)
Open Command Prompt (Admin)
Run: chkdsk X: /f /r (Replace X: with the drive letter)
If prompted → type Y and restart
✔️ Repairs bad sectors and write errors","✅ Option 5: Check Available Disk Space
Open This PC
Ensure 10–15% free space
Delete temporary files if needed
✔️ Prevents incomplete writes",Files should save and copy without delayed write failed errors,low,Windows 10/11,Desktop/Laptop,"Windows reports a ""delayed write failed"" error while saving or copying files, delayed write failed, write error, save failed, copy error",
NEW303,Storage,Disk Disappears During File Transfer,The disk disappears suddenly during heavy file transfer operations,"The disk disappears suddenly during heavy file transfer operations, disk disconnects during transfer, drive disappears, sudden disconnect, disk not detected during copy","USB port/cable issues, USB power saving, write caching, overheating, or disk errors","✅ Option 1: Change USB Port & Cable (TOP FIX)
Stop the file transfer
Safely eject the disk
Plug into a rear motherboard USB port
Use a short, high-quality USB cable
Avoid USB hubs or splitters
✔️ Fixes sudden disconnects in most cases","✅ Option 2: Disable USB Power Saving (VERY IMPORTANT)
Press Win + X → Device Manager
Expand Universal Serial Bus controllers
Right-click USB Root Hub → Properties
Open Power Management tab
Uncheck Allow the computer to turn off this device
Click OK (repeat for all USB Root Hubs)
Restart PC
✔️ Prevents power cut during transfers","✅ Option 3: Disable Disk Write Caching (STABILITY FIX)
Device Manager → Disk drives
Right-click your disk → Properties
Open Policies tab
Select Quick removal
Click OK → Restart
✔️ Improves stability under heavy load","✅ Option 4: Check for Overheating (COMMON FOR HDDs & SSDs)
Touch the enclosure (warm is normal, hot is not)
Ensure proper airflow
Avoid placing drive on soft surfaces
Use a cooling pad or fan if needed
✔️ Especially important for long transfers","✅ Option 5: Run Disk Error Scan
Open Command Prompt (Admin)
Run: chkdsk X: /f /r (Replace X: with the drive letter)
✔️ Repairs logical and sector errors",Disk should remain connected and accessible during file transfers,medium,Windows 10/11,Desktop/Laptop,"The disk disappears suddenly during heavy file transfer operations, disk disconnects during transfer, drive disappears, sudden disconnect, disk not detected during copy",
NEW304,Storage,File Copying Fails With Unknown Disk Error,File copying fails with an unknown disk error message,"File copying fails with an unknown disk error message, copy fails, unknown disk error, file transfer error, disk error during copy","Disk errors, permission issues, USB connection problems, write caching, or bad sectors","✅ Option 1: Restart & Retry (QUICK CHECK)
Restart your PC
Reconnect the disk (if external)
Try copying a single small file first
✔️ If small files work but large ones fail → continue below","✅ Option 2: Check Disk for Errors (MOST EFFECTIVE)
Open Command Prompt (Admin)
Run: chkdsk X: /f /r (Replace X: with the affected drive letter)
If asked to schedule → type Y and restart
✔️ Fixes bad sectors and file system errors","✅ Option 3: Check File & Folder Permissions
Right-click the source file/folder → Properties
Open Security tab
Ensure your user has Full control
Click Advanced → Enable inheritance
✔️ Especially important when copying from old drives","✅ Option 4: Change USB Port / Cable (External Drives)
Use a rear motherboard USB port
Replace the USB cable
Avoid USB hubs and adapters
✔️ Common fix for external HDD/SSD errors","✅ Option 5: Disable Write Caching (STABILITY FIX)
Win + X → Device Manager
Expand Disk drives
Right-click the disk → Properties
Open Policies tab
Select Quick removal
Click OK → Restart
✔️ Prevents copy failures",Files should copy successfully without unknown disk errors,low,Windows 10/11,Desktop/Laptop,"File copying fails with an unknown disk error message, copy fails, unknown disk error, file transfer error, disk error during copy",
NEW305,Storage,SSD Cannot Be Initialized,The SSD is detected by the system but cannot be initialized,"The SSD is detected by the system but cannot be initialized, SSD not initialized, cannot initialize disk, initialization failed, SSD initialization error","Connection issues, SATA/NVMe controller mode, BIOS settings, disk errors, or partition table corruption","✅ Option 1: Check Disk Management Properly (FIRST STEP)
Press Win + X → Disk Management
Locate the SSD (Disk 1 / Disk 2, etc.)
If it says: Not Initialized / Unknown / No Media
Note the exact error message shown when you click Initialize Disk
✔️ This determines the correct fix","✅ Option 2: Try Initializing Using DiskPart (STRONG FIX)
Open Command Prompt (Admin)
Run these commands carefully: diskpart /list disk /select disk X /attributes disk clear readonly /clean /convert gpt /exit (Replace X with your SSD number)
⚠️ WARNING: clean erases all data
✔️ If initialization succeeds → SSD is usable again","✅ Option 3: Change SATA / NVMe Connection (VERY COMMON)
For SATA SSD: Replace SATA cable / Use a different SATA port /Check power cable from PSU
For NVMe SSD: Reseat SSD in M.2 slot /Try another M.2 slot (if available)
✔️ Physical issues are a top cause","✅ Option 4: Check BIOS / UEFI Detection
Restart PC → Enter BIOS / UEFI
Check if SSD is listed under Storage / NVMe / SATA
If missing: Update BIOS & Try another slot/port
✔️ SSD must appear correctly in BIOS","✅ Option 5: Change SATA Controller Mode (IMPORTANT)
Enter BIOS / UEFI
Locate SATA Configuration
Set mode to: AHCI (recommended) & Disable RAID unless needed
Save & Exit
✔️ Fixes many ""cannot initialize"" errors",SSD should be initialized and accessible in Windows,medium,Windows 10/11,Desktop/Laptop,"The SSD is detected by the system but cannot be initialized, SSD not initialized, cannot initialize disk, initialization failed, SSD initialization error",
NEW306,Storage,Drive Inaccessible After Sleep,The drive becomes inaccessible after the system wakes up from sleep mode,"The drive becomes inaccessible after the system wakes up from sleep mode, drive missing after sleep, inaccessible after wake, drive not found after sleep, disk offline after sleep","Hard disk sleep settings, USB power saving, selective suspend, fast startup, or driver issues","✅ Option 1: Disable Hard Disk Sleep (MOST IMPORTANT)
Press Win + R → type powercfg.cpl → Enter
Click Change plan settings
Click Change advanced power settings
Expand Hard disk
Set Turn off hard disk after → Never (0)
Click Apply → OK
✔️ Prevents disks from going offline after sleep","✅ Option 2: Disable USB Power Saving (TOP FIX FOR EXTERNAL DRIVES)
Press Win + X → Device Manager
Expand Universal Serial Bus controllers
Right-click USB Root Hub → Properties
Open Power Management tab
Uncheck Allow the computer to turn off this device
Click OK
Repeat for all USB Root Hub entries
Restart PC
✔️ Fixes most external drive sleep issues","✅ Option 3: Disable Selective Suspend (VERY EFFECTIVE)
Power Options → Advanced settings
Expand USB settings
Set USB selective suspend setting → Disabled
Apply and restart
✔️ Stops USB devices from failing after sleep","✅ Option 4: Update Disk, USB & Chipset Drivers
Win + X → Device Manager
Update: Disk drives /Storage controllers /USB controllers /Chipset drivers
Restart system
✔️ Improves wake-from-sleep stability","✅ Option 5: Turn Off Fast Startup (IMPORTANT)
Control Panel → Power Options
Click Choose what the power buttons do
Click Change settings currently unavailable
Uncheck Turn on fast startup
Save changes and restart
✔️ Fixes missing drive after sleep",Drive should remain accessible after waking from sleep mode,low,Windows 10/11,Desktop/Laptop,"The drive becomes inaccessible after the system wakes up from sleep mode, drive missing after sleep, inaccessible after wake, drive not found after sleep, disk offline after sleep",
NEW307,Storage,Disk I/O Error,Windows reports a disk I/O error when accessing the drive,"Windows reports a disk I/O error when accessing the drive, disk I/O error, input output error, disk access error, I/O device error","Connection issues, disk errors, driver problems, SMART failures, or SATA controller mode issues","✅ Option 1: Restart & Check Connections (MOST COMMON)
Shut down PC
Open the case
Reseat SATA/NVMe data cable
Reseat power cable
Try a different SATA port if available
For external drives: Change USB port (use rear ports) /Replace USB cable /Avoid USB hubs
✔️ Fixes many sudden I/O errors","✅ Option 2: Check Disk Using CHKDSK (VERY IMPORTANT)
Open Command Prompt (Admin)
Run: chkdsk X: /f /r (Replace X: with the affected drive letter)
If prompted → press Y and restart
✔️ Repairs logical & physical disk errors","✅ Option 3: Update Disk & Storage Drivers
Win + X → Device Manager
Expand: Disk drives & Storage controllers
Right-click device → Update driver
Restart PC
✔️ Improves drive communication","✅ Option 4: Check SMART Health (CRITICAL)
Use tools like CrystalDiskInfo
Check for: Reallocated sectors /Pending sectors /Read/write errors
❌ Bad health = replace drive","✅ Option 5: Check Disk Mode in BIOS (IMPORTANT)
Restart → Enter BIOS / UEFI
Find SATA Configuration
Set to AHCI
Disable RAID (unless required)
Save & Exit
✔️ Fixes controller-related errors",Drive should be accessible without I/O errors,high,Windows 10/11,Desktop/Laptop,"Windows reports a disk I/O error when accessing the drive, disk I/O error, input output error, disk access error, I/O device error",
NEW308,Storage,Disk Usage Spikes When Idle,Disk usage spikes abnormally even when the system is idle,"Disk usage spikes abnormally even when the system is idle, high disk usage idle, disk spikes, 100% disk usage idle, constant disk activity","SysMain (Superfetch), Windows Search indexing, disk errors, or outdated storage drivers","✅ Option 1: Identify the Process Causing High Disk Usage (FIRST STEP)
 Press Ctrl + Shift + Esc → open Task Manager
Click Disk column to sort by usage
Observe which process is using the disk
✔️ Note the process name before continuing","✅ Option 2: Disable SysMain (Superfetch) – MOST COMMON FIX
Press Win + R → type services.msc → Enter
Find SysMain
Double-click → Stop
Set Startup type → Disabled
Click Apply → OK
Restart PC
✔️ Immediate improvement for many systems","✅ Option 3: Disable Windows Search Indexing
Press Win + R → type services.msc
Find Windows Search
Stop the service
Set Startup type → Disabled
Restart system
✔️ Reduces background disk activity","✅ Option 4: Check Disk for Errors (VERY IMPORTANT)
Open Command Prompt (Admin)
Run: chkdsk C: /f /r
Press Y when asked
Restart PC and wait for scan to finish
✔️ Fixes logical errors and bad sectors","✅ Option 5: Update Storage & SATA / NVMe Drivers
Win + X → Device Manager
Update: Disk drives & Storage controllers & SATA / NVMe controller
Restart PC
✔️ Improves disk stability",Disk usage should remain low when the system is idle,low,Windows 10/11,Desktop/Laptop,"Disk usage spikes abnormally even when the system is idle, high disk usage idle, disk spikes, 100% disk usage idle, constant disk activity",
NEW309,Storage,Volume Information Corrupted,"A ""volume information corrupted"" error appears on the drive","A ""volume information corrupted"" error appears on the drive, volume information corrupted, corrupted volume, volume error, disk corruption error","File system corruption, bad sectors, improper shutdown, disk errors, or partition table issues","✅ Option 1: Run CHKDSK (MOST IMPORTANT FIX)
Open Command Prompt (Admin)
Run: chkdsk X: /f /r (Replace X: with the affected drive letter)
If asked to schedule → press Y
Restart PC and wait (may take time)
✔️ Fixes volume information corruption and bad sectors","✅ Option 2: Scan & Repair via File Explorer
Open This PC
Right-click the affected drive → Properties
Go to Tools tab
Click Check → Scan and repair drive
✔️ Repairs logical file system issues","✅ Option 3: Check Drive Letter & Volume Mount
Press Win + X → Disk Management
Locate the drive
If it shows Healthy but no letter: Right-click → Change Drive Letter and Paths
Assign a new letter
✔️ Restores access to the volume","✅ Option 4: Disable Fast Startup (IMPORTANT)
Control Panel → Power Options
Click Choose what the power buttons do
Click Change settings currently unavailable
Uncheck Turn on fast startup
Save and restart
✔️ Prevents recurring corruption","✅ Option 5: Check Disk Health (CRITICAL)
Use CrystalDiskInfo
Look for: Reallocated sectors /Pending sectors /Health = Caution or Bad
❌ Bad health → replace the drive",Volume should be accessible without corruption errors,high,Windows 10/11,Desktop/Laptop,"A ""volume information corrupted"" error appears on the drive, volume information corrupted, corrupted volume, volume error, disk corruption error",
NEW310,Storage,Drive Letter Missing After Restart,The drive letter is missing after restarting the computer,"The drive letter is missing after restarting the computer, drive letter missing, no drive letter, drive not showing, missing drive after restart","AutoMount disabled, disk errors, USB power saving, driver issues, or partition table problems","✅ Option 1: Assign the Drive Letter Manually (MOST COMMON FIX)
Press Win + X → Disk Management
Find the drive (status shows Healthy but no letter)
Right-click the partition → Change Drive Letter and Paths
Click Add (or Change)
Choose a letter (e.g., D: or E: )
Click OK
✔️ Drive should appear immediately in This PC","✅ Option 2: Enable AutoMount (VERY IMPORTANT)
Open Command Prompt (Admin)
Run: diskpart /automount enable /exit
Restart the computer
✔️ Prevents drive letters from disappearing again","✅ Option 3: Check for Disk Errors
Open Command Prompt (Admin)
Run: chkdsk X: /f (Replace X: with the letter you assigned)
✔️ Repairs mount-related errors","✅ Option 4: Disable USB Power Saving (External Drives)
Win + X → Device Manager
Expand Universal Serial Bus controllers
Right-click USB Root Hub → Properties
Power Management tab
Uncheck Allow the computer to turn off this device
Click OK (repeat for all USB Root Hubs)
Restart PC
✔️ Fixes disappearing USB drive letters","✅ Option 5: Update Disk & Storage Drivers
Win + X → Device Manager
Update: Disk drives /Storage controllers /USB controllers
Restart system
✔️ Improves drive detection at startup",Drive letter should persist after restart and drive should be accessible,low,Windows 10/11,Desktop/Laptop,"The drive letter is missing after restarting the computer, drive letter missing, no drive letter, drive not showing, missing drive after restart",
NEW311,Audio,Audio Output Switches Automatically,The audio output switches automatically between devices without my input,"The audio output switches automatically between devices without my input, audio switches devices, automatic audio switching, sound switches between outputs, audio device changes automatically","Multiple audio devices enabled, exclusive audio control, Bluetooth auto-switching, app audio control, or driver conflicts","✅ Option 1: Set a Default Audio Device (MOST IMPORTANT)
Right-click the speaker icon in the taskbar
Click Sound settings
Under Output, select the device you want (Speakers / Headphones)
Click Set as default (if shown)
Disconnect unused devices (HDMI, monitor speakers, etc.)
✔️ This prevents Windows from switching automatically.","✅ Option 2: Disable ""Allow Apps to Take Exclusive Control""
Press Win + R → type mmsys.cpl → Enter
Go to Playback tab
Select your main audio device → Properties
Open Advanced tab
❌ Uncheck: Allow applications to take exclusive control & Give exclusive mode applications priority
Click Apply → OK
✔️ Fixes switching caused by games, browsers, or calling apps.","✅ Option 3: Disable Unused Audio Devices
Open Sound settings → More sound settings
In Playback tab: Right-click HDMI audio /Monitor speakers /Virtual audio devices
Click Disable
✔️ Reduces confusion between multiple outputs.","✅ Option 4: Turn Off Bluetooth Auto-Switching
Open Settings → Bluetooth & devices
Temporarily turn off Bluetooth
If problem stops → Forget unused Bluetooth devices & Update Bluetooth driver
✔️ Bluetooth is a top cause of random switching.","✅ Option 5: Update or Reinstall Audio Drivers
Press Win + X → Device Manager
Expand Sound, video and game controllers
Right-click your audio device:
Try Update driver
If still broken → Uninstall device
Restart PC (Windows reinstalls driver automatically)
✔️ Fixes driver conflicts and corruption.",Audio should stay on the selected device without automatic switching,low,Windows 10/11,Desktop/Laptop,"The audio output switches automatically between devices without my input, audio switches devices, automatic audio switching, sound switches between outputs, audio device changes automatically",
NEW312,Audio,Sound Works Only With Headphones,"Sound works only when headphones are connected, but not through the speakers","Sound works only when headphones are connected, but not through the speakers, no sound from speakers, speakers not working, sound only with headphones, speakers muted","Wrong default output device, speakers disabled, audio service issues, or driver problems","✅ Option 1: Select Speakers as Default Output (MOST COMMON FIX)
Right-click the speaker icon in the taskbar
Click Sound settings
Under Output, select Speakers (not Headphones)
Click Set as default (if available)
Test sound
✔️ Windows often stays locked to ""Headphones"" even after unplugging.","✅ Option 2: Enable Disabled Speakers
Press Win + R → type mmsys.cpl → Enter
Go to Playback tab
Right-click inside the list → enable: ✔️ Show Disabled Devices & ✔️ Show Disconnected Devices
If Speakers appear: Right-click → Enable & Right-click again → Set as Default Device
✔️ Very common on laptops.","✅ Option 3: Run Windows Audio Troubleshooter
Go to Settings → System → Sound
Click Troubleshoot
Select Speakers when asked
Apply suggested fixes
✔️ Automatically fixes configuration errors.","✅ Option 4: Restart Audio Services
Press Win + R → type services.msc → Enter
Restart these services: Windows Audio & Windows Audio Endpoint Builder
Close window and test sound
✔️ Fixes audio service glitches.","✅ Option 5: Update or Reinstall Audio Driver
Press Win + X → Device Manager
Expand Sound, video and game controllers
Right-click your audio device:
Try Update driver
If not fixed → Uninstall device
Restart your PC
✔️ Windows will reinstall a clean driver automatically.",Sound should play through speakers when headphones are disconnected,low,Windows 10/11,Desktop/Laptop,"Sound works only when headphones are connected, but not through the speakers, no sound from speakers, speakers not working, sound only with headphones, speakers muted",
NEW313,Audio,Microphone Works in Browser But Not in Apps,The microphone works in the browser but does not work in installed apps,"The microphone works in the browser but does not work in installed apps, mic works in browser only, microphone not working in apps, mic blocked in apps, app microphone access denied","Privacy settings blocking app access, wrong default microphone, disabled microphone, exclusive control, or app-specific settings","✅ Option 1: Enable Microphone Access for Apps (MOST COMMON FIX)
Open Settings
Go to Privacy & security → Microphone
Turn ON: ✔️ Microphone access & ✔️ Let apps access your microphone &✔️ Let desktop apps access your microphone
Scroll down and ensure the affected app is Allowed
✔️ Browsers can work even when app access is OFF.","✅ Option 2: Set the Correct Microphone as Default
Right-click speaker icon → Sound settings
Scroll to Input
Select the correct microphone (Internal / USB / Headset)
Click Set as default
✔️ Apps only use the default microphone.","✅ Option 3: Enable Microphone in Sound Control Panel
Press Win + R → type mmsys.cpl → Enter
Go to Recording tab
Right-click inside the list → enable: ✔️ Show Disabled Devices & ✔️ Show Disconnected Devices
If microphone is disabled: Right-click → Enable & Set as Default Device
✔️ Very common after updates.","✅ Option 4: Disable Exclusive Control (IMPORTANT)
In Recording tab → double-click your microphone
Go to Advanced tab
❌ Uncheck: Allow applications to take exclusive control & Give exclusive mode applications priority
Click Apply → OK
✔️ Fixes issues with Zoom, Discord, games, and recording apps.","✅ Option 5: Check App-Specific Mic Settings
Examples: Zoom / Teams / Discord → Settings → Audio → Select correct microphone
Voice Recorder / OBS → Choose mic manually
✔️ App may be using a non-working mic.",Microphone should work in both browser and installed applications,low,Windows 10/11,Desktop/Laptop,"The microphone works in the browser but does not work in installed apps, mic works in browser only, microphone not working in apps, mic blocked in apps, app microphone access denied",
NEW314,Audio,Audio Volume Resets to Zero,The audio volume resets to zero automatically after adjustment,"The audio volume resets to zero automatically after adjustment, volume resets to zero, volume keeps resetting, sound volume resets, automatic volume reset","Windows communication settings, audio enhancements, app volume control, exclusive audio mode, or audio service issues","✅ Option 1: Change Windows Communication Settings (TOP CAUSE)
Press Win + R → type mmsys.cpl → Enter
Open the Communications tab
Select Do nothing
Click Apply → OK
✔️ This alone fixes volume resetting for many users.","✅ Option 2: Disable Audio Enhancements
In Sound Control Panel (mmsys.cpl)
Playback tab → select your speakers/headphones
Click Properties
Open Enhancements tab
✔️ Check Disable all enhancements
Click Apply → OK
✔️ Prevents software from controlling volume.","✅ Option 3: Turn Off App Volume Control (Per-App Reset Fix)
Go to Settings → System → Sound
Click Volume mixer
Set all app volumes to 100%
Close the app that causes the issue
Reopen and test
✔️ Common with browsers, games, and VoIP apps.","✅ Option 4: Disable Exclusive Audio Control
Press Win + R → mmsys.cpl
Playback tab → select audio device → Properties
Go to Advanced tab
❌ Uncheck: Allow applications to take exclusive control & Give exclusive mode applications priority
Apply → OK
✔️ Stops apps from muting audio automatically.","✅ Option 5: Restart Windows Audio Services
Press Win + R → type services.msc
Restart: Windows Audio & Windows Audio Endpoint Builder
✔️ Fixes stuck or looping audio services.",Volume should remain at the set level without automatically resetting,low,Windows 10/11,Desktop/Laptop,"The audio volume resets to zero automatically after adjustment, volume resets to zero, volume keeps resetting, sound volume resets, automatic volume reset",
NEW315,Audio,Sound Driver Conflicts With Bluetooth Audio,The sound driver conflicts with Bluetooth audio devices,"The sound driver conflicts with Bluetooth audio devices, Bluetooth audio driver conflict, sound driver conflict, Bluetooth audio issues, driver conflict with Bluetooth","Bluetooth Hands-Free enabled, multiple audio devices, outdated drivers, exclusive audio control, or Bluetooth telephony services","✅ Option 1: Disable Bluetooth Hands-Free (TOP FIX)
Bluetooth headsets create two audio devices: Stereo (good quality) & Hands-Free AG Audio (causes conflicts)
Press Win + R → type mmsys.cpl → Enter
Go to Playback tab
Right-click Bluetooth Hands-Free / AG Audio
Click Disable
Set Speakers / Headphones (Stereo) as Default
✔️ Fixes crackling, no sound, mic issues, and driver conflicts.","✅ Option 2: Disable Hands-Free Telephony (Bluetooth Settings)
Open Control Panel → Devices and Printers
Right-click your Bluetooth headset → Properties
Go to Services tab
❌ Uncheck Hands-Free Telephony
Click Apply → OK
✔️ Prevents Windows from switching audio drivers automatically.","✅ Option 3: Set One Default Output & Input Device
Go to Settings → System → Sound
Under Output → select Speakers / Headphones
Under Input → select your main microphone
Disable unused Bluetooth audio devices
✔️ Stops Windows from juggling devices.","✅ Option 4: Update Bluetooth & Audio Drivers (IMPORTANT)
Press Win + X → Device Manager
Update drivers for: Bluetooth & Sound, video and game controllers
If still broken: Uninstall Bluetoot
Restart PC (Windows reinstalls it)
✔️ Old drivers cause constant conflicts.","✅ Option 5: Turn Off Exclusive Audio Control
Open Sound Control Panel (mmsys.cpl)
Playback → select your main audio device → Properties
Go to Advanced
❌ Uncheck: Allow applications to take exclusive control & Give exclusive mode applications priority
Apply → OK
✔️ Prevents apps from hijacking Bluetooth audio.",Bluetooth audio should work without driver conflicts,low,Windows 10/11,Desktop/Laptop,"The sound driver conflicts with Bluetooth audio devices, Bluetooth audio driver conflict, sound driver conflict, Bluetooth audio issues, driver conflict with Bluetooth",
NEW316,Audio,Audio Crackles at High Volume,Audio crackles or distorts only at high volume levels,"Audio crackles or distorts only at high volume levels, audio crackling at high volume, sound distortion high volume, crackling sound loud, audio distortion when loud","Audio enhancements enabled, volume clipping, high sample rate, driver issues, or power settings","✅ Option 1: Disable Audio Enhancements (MOST COMMON FIX)
Press Win + R → type mmsys.cpl → Enter
Go to Playback tab
Select your Speakers / Headphones → Properties
Open Enhancements tab
✔️ Check Disable all enhancements
Click Apply → OK
✔️ Fixes crackling for most users instantly.","✅ Option 2: Reduce Volume + Increase App Volume (Avoid Clipping)
Recommended setup: 
Windows system volume: 70–80%
App volume (player/game): 80–100%
External speaker knob: adjust manually
✔️ Prevents distortion without reducing loudness.","✅ Option 3: Change Audio Format (Sample Rate Fix)
Open Sound Control Panel (mmsys.cpl)
Playback tab → select device → Properties
Go to Advanced tab
Set Default Format to: 16-bit, 44100 Hz (CD Quality)  or 16-bit, 48000 Hz
Click Apply → OK
✔️ More stable than high-bit formats.","✅ Option 4: Update or Reinstall Audio Driver
Press Win + X → Device Manager
Expand Sound, video and game controllers
Right-click audio device: Update driver
If still bad → Uninstall device
Restart PC
✔️ Windows installs a clean driver automatically.","✅ Option 5: Check Power & Performance Settings
Go to Control Panel → Power Options
Select High performance
If laptop: Test while plugged in & Disable battery audio power saving (if available)
✔️ Especially important for laptops.",Audio should play clearly at high volume without crackling or distortion,low,Windows 10/11,Desktop/Laptop,"Audio crackles or distorts only at high volume levels, audio crackling at high volume, sound distortion high volume, crackling sound loud, audio distortion when loud",
NEW317,Audio,No Sound in Games,"There is no sound in games, but audio works normally on the desktop","There is no sound in games, but audio works normally on the desktop, no game sound, games have no audio, sound works desktop but not games, game audio not working","Wrong default audio device, game audio settings, volume mixer muted, exclusive audio mode, or audio format issues","✅ Option 1: Set the Correct Default Audio Device (MOST COMMON)
Right-click the speaker icon in the taskbar
Click Sound settings
Under Output, select your correct device: Speakers /Headphones /HDMI (if using monitor audio)
Click Set as default
✔️ Restart the game and test sound.","✅ Option 2: Check In-Game Audio Settings (VERY IMPORTANT)
Open the game → Settings / Options → Audio
Check: Master Volume (not muted) & Output Device (set to Default / Speakers)
Apply settings and restart the game
✔️ Common in Steam, Epic, and FPS games.","✅ Option 3: Check Volume Mixer (Game Muted)
Start the game
Right-click speaker icon → Open Volume mixer
Look for the game in the list
Make sure: Volume is not 0 & Not muted
✔️ Desktop audio can work while the game is muted.","✅ Option 4: Disable Exclusive Audio Mode
Press Win + R → type mmsys.cpl → Enter
Playback tab → select your audio device → Properties
Go to Advanced tab
❌ Uncheck: Allow applications to take exclusive control & Give exclusive mode applications priority
Click Apply → OK
✔️ Fixes no-sound issues in many games.","✅ Option 5: Set Correct Audio Format (Sample Rate Fix)
In Playback → Properties → Advanced
Set Default Format to: 16-bit, 44100 Hz or 16-bit, 48000 Hz
Apply → OK
✔️ Games may fail at high sample rates.",Games should have sound output matching desktop audio,low,Windows 10/11,Desktop/Laptop,"There is no sound in games, but audio works normally on the desktop, no game sound, games have no audio, sound works desktop but not games, game audio not working",
NEW318,Audio,Microphone Echo During Calls,I experience a microphone echo issue during voice or video calls,"I experience a microphone echo issue during voice or video calls, microphone echo, echo during calls, mic feedback, echo in voice calls","Speakers playing during calls, Listen to this device enabled, high microphone gain, missing echo cancellation, or wrong input/output devices","✅ Option 1: Use Headphones Instead of Speakers (TOP FIX)
✔️ Plug in: Wired headphones /USB headset /Bluetooth headset
❌ Avoid using: Laptop speakers /External speakers during calls","✅ Option 2: Disable ""Listen to This Device""
Press Win + R → type mmsys.cpl → Enter
Go to Recording tab
Double-click your Microphone
Open Listen tab
❌ Uncheck Listen to this device
Click Apply → OK
✔️ Very common hidden cause.","✅ Option 3: Lower Microphone Sensitivity (Gain Fix)
In Recording → Microphone → Properties
Go to Levels tab
Set: Microphone: 70–80% & Microphone Boost: 0 to +10 dB
Apply → OK
✔️ Reduces echo without losing clarity.","✅ Option 4: Enable Echo Cancellation / Noise Suppression
Zoom → Settings → Audio → ✔️ Echo cancellation
Microsoft Teams → Devices → ✔️ Noise suppression
Discord → Voice & Video → ✔️ Echo Cancellation / Noise Suppression
✔️ Software-based echo removal works very well.","✅ Option 5: Set Correct Input & Output Devices (IMPORTANT)
Open Settings → System → Sound
Under Output → select Headphones / Headset
Under Input → select Same headset microphone
Disable unused microphones
✔️ Prevents cross-device echo.",Voice calls should be clear without echo or feedback,low,Windows 10/11,Desktop/Laptop,"I experience a microphone echo issue during voice or video calls, microphone echo, echo during calls, mic feedback, echo in voice calls",
NEW319,Audio,Audio Enhancements Cause Distortion,Audio enhancements cause sound distortion and poor quality,"Audio enhancements cause sound distortion and poor quality, audio distortion, poor sound quality, enhancements cause issues, sound quality problems","Audio enhancements enabled, spatial sound, Realtek/Dolby effects, high sample rates, or enhancement conflicts","✅ Option 1: Disable All Audio Enhancements (BEST FIX)
Press Win + R → type mmsys.cpl → press Enter
Go to Playback tab
Select your Speakers / Headphones → click Properties
Open the Enhancements tab
✔️ Check Disable all enhancements
Click Apply → OK
✔️ Clean, natural sound without artificial processing.","✅ Option 2: Turn Off Spatial Sound (Virtual Surround)
Right-click the speaker icon
Click Spatial sound
Select Off
✔️ Especially important for music and calls.","✅ Option 3: Disable Enhancements from Windows Settings (Alternative Path)
Open Settings → System → Sound
Select your Output device
Click Enhance audio → turn OFF
✔️ Windows 11 sometimes re-enables effects here.","✅ Option 4: Disable Enhancements in Realtek / Dolby / OEM Apps
Open: Realtek Audio Console & Dolby Audio / Dolby Atmos & Nahimic / Sonic Studio
❌ Disable: Surround sound /Bass boost /Sound normalization /Voice clarity effects
✔️ These apps commonly cause poor audio quality.","✅ Option 5: Change Audio Format (Prevents Distortion)
Open Playback → Properties → Advanced
Set Default Format to: 16-bit, 44100 Hz (CD Quality) or 16-bit, 48000 Hz
Click Apply → OK
✔️ High sample rates can conflict with enhancements.",Audio should play clearly without distortion or quality issues,low,Windows 10/11,Desktop/Laptop,"Audio enhancements cause sound distortion and poor quality, audio distortion, poor sound quality, enhancements cause issues, sound quality problems",
NEW320,Audio,Sound Delayed After Sleep,Sound output is delayed after the system resumes from sleep or pause,"Sound output is delayed after the system resumes from sleep or pause, audio delayed after sleep, sound delay after wake, audio lag after sleep, delayed sound after resume","Audio service issues, device power saving, USB power saving, exclusive audio mode, or driver problems","✅ Option 1: Restart Windows Audio Services (QUICK FIX)
Press Win + R → type services.msc → Enter
Restart these services: Windows Audio & Windows Audio Endpoint Builder
Close window and test sound
✔️ Fixes delayed or missing sound immediately after wake.","✅ Option 2: Disable Audio Device Power Saving (VERY IMPORTANT)
Press Win + X → Device Manager
Expand Sound, video and game controllers
Right-click your audio device → Properties
Open Power Management tab
❌ Uncheck: Allow the computer to turn off this device to save power
Click OK
✔️ Prevents wake-up delay.","✅ Option 3: Disable USB Power Saving (For USB / Headset Audio)
 In Device Manager → expand Universal Serial Bus controllers
Right-click each USB Root Hub → Properties
Power Management tab → ❌ Uncheck power saving
Apply → OK
✔️ Fixes delayed audio in USB headsets and DACs.","✅ Option 4: Disable Exclusive Audio Mode
Press Win + R → type mmsys.cpl
Go to Playback tab → select your device → Properties
Open Advanced tab
❌ Uncheck: Allow applications to take exclusive control & Give exclusive mode applications priority
Apply → OK
✔️ Prevents post-sleep audio lag.","✅ Option 5: Update or Reinstall Audio Driver
Open Device Manager
Right-click your audio device → Update driver
If still delayed: Uninstall device
Restart PC (Windows reinstalls driver)
✔️ Fixes resume-related driver bugs.",Sound should play immediately after waking from sleep without delay,low,Windows 10/11,Desktop/Laptop,"Sound output is delayed after the system resumes from sleep or pause, audio delayed after sleep, sound delay after wake, audio lag after sleep, delayed sound after resume",
NEW321,Display,Display Shows Incorrect Colors,The display shows incorrect colors or color distortion,"The display shows incorrect colors or color distortion, screen colors wrong, display color distortion, incorrect colors, color profile issue","Graphics driver issues, display cable problems, color filters enabled, wrong color profile, or monitor settings","✅ Option 1: Restart Graphics Driver (Quick Fix)
Press Win + Ctrl + Shift + B
Screen may flicker and a beep sound may occur
✔️ Fixes temporary GPU glitches","✅ Option 2: Check Display Cable & Monitor
Turn off PC & monitor
Unplug and reconnect HDMI / DisplayPort / VGA
Try a different cable
If using a laptop → test with external monitor
✔️ If colors are normal on another monitor → your display panel may be faulty","✅ Option 3: Disable Night Light & Color Filters
Press Win + I → System → Display
Turn OFF Night light
Go to Accessibility → Color filters → OFF
✔️ Incorrect color profiles often cause distortion","✅ Option 4: Update or Reinstall Graphics Driver (MOST IMPORTANT)
Press Win + X → Device Manager
Expand Display adapters
Right-click GPU → Update driver
🔹Clean Reinstall (Best Fix)
Boot into Safe Mode
Use DDU (Display Driver Uninstaller)
Reboot and install latest stable driver from: NVIDIA /AMD /Intel
❌ Avoid beta drivers","✅ Option 5: Change Screen Resolution & Refresh Rate
Right-click Desktop → Display settings
Set Recommended resolution
Advanced display → Set correct refresh rate (60Hz / 144Hz)
✔️ Wrong refresh rate can cause color artifacts",Display colors should appear correctly without distortion,low,Windows 10/11,Desktop/Laptop,"The display shows incorrect colors or color distortion, screen colors wrong, display color distortion, incorrect colors, color profile issue",
NEW322,Display,Display Flickers at High Resolution,The display flickers only when I set the resolution to a high value,"The display flickers only when I set the resolution to a high value, screen flickers high resolution, display flicker high res, flickering at high resolution, screen flicker resolution","Wrong refresh rate, non-native resolution, inadequate display cable, graphics driver issues, or GPU scaling problems","✅ Option 1: Set Correct Refresh Rate (MOST COMMON)
Right-click Desktop → Display settings
Click Advanced display
Set Refresh rate to: 60Hz (for testing) & Then try higher values (75 / 120 / 144Hz if supported)
✔️ If flicker stops at 60Hz → cable or GPU bandwidth issue","✅ Option 2: Use the Monitor's Native (Recommended) Resolution
Display settings → Resolution
Select (Recommended) resolution
Avoid custom or stretched resolutions
✔️ Non-native resolutions often flicker","✅ Option 3: Replace or Upgrade the Display Cable (VERY IMPORTANT)
Replace old HDMI cable
Prefer DisplayPort
If HDMI: 1080p → HDMI 1.4+ & 1440p/4K → HDMI 2.0 / 2.1
✔️ Cheap cables cause flicker only at high resolution","✅ Option 4: Update or Clean-Reinstall Graphics Driver
Quick update: Device Manager → Display adapters → Update
Best fix: Boot into Safe Mode & Use DDU (Display Driver Uninstaller)
Install latest stable driver from GPU manufacturer
❌ Avoid beta drivers","✅ Option 5: Disable GPU Scaling
NVIDIA Control Panel → Display → Adjust desktop size and position
AMD Adrenalin → Display → GPU Scaling OFF
Intel Graphics → Display → Scaling OFF
✔️ Helps especially with external monitors",Display should work smoothly at high resolution without flickering,low,Windows 10/11,Desktop/Laptop,"The display flickers only when I set the resolution to a high value, screen flickers high resolution, display flicker high res, flickering at high resolution, screen flicker resolution",
NEW323,Display,Laptop Display Works Only With External Monitor,The laptop display works only when connected to an external monitor,"The laptop display works only when connected to an external monitor, laptop screen not working, internal display not working, laptop screen black, internal monitor not detected","Display output mode, display adapter disabled, graphics driver issues, BIOS display settings, or hardware problems","✅ Option 1: Switch Back to Laptop Screen (Very Common)
Press Win + P
Select PC screen only
Wait a few seconds
✔️ If laptop screen turns on → problem solved","✅ Option 2: Detect Laptop Display Manually
Right-click Desktop → Display settings
Scroll down → Click Detect
If display appears → set Multiple displays → Duplicate / Extend
✔️ Forces Windows to re-detect internal screen","✅ Option 3: Update or Reinstall Graphics Driver (MOST IMPORTANT)
🔹 Update
Press Win + X → Device Manager
Expand Display adapters
Right-click GPU → Update driver
🔹 Clean Reinstall (Best Fix)
Boot into Safe Mode
Use DDU (Display Driver Uninstaller)
Reinstall latest stable driver from laptop manufacturer or GPU site
❌ Avoid beta drivers","✅ Option 4: Enable Laptop Display Adapter
Device Manager → Expand Monitors
Right-click Generic PnP Monitor
Click Enable device
✔️ Sometimes the internal panel is disabled","✅ Option 5: Check BIOS / UEFI Display Settings
Restart laptop
Press F2 / DEL / ESC / F10 (varies by brand)
Look for: Primary Display /Internal Display /Hybrid / Switchable Graphics
✔️ Set to Auto / Internal / Enabled",Laptop internal display should work independently of external monitor,low,Windows 10/11,Laptop,"The laptop display works only when connected to an external monitor, laptop screen not working, internal display not working, laptop screen black, internal monitor not detected",
NEW324,Display,Screen Turns White During Use,The screen suddenly turns completely white during normal use,"The screen suddenly turns completely white during normal use, white screen, screen turns white, display white screen, white screen error","Graphics driver crash, display cable issues, GPU problems, fast startup issues, or hardware failure","✅ Option 1: Restart Graphics Driver (Instant Test)
Press Win + Ctrl + Shift + B
Screen may flicker and you may hear a beep
✔️ If display returns → temporary GPU driver crash","✅ Option 2: Check If the Issue Appears on an External Monitor
Connect an external monitor / TV
Result : 
External monitor works fine ---- Laptop screen / cable issue
External monitor also white ---- GPU / driver issue
✔️ This is the most important test","✅ Option 3: Update or Clean-Reinstall Graphics Driver (VERY IMPORTANT)
Win + X → Device Manager
Expand Display adapters
Right-click GPU → Update driver
Best Fix : Boot into Safe Mode & Use DDU (Display Driver Uninstaller)
Install the latest stable driver from manufacturer
❌ Avoid beta drivers","✅ Option 4: Check Display Cable (Laptop Users – Very Common)
Slowly move the laptop lid back and forth
If screen turns white/normal intermittently → loose or damaged display cable
🔧 Requires internal cable reseating or replacement","✅ Option 5: Disable Fast Startup
Control Panel → Power Options
Choose what the power buttons do
Change settings currently unavailable
Uncheck Turn on fast startup
Restart",Screen should display normally without turning white,medium,Windows 10/11,Desktop/Laptop,"The screen suddenly turns completely white during normal use, white screen, screen turns white, display white screen, white screen error",
NEW325,Display,Graphics Lag When Moving Windows,Graphics lag occurs when I move windows or switch between applications,"Graphics lag occurs when I move windows or switch between applications, window lag, graphics stutter, dragging windows lag, window movement lag","Graphics driver issues, visual effects enabled, wrong GPU selected, refresh rate problems, or low-end hardware","✅ Option 1: Restart Graphics Driver (Quick Test)
Press Win + Ctrl + Shift + B
Screen may blink briefly
✔️ Fixes temporary GPU hangs","✅ Option 2: Update or Clean-Reinstall Graphics Driver (MOST IMPORTANT)
Win + X → Device Manager
Expand Display adapters
Right-click GPU → Update driver
Best Method (Recommended): Boot into Safe Mode & Use DDU (Display Driver Uninstaller)
Install latest stable driver from NVIDIA / AMD / Intel official site
❌ Avoid beta drivers","✅ Option 3: Disable Visual Effects (Very Effective on Low-End PCs)
Press Win + R → type sysdm.cpl → Enter
Advanced tab → Performance → Settings
Select Adjust for best performance
Apply & restart
✔️ Removes laggy animations","✅ Option 4: Set Graphics to High Performance
Settings → System → Display → Graphics
Add lagging apps
Set High performance (Dedicated GPU)
✔️ Prevents Windows from using weak integrated GPU","✅ Option 5: Check Refresh Rate & Resolution
Display settings → Advanced display
Set correct refresh rate (60Hz / 120Hz / 144Hz)
Use Recommended resolution
✔️ Wrong refresh rate causes stutter when dragging windows",Windows should move smoothly without lag or stutter,low,Windows 10/11,Desktop/Laptop,"Graphics lag occurs when I move windows or switch between applications, window lag, graphics stutter, dragging windows lag, window movement lag",
