id,software,os,error_message,probable_cause,fix_steps
1,Adobe Photoshop,Windows 11,app is closing,Memory issues or corrupted preferences,Close other applications to free memory || Reset application preferences || Update graphics drivers || Check for Windows updates || Reinstall application if issue persists
2,Adobe Photoshop,Windows 11,installation failed,Insufficient disk space or corrupted installer,Free up disk space (at least 10GB free) || Disable antivirus temporarily || Run installer as administrator || Check Windows compatibility || Download fresh installer
3,Adobe Photoshop,Windows 11,missing dll,Missing Visual C++ redistributables or system files,Download and install Visual C++ Redistributable 2019 || Install all Windows updates || Run System File Checker (sfc /scannow) || Reinstall application || Check Windows Event Viewer for specific DLL
4,Adobe Photoshop,Windows 11,permission denied,User account lacks administrator rights,Right-click installer and select Run as administrator || Add user to Administrators group || Disable User Account Control temporarily || Check folder permissions || Install to different location
5,Adobe Photoshop,Windows 11,license error,Invalid or expired license key,Verify license key in account || Sign out and sign back in || Clear application cache files || Contact software support || Check subscription status
6,Adobe Photoshop,Windows 11,network error,Proxy or firewall blocking connection,Check internet connection || Configure proxy settings || Disable firewall temporarily || Check corporate network restrictions || Use offline installer
7,Adobe Photoshop,Windows 11,update failed,Update server unreachable or connection issues,Check internet connection || Disable antivirus temporarily || Run updater as administrator || Manually download update || Check firewall settings
8,Adobe Photoshop,Windows 11,connection error,Cannot connect to server or service,Check internet connection || Verify server is online || Check firewall and proxy settings || Restart network adapter || Contact support if server issue
9,Adobe Photoshop,Windows 10,app is closing,Memory issues or corrupted preferences,Close other applications to free memory || Reset application preferences || Update graphics drivers || Check for Windows updates || Reinstall application if issue persists
10,Adobe Photoshop,Windows 10,installation failed,Insufficient disk space or corrupted installer,Free up disk space (at least 10GB free) || Disable antivirus temporarily || Run installer as administrator || Check Windows compatibility || Download fresh installer
11,Adobe Photoshop,Windows 10,missing dll,Missing Visual C++ redistributables or system files,Download and install Visual C++ Redistributable 2019 || Install all Windows updates || Run System File Checker (sfc /scannow) || Reinstall application || Check Windows Event Viewer for specific DLL
12,Adobe Photoshop,Windows 10,permission denied,User account lacks administrator rights,Right-click installer and select Run as administrator || Add user to Administrators group || Disable User Account Control temporarily || Check folder permissions || Install to different location
13,Adobe Photoshop,Windows 10,license error,Invalid or expired license key,Verify license key in account || Sign out and sign back in || Clear application cache files || Contact software support || Check subscription status
14,Adobe Photoshop,Windows 10,network error,Proxy or firewall blocking connection,Check internet connection || Configure proxy settings || Disable firewall temporarily || Check corporate network restrictions || Use offline installer
15,Adobe Photoshop,Windows 10,update failed,Update server unreachable or connection issues,Check internet connection || Disable antivirus temporarily || Run updater as administrator || Manually download update || Check firewall settings
16,Adobe Photoshop,Windows 10,connection error,Cannot connect to server or service,Check internet connection || Verify server is online || Check firewall and proxy settings || Restart network adapter || Contact support if server issue
17,Adobe Photoshop,MacOS,app is closing,Memory pressure or corrupted preferences,Free up RAM by closing other apps || Reset application preferences || Update macOS to latest version || Check Activity Monitor for memory issues || Reinstall application
18,Adobe Photoshop,MacOS,installation failed,Insufficient disk space or permissions,Free up disk space (at least 15GB) || Check disk permissions || Run Disk Utility first aid || Download fresh installer || Check macOS compatibility
19,Adobe Photoshop,MacOS,missing dll,Missing system libraries or frameworks,Install Xcode Command Line Tools: xcode-select --install || Update macOS to latest version || Reinstall application || Check Console.app for specific library errors
20,Adobe Photoshop,MacOS,permission denied,Insufficient permissions or security settings,Check System Preferences > Security & Privacy || Grant permissions when prompted || Run with sudo if needed || Check disk permissions || Install to Applications folder
21,Adobe Photoshop,MacOS,license error,Invalid or expired license key,Verify license key in account || Sign out and sign back in || Clear application cache files || Contact software support || Check subscription status
22,Adobe Photoshop,MacOS,network error,Proxy or firewall blocking connection,Check internet connection || Configure proxy settings in System Preferences || Disable firewall temporarily || Check corporate network restrictions || Use offline installer
23,Adobe Photoshop,MacOS,update failed,Update server unreachable or connection issues,Check internet connection || Disable firewall temporarily || Run updater with admin rights || Manually download update || Check network settings
24,Adobe Photoshop,MacOS,connection error,Cannot connect to server or service,Check internet connection || Verify server is online || Check firewall and proxy settings || Restart network service || Contact support if server issue
25,Visual Studio Code,Windows 11,app is closing,Memory issues or corrupted preferences,Close other applications to free memory || Reset application preferences || Update graphics drivers || Check for Windows updates || Reinstall application if issue persists
26,Visual Studio Code,Windows 11,installation failed,Insufficient disk space or corrupted installer,Free up disk space (at least 10GB free) || Disable antivirus temporarily || Run installer as administrator || Check Windows compatibility || Download fresh installer
27,Visual Studio Code,Windows 11,missing dll,Missing Visual C++ redistributables or system files,Download and install Visual C++ Redistributable 2019 || Install all Windows updates || Run System File Checker (sfc /scannow) || Reinstall application || Check Windows Event Viewer for specific DLL
28,Visual Studio Code,Windows 11,permission denied,User account lacks administrator rights,Right-click installer and select Run as administrator || Add user to Administrators group || Disable User Account Control temporarily || Check folder permissions || Install to different location
29,Visual Studio Code,Windows 11,license error,Invalid or expired license key,Verify license key in account || Sign out and sign back in || Clear application cache files || Contact software support || Check subscription status
30,Visual Studio Code,Windows 11,network error,Proxy or firewall blocking connection,Check internet connection || Configure proxy settings || Disable firewall temporarily || Check corporate network restrictions || Use offline installer
31,Visual Studio Code,Windows 11,update failed,Update server unreachable or connection issues,Check internet connection || Disable antivirus temporarily || Run updater as administrator || Manually download update || Check firewall settings
32,Visual Studio Code,Windows 11,connection error,Cannot connect to server or service,Check internet connection || Verify server is online || Check firewall and proxy settings || Restart network adapter || Contact support if server issue
33,Visual Studio Code,Windows 10,app is closing,Memory issues or corrupted preferences,Close other applications to free memory || Reset application preferences || Update graphics drivers || Check for Windows updates || Reinstall application if issue persists
34,Visual Studio Code,Windows 10,installation failed,Insufficient disk space or corrupted installer,Free up disk space (at least 10GB free) || Disable antivirus temporarily || Run installer as administrator || Check Windows compatibility || Download fresh installer
35,Visual Studio Code,Windows 10,missing dll,Missing Visual C++ redistributables or system files,Download and install Visual C++ Redistributable 2019 || Install all Windows updates || Run System File Checker (sfc /scannow) || Reinstall application || Check Windows Event Viewer for specific DLL
36,Visual Studio Code,Windows 10,permission denied,User account lacks administrator rights,Right-click installer and select Run as administrator || Add user to Administrators group || Disable User Account Control temporarily || Check folder permissions || Install to different location
37,Visual Studio Code,Windows 10,license error,Invalid or expired license key,Verify license key in account || Sign out and sign back in || Clear application cache files || Contact software support || Check subscription status
38,Visual Studio Code,Windows 10,network error,Proxy or firewall blocking connection,Check internet connection || Configure proxy settings || Disable firewall temporarily || Check corporate network restrictions || Use offline installer
39,Visual Studio Code,Windows 10,update failed,Update server unreachable or connection issues,Check internet connection || Disable antivirus temporarily || Run updater as administrator || Manually download update || Check firewall settings
40,Visual Studio Code,Windows 10,connection error,Cannot connect to server or service,Check internet connection || Verify server is online || Check firewall and proxy settings || Restart network adapter || Contact support if server issue
41,Visual Studio Code,MacOS,app is closing,Memory pressure or corrupted preferences,Free up RAM by closing other apps || Reset application preferences || Update macOS to latest version || Check Activity Monitor for memory issues || Reinstall application
42,Visual Studio Code,MacOS,installation failed,Insufficient disk space or permissions,Free up disk space (at least 15GB) || Check disk permissions || Run Disk Utility first aid || Download fresh installer || Check macOS compatibility
43,Visual Studio Code,MacOS,missing dll,Missing system libraries or frameworks,Install Xcode Command Line Tools: xcode-select --install || Update macOS to latest version || Reinstall application || Check Console.app for specific library errors
44,Visual Studio Code,MacOS,permission denied,Insufficient permissions or security settings,Check System Preferences > Security & Privacy || Grant permissions when prompted || Run with sudo if needed || Check disk permissions || Install to Applications folder
45,Visual Studio Code,MacOS,license error,Invalid or expired license key,Verify license key in account || Sign out and sign back in || Clear application cache files || Contact software support || Check subscription status
46,Visual Studio Code,MacOS,network error,Proxy or firewall blocking connection,Check internet connection || Configure proxy settings in System Preferences || Disable firewall temporarily || Check corporate network restrictions || Use offline installer
47,Visual Studio Code,MacOS,update failed,Update server unreachable or connection issues,Check internet connection || Disable firewall temporarily || Run updater with admin rights || Manually download update || Check network settings
48,Visual Studio Code,MacOS,connection error,Cannot connect to server or service,Check internet connection || Verify server is online || Check firewall and proxy settings || Restart network service || Contact support if server issue
49,Node.js,Windows 11,app is closing,Memory issues or corrupted preferences,Close other applications to free memory || Reset application preferences || Update graphics drivers || Check for Windows updates || Reinstall application if issue persists
50,Node.js,Windows 11,installation failed,Insufficient disk space or corrupted installer,Free up disk space (at least 10GB free) || Disable antivirus temporarily || Run installer as administrator || Check Windows compatibility || Download fresh installer
51,Node.js,Windows 11,missing dll,Missing Visual C++ redistributables or system files,Download and install Visual C++ Redistributable 2019 || Install all Windows updates || Run System File Checker (sfc /scannow) || Reinstall application || Check Windows Event Viewer for specific DLL
52,Node.js,Windows 11,permission denied,User account lacks administrator rights,Right-click installer and select Run as administrator || Add user to Administrators group || Disable User Account Control temporarily || Check folder permissions || Install to different location
53,Node.js,Windows 11,license error,Invalid or expired license key,Verify license key in account || Sign out and sign back in || Clear application cache files || Contact software support || Check subscription status
54,Node.js,Windows 11,network error,Proxy or firewall blocking connection,Check internet connection || Configure proxy settings || Disable firewall temporarily || Check corporate network restrictions || Use offline installer
55,Node.js,Windows 11,update failed,Update server unreachable or connection issues,Check internet connection || Disable antivirus temporarily || Run updater as administrator || Manually download update || Check firewall settings
56,Node.js,Windows 11,connection error,Cannot connect to server or service,Check internet connection || Verify server is online || Check firewall and proxy settings || Restart network adapter || Contact support if server issue
57,Node.js,Windows 10,app is closing,Memory issues or corrupted preferences,Close other applications to free memory || Reset application preferences || Update graphics drivers || Check for Windows updates || Reinstall application if issue persists
58,Node.js,Windows 10,installation failed,Insufficient disk space or corrupted installer,Free up disk space (at least 10GB free) || Disable antivirus temporarily || Run installer as administrator || Check Windows compatibility || Download fresh installer
59,Node.js,Windows 10,missing dll,Missing Visual C++ redistributables or system files,Download and install Visual C++ Redistributable 2019 || Install all Windows updates || Run System File Checker (sfc /scannow) || Reinstall application || Check Windows Event Viewer for specific DLL
60,Node.js,Windows 10,permission denied,User account lacks administrator rights,Right-click installer and select Run as administrator || Add user to Administrators group || Disable User Account Control temporarily || Check folder permissions || Install to different location
61,Node.js,Windows 10,license error,Invalid or expired license key,Verify license key in account || Sign out and sign back in || Clear application cache files || Contact software support || Check subscription status
62,Node.js,Windows 10,network error,Proxy or firewall blocking connection,Check internet connection || Configure proxy settings || Disable firewall temporarily || Check corporate network restrictions || Use offline installer
63,Node.js,Windows 10,update failed,Update server unreachable or connection issues,Check internet connection || Disable antivirus temporarily || Run updater as administrator || Manually download update || Check firewall settings
64,Node.js,Windows 10,connection error,Cannot connect to server or service,Check internet connection || Verify server is online || Check firewall and proxy settings || Restart network adapter || Contact support if server issue
65,Node.js,MacOS,app is closing,Memory pressure or corrupted preferences,Free up RAM by closing other apps || Reset application preferences || Update macOS to latest version || Check Activity Monitor for memory issues || Reinstall application
66,Node.js,MacOS,installation failed,Insufficient disk space or permissions,Free up disk space (at least 15GB) || Check disk permissions || Run Disk Utility first aid || Download fresh installer || Check macOS compatibility
67,Node.js,MacOS,missing dll,Missing system libraries or frameworks,Install Xcode Command Line Tools: xcode-select --install || Update macOS to latest version || Reinstall application || Check Console.app for specific library errors
68,Node.js,MacOS,permission denied,Insufficient permissions or security settings,Check System Preferences > Security & Privacy || Grant permissions when prompted || Run with sudo if needed || Check disk permissions || Install to Applications folder
69,Node.js,MacOS,license error,Invalid or expired license key,Verify license key in account || Sign out and sign back in || Clear application cache files || Contact software support || Check subscription status
70,Node.js,MacOS,network error,Proxy or firewall blocking connection,Check internet connection || Configure proxy settings in System Preferences || Disable firewall temporarily || Check corporate network restrictions || Use offline installer
71,Node.js,MacOS,update failed,Update server unreachable or connection issues,Check internet connection || Disable firewall temporarily || Run updater with admin rights || Manually download update || Check network settings
72,Node.js,MacOS,connection error,Cannot connect to server or service,Check internet connection || Verify server is online || Check firewall and proxy settings || Restart network service || Contact support if server issue
73,Python,Windows 11,app is closing,Memory issues or corrupted preferences,Close other applications to free memory || Reset application preferences || Update graphics drivers || Check for Windows updates || Reinstall application if issue persists
74,Python,Windows 11,installation failed,Insufficient disk space or corrupted installer,Free up disk space (at least 10GB free) || Disable antivirus temporarily || Run installer as administrator || Check Windows compatibility || Download fresh installer
75,Python,Windows 11,missing dll,Missing Visual C++ redistributables or system files,Download and install Visual C++ Redistributable 2019 || Install all Windows updates || Run System File Checker (sfc /scannow) || Reinstall application || Check Windows Event Viewer for specific DLL
76,Python,Windows 11,permission denied,User account lacks administrator rights,Right-click installer and select Run as administrator || Add user to Administrators group || Disable User Account Control temporarily || Check folder permissions || Install to different location
77,Python,Windows 11,license error,Invalid or expired license key,Verify license key in account || Sign out and sign back in || Clear application cache files || Contact software support || Check subscription status
78,Python,Windows 11,network error,Proxy or firewall blocking connection,Check internet connection || Configure proxy settings || Disable firewall temporarily || Check corporate network restrictions || Use offline installer
79,Python,Windows 11,update failed,Update server unreachable or connection issues,Check internet connection || Disable antivirus temporarily || Run updater as administrator || Manually download update || Check firewall settings
80,Python,Windows 11,connection error,Cannot connect to server or service,Check internet connection || Verify server is online || Check firewall and proxy settings || Restart network adapter || Contact support if server issue
81,Python,Windows 10,app is closing,Memory issues or corrupted preferences,Close other applications to free memory || Reset application preferences || Update graphics drivers || Check for Windows updates || Reinstall application if issue persists
82,Python,Windows 10,installation failed,Insufficient disk space or corrupted installer,Free up disk space (at least 10GB free) || Disable antivirus temporarily || Run installer as administrator || Check Windows compatibility || Download fresh installer
83,Python,Windows 10,missing dll,Missing Visual C++ redistributables or system files,Download and install Visual C++ Redistributable 2019 || Install all Windows updates || Run System File Checker (sfc /scannow) || Reinstall application || Check Windows Event Viewer for specific DLL
84,Python,Windows 10,permission denied,User account lacks administrator rights,Right-click installer and select Run as administrator || Add user to Administrators group || Disable User Account Control temporarily || Check folder permissions || Install to different location
85,Python,Windows 10,license error,Invalid or expired license key,Verify license key in account || Sign out and sign back in || Clear application cache files || Contact software support || Check subscription status
86,Python,Windows 10,network error,Proxy or firewall blocking connection,Check internet connection || Configure proxy settings || Disable firewall temporarily || Check corporate network restrictions || Use offline installer
87,Python,Windows 10,update failed,Update server unreachable or connection issues,Check internet connection || Disable antivirus temporarily || Run updater as administrator || Manually download update || Check firewall settings
88,Python,Windows 10,connection error,Cannot connect to server or service,Check internet connection || Verify server is online || Check firewall and proxy settings || Restart network adapter || Contact support if server issue
89,Python,MacOS,app is closing,Memory pressure or corrupted preferences,Free up RAM by closing other apps || Reset application preferences || Update macOS to latest version || Check Activity Monitor for memory issues || Reinstall application
90,Python,MacOS,installation failed,Insufficient disk space or permissions,Free up disk space (at least 15GB) || Check disk permissions || Run Disk Utility first aid || Download fresh installer || Check macOS compatibility
91,Python,MacOS,missing dll,Missing system libraries or frameworks,Install Xcode Command Line Tools: xcode-select --install || Update macOS to latest version || Reinstall application || Check Console.app for specific library errors
92,Python,MacOS,permission denied,Insufficient permissions or security settings,Check System Preferences > Security & Privacy || Grant permissions when prompted || Run with sudo if needed || Check disk permissions || Install to Applications folder
93,Python,MacOS,license error,Invalid or expired license key,Verify license key in account || Sign out and sign back in || Clear application cache files || Contact software support || Check subscription status
94,Python,MacOS,network error,Proxy or firewall blocking connection,Check internet connection || Configure proxy settings in System Preferences || Disable firewall temporarily || Check corporate network restrictions || Use offline installer
95,Python,MacOS,update failed,Update server unreachable or connection issues,Check internet connection || Disable firewall temporarily || Run updater with admin rights || Manually download update || Check network settings
96,Python,MacOS,connection error,Cannot connect to server or service,Check internet connection || Verify server is online || Check firewall and proxy settings || Restart network service || Contact support if server issue
97,Chrome,Windows 11,app is closing,Memory issues or corrupted preferences,Close other applications to free memory || Reset application preferences || Update graphics drivers || Check for Windows updates || Reinstall application if issue persists
98,Chrome,Windows 11,installation failed,Insufficient disk space or corrupted installer,Free up disk space (at least 10GB free) || Disable antivirus temporarily || Run installer as administrator || Check Windows compatibility || Download fresh installer
99,Chrome,Windows 11,missing dll,Missing Visual C++ redistributables or system files,Download and install Visual C++ Redistributable 2019 || Install all Windows updates || Run System File Checker (sfc /scannow) || Reinstall application || Check Windows Event Viewer for specific DLL
100,Chrome,Windows 11,permission denied,User account lacks administrator rights,Right-click installer and select Run as administrator || Add user to Administrators group || Disable User Account Control temporarily || Check folder permissions || Install to different location
101,Chrome,Windows 11,license error,Invalid or expired license key,Verify license key in account || Sign out and sign back in || Clear application cache files || Contact software support || Check subscription status
102,Chrome,Windows 11,network error,Proxy or firewall blocking connection,Check internet connection || Configure proxy settings || Disable firewall temporarily || Check corporate network restrictions || Use offline installer
103,Chrome,Windows 11,update failed,Update server unreachable or connection issues,Check internet connection || Disable antivirus temporarily || Run updater as administrator || Manually download update || Check firewall settings
104,Chrome,Windows 11,connection error,Cannot connect to server or service,Check internet connection || Verify server is online || Check firewall and proxy settings || Restart network adapter || Contact support if server issue
105,Chrome,Windows 10,app is closing,Memory issues or corrupted preferences,Close other applications to free memory || Reset application preferences || Update graphics drivers || Check for Windows updates || Reinstall application if issue persists
106,Chrome,Windows 10,installation failed,Insufficient disk space or corrupted installer,Free up disk space (at least 10GB free) || Disable antivirus temporarily || Run installer as administrator || Check Windows compatibility || Download fresh installer
107,Chrome,Windows 10,missing dll,Missing Visual C++ redistributables or system files,Download and install Visual C++ Redistributable 2019 || Install all Windows updates || Run System File Checker (sfc /scannow) || Reinstall application || Check Windows Event Viewer for specific DLL
108,Chrome,Windows 10,permission denied,User account lacks administrator rights,Right-click installer and select Run as administrator || Add user to Administrators group || Disable User Account Control temporarily || Check folder permissions || Install to different location
109,Chrome,Windows 10,license error,Invalid or expired license key,Verify license key in account || Sign out and sign back in || Clear application cache files || Contact software support || Check subscription status
110,Chrome,Windows 10,network error,Proxy or firewall blocking connection,Check internet connection || Configure proxy settings || Disable firewall temporarily || Check corporate network restrictions || Use offline installer
111,Chrome,Windows 10,update failed,Update server unreachable or connection issues,Check internet connection || Disable antivirus temporarily || Run updater as administrator || Manually download update || Check firewall settings
112,Chrome,Windows 10,connection error,Cannot connect to server or service,Check internet connection || Verify server is online || Check firewall and proxy settings || Restart network adapter || Contact support if server issue
113,Chrome,MacOS,app is closing,Memory pressure or corrupted preferences,Free up RAM by closing other apps || Reset application preferences || Update macOS to latest version || Check Activity Monitor for memory issues || Reinstall application
114,Chrome,MacOS,installation failed,Insufficient disk space or permissions,Free up disk space (at least 15GB) || Check disk permissions || Run Disk Utility first aid || Download fresh installer || Check macOS compatibility
115,Chrome,MacOS,missing dll,Missing system libraries or frameworks,Install Xcode Command Line Tools: xcode-select --install || Update macOS to latest version || Reinstall application || Check Console.app for specific library errors
116,Chrome,MacOS,permission denied,Insufficient permissions or security settings,Check System Preferences > Security & Privacy || Grant permissions when prompted || Run with sudo if needed || Check disk permissions || Install to Applications folder
117,Chrome,MacOS,license error,Invalid or expired license key,Verify license key in account || Sign out and sign back in || Clear application cache files || Contact software support || Check subscription status
118,Chrome,MacOS,network error,Proxy or firewall blocking connection,Check internet connection || Configure proxy settings in System Preferences || Disable firewall temporarily || Check corporate network restrictions || Use offline installer
119,Chrome,MacOS,update failed,Update server unreachable or connection issues,Check internet connection || Disable firewall temporarily || Run updater with admin rights || Manually download update || Check network settings
120,Chrome,MacOS,connection error,Cannot connect to server or service,Check internet connection || Verify server is online || Check firewall and proxy settings || Restart network service || Contact support if server issue
121,Firefox,Windows 11,app is closing,Memory issues or corrupted preferences,Close other applications to free memory || Reset application preferences || Update graphics drivers || Check for Windows updates || Reinstall application if issue persists
122,Firefox,Windows 11,installation failed,Insufficient disk space or corrupted installer,Free up disk space (at least 10GB free) || Disable antivirus temporarily || Run installer as administrator || Check Windows compatibility || Download fresh installer
123,Firefox,Windows 11,missing dll,Missing Visual C++ redistributables or system files,Download and install Visual C++ Redistributable 2019 || Install all Windows updates || Run System File Checker (sfc /scannow) || Reinstall application || Check Windows Event Viewer for specific DLL
124,Firefox,Windows 11,permission denied,User account lacks administrator rights,Right-click installer and select Run as administrator || Add user to Administrators group || Disable User Account Control temporarily || Check folder permissions || Install to different location
125,Firefox,Windows 11,license error,Invalid or expired license key,Verify license key in account || Sign out and sign back in || Clear application cache files || Contact software support || Check subscription status
126,Firefox,Windows 11,network error,Proxy or firewall blocking connection,Check internet connection || Configure proxy settings || Disable firewall temporarily || Check corporate network restrictions || Use offline installer
127,Firefox,Windows 11,update failed,Update server unreachable or connection issues,Check internet connection || Disable antivirus temporarily || Run updater as administrator || Manually download update || Check firewall settings
128,Firefox,Windows 11,connection error,Cannot connect to server or service,Check internet connection || Verify server is online || Check firewall and proxy settings || Restart network adapter || Contact support if server issue
129,Firefox,Windows 10,app is closing,Memory issues or corrupted preferences,Close other applications to free memory || Reset application preferences || Update graphics drivers || Check for Windows updates || Reinstall application if issue persists
130,Firefox,Windows 10,installation failed,Insufficient disk space or corrupted installer,Free up disk space (at least 10GB free) || Disable antivirus temporarily || Run installer as administrator || Check Windows compatibility || Download fresh installer
131,Firefox,Windows 10,missing dll,Missing Visual C++ redistributables or system files,Download and install Visual C++ Redistributable 2019 || Install all Windows updates || Run System File Checker (sfc /scannow) || Reinstall application || Check Windows Event Viewer for specific DLL
132,Firefox,Windows 10,permission denied,User account lacks administrator rights,Right-click installer and select Run as administrator || Add user to Administrators group || Disable User Account Control temporarily || Check folder permissions || Install to different location
133,Firefox,Windows 10,license error,Invalid or expired license key,Verify license key in account || Sign out and sign back in || Clear application cache files || Contact software support || Check subscription status
134,Firefox,Windows 10,network error,Proxy or firewall blocking connection,Check internet connection || Configure proxy settings || Disable firewall temporarily || Check corporate network restrictions || Use offline installer
135,Firefox,Windows 10,update failed,Update server unreachable or connection issues,Check internet connection || Disable antivirus temporarily || Run updater as administrator || Manually download update || Check firewall settings
136,Firefox,Windows 10,connection error,Cannot connect to server or service,Check internet connection || Verify server is online || Check firewall and proxy settings || Restart network adapter || Contact support if server issue
137,Firefox,MacOS,app is closing,Memory pressure or corrupted preferences,Free up RAM by closing other apps || Reset application preferences || Update macOS to latest version || Check Activity Monitor for memory issues || Reinstall application
138,Firefox,MacOS,installation failed,Insufficient disk space or permissions,Free up disk space (at least 15GB) || Check disk permissions || Run Disk Utility first aid || Download fresh installer || Check macOS compatibility
139,Firefox,MacOS,missing dll,Missing system libraries or frameworks,Install Xcode Command Line Tools: xcode-select --install || Update macOS to latest version || Reinstall application || Check Console.app for specific library errors
140,Firefox,MacOS,permission denied,Insufficient permissions or security settings,Check System Preferences > Security & Privacy || Grant permissions when prompted || Run with sudo if needed || Check disk permissions || Install to Applications folder
141,Firefox,MacOS,license error,Invalid or expired license key,Verify license key in account || Sign out and sign back in || Clear application cache files || Contact software support || Check subscription status
142,Firefox,MacOS,network error,Proxy or firewall blocking connection,Check internet connection || Configure proxy settings in System Preferences || Disable firewall temporarily || Check corporate network restrictions || Use offline installer
143,Firefox,MacOS,update failed,Update server unreachable or connection issues,Check internet connection || Disable firewall temporarily || Run updater with admin rights || Manually download update || Check network settings
144,Firefox,MacOS,connection error,Cannot connect to server or service,Check internet connection || Verify server is online || Check firewall and proxy settings || Restart network service || Contact support if server issue
145,Git,Windows 11,app is closing,Memory issues or corrupted preferences,Close other applications to free memory || Reset application preferences || Update graphics drivers || Check for Windows updates || Reinstall application if issue persists
146,Git,Windows 11,installation failed,Insufficient disk space or corrupted installer,Free up disk space (at least 10GB free) || Disable antivirus temporarily || Run installer as administrator || Check Windows compatibility || Download fresh installer
147,Git,Windows 11,missing dll,Missing Visual C++ redistributables or system files,Download and install Visual C++ Redistributable 2019 || Install all Windows updates || Run System File Checker (sfc /scannow) || Reinstall application || Check Windows Event Viewer for specific DLL
148,Git,Windows 11,permission denied,User account lacks administrator rights,Right-click installer and select Run as administrator || Add user to Administrators group || Disable User Account Control temporarily || Check folder permissions || Install to different location
149,Git,Windows 11,license error,Invalid or expired license key,Verify license key in account || Sign out and sign back in || Clear application cache files || Contact software support || Check subscription status
150,Git,Windows 11,network error,Proxy or firewall blocking connection,Check internet connection || Configure proxy settings || Disable firewall temporarily || Check corporate network restrictions || Use offline installer
151,Git,Windows 11,update failed,Update server unreachable or connection issues,Check internet connection || Disable antivirus temporarily || Run updater as administrator || Manually download update || Check firewall settings
152,Git,Windows 11,connection error,Cannot connect to server or service,Check internet connection || Verify server is online || Check firewall and proxy settings || Restart network adapter || Contact support if server issue
153,Git,Windows 10,app is closing,Memory issues or corrupted preferences,Close other applications to free memory || Reset application preferences || Update graphics drivers || Check for Windows updates || Reinstall application if issue persists
154,Git,Windows 10,installation failed,Insufficient disk space or corrupted installer,Free up disk space (at least 10GB free) || Disable antivirus temporarily || Run installer as administrator || Check Windows compatibility || Download fresh installer
155,Git,Windows 10,missing dll,Missing Visual C++ redistributables or system files,Download and install Visual C++ Redistributable 2019 || Install all Windows updates || Run System File Checker (sfc /scannow) || Reinstall application || Check Windows Event Viewer for specific DLL
156,Git,Windows 10,permission denied,User account lacks administrator rights,Right-click installer and select Run as administrator || Add user to Administrators group || Disable User Account Control temporarily || Check folder permissions || Install to different location
157,Git,Windows 10,license error,Invalid or expired license key,Verify license key in account || Sign out and sign back in || Clear application cache files || Contact software support || Check subscription status
158,Git,Windows 10,network error,Proxy or firewall blocking connection,Check internet connection || Configure proxy settings || Disable firewall temporarily || Check corporate network restrictions || Use offline installer
159,Git,Windows 10,update failed,Update server unreachable or connection issues,Check internet connection || Disable antivirus temporarily || Run updater as administrator || Manually download update || Check firewall settings
160,Git,Windows 10,connection error,Cannot connect to server or service,Check internet connection || Verify server is online || Check firewall and proxy settings || Restart network adapter || Contact support if server issue
161,Git,MacOS,app is closing,Memory pressure or corrupted preferences,Free up RAM by closing other apps || Reset application preferences || Update macOS to latest version || Check Activity Monitor for memory issues || Reinstall application
162,Git,MacOS,installation failed,Insufficient disk space or permissions,Free up disk space (at least 15GB) || Check disk permissions || Run Disk Utility first aid || Download fresh installer || Check macOS compatibility
163,Git,MacOS,missing dll,Missing system libraries or frameworks,Install Xcode Command Line Tools: xcode-select --install || Update macOS to latest version || Reinstall application || Check Console.app for specific library errors
164,Git,MacOS,permission denied,Insufficient permissions or security settings,Check System Preferences > Security & Privacy || Grant permissions when prompted || Run with sudo if needed || Check disk permissions || Install to Applications folder
165,Git,MacOS,license error,Invalid or expired license key,Verify license key in account || Sign out and sign back in || Clear application cache files || Contact software support || Check subscription status
166,Git,MacOS,network error,Proxy or firewall blocking connection,Check internet connection || Configure proxy settings in System Preferences || Disable firewall temporarily || Check corporate network restrictions || Use offline installer
167,Git,MacOS,update failed,Update server unreachable or connection issues,Check internet connection || Disable firewall temporarily || Run updater with admin rights || Manually download update || Check network settings
168,Git,MacOS,connection error,Cannot connect to server or service,Check internet connection || Verify server is online || Check firewall and proxy settings || Restart network service || Contact support if server issue
169,Docker,Windows 11,app is closing,Memory issues or corrupted preferences,Close other applications to free memory || Reset application preferences || Update graphics drivers || Check for Windows updates || Reinstall application if issue persists
170,Docker,Windows 11,installation failed,Insufficient disk space or corrupted installer,Free up disk space (at least 10GB free) || Disable antivirus temporarily || Run installer as administrator || Check Windows compatibility || Download fresh installer
171,Docker,Windows 11,missing dll,Missing Visual C++ redistributables or system files,Download and install Visual C++ Redistributable 2019 || Install all Windows updates || Run System File Checker (sfc /scannow) || Reinstall application || Check Windows Event Viewer for specific DLL
172,Docker,Windows 11,permission denied,User account lacks administrator rights,Right-click installer and select Run as administrator || Add user to Administrators group || Disable User Account Control temporarily || Check folder permissions || Install to different location
173,Docker,Windows 11,license error,Invalid or expired license key,Verify license key in account || Sign out and sign back in || Clear application cache files || Contact software support || Check subscription status
174,Docker,Windows 11,network error,Proxy or firewall blocking connection,Check internet connection || Configure proxy settings || Disable firewall temporarily || Check corporate network restrictions || Use offline installer
175,Docker,Windows 11,update failed,Update server unreachable or connection issues,Check internet connection || Disable antivirus temporarily || Run updater as administrator || Manually download update || Check firewall settings
176,Docker,Windows 11,connection error,Cannot connect to server or service,Check internet connection || Verify server is online || Check firewall and proxy settings || Restart network adapter || Contact support if server issue
177,Docker,Windows 10,app is closing,Memory issues or corrupted preferences,Close other applications to free memory || Reset application preferences || Update graphics drivers || Check for Windows updates || Reinstall application if issue persists
178,Docker,Windows 10,installation failed,Insufficient disk space or corrupted installer,Free up disk space (at least 10GB free) || Disable antivirus temporarily || Run installer as administrator || Check Windows compatibility || Download fresh installer
179,Docker,Windows 10,missing dll,Missing Visual C++ redistributables or system files,Download and install Visual C++ Redistributable 2019 || Install all Windows updates || Run System File Checker (sfc /scannow) || Reinstall application || Check Windows Event Viewer for specific DLL
180,Docker,Windows 10,permission denied,User account lacks administrator rights,Right-click installer and select Run as administrator || Add user to Administrators group || Disable User Account Control temporarily || Check folder permissions || Install to different location
181,Docker,Windows 10,license error,Invalid or expired license key,Verify license key in account || Sign out and sign back in || Clear application cache files || Contact software support || Check subscription status
182,Docker,Windows 10,network error,Proxy or firewall blocking connection,Check internet connection || Configure proxy settings || Disable firewall temporarily || Check corporate network restrictions || Use offline installer
183,Docker,Windows 10,update failed,Update server unreachable or connection issues,Check internet connection || Disable antivirus temporarily || Run updater as administrator || Manually download update || Check firewall settings
184,Docker,Windows 10,connection error,Cannot connect to server or service,Check internet connection || Verify server is online || Check firewall and proxy settings || Restart network adapter || Contact support if server issue
185,Docker,MacOS,app is closing,Memory pressure or corrupted preferences,Free up RAM by closing other apps || Reset application preferences || Update macOS to latest version || Check Activity Monitor for memory issues || Reinstall application
186,Docker,MacOS,installation failed,Insufficient disk space or permissions,Free up disk space (at least 15GB) || Check disk permissions || Run Disk Utility first aid || Download fresh installer || Check macOS compatibility
187,Docker,MacOS,missing dll,Missing system libraries or frameworks,Install Xcode Command Line Tools: xcode-select --install || Update macOS to latest version || Reinstall application || Check Console.app for specific library errors
188,Docker,MacOS,permission denied,Insufficient permissions or security settings,Check System Preferences > Security & Privacy || Grant permissions when prompted || Run with sudo if needed || Check disk permissions || Install to Applications folder
189,Docker,MacOS,license error,Invalid or expired license key,Verify license key in account || Sign out and sign back in || Clear application cache files || Contact software support || Check subscription status
190,Docker,MacOS,network error,Proxy or firewall blocking connection,Check internet connection || Configure proxy settings in System Preferences || Disable firewall temporarily || Check corporate network restrictions || Use offline installer
191,Docker,MacOS,update failed,Update server unreachable or connection issues,Check internet connection || Disable firewall temporarily || Run updater with admin rights || Manually download update || Check network settings
192,Docker,MacOS,connection error,Cannot connect to server or service,Check internet connection || Verify server is online || Check firewall and proxy settings || Restart network service || Contact support if server issue
193,PostgreSQL,Windows 11,app is closing,Memory issues or corrupted preferences,Close other applications to free memory || Reset application preferences || Update graphics drivers || Check for Windows updates || Reinstall application if issue persists
194,PostgreSQL,Windows 11,installation failed,Insufficient disk space or corrupted installer,Free up disk space (at least 10GB free) || Disable antivirus temporarily || Run installer as administrator || Check Windows compatibility || Download fresh installer
195,PostgreSQL,Windows 11,missing dll,Missing Visual C++ redistributables or system files,Download and install Visual C++ Redistributable 2019 || Install all Windows updates || Run System File Checker (sfc /scannow) || Reinstall application || Check Windows Event Viewer for specific DLL
196,PostgreSQL,Windows 11,permission denied,User account lacks administrator rights,Right-click installer and select Run as administrator || Add user to Administrators group || Disable User Account Control temporarily || Check folder permissions || Install to different location
197,PostgreSQL,Windows 11,license error,Invalid or expired license key,Verify license key in account || Sign out and sign back in || Clear application cache files || Contact software support || Check subscription status
198,PostgreSQL,Windows 11,network error,Proxy or firewall blocking connection,Check internet connection || Configure proxy settings || Disable firewall temporarily || Check corporate network restrictions || Use offline installer
199,PostgreSQL,Windows 11,update failed,Update server unreachable or connection issues,Check internet connection || Disable antivirus temporarily || Run updater as administrator || Manually download update || Check firewall settings
200,PostgreSQL,Windows 11,connection error,Cannot connect to server or service,Check internet connection || Verify server is online || Check firewall and proxy settings || Restart network adapter || Contact support if server issue
201,PostgreSQL,Windows 10,app is closing,Memory issues or corrupted preferences,Close other applications to free memory || Reset application preferences || Update graphics drivers || Check for Windows updates || Reinstall application if issue persists
202,PostgreSQL,Windows 10,installation failed,Insufficient disk space or corrupted installer,Free up disk space (at least 10GB free) || Disable antivirus temporarily || Run installer as administrator || Check Windows compatibility || Download fresh installer
203,PostgreSQL,Windows 10,missing dll,Missing Visual C++ redistributables or system files,Download and install Visual C++ Redistributable 2019 || Install all Windows updates || Run System File Checker (sfc /scannow) || Reinstall application || Check Windows Event Viewer for specific DLL
204,PostgreSQL,Windows 10,permission denied,User account lacks administrator rights,Right-click installer and select Run as administrator || Add user to Administrators group || Disable User Account Control temporarily || Check folder permissions || Install to different location
205,PostgreSQL,Windows 10,license error,Invalid or expired license key,Verify license key in account || Sign out and sign back in || Clear application cache files || Contact software support || Check subscription status
206,PostgreSQL,Windows 10,network error,Proxy or firewall blocking connection,Check internet connection || Configure proxy settings || Disable firewall temporarily || Check corporate network restrictions || Use offline installer
207,PostgreSQL,Windows 10,update failed,Update server unreachable or connection issues,Check internet connection || Disable antivirus temporarily || Run updater as administrator || Manually download update || Check firewall settings
208,PostgreSQL,Windows 10,connection error,Cannot connect to server or service,Check internet connection || Verify server is online || Check firewall and proxy settings || Restart network adapter || Contact support if server issue
209,PostgreSQL,MacOS,app is closing,Memory pressure or corrupted preferences,Free up RAM by closing other apps || Reset application preferences || Update macOS to latest version || Check Activity Monitor for memory issues || Reinstall application
210,PostgreSQL,MacOS,installation failed,Insufficient disk space or permissions,Free up disk space (at least 15GB) || Check disk permissions || Run Disk Utility first aid || Download fresh installer || Check macOS compatibility
211,PostgreSQL,MacOS,missing dll,Missing system libraries or frameworks,Install Xcode Command Line Tools: xcode-select --install || Update macOS to latest version || Reinstall application || Check Console.app for specific library errors
212,PostgreSQL,MacOS,permission denied,Insufficient permissions or security settings,Check System Preferences > Security & Privacy || Grant permissions when prompted || Run with sudo if needed || Check disk permissions || Install to Applications folder
213,PostgreSQL,MacOS,license error,Invalid or expired license key,Verify license key in account || Sign out and sign back in || Clear application cache files || Contact software support || Check subscription status
214,PostgreSQL,MacOS,network error,Proxy or firewall blocking connection,Check internet connection || Configure proxy settings in System Preferences || Disable firewall temporarily || Check corporate network restrictions || Use offline installer
215,PostgreSQL,MacOS,update failed,Update server unreachable or connection issues,Check internet connection || Disable firewall temporarily || Run updater with admin rights || Manually download update || Check network settings
216,PostgreSQL,MacOS,connection error,Cannot connect to server or service,Check internet connection || Verify server is online || Check firewall and proxy settings || Restart network service || Contact support if server issue
217,MongoDB,Windows 11,app is closing,Memory issues or corrupted preferences,Close other applications to free memory || Reset application preferences || Update graphics drivers || Check for Windows updates || Reinstall application if issue persists
218,MongoDB,Windows 11,installation failed,Insufficient disk space or corrupted installer,Free up disk space (at least 10GB free) || Disable antivirus temporarily || Run installer as administrator || Check Windows compatibility || Download fresh installer
219,MongoDB,Windows 11,missing dll,Missing Visual C++ redistributables or system files,Download and install Visual C++ Redistributable 2019 || Install all Windows updates || Run System File Checker (sfc /scannow) || Reinstall application || Check Windows Event Viewer for specific DLL
220,MongoDB,Windows 11,permission denied,User account lacks administrator rights,Right-click installer and select Run as administrator || Add user to Administrators group || Disable User Account Control temporarily || Check folder permissions || Install to different location
221,MongoDB,Windows 11,license error,Invalid or expired license key,Verify license key in account || Sign out and sign back in || Clear application cache files || Contact software support || Check subscription status
222,MongoDB,Windows 11,network error,Proxy or firewall blocking connection,Check internet connection || Configure proxy settings || Disable firewall temporarily || Check corporate network restrictions || Use offline installer
223,MongoDB,Windows 11,update failed,Update server unreachable or connection issues,Check internet connection || Disable antivirus temporarily || Run updater as administrator || Manually download update || Check firewall settings
224,MongoDB,Windows 11,connection error,Cannot connect to server or service,Check internet connection || Verify server is online || Check firewall and proxy settings || Restart network adapter || Contact support if server issue
225,MongoDB,Windows 10,app is closing,Memory issues or corrupted preferences,Close other applications to free memory || Reset application preferences || Update graphics drivers || Check for Windows updates || Reinstall application if issue persists
226,MongoDB,Windows 10,installation failed,Insufficient disk space or corrupted installer,Free up disk space (at least 10GB free) || Disable antivirus temporarily || Run installer as administrator || Check Windows compatibility || Download fresh installer
227,MongoDB,Windows 10,missing dll,Missing Visual C++ redistributables or system files,Download and install Visual C++ Redistributable 2019 || Install all Windows updates || Run System File Checker (sfc /scannow) || Reinstall application || Check Windows Event Viewer for specific DLL
228,MongoDB,Windows 10,permission denied,User account lacks administrator rights,Right-click installer and select Run as administrator || Add user to Administrators group || Disable User Account Control temporarily || Check folder permissions || Install to different location
229,MongoDB,Windows 10,license error,Invalid or expired license key,Verify license key in account || Sign out and sign back in || Clear application cache files || Contact software support || Check subscription status
230,MongoDB,Windows 10,network error,Proxy or firewall blocking connection,Check internet connection || Configure proxy settings || Disable firewall temporarily || Check corporate network restrictions || Use offline installer
231,MongoDB,Windows 10,update failed,Update server unreachable or connection issues,Check internet connection || Disable antivirus temporarily || Run updater as administrator || Manually download update || Check firewall settings
232,MongoDB,Windows 10,connection error,Cannot connect to server or service,Check internet connection || Verify server is online || Check firewall and proxy settings || Restart network adapter || Contact support if server issue
233,MongoDB,MacOS,app is closing,Memory pressure or corrupted preferences,Free up RAM by closing other apps || Reset application preferences || Update macOS to latest version || Check Activity Monitor for memory issues || Reinstall application
234,MongoDB,MacOS,installation failed,Insufficient disk space or permissions,Free up disk space (at least 15GB) || Check disk permissions || Run Disk Utility first aid || Download fresh installer || Check macOS compatibility
235,MongoDB,MacOS,missing dll,Missing system libraries or frameworks,Install Xcode Command Line Tools: xcode-select --install || Update macOS to latest version || Reinstall application || Check Console.app for specific library errors
236,MongoDB,MacOS,permission denied,Insufficient permissions or security settings,Check System Preferences > Security & Privacy || Grant permissions when prompted || Run with sudo if needed || Check disk permissions || Install to Applications folder
237,MongoDB,MacOS,license error,Invalid or expired license key,Verify license key in account || Sign out and sign back in || Clear application cache files || Contact software support || Check subscription status
238,MongoDB,MacOS,network error,Proxy or firewall blocking connection,Check internet connection || Configure proxy settings in System Preferences || Disable firewall temporarily || Check corporate network restrictions || Use offline installer
239,MongoDB,MacOS,update failed,Update server unreachable or connection issues,Check internet connection || Disable firewall temporarily || Run updater with admin rights || Manually download update || Check network settings
240,MongoDB,MacOS,connection error,Cannot connect to server or service,Check internet connection || Verify server is online || Check firewall and proxy settings || Restart network service || Contact support if server issue
241,Microsoft Office,Windows 11,app is closing,Memory issues or corrupted preferences,Close other applications to free memory || Reset application preferences || Update graphics drivers || Check for Windows updates || Reinstall application if issue persists
242,Microsoft Office,Windows 11,installation failed,Insufficient disk space or corrupted installer,Free up disk space (at least 10GB free) || Disable antivirus temporarily || Run installer as administrator || Check Windows compatibility || Download fresh installer
243,Microsoft Office,Windows 11,missing dll,Missing Visual C++ redistributables or system files,Download and install Visual C++ Redistributable 2019 || Install all Windows updates || Run System File Checker (sfc /scannow) || Reinstall application || Check Windows Event Viewer for specific DLL
244,Microsoft Office,Windows 11,permission denied,User account lacks administrator rights,Right-click installer and select Run as administrator || Add user to Administrators group || Disable User Account Control temporarily || Check folder permissions || Install to different location
245,Microsoft Office,Windows 11,license error,Invalid or expired license key,Verify license key in account || Sign out and sign back in || Clear application cache files || Contact software support || Check subscription status
246,Microsoft Office,Windows 11,network error,Proxy or firewall blocking connection,Check internet connection || Configure proxy settings || Disable firewall temporarily || Check corporate network restrictions || Use offline installer
247,Microsoft Office,Windows 11,update failed,Update server unreachable or connection issues,Check internet connection || Disable antivirus temporarily || Run updater as administrator || Manually download update || Check firewall settings
248,Microsoft Office,Windows 11,connection error,Cannot connect to server or service,Check internet connection || Verify server is online || Check firewall and proxy settings || Restart network adapter || Contact support if server issue
249,Microsoft Office,Windows 10,app is closing,Memory issues or corrupted preferences,Close other applications to free memory || Reset application preferences || Update graphics drivers || Check for Windows updates || Reinstall application if issue persists
250,Microsoft Office,Windows 10,installation failed,Insufficient disk space or corrupted installer,Free up disk space (at least 10GB free) || Disable antivirus temporarily || Run installer as administrator || Check Windows compatibility || Download fresh installer
251,Microsoft Office,Windows 10,missing dll,Missing Visual C++ redistributables or system files,Download and install Visual C++ Redistributable 2019 || Install all Windows updates || Run System File Checker (sfc /scannow) || Reinstall application || Check Windows Event Viewer for specific DLL
252,Microsoft Office,Windows 10,permission denied,User account lacks administrator rights,Right-click installer and select Run as administrator || Add user to Administrators group || Disable User Account Control temporarily || Check folder permissions || Install to different location
253,Microsoft Office,Windows 10,license error,Invalid or expired license key,Verify license key in account || Sign out and sign back in || Clear application cache files || Contact software support || Check subscription status
254,Microsoft Office,Windows 10,network error,Proxy or firewall blocking connection,Check internet connection || Configure proxy settings || Disable firewall temporarily || Check corporate network restrictions || Use offline installer
255,Microsoft Office,Windows 10,update failed,Update server unreachable or connection issues,Check internet connection || Disable antivirus temporarily || Run updater as administrator || Manually download update || Check firewall settings
256,Microsoft Office,Windows 10,connection error,Cannot connect to server or service,Check internet connection || Verify server is online || Check firewall and proxy settings || Restart network adapter || Contact support if server issue
257,Microsoft Office,MacOS,app is closing,Memory pressure or corrupted preferences,Free up RAM by closing other apps || Reset application preferences || Update macOS to latest version || Check Activity Monitor for memory issues || Reinstall application
258,Microsoft Office,MacOS,installation failed,Insufficient disk space or permissions,Free up disk space (at least 15GB) || Check disk permissions || Run Disk Utility first aid || Download fresh installer || Check macOS compatibility
259,Microsoft Office,MacOS,missing dll,Missing system libraries or frameworks,Install Xcode Command Line Tools: xcode-select --install || Update macOS to latest version || Reinstall application || Check Console.app for specific library errors
260,Microsoft Office,MacOS,permission denied,Insufficient permissions or security settings,Check System Preferences > Security & Privacy || Grant permissions when prompted || Run with sudo if needed || Check disk permissions || Install to Applications folder
261,Microsoft Office,MacOS,license error,Invalid or expired license key,Verify license key in account || Sign out and sign back in || Clear application cache files || Contact software support || Check subscription status
262,Microsoft Office,MacOS,network error,Proxy or firewall blocking connection,Check internet connection || Configure proxy settings in System Preferences || Disable firewall temporarily || Check corporate network restrictions || Use offline installer
263,Microsoft Office,MacOS,update failed,Update server unreachable or connection issues,Check internet connection || Disable firewall temporarily || Run updater with admin rights || Manually download update || Check network settings
264,Microsoft Office,MacOS,connection error,Cannot connect to server or service,Check internet connection || Verify server is online || Check firewall and proxy settings || Restart network service || Contact support if server issue
265,Spotify,Windows 11,app is closing,Memory issues or corrupted preferences,Close other applications to free memory || Reset application preferences || Update graphics drivers || Check for Windows updates || Reinstall application if issue persists
266,Spotify,Windows 11,installation failed,Insufficient disk space or corrupted installer,Free up disk space (at least 10GB free) || Disable antivirus temporarily || Run installer as administrator || Check Windows compatibility || Download fresh installer
267,Spotify,Windows 11,missing dll,Missing Visual C++ redistributables or system files,Download and install Visual C++ Redistributable 2019 || Install all Windows updates || Run System File Checker (sfc /scannow) || Reinstall application || Check Windows Event Viewer for specific DLL
268,Spotify,Windows 11,permission denied,User account lacks administrator rights,Right-click installer and select Run as administrator || Add user to Administrators group || Disable User Account Control temporarily || Check folder permissions || Install to different location
269,Spotify,Windows 11,license error,Invalid or expired license key,Verify license key in account || Sign out and sign back in || Clear application cache files || Contact software support || Check subscription status
270,Spotify,Windows 11,network error,Proxy or firewall blocking connection,Check internet connection || Configure proxy settings || Disable firewall temporarily || Check corporate network restrictions || Use offline installer
271,Spotify,Windows 11,update failed,Update server unreachable or connection issues,Check internet connection || Disable antivirus temporarily || Run updater as administrator || Manually download update || Check firewall settings
272,Spotify,Windows 11,connection error,Cannot connect to server or service,Check internet connection || Verify server is online || Check firewall and proxy settings || Restart network adapter || Contact support if server issue
273,Spotify,Windows 10,app is closing,Memory issues or corrupted preferences,Close other applications to free memory || Reset application preferences || Update graphics drivers || Check for Windows updates || Reinstall application if issue persists
274,Spotify,Windows 10,installation failed,Insufficient disk space or corrupted installer,Free up disk space (at least 10GB free) || Disable antivirus temporarily || Run installer as administrator || Check Windows compatibility || Download fresh installer
275,Spotify,Windows 10,missing dll,Missing Visual C++ redistributables or system files,Download and install Visual C++ Redistributable 2019 || Install all Windows updates || Run System File Checker (sfc /scannow) || Reinstall application || Check Windows Event Viewer for specific DLL
276,Spotify,Windows 10,permission denied,User account lacks administrator rights,Right-click installer and select Run as administrator || Add user to Administrators group || Disable User Account Control temporarily || Check folder permissions || Install to different location
277,Spotify,Windows 10,license error,Invalid or expired license key,Verify license key in account || Sign out and sign back in || Clear application cache files || Contact software support || Check subscription status
278,Spotify,Windows 10,network error,Proxy or firewall blocking connection,Check internet connection || Configure proxy settings || Disable firewall temporarily || Check corporate network restrictions || Use offline installer
279,Spotify,Windows 10,update failed,Update server unreachable or connection issues,Check internet connection || Disable antivirus temporarily || Run updater as administrator || Manually download update || Check firewall settings
280,Spotify,Windows 10,connection error,Cannot connect to server or service,Check internet connection || Verify server is online || Check firewall and proxy settings || Restart network adapter || Contact support if server issue
281,Spotify,MacOS,app is closing,Memory pressure or corrupted preferences,Free up RAM by closing other apps || Reset application preferences || Update macOS to latest version || Check Activity Monitor for memory issues || Reinstall application
282,Spotify,MacOS,installation failed,Insufficient disk space or permissions,Free up disk space (at least 15GB) || Check disk permissions || Run Disk Utility first aid || Download fresh installer || Check macOS compatibility
283,Spotify,MacOS,missing dll,Missing system libraries or frameworks,Install Xcode Command Line Tools: xcode-select --install || Update macOS to latest version || Reinstall application || Check Console.app for specific library errors
284,Spotify,MacOS,permission denied,Insufficient permissions or security settings,Check System Preferences > Security & Privacy || Grant permissions when prompted || Run with sudo if needed || Check disk permissions || Install to Applications folder
285,Spotify,MacOS,license error,Invalid or expired license key,Verify license key in account || Sign out and sign back in || Clear application cache files || Contact software support || Check subscription status
286,Spotify,MacOS,network error,Proxy or firewall blocking connection,Check internet connection || Configure proxy settings in System Preferences || Disable firewall temporarily || Check corporate network restrictions || Use offline installer
287,Spotify,MacOS,update failed,Update server unreachable or connection issues,Check internet connection || Disable firewall temporarily || Run updater with admin rights || Manually download update || Check network settings
288,Spotify,MacOS,connection error,Cannot connect to server or service,Check internet connection || Verify server is online || Check firewall and proxy settings || Restart network service || Contact support if server issue
289,Discord,Windows 11,app is closing,Memory issues or corrupted preferences,Close other applications to free memory || Reset application preferences || Update graphics drivers || Check for Windows updates || Reinstall application if issue persists
290,Discord,Windows 11,installation failed,Insufficient disk space or corrupted installer,Free up disk space (at least 10GB free) || Disable antivirus temporarily || Run installer as administrator || Check Windows compatibility || Download fresh installer
291,Discord,Windows 11,missing dll,Missing Visual C++ redistributables or system files,Download and install Visual C++ Redistributable 2019 || Install all Windows updates || Run System File Checker (sfc /scannow) || Reinstall application || Check Windows Event Viewer for specific DLL
292,Discord,Windows 11,permission denied,User account lacks administrator rights,Right-click installer and select Run as administrator || Add user to Administrators group || Disable User Account Control temporarily || Check folder permissions || Install to different location
293,Discord,Windows 11,license error,Invalid or expired license key,Verify license key in account || Sign out and sign back in || Clear application cache files || Contact software support || Check subscription status
294,Discord,Windows 11,network error,Proxy or firewall blocking connection,Check internet connection || Configure proxy settings || Disable firewall temporarily || Check corporate network restrictions || Use offline installer
295,Discord,Windows 11,update failed,Update server unreachable or connection issues,Check internet connection || Disable antivirus temporarily || Run updater as administrator || Manually download update || Check firewall settings
296,Discord,Windows 11,connection error,Cannot connect to server or service,Check internet connection || Verify server is online || Check firewall and proxy settings || Restart network adapter || Contact support if server issue
297,Discord,Windows 10,app is closing,Memory issues or corrupted preferences,Close other applications to free memory || Reset application preferences || Update graphics drivers || Check for Windows updates || Reinstall application if issue persists
298,Discord,Windows 10,installation failed,Insufficient disk space or corrupted installer,Free up disk space (at least 10GB free) || Disable antivirus temporarily || Run installer as administrator || Check Windows compatibility || Download fresh installer
299,Discord,Windows 10,missing dll,Missing Visual C++ redistributables or system files,Download and install Visual C++ Redistributable 2019 || Install all Windows updates || Run System File Checker (sfc /scannow) || Reinstall application || Check Windows Event Viewer for specific DLL
300,Discord,Windows 10,permission denied,User account lacks administrator rights,Right-click installer and select Run as administrator || Add user to Administrators group || Disable User Account Control temporarily || Check folder permissions || Install to different location
301,Discord,Windows 10,license error,Invalid or expired license key,Verify license key in account || Sign out and sign back in || Clear application cache files || Contact software support || Check subscription status
302,Discord,Windows 10,network error,Proxy or firewall blocking connection,Check internet connection || Configure proxy settings || Disable firewall temporarily || Check corporate network restrictions || Use offline installer
303,Discord,Windows 10,update failed,Update server unreachable or connection issues,Check internet connection || Disable antivirus temporarily || Run updater as administrator || Manually download update || Check firewall settings
304,Discord,Windows 10,connection error,Cannot connect to server or service,Check internet connection || Verify server is online || Check firewall and proxy settings || Restart network adapter || Contact support if server issue
305,Discord,MacOS,app is closing,Memory pressure or corrupted preferences,Free up RAM by closing other apps || Reset application preferences || Update macOS to latest version || Check Activity Monitor for memory issues || Reinstall application
306,Discord,MacOS,installation failed,Insufficient disk space or permissions,Free up disk space (at least 15GB) || Check disk permissions || Run Disk Utility first aid || Download fresh installer || Check macOS compatibility
307,Discord,MacOS,missing dll,Missing system libraries or frameworks,Install Xcode Command Line Tools: xcode-select --install || Update macOS to latest version || Reinstall application || Check Console.app for specific library errors
308,Discord,MacOS,permission denied,Insufficient permissions or security settings,Check System Preferences > Security & Privacy || Grant permissions when prompted || Run with sudo if needed || Check disk permissions || Install to Applications folder
309,Discord,MacOS,license error,Invalid or expired license key,Verify license key in account || Sign out and sign back in || Clear application cache files || Contact software support || Check subscription status
310,Discord,MacOS,network error,Proxy or firewall blocking connection,Check internet connection || Configure proxy settings in System Preferences || Disable firewall temporarily || Check corporate network restrictions || Use offline installer
311,Discord,MacOS,update failed,Update server unreachable or connection issues,Check internet connection || Disable firewall temporarily || Run updater with admin rights || Manually download update || Check network settings
312,Discord,MacOS,connection error,Cannot connect to server or service,Check internet connection || Verify server is online || Check firewall and proxy settings || Restart network service || Contact support if server issue
313,Zoom,Windows 11,app is closing,Memory issues or corrupted preferences,Close other applications to free memory || Reset application preferences || Update graphics drivers || Check for Windows updates || Reinstall application if issue persists
314,Zoom,Windows 11,installation failed,Insufficient disk space or corrupted installer,Free up disk space (at least 10GB free) || Disable antivirus temporarily || Run installer as administrator || Check Windows compatibility || Download fresh installer
315,Zoom,Windows 11,missing dll,Missing Visual C++ redistributables or system files,Download and install Visual C++ Redistributable 2019 || Install all Windows updates || Run System File Checker (sfc /scannow) || Reinstall application || Check Windows Event Viewer for specific DLL
316,Zoom,Windows 11,permission denied,User account lacks administrator rights,Right-click installer and select Run as administrator || Add user to Administrators group || Disable User Account Control temporarily || Check folder permissions || Install to different location
317,Zoom,Windows 11,license error,Invalid or expired license key,Verify license key in account || Sign out and sign back in || Clear application cache files || Contact software support || Check subscription status
318,Zoom,Windows 11,network error,Proxy or firewall blocking connection,Check internet connection || Configure proxy settings || Disable firewall temporarily || Check corporate network restrictions || Use offline installer
319,Zoom,Windows 11,update failed,Update server unreachable or connection issues,Check internet connection || Disable antivirus temporarily || Run updater as administrator || Manually download update || Check firewall settings
320,Zoom,Windows 11,connection error,Cannot connect to server or service,Check internet connection || Verify server is online || Check firewall and proxy settings || Restart network adapter || Contact support if server issue
321,Zoom,Windows 10,app is closing,Memory issues or corrupted preferences,Close other applications to free memory || Reset application preferences || Update graphics drivers || Check for Windows updates || Reinstall application if issue persists
322,Zoom,Windows 10,installation failed,Insufficient disk space or corrupted installer,Free up disk space (at least 10GB free) || Disable antivirus temporarily || Run installer as administrator || Check Windows compatibility || Download fresh installer
323,Zoom,Windows 10,missing dll,Missing Visual C++ redistributables or system files,Download and install Visual C++ Redistributable 2019 || Install all Windows updates || Run System File Checker (sfc /scannow) || Reinstall application || Check Windows Event Viewer for specific DLL
324,Zoom,Windows 10,permission denied,User account lacks administrator rights,Right-click installer and select Run as administrator || Add user to Administrators group || Disable User Account Control temporarily || Check folder permissions || Install to different location
325,Zoom,Windows 10,license error,Invalid or expired license key,Verify license key in account || Sign out and sign back in || Clear application cache files || Contact software support || Check subscription status
326,Zoom,Windows 10,network error,Proxy or firewall blocking connection,Check internet connection || Configure proxy settings || Disable firewall temporarily || Check corporate network restrictions || Use offline installer
327,Zoom,Windows 10,update failed,Update server unreachable or connection issues,Check internet connection || Disable antivirus temporarily || Run updater as administrator || Manually download update || Check firewall settings
328,Zoom,Windows 10,connection error,Cannot connect to server or service,Check internet connection || Verify server is online || Check firewall and proxy settings || Restart network adapter || Contact support if server issue
329,Zoom,MacOS,app is closing,Memory pressure or corrupted preferences,Free up RAM by closing other apps || Reset application preferences || Update macOS to latest version || Check Activity Monitor for memory issues || Reinstall application
330,Zoom,MacOS,installation failed,Insufficient disk space or permissions,Free up disk space (at least 15GB) || Check disk permissions || Run Disk Utility first aid || Download fresh installer || Check macOS compatibility
331,Zoom,MacOS,missing dll,Missing system libraries or frameworks,Install Xcode Command Line Tools: xcode-select --install || Update macOS to latest version || Reinstall application || Check Console.app for specific library errors
332,Zoom,MacOS,permission denied,Insufficient permissions or security settings,Check System Preferences > Security & Privacy || Grant permissions when prompted || Run with sudo if needed || Check disk permissions || Install to Applications folder
333,Zoom,MacOS,license error,Invalid or expired license key,Verify license key in account || Sign out and sign back in || Clear application cache files || Contact software support || Check subscription status
334,Zoom,MacOS,network error,Proxy or firewall blocking connection,Check internet connection || Configure proxy settings in System Preferences || Disable firewall temporarily || Check corporate network restrictions || Use offline installer
335,Zoom,MacOS,update failed,Update server unreachable or connection issues,Check internet connection || Disable firewall temporarily || Run updater with admin rights || Manually download update || Check network settings
336,Zoom,MacOS,connection error,Cannot connect to server or service,Check internet connection || Verify server is online || Check firewall and proxy settings || Restart network service || Contact support if server issue
337,Slack,Windows 11,app is closing,Memory issues or corrupted preferences,Close other applications to free memory || Reset application preferences || Update graphics drivers || Check for Windows updates || Reinstall application if issue persists
338,Slack,Windows 11,installation failed,Insufficient disk space or corrupted installer,Free up disk space (at least 10GB free) || Disable antivirus temporarily || Run installer as administrator || Check Windows compatibility || Download fresh installer
339,Slack,Windows 11,missing dll,Missing Visual C++ redistributables or system files,Download and install Visual C++ Redistributable 2019 || Install all Windows updates || Run System File Checker (sfc /scannow) || Reinstall application || Check Windows Event Viewer for specific DLL
340,Slack,Windows 11,permission denied,User account lacks administrator rights,Right-click installer and select Run as administrator || Add user to Administrators group || Disable User Account Control temporarily || Check folder permissions || Install to different location
341,Slack,Windows 11,license error,Invalid or expired license key,Verify license key in account || Sign out and sign back in || Clear application cache files || Contact software support || Check subscription status
342,Slack,Windows 11,network error,Proxy or firewall blocking connection,Check internet connection || Configure proxy settings || Disable firewall temporarily || Check corporate network restrictions || Use offline installer
343,Slack,Windows 11,update failed,Update server unreachable or connection issues,Check internet connection || Disable antivirus temporarily || Run updater as administrator || Manually download update || Check firewall settings
344,Slack,Windows 11,connection error,Cannot connect to server or service,Check internet connection || Verify server is online || Check firewall and proxy settings || Restart network adapter || Contact support if server issue
345,Slack,Windows 10,app is closing,Memory issues or corrupted preferences,Close other applications to free memory || Reset application preferences || Update graphics drivers || Check for Windows updates || Reinstall application if issue persists
346,Slack,Windows 10,installation failed,Insufficient disk space or corrupted installer,Free up disk space (at least 10GB free) || Disable antivirus temporarily || Run installer as administrator || Check Windows compatibility || Download fresh installer
347,Slack,Windows 10,missing dll,Missing Visual C++ redistributables or system files,Download and install Visual C++ Redistributable 2019 || Install all Windows updates || Run System File Checker (sfc /scannow) || Reinstall application || Check Windows Event Viewer for specific DLL
348,Slack,Windows 10,permission denied,User account lacks administrator rights,Right-click installer and select Run as administrator || Add user to Administrators group || Disable User Account Control temporarily || Check folder permissions || Install to different location
349,Slack,Windows 10,license error,Invalid or expired license key,Verify license key in account || Sign out and sign back in || Clear application cache files || Contact software support || Check subscription status
350,Slack,Windows 10,network error,Proxy or firewall blocking connection,Check internet connection || Configure proxy settings || Disable firewall temporarily || Check corporate network restrictions || Use offline installer
351,Slack,Windows 10,update failed,Update server unreachable or connection issues,Check internet connection || Disable antivirus temporarily || Run updater as administrator || Manually download update || Check firewall settings
352,Slack,Windows 10,connection error,Cannot connect to server or service,Check internet connection || Verify server is online || Check firewall and proxy settings || Restart network adapter || Contact support if server issue
353,Slack,MacOS,app is closing,Memory pressure or corrupted preferences,Free up RAM by closing other apps || Reset application preferences || Update macOS to latest version || Check Activity Monitor for memory issues || Reinstall application
354,Slack,MacOS,installation failed,Insufficient disk space or permissions,Free up disk space (at least 15GB) || Check disk permissions || Run Disk Utility first aid || Download fresh installer || Check macOS compatibility
355,Slack,MacOS,missing dll,Missing system libraries or frameworks,Install Xcode Command Line Tools: xcode-select --install || Update macOS to latest version || Reinstall application || Check Console.app for specific library errors
356,Slack,MacOS,permission denied,Insufficient permissions or security settings,Check System Preferences > Security & Privacy || Grant permissions when prompted || Run with sudo if needed || Check disk permissions || Install to Applications folder
357,Slack,MacOS,license error,Invalid or expired license key,Verify license key in account || Sign out and sign back in || Clear application cache files || Contact software support || Check subscription status
358,Slack,MacOS,network error,Proxy or firewall blocking connection,Check internet connection || Configure proxy settings in System Preferences || Disable firewall temporarily || Check corporate network restrictions || Use offline installer
359,Slack,MacOS,update failed,Update server unreachable or connection issues,Check internet connection || Disable firewall temporarily || Run updater with admin rights || Manually download update || Check network settings
360,Slack,MacOS,connection error,Cannot connect to server or service,Check internet connection || Verify server is online || Check firewall and proxy settings || Restart network service || Contact support if server issue
361,WhatsApp,Windows 11,app is closing,Memory issues or corrupted preferences,Close other applications to free memory || Reset application preferences || Update graphics drivers || Check for Windows updates || Reinstall application if issue persists
362,WhatsApp,Windows 11,installation failed,Insufficient disk space or corrupted installer,Free up disk space (at least 10GB free) || Disable antivirus temporarily || Run installer as administrator || Check Windows compatibility || Download fresh installer
363,WhatsApp,Windows 11,missing dll,Missing Visual C++ redistributables or system files,Download and install Visual C++ Redistributable 2019 || Install all Windows updates || Run System File Checker (sfc /scannow) || Reinstall application || Check Windows Event Viewer for specific DLL
364,WhatsApp,Windows 11,permission denied,User account lacks administrator rights,Right-click installer and select Run as administrator || Add user to Administrators group || Disable User Account Control temporarily || Check folder permissions || Install to different location
365,WhatsApp,Windows 11,license error,Invalid or expired license key,Verify license key in account || Sign out and sign back in || Clear application cache files || Contact software support || Check subscription status
366,WhatsApp,Windows 11,network error,Proxy or firewall blocking connection,Check internet connection || Configure proxy settings || Disable firewall temporarily || Check corporate network restrictions || Use offline installer
367,WhatsApp,Windows 11,update failed,Update server unreachable or connection issues,Check internet connection || Disable antivirus temporarily || Run updater as administrator || Manually download update || Check firewall settings
368,WhatsApp,Windows 11,connection error,Cannot connect to server or service,Check internet connection || Verify server is online || Check firewall and proxy settings || Restart network adapter || Contact support if server issue
369,WhatsApp,Windows 10,app is closing,Memory issues or corrupted preferences,Close other applications to free memory || Reset application preferences || Update graphics drivers || Check for Windows updates || Reinstall application if issue persists
370,WhatsApp,Windows 10,installation failed,Insufficient disk space or corrupted installer,Free up disk space (at least 10GB free) || Disable antivirus temporarily || Run installer as administrator || Check Windows compatibility || Download fresh installer
371,WhatsApp,Windows 10,missing dll,Missing Visual C++ redistributables or system files,Download and install Visual C++ Redistributable 2019 || Install all Windows updates || Run System File Checker (sfc /scannow) || Reinstall application || Check Windows Event Viewer for specific DLL
372,WhatsApp,Windows 10,permission denied,User account lacks administrator rights,Right-click installer and select Run as administrator || Add user to Administrators group || Disable User Account Control temporarily || Check folder permissions || Install to different location
373,WhatsApp,Windows 10,license error,Invalid or expired license key,Verify license key in account || Sign out and sign back in || Clear application cache files || Contact software support || Check subscription status
374,WhatsApp,Windows 10,network error,Proxy or firewall blocking connection,Check internet connection || Configure proxy settings || Disable firewall temporarily || Check corporate network restrictions || Use offline installer
375,WhatsApp,Windows 10,update failed,Update server unreachable or connection issues,Check internet connection || Disable antivirus temporarily || Run updater as administrator || Manually download update || Check firewall settings
376,WhatsApp,Windows 10,connection error,Cannot connect to server or service,Check internet connection || Verify server is online || Check firewall and proxy settings || Restart network adapter || Contact support if server issue
377,WhatsApp,MacOS,app is closing,Memory pressure or corrupted preferences,Free up RAM by closing other apps || Reset application preferences || Update macOS to latest version || Check Activity Monitor for memory issues || Reinstall application
378,WhatsApp,MacOS,installation failed,Insufficient disk space or permissions,Free up disk space (at least 15GB) || Check disk permissions || Run Disk Utility first aid || Download fresh installer || Check macOS compatibility
379,WhatsApp,MacOS,missing dll,Missing system libraries or frameworks,Install Xcode Command Line Tools: xcode-select --install || Update macOS to latest version || Reinstall application || Check Console.app for specific library errors
380,WhatsApp,MacOS,permission denied,Insufficient permissions or security settings,Check System Preferences > Security & Privacy || Grant permissions when prompted || Run with sudo if needed || Check disk permissions || Install to Applications folder
381,WhatsApp,MacOS,license error,Invalid or expired license key,Verify license key in account || Sign out and sign back in || Clear application cache files || Contact software support || Check subscription status
382,WhatsApp,MacOS,network error,Proxy or firewall blocking connection,Check internet connection || Configure proxy settings in System Preferences || Disable firewall temporarily || Check corporate network restrictions || Use offline installer
383,WhatsApp,MacOS,update failed,Update server unreachable or connection issues,Check internet connection || Disable firewall temporarily || Run updater with admin rights || Manually download update || Check network settings
384,WhatsApp,MacOS,connection error,Cannot connect to server or service,Check internet connection || Verify server is online || Check firewall and proxy settings || Restart network service || Contact support if server issue
385,Telegram,Windows 11,app is closing,Memory issues or corrupted preferences,Close other applications to free memory || Reset application preferences || Update graphics drivers || Check for Windows updates || Reinstall application if issue persists
386,Telegram,Windows 11,installation failed,Insufficient disk space or corrupted installer,Free up disk space (at least 10GB free) || Disable antivirus temporarily || Run installer as administrator || Check Windows compatibility || Download fresh installer
387,Telegram,Windows 11,missing dll,Missing Visual C++ redistributables or system files,Download and install Visual C++ Redistributable 2019 || Install all Windows updates || Run System File Checker (sfc /scannow) || Reinstall application || Check Windows Event Viewer for specific DLL
388,Telegram,Windows 11,permission denied,User account lacks administrator rights,Right-click installer and select Run as administrator || Add user to Administrators group || Disable User Account Control temporarily || Check folder permissions || Install to different location
389,Telegram,Windows 11,license error,Invalid or expired license key,Verify license key in account || Sign out and sign back in || Clear application cache files || Contact software support || Check subscription status
390,Telegram,Windows 11,network error,Proxy or firewall blocking connection,Check internet connection || Configure proxy settings || Disable firewall temporarily || Check corporate network restrictions || Use offline installer
391,Telegram,Windows 11,update failed,Update server unreachable or connection issues,Check internet connection || Disable antivirus temporarily || Run updater as administrator || Manually download update || Check firewall settings
392,Telegram,Windows 11,connection error,Cannot connect to server or service,Check internet connection || Verify server is online || Check firewall and proxy settings || Restart network adapter || Contact support if server issue
393,Telegram,Windows 10,app is closing,Memory issues or corrupted preferences,Close other applications to free memory || Reset application preferences || Update graphics drivers || Check for Windows updates || Reinstall application if issue persists
394,Telegram,Windows 10,installation failed,Insufficient disk space or corrupted installer,Free up disk space (at least 10GB free) || Disable antivirus temporarily || Run installer as administrator || Check Windows compatibility || Download fresh installer
395,Telegram,Windows 10,missing dll,Missing Visual C++ redistributables or system files,Download and install Visual C++ Redistributable 2019 || Install all Windows updates || Run System File Checker (sfc /scannow) || Reinstall application || Check Windows Event Viewer for specific DLL
396,Telegram,Windows 10,permission denied,User account lacks administrator rights,Right-click installer and select Run as administrator || Add user to Administrators group || Disable User Account Control temporarily || Check folder permissions || Install to different location
397,Telegram,Windows 10,license error,Invalid or expired license key,Verify license key in account || Sign out and sign back in || Clear application cache files || Contact software support || Check subscription status
398,Telegram,Windows 10,network error,Proxy or firewall blocking connection,Check internet connection || Configure proxy settings || Disable firewall temporarily || Check corporate network restrictions || Use offline installer
399,Telegram,Windows 10,update failed,Update server unreachable or connection issues,Check internet connection || Disable antivirus temporarily || Run updater as administrator || Manually download update || Check firewall settings
400,Telegram,Windows 10,connection error,Cannot connect to server or service,Check internet connection || Verify server is online || Check firewall and proxy settings || Restart network adapter || Contact support if server issue
401,Telegram,MacOS,app is closing,Memory pressure or corrupted preferences,Free up RAM by closing other apps || Reset application preferences || Update macOS to latest version || Check Activity Monitor for memory issues || Reinstall application
402,Telegram,MacOS,installation failed,Insufficient disk space or permissions,Free up disk space (at least 15GB) || Check disk permissions || Run Disk Utility first aid || Download fresh installer || Check macOS compatibility
403,Telegram,MacOS,missing dll,Missing system libraries or frameworks,Install Xcode Command Line Tools: xcode-select --install || Update macOS to latest version || Reinstall application || Check Console.app for specific library errors
404,Telegram,MacOS,permission denied,Insufficient permissions or security settings,Check System Preferences > Security & Privacy || Grant permissions when prompted || Run with sudo if needed || Check disk permissions || Install to Applications folder
405,Telegram,MacOS,license error,Invalid or expired license key,Verify license key in account || Sign out and sign back in || Clear application cache files || Contact software support || Check subscription status
406,Telegram,MacOS,network error,Proxy or firewall blocking connection,Check internet connection || Configure proxy settings in System Preferences || Disable firewall temporarily || Check corporate network restrictions || Use offline installer
407,Telegram,MacOS,update failed,Update server unreachable or connection issues,Check internet connection || Disable firewall temporarily || Run updater with admin rights || Manually download update || Check network settings
408,Telegram,MacOS,connection error,Cannot connect to server or service,Check internet connection || Verify server is online || Check firewall and proxy settings || Restart network service || Contact support if server issue
409,VLC Media Player,Windows 11,app is closing,Memory issues or corrupted preferences,Close other applications to free memory || Reset application preferences || Update graphics drivers || Check for Windows updates || Reinstall application if issue persists
410,VLC Media Player,Windows 11,installation failed,Insufficient disk space or corrupted installer,Free up disk space (at least 10GB free) || Disable antivirus temporarily || Run installer as administrator || Check Windows compatibility || Download fresh installer
411,VLC Media Player,Windows 11,missing dll,Missing Visual C++ redistributables or system files,Download and install Visual C++ Redistributable 2019 || Install all Windows updates || Run System File Checker (sfc /scannow) || Reinstall application || Check Windows Event Viewer for specific DLL
412,VLC Media Player,Windows 11,permission denied,User account lacks administrator rights,Right-click installer and select Run as administrator || Add user to Administrators group || Disable User Account Control temporarily || Check folder permissions || Install to different location
413,VLC Media Player,Windows 11,license error,Invalid or expired license key,Verify license key in account || Sign out and sign back in || Clear application cache files || Contact software support || Check subscription status
414,VLC Media Player,Windows 11,network error,Proxy or firewall blocking connection,Check internet connection || Configure proxy settings || Disable firewall temporarily || Check corporate network restrictions || Use offline installer
415,VLC Media Player,Windows 11,update failed,Update server unreachable or connection issues,Check internet connection || Disable antivirus temporarily || Run updater as administrator || Manually download update || Check firewall settings
416,VLC Media Player,Windows 11,connection error,Cannot connect to server or service,Check internet connection || Verify server is online || Check firewall and proxy settings || Restart network adapter || Contact support if server issue
417,VLC Media Player,Windows 10,app is closing,Memory issues or corrupted preferences,Close other applications to free memory || Reset application preferences || Update graphics drivers || Check for Windows updates || Reinstall application if issue persists
418,VLC Media Player,Windows 10,installation failed,Insufficient disk space or corrupted installer,Free up disk space (at least 10GB free) || Disable antivirus temporarily || Run installer as administrator || Check Windows compatibility || Download fresh installer
419,VLC Media Player,Windows 10,missing dll,Missing Visual C++ redistributables or system files,Download and install Visual C++ Redistributable 2019 || Install all Windows updates || Run System File Checker (sfc /scannow) || Reinstall application || Check Windows Event Viewer for specific DLL
420,VLC Media Player,Windows 10,permission denied,User account lacks administrator rights,Right-click installer and select Run as administrator || Add user to Administrators group || Disable User Account Control temporarily || Check folder permissions || Install to different location
421,VLC Media Player,Windows 10,license error,Invalid or expired license key,Verify license key in account || Sign out and sign back in || Clear application cache files || Contact software support || Check subscription status
422,VLC Media Player,Windows 10,network error,Proxy or firewall blocking connection,Check internet connection || Configure proxy settings || Disable firewall temporarily || Check corporate network restrictions || Use offline installer
423,VLC Media Player,Windows 10,update failed,Update server unreachable or connection issues,Check internet connection || Disable antivirus temporarily || Run updater as administrator || Manually download update || Check firewall settings
424,VLC Media Player,Windows 10,connection error,Cannot connect to server or service,Check internet connection || Verify server is online || Check firewall and proxy settings || Restart network adapter || Contact support if server issue
425,VLC Media Player,MacOS,app is closing,Memory pressure or corrupted preferences,Free up RAM by closing other apps || Reset application preferences || Update macOS to latest version || Check Activity Monitor for memory issues || Reinstall application
426,VLC Media Player,MacOS,installation failed,Insufficient disk space or permissions,Free up disk space (at least 15GB) || Check disk permissions || Run Disk Utility first aid || Download fresh installer || Check macOS compatibility
427,VLC Media Player,MacOS,missing dll,Missing system libraries or frameworks,Install Xcode Command Line Tools: xcode-select --install || Update macOS to latest version || Reinstall application || Check Console.app for specific library errors
428,VLC Media Player,MacOS,permission denied,Insufficient permissions or security settings,Check System Preferences > Security & Privacy || Grant permissions when prompted || Run with sudo if needed || Check disk permissions || Install to Applications folder
429,VLC Media Player,MacOS,license error,Invalid or expired license key,Verify license key in account || Sign out and sign back in || Clear application cache files || Contact software support || Check subscription status
430,VLC Media Player,MacOS,network error,Proxy or firewall blocking connection,Check internet connection || Configure proxy settings in System Preferences || Disable firewall temporarily || Check corporate network restrictions || Use offline installer
431,VLC Media Player,MacOS,update failed,Update server unreachable or connection issues,Check internet connection || Disable firewall temporarily || Run updater with admin rights || Manually download update || Check network settings
432,VLC Media Player,MacOS,connection error,Cannot connect to server or service,Check internet connection || Verify server is online || Check firewall and proxy settings || Restart network service || Contact support if server issue
433,WinRAR,Windows 11,app is closing,Memory issues or corrupted preferences,Close other applications to free memory || Reset application preferences || Update graphics drivers || Check for Windows updates || Reinstall application if issue persists
434,WinRAR,Windows 11,installation failed,Insufficient disk space or corrupted installer,Free up disk space (at least 10GB free) || Disable antivirus temporarily || Run installer as administrator || Check Windows compatibility || Download fresh installer
435,WinRAR,Windows 11,missing dll,Missing Visual C++ redistributables or system files,Download and install Visual C++ Redistributable 2019 || Install all Windows updates || Run System File Checker (sfc /scannow) || Reinstall application || Check Windows Event Viewer for specific DLL
436,WinRAR,Windows 11,permission denied,User account lacks administrator rights,Right-click installer and select Run as administrator || Add user to Administrators group || Disable User Account Control temporarily || Check folder permissions || Install to different location
437,WinRAR,Windows 11,license error,Invalid or expired license key,Verify license key in account || Sign out and sign back in || Clear application cache files || Contact software support || Check subscription status
438,WinRAR,Windows 11,network error,Proxy or firewall blocking connection,Check internet connection || Configure proxy settings || Disable firewall temporarily || Check corporate network restrictions || Use offline installer
439,WinRAR,Windows 11,update failed,Update server unreachable or connection issues,Check internet connection || Disable antivirus temporarily || Run updater as administrator || Manually download update || Check firewall settings
440,WinRAR,Windows 11,connection error,Cannot connect to server or service,Check internet connection || Verify server is online || Check firewall and proxy settings || Restart network adapter || Contact support if server issue
441,WinRAR,Windows 10,app is closing,Memory issues or corrupted preferences,Close other applications to free memory || Reset application preferences || Update graphics drivers || Check for Windows updates || Reinstall application if issue persists
442,WinRAR,Windows 10,installation failed,Insufficient disk space or corrupted installer,Free up disk space (at least 10GB free) || Disable antivirus temporarily || Run installer as administrator || Check Windows compatibility || Download fresh installer
443,WinRAR,Windows 10,missing dll,Missing Visual C++ redistributables or system files,Download and install Visual C++ Redistributable 2019 || Install all Windows updates || Run System File Checker (sfc /scannow) || Reinstall application || Check Windows Event Viewer for specific DLL
444,WinRAR,Windows 10,permission denied,User account lacks administrator rights,Right-click installer and select Run as administrator || Add user to Administrators group || Disable User Account Control temporarily || Check folder permissions || Install to different location
445,WinRAR,Windows 10,license error,Invalid or expired license key,Verify license key in account || Sign out and sign back in || Clear application cache files || Contact software support || Check subscription status
446,WinRAR,Windows 10,network error,Proxy or firewall blocking connection,Check internet connection || Configure proxy settings || Disable firewall temporarily || Check corporate network restrictions || Use offline installer
447,WinRAR,Windows 10,update failed,Update server unreachable or connection issues,Check internet connection || Disable antivirus temporarily || Run updater as administrator || Manually download update || Check firewall settings
448,WinRAR,Windows 10,connection error,Cannot connect to server or service,Check internet connection || Verify server is online || Check firewall and proxy settings || Restart network adapter || Contact support if server issue
449,7-Zip,Windows 11,app is closing,Memory issues or corrupted preferences,Close other applications to free memory || Reset application preferences || Update graphics drivers || Check for Windows updates || Reinstall application if issue persists
450,7-Zip,Windows 11,installation failed,Insufficient disk space or corrupted installer,Free up disk space (at least 10GB free) || Disable antivirus temporarily || Run installer as administrator || Check Windows compatibility || Download fresh installer
451,7-Zip,Windows 11,missing dll,Missing Visual C++ redistributables or system files,Download and install Visual C++ Redistributable 2019 || Install all Windows updates || Run System File Checker (sfc /scannow) || Reinstall application || Check Windows Event Viewer for specific DLL
452,7-Zip,Windows 11,permission denied,User account lacks administrator rights,Right-click installer and select Run as administrator || Add user to Administrators group || Disable User Account Control temporarily || Check folder permissions || Install to different location
453,7-Zip,Windows 11,license error,Invalid or expired license key,Verify license key in account || Sign out and sign back in || Clear application cache files || Contact software support || Check subscription status
454,7-Zip,Windows 11,network error,Proxy or firewall blocking connection,Check internet connection || Configure proxy settings || Disable firewall temporarily || Check corporate network restrictions || Use offline installer
455,7-Zip,Windows 11,update failed,Update server unreachable or connection issues,Check internet connection || Disable antivirus temporarily || Run updater as administrator || Manually download update || Check firewall settings
456,7-Zip,Windows 11,connection error,Cannot connect to server or service,Check internet connection || Verify server is online || Check firewall and proxy settings || Restart network adapter || Contact support if server issue
457,7-Zip,Windows 10,app is closing,Memory issues or corrupted preferences,Close other applications to free memory || Reset application preferences || Update graphics drivers || Check for Windows updates || Reinstall application if issue persists
458,7-Zip,Windows 10,installation failed,Insufficient disk space or corrupted installer,Free up disk space (at least 10GB free) || Disable antivirus temporarily || Run installer as administrator || Check Windows compatibility || Download fresh installer
459,7-Zip,Windows 10,missing dll,Missing Visual C++ redistributables or system files,Download and install Visual C++ Redistributable 2019 || Install all Windows updates || Run System File Checker (sfc /scannow) || Reinstall application || Check Windows Event Viewer for specific DLL
460,7-Zip,Windows 10,permission denied,User account lacks administrator rights,Right-click installer and select Run as administrator || Add user to Administrators group || Disable User Account Control temporarily || Check folder permissions || Install to different location
461,7-Zip,Windows 10,license error,Invalid or expired license key,Verify license key in account || Sign out and sign back in || Clear application cache files || Contact software support || Check subscription status
462,7-Zip,Windows 10,network error,Proxy or firewall blocking connection,Check internet connection || Configure proxy settings || Disable firewall temporarily || Check corporate network restrictions || Use offline installer
463,7-Zip,Windows 10,update failed,Update server unreachable or connection issues,Check internet connection || Disable antivirus temporarily || Run updater as administrator || Manually download update || Check firewall settings
464,7-Zip,Windows 10,connection error,Cannot connect to server or service,Check internet connection || Verify server is online || Check firewall and proxy settings || Restart network adapter || Contact support if server issue
465,Notepad++,Windows 11,app is closing,Memory issues or corrupted preferences,Close other applications to free memory || Reset application preferences || Update graphics drivers || Check for Windows updates || Reinstall application if issue persists
466,Notepad++,Windows 11,installation failed,Insufficient disk space or corrupted installer,Free up disk space (at least 10GB free) || Disable antivirus temporarily || Run installer as administrator || Check Windows compatibility || Download fresh installer
467,Notepad++,Windows 11,missing dll,Missing Visual C++ redistributables or system files,Download and install Visual C++ Redistributable 2019 || Install all Windows updates || Run System File Checker (sfc /scannow) || Reinstall application || Check Windows Event Viewer for specific DLL
468,Notepad++,Windows 11,permission denied,User account lacks administrator rights,Right-click installer and select Run as administrator || Add user to Administrators group || Disable User Account Control temporarily || Check folder permissions || Install to different location
469,Notepad++,Windows 11,license error,Invalid or expired license key,Verify license key in account || Sign out and sign back in || Clear application cache files || Contact software support || Check subscription status
470,Notepad++,Windows 11,network error,Proxy or firewall blocking connection,Check internet connection || Configure proxy settings || Disable firewall temporarily || Check corporate network restrictions || Use offline installer
471,Notepad++,Windows 11,update failed,Update server unreachable or connection issues,Check internet connection || Disable antivirus temporarily || Run updater as administrator || Manually download update || Check firewall settings
472,Notepad++,Windows 11,connection error,Cannot connect to server or service,Check internet connection || Verify server is online || Check firewall and proxy settings || Restart network adapter || Contact support if server issue
473,Notepad++,Windows 10,app is closing,Memory issues or corrupted preferences,Close other applications to free memory || Reset application preferences || Update graphics drivers || Check for Windows updates || Reinstall application if issue persists
474,Notepad++,Windows 10,installation failed,Insufficient disk space or corrupted installer,Free up disk space (at least 10GB free) || Disable antivirus temporarily || Run installer as administrator || Check Windows compatibility || Download fresh installer
475,Notepad++,Windows 10,missing dll,Missing Visual C++ redistributables or system files,Download and install Visual C++ Redistributable 2019 || Install all Windows updates || Run System File Checker (sfc /scannow) || Reinstall application || Check Windows Event Viewer for specific DLL
476,Notepad++,Windows 10,permission denied,User account lacks administrator rights,Right-click installer and select Run as administrator || Add user to Administrators group || Disable User Account Control temporarily || Check folder permissions || Install to different location
477,Notepad++,Windows 10,license error,Invalid or expired license key,Verify license key in account || Sign out and sign back in || Clear application cache files || Contact software support || Check subscription status
478,Notepad++,Windows 10,network error,Proxy or firewall blocking connection,Check internet connection || Configure proxy settings || Disable firewall temporarily || Check corporate network restrictions || Use offline installer
479,Notepad++,Windows 10,update failed,Update server unreachable or connection issues,Check internet connection || Disable antivirus temporarily || Run updater as administrator || Manually download update || Check firewall settings
480,Notepad++,Windows 10,connection error,Cannot connect to server or service,Check internet connection || Verify server is online || Check firewall and proxy settings || Restart network adapter || Contact support if server issue
481,Sublime Text,Windows 11,app is closing,Memory issues or corrupted preferences,Close other applications to free memory || Reset application preferences || Update graphics drivers || Check for Windows updates || Reinstall application if issue persists
482,Sublime Text,Windows 11,installation failed,Insufficient disk space or corrupted installer,Free up disk space (at least 10GB free) || Disable antivirus temporarily || Run installer as administrator || Check Windows compatibility || Download fresh installer
483,Sublime Text,Windows 11,missing dll,Missing Visual C++ redistributables or system files,Download and install Visual C++ Redistributable 2019 || Install all Windows updates || Run System File Checker (sfc /scannow) || Reinstall application || Check Windows Event Viewer for specific DLL
484,Sublime Text,Windows 11,permission denied,User account lacks administrator rights,Right-click installer and select Run as administrator || Add user to Administrators group || Disable User Account Control temporarily || Check folder permissions || Install to different location
485,Sublime Text,Windows 11,license error,Invalid or expired license key,Verify license key in account || Sign out and sign back in || Clear application cache files || Contact software support || Check subscription status
486,Sublime Text,Windows 11,network error,Proxy or firewall blocking connection,Check internet connection || Configure proxy settings || Disable firewall temporarily || Check corporate network restrictions || Use offline installer
487,Sublime Text,Windows 11,update failed,Update server unreachable or connection issues,Check internet connection || Disable antivirus temporarily || Run updater as administrator || Manually download update || Check firewall settings
488,Sublime Text,Windows 11,connection error,Cannot connect to server or service,Check internet connection || Verify server is online || Check firewall and proxy settings || Restart network adapter || Contact support if server issue
489,Sublime Text,Windows 10,app is closing,Memory issues or corrupted preferences,Close other applications to free memory || Reset application preferences || Update graphics drivers || Check for Windows updates || Reinstall application if issue persists
490,Sublime Text,Windows 10,installation failed,Insufficient disk space or corrupted installer,Free up disk space (at least 10GB free) || Disable antivirus temporarily || Run installer as administrator || Check Windows compatibility || Download fresh installer
491,Sublime Text,Windows 10,missing dll,Missing Visual C++ redistributables or system files,Download and install Visual C++ Redistributable 2019 || Install all Windows updates || Run System File Checker (sfc /scannow) || Reinstall application || Check Windows Event Viewer for specific DLL
492,Sublime Text,Windows 10,permission denied,User account lacks administrator rights,Right-click installer and select Run as administrator || Add user to Administrators group || Disable User Account Control temporarily || Check folder permissions || Install to different location
493,Sublime Text,Windows 10,license error,Invalid or expired license key,Verify license key in account || Sign out and sign back in || Clear application cache files || Contact software support || Check subscription status
494,Sublime Text,Windows 10,network error,Proxy or firewall blocking connection,Check internet connection || Configure proxy settings || Disable firewall temporarily || Check corporate network restrictions || Use offline installer
495,Sublime Text,Windows 10,update failed,Update server unreachable or connection issues,Check internet connection || Disable antivirus temporarily || Run updater as administrator || Manually download update || Check firewall settings
496,Sublime Text,Windows 10,connection error,Cannot connect to server or service,Check internet connection || Verify server is online || Check firewall and proxy settings || Restart network adapter || Contact support if server issue
497,Sublime Text,MacOS,app is closing,Memory pressure or corrupted preferences,Free up RAM by closing other apps || Reset application preferences || Update macOS to latest version || Check Activity Monitor for memory issues || Reinstall application
498,Sublime Text,MacOS,installation failed,Insufficient disk space or permissions,Free up disk space (at least 15GB) || Check disk permissions || Run Disk Utility first aid || Download fresh installer || Check macOS compatibility
499,Sublime Text,MacOS,missing dll,Missing system libraries or frameworks,Install Xcode Command Line Tools: xcode-select --install || Update macOS to latest version || Reinstall application || Check Console.app for specific library errors
500,Sublime Text,MacOS,permission denied,Insufficient permissions or security settings,Check System Preferences > Security & Privacy || Grant permissions when prompted || Run with sudo if needed || Check disk permissions || Install to Applications folder
501,Sublime Text,MacOS,license error,Invalid or expired license key,Verify license key in account || Sign out and sign back in || Clear application cache files || Contact software support || Check subscription status
502,Sublime Text,MacOS,network error,Proxy or firewall blocking connection,Check internet connection || Configure proxy settings in System Preferences || Disable firewall temporarily || Check corporate network restrictions || Use offline installer
503,Sublime Text,MacOS,update failed,Update server unreachable or connection issues,Check internet connection || Disable firewall temporarily || Run updater with admin rights || Manually download update || Check network settings
504,Sublime Text,MacOS,connection error,Cannot connect to server or service,Check internet connection || Verify server is online || Check firewall and proxy settings || Restart network service || Contact support if server issue
505,IntelliJ IDEA,Windows 11,app is closing,Memory issues or corrupted preferences,Close other applications to free memory || Reset application preferences || Update graphics drivers || Check for Windows updates || Reinstall application if issue persists
506,IntelliJ IDEA,Windows 11,installation failed,Insufficient disk space or corrupted installer,Free up disk space (at least 10GB free) || Disable antivirus temporarily || Run installer as administrator || Check Windows compatibility || Download fresh installer
507,IntelliJ IDEA,Windows 11,missing dll,Missing Visual C++ redistributables or system files,Download and install Visual C++ Redistributable 2019 || Install all Windows updates || Run System File Checker (sfc /scannow) || Reinstall application || Check Windows Event Viewer for specific DLL
508,IntelliJ IDEA,Windows 11,permission denied,User account lacks administrator rights,Right-click installer and select Run as administrator || Add user to Administrators group || Disable User Account Control temporarily || Check folder permissions || Install to different location
509,IntelliJ IDEA,Windows 11,license error,Invalid or expired license key,Verify license key in account || Sign out and sign back in || Clear application cache files || Contact software support || Check subscription status
510,IntelliJ IDEA,Windows 11,network error,Proxy or firewall blocking connection,Check internet connection || Configure proxy settings || Disable firewall temporarily || Check corporate network restrictions || Use offline installer
511,IntelliJ IDEA,Windows 11,update failed,Update server unreachable or connection issues,Check internet connection || Disable antivirus temporarily || Run updater as administrator || Manually download update || Check firewall settings
512,IntelliJ IDEA,Windows 11,connection error,Cannot connect to server or service,Check internet connection || Verify server is online || Check firewall and proxy settings || Restart network adapter || Contact support if server issue
513,IntelliJ IDEA,Windows 10,app is closing,Memory issues or corrupted preferences,Close other applications to free memory || Reset application preferences || Update graphics drivers || Check for Windows updates || Reinstall application if issue persists
514,IntelliJ IDEA,Windows 10,installation failed,Insufficient disk space or corrupted installer,Free up disk space (at least 10GB free) || Disable antivirus temporarily || Run installer as administrator || Check Windows compatibility || Download fresh installer
515,IntelliJ IDEA,Windows 10,missing dll,Missing Visual C++ redistributables or system files,Download and install Visual C++ Redistributable 2019 || Install all Windows updates || Run System File Checker (sfc /scannow) || Reinstall application || Check Windows Event Viewer for specific DLL
516,IntelliJ IDEA,Windows 10,permission denied,User account lacks administrator rights,Right-click installer and select Run as administrator || Add user to Administrators group || Disable User Account Control temporarily || Check folder permissions || Install to different location
517,IntelliJ IDEA,Windows 10,license error,Invalid or expired license key,Verify license key in account || Sign out and sign back in || Clear application cache files || Contact software support || Check subscription status
518,IntelliJ IDEA,Windows 10,network error,Proxy or firewall blocking connection,Check internet connection || Configure proxy settings || Disable firewall temporarily || Check corporate network restrictions || Use offline installer
519,IntelliJ IDEA,Windows 10,update failed,Update server unreachable or connection issues,Check internet connection || Disable antivirus temporarily || Run updater as administrator || Manually download update || Check firewall settings
520,IntelliJ IDEA,Windows 10,connection error,Cannot connect to server or service,Check internet connection || Verify server is online || Check firewall and proxy settings || Restart network adapter || Contact support if server issue
521,IntelliJ IDEA,MacOS,app is closing,Memory pressure or corrupted preferences,Free up RAM by closing other apps || Reset application preferences || Update macOS to latest version || Check Activity Monitor for memory issues || Reinstall application
522,IntelliJ IDEA,MacOS,installation failed,Insufficient disk space or permissions,Free up disk space (at least 15GB) || Check disk permissions || Run Disk Utility first aid || Download fresh installer || Check macOS compatibility
523,IntelliJ IDEA,MacOS,missing dll,Missing system libraries or frameworks,Install Xcode Command Line Tools: xcode-select --install || Update macOS to latest version || Reinstall application || Check Console.app for specific library errors
524,IntelliJ IDEA,MacOS,permission denied,Insufficient permissions or security settings,Check System Preferences > Security & Privacy || Grant permissions when prompted || Run with sudo if needed || Check disk permissions || Install to Applications folder
525,IntelliJ IDEA,MacOS,license error,Invalid or expired license key,Verify license key in account || Sign out and sign back in || Clear application cache files || Contact software support || Check subscription status
526,IntelliJ IDEA,MacOS,network error,Proxy or firewall blocking connection,Check internet connection || Configure proxy settings in System Preferences || Disable firewall temporarily || Check corporate network restrictions || Use offline installer
527,IntelliJ IDEA,MacOS,update failed,Update server unreachable or connection issues,Check internet connection || Disable firewall temporarily || Run updater with admin rights || Manually download update || Check network settings
528,IntelliJ IDEA,MacOS,connection error,Cannot connect to server or service,Check internet connection || Verify server is online || Check firewall and proxy settings || Restart network service || Contact support if server issue
529,Eclipse,Windows 11,app is closing,Memory issues or corrupted preferences,Close other applications to free memory || Reset application preferences || Update graphics drivers || Check for Windows updates || Reinstall application if issue persists
530,Eclipse,Windows 11,installation failed,Insufficient disk space or corrupted installer,Free up disk space (at least 10GB free) || Disable antivirus temporarily || Run installer as administrator || Check Windows compatibility || Download fresh installer
531,Eclipse,Windows 11,missing dll,Missing Visual C++ redistributables or system files,Download and install Visual C++ Redistributable 2019 || Install all Windows updates || Run System File Checker (sfc /scannow) || Reinstall application || Check Windows Event Viewer for specific DLL
532,Eclipse,Windows 11,permission denied,User account lacks administrator rights,Right-click installer and select Run as administrator || Add user to Administrators group || Disable User Account Control temporarily || Check folder permissions || Install to different location
533,Eclipse,Windows 11,license error,Invalid or expired license key,Verify license key in account || Sign out and sign back in || Clear application cache files || Contact software support || Check subscription status
534,Eclipse,Windows 11,network error,Proxy or firewall blocking connection,Check internet connection || Configure proxy settings || Disable firewall temporarily || Check corporate network restrictions || Use offline installer
535,Eclipse,Windows 11,update failed,Update server unreachable or connection issues,Check internet connection || Disable antivirus temporarily || Run updater as administrator || Manually download update || Check firewall settings
536,Eclipse,Windows 11,connection error,Cannot connect to server or service,Check internet connection || Verify server is online || Check firewall and proxy settings || Restart network adapter || Contact support if server issue
537,Eclipse,Windows 10,app is closing,Memory issues or corrupted preferences,Close other applications to free memory || Reset application preferences || Update graphics drivers || Check for Windows updates || Reinstall application if issue persists
538,Eclipse,Windows 10,installation failed,Insufficient disk space or corrupted installer,Free up disk space (at least 10GB free) || Disable antivirus temporarily || Run installer as administrator || Check Windows compatibility || Download fresh installer
539,Eclipse,Windows 10,missing dll,Missing Visual C++ redistributables or system files,Download and install Visual C++ Redistributable 2019 || Install all Windows updates || Run System File Checker (sfc /scannow) || Reinstall application || Check Windows Event Viewer for specific DLL
540,Eclipse,Windows 10,permission denied,User account lacks administrator rights,Right-click installer and select Run as administrator || Add user to Administrators group || Disable User Account Control temporarily || Check folder permissions || Install to different location
541,Eclipse,Windows 10,license error,Invalid or expired license key,Verify license key in account || Sign out and sign back in || Clear application cache files || Contact software support || Check subscription status
542,Eclipse,Windows 10,network error,Proxy or firewall blocking connection,Check internet connection || Configure proxy settings || Disable firewall temporarily || Check corporate network restrictions || Use offline installer
543,Eclipse,Windows 10,update failed,Update server unreachable or connection issues,Check internet connection || Disable antivirus temporarily || Run updater as administrator || Manually download update || Check firewall settings
544,Eclipse,Windows 10,connection error,Cannot connect to server or service,Check internet connection || Verify server is online || Check firewall and proxy settings || Restart network adapter || Contact support if server issue
545,Eclipse,MacOS,app is closing,Memory pressure or corrupted preferences,Free up RAM by closing other apps || Reset application preferences || Update macOS to latest version || Check Activity Monitor for memory issues || Reinstall application
546,Eclipse,MacOS,installation failed,Insufficient disk space or permissions,Free up disk space (at least 15GB) || Check disk permissions || Run Disk Utility first aid || Download fresh installer || Check macOS compatibility
547,Eclipse,MacOS,missing dll,Missing system libraries or frameworks,Install Xcode Command Line Tools: xcode-select --install || Update macOS to latest version || Reinstall application || Check Console.app for specific library errors
548,Eclipse,MacOS,permission denied,Insufficient permissions or security settings,Check System Preferences > Security & Privacy || Grant permissions when prompted || Run with sudo if needed || Check disk permissions || Install to Applications folder
549,Eclipse,MacOS,license error,Invalid or expired license key,Verify license key in account || Sign out and sign back in || Clear application cache files || Contact software support || Check subscription status
550,Eclipse,MacOS,network error,Proxy or firewall blocking connection,Check internet connection || Configure proxy settings in System Preferences || Disable firewall temporarily || Check corporate network restrictions || Use offline installer
551,Eclipse,MacOS,update failed,Update server unreachable or connection issues,Check internet connection || Disable firewall temporarily || Run updater with admin rights || Manually download update || Check network settings
552,Eclipse,MacOS,connection error,Cannot connect to server or service,Check internet connection || Verify server is online || Check firewall and proxy settings || Restart network service || Contact support if server issue
553,Android Studio,Windows 11,app is closing,Memory issues or corrupted preferences,Close other applications to free memory || Reset application preferences || Update graphics drivers || Check for Windows updates || Reinstall application if issue persists
554,Android Studio,Windows 11,installation failed,Insufficient disk space or corrupted installer,Free up disk space (at least 10GB free) || Disable antivirus temporarily || Run installer as administrator || Check Windows compatibility || Download fresh installer
555,Android Studio,Windows 11,missing dll,Missing Visual C++ redistributables or system files,Download and install Visual C++ Redistributable 2019 || Install all Windows updates || Run System File Checker (sfc /scannow) || Reinstall application || Check Windows Event Viewer for specific DLL
556,Android Studio,Windows 11,permission denied,User account lacks administrator rights,Right-click installer and select Run as administrator || Add user to Administrators group || Disable User Account Control temporarily || Check folder permissions || Install to different location
557,Android Studio,Windows 11,license error,Invalid or expired license key,Verify license key in account || Sign out and sign back in || Clear application cache files || Contact software support || Check subscription status
558,Android Studio,Windows 11,network error,Proxy or firewall blocking connection,Check internet connection || Configure proxy settings || Disable firewall temporarily || Check corporate network restrictions || Use offline installer
559,Android Studio,Windows 11,update failed,Update server unreachable or connection issues,Check internet connection || Disable antivirus temporarily || Run updater as administrator || Manually download update || Check firewall settings
560,Android Studio,Windows 11,connection error,Cannot connect to server or service,Check internet connection || Verify server is online || Check firewall and proxy settings || Restart network adapter || Contact support if server issue
561,Android Studio,Windows 10,app is closing,Memory issues or corrupted preferences,Close other applications to free memory || Reset application preferences || Update graphics drivers || Check for Windows updates || Reinstall application if issue persists
562,Android Studio,Windows 10,installation failed,Insufficient disk space or corrupted installer,Free up disk space (at least 10GB free) || Disable antivirus temporarily || Run installer as administrator || Check Windows compatibility || Download fresh installer
563,Android Studio,Windows 10,missing dll,Missing Visual C++ redistributables or system files,Download and install Visual C++ Redistributable 2019 || Install all Windows updates || Run System File Checker (sfc /scannow) || Reinstall application || Check Windows Event Viewer for specific DLL
564,Android Studio,Windows 10,permission denied,User account lacks administrator rights,Right-click installer and select Run as administrator || Add user to Administrators group || Disable User Account Control temporarily || Check folder permissions || Install to different location
565,Android Studio,Windows 10,license error,Invalid or expired license key,Verify license key in account || Sign out and sign back in || Clear application cache files || Contact software support || Check subscription status
566,Android Studio,Windows 10,network error,Proxy or firewall blocking connection,Check internet connection || Configure proxy settings || Disable firewall temporarily || Check corporate network restrictions || Use offline installer
567,Android Studio,Windows 10,update failed,Update server unreachable or connection issues,Check internet connection || Disable antivirus temporarily || Run updater as administrator || Manually download update || Check firewall settings
568,Android Studio,Windows 10,connection error,Cannot connect to server or service,Check internet connection || Verify server is online || Check firewall and proxy settings || Restart network adapter || Contact support if server issue
569,Android Studio,MacOS,app is closing,Memory pressure or corrupted preferences,Free up RAM by closing other apps || Reset application preferences || Update macOS to latest version || Check Activity Monitor for memory issues || Reinstall application
570,Android Studio,MacOS,installation failed,Insufficient disk space or permissions,Free up disk space (at least 15GB) || Check disk permissions || Run Disk Utility first aid || Download fresh installer || Check macOS compatibility
571,Android Studio,MacOS,missing dll,Missing system libraries or frameworks,Install Xcode Command Line Tools: xcode-select --install || Update macOS to latest version || Reinstall application || Check Console.app for specific library errors
572,Android Studio,MacOS,permission denied,Insufficient permissions or security settings,Check System Preferences > Security & Privacy || Grant permissions when prompted || Run with sudo if needed || Check disk permissions || Install to Applications folder
573,Android Studio,MacOS,license error,Invalid or expired license key,Verify license key in account || Sign out and sign back in || Clear application cache files || Contact software support || Check subscription status
574,Android Studio,MacOS,network error,Proxy or firewall blocking connection,Check internet connection || Configure proxy settings in System Preferences || Disable firewall temporarily || Check corporate network restrictions || Use offline installer
575,Android Studio,MacOS,update failed,Update server unreachable or connection issues,Check internet connection || Disable firewall temporarily || Run updater with admin rights || Manually download update || Check network settings
576,Android Studio,MacOS,connection error,Cannot connect to server or service,Check internet connection || Verify server is online || Check firewall and proxy settings || Restart network service || Contact support if server issue
577,Xcode,Windows 11,app is closing,Memory issues or corrupted preferences,Close other applications to free memory || Reset application preferences || Update graphics drivers || Check for Windows updates || Reinstall application if issue persists
578,Xcode,Windows 11,installation failed,Insufficient disk space or corrupted installer,Free up disk space (at least 10GB free) || Disable antivirus temporarily || Run installer as administrator || Check Windows compatibility || Download fresh installer
579,Xcode,Windows 11,missing dll,Missing Visual C++ redistributables or system files,Download and install Visual C++ Redistributable 2019 || Install all Windows updates || Run System File Checker (sfc /scannow) || Reinstall application || Check Windows Event Viewer for specific DLL
580,Xcode,Windows 11,permission denied,User account lacks administrator rights,Right-click installer and select Run as administrator || Add user to Administrators group || Disable User Account Control temporarily || Check folder permissions || Install to different location
581,Xcode,Windows 11,license error,Invalid or expired license key,Verify license key in account || Sign out and sign back in || Clear application cache files || Contact software support || Check subscription status
582,Xcode,Windows 11,network error,Proxy or firewall blocking connection,Check internet connection || Configure proxy settings || Disable firewall temporarily || Check corporate network restrictions || Use offline installer
583,Xcode,Windows 11,update failed,Update server unreachable or connection issues,Check internet connection || Disable antivirus temporarily || Run updater as administrator || Manually download update || Check firewall settings
584,Xcode,Windows 11,connection error,Cannot connect to server or service,Check internet connection || Verify server is online || Check firewall and proxy settings || Restart network adapter || Contact support if server issue
585,Xcode,Windows 10,app is closing,Memory issues or corrupted preferences,Close other applications to free memory || Reset application preferences || Update graphics drivers || Check for Windows updates || Reinstall application if issue persists
586,Xcode,Windows 10,installation failed,Insufficient disk space or corrupted installer,Free up disk space (at least 10GB free) || Disable antivirus temporarily || Run installer as administrator || Check Windows compatibility || Download fresh installer
587,Xcode,Windows 10,missing dll,Missing Visual C++ redistributables or system files,Download and install Visual C++ Redistributable 2019 || Install all Windows updates || Run System File Checker (sfc /scannow) || Reinstall application || Check Windows Event Viewer for specific DLL
588,Xcode,Windows 10,permission denied,User account lacks administrator rights,Right-click installer and select Run as administrator || Add user to Administrators group || Disable User Account Control temporarily || Check folder permissions || Install to different location
589,Xcode,Windows 10,license error,Invalid or expired license key,Verify license key in account || Sign out and sign back in || Clear application cache files || Contact software support || Check subscription status
590,Xcode,Windows 10,network error,Proxy or firewall blocking connection,Check internet connection || Configure proxy settings || Disable firewall temporarily || Check corporate network restrictions || Use offline installer
591,Xcode,Windows 10,update failed,Update server unreachable or connection issues,Check internet connection || Disable antivirus temporarily || Run updater as administrator || Manually download update || Check firewall settings
592,Xcode,Windows 10,connection error,Cannot connect to server or service,Check internet connection || Verify server is online || Check firewall and proxy settings || Restart network adapter || Contact support if server issue
593,Xcode,MacOS,app is closing,Memory pressure or corrupted preferences,Free up RAM by closing other apps || Reset application preferences || Update macOS to latest version || Check Activity Monitor for memory issues || Reinstall application
594,Xcode,MacOS,installation failed,Insufficient disk space or permissions,Free up disk space (at least 15GB) || Check disk permissions || Run Disk Utility first aid || Download fresh installer || Check macOS compatibility
595,Xcode,MacOS,missing dll,Missing system libraries or frameworks,Install Xcode Command Line Tools: xcode-select --install || Update macOS to latest version || Reinstall application || Check Console.app for specific library errors
596,Xcode,MacOS,permission denied,Insufficient permissions or security settings,Check System Preferences > Security & Privacy || Grant permissions when prompted || Run with sudo if needed || Check disk permissions || Install to Applications folder
597,Xcode,MacOS,license error,Invalid or expired license key,Verify license key in account || Sign out and sign back in || Clear application cache files || Contact software support || Check subscription status
598,Xcode,MacOS,network error,Proxy or firewall blocking connection,Check internet connection || Configure proxy settings in System Preferences || Disable firewall temporarily || Check corporate network restrictions || Use offline installer
599,Xcode,MacOS,update failed,Update server unreachable or connection issues,Check internet connection || Disable firewall temporarily || Run updater with admin rights || Manually download update || Check network settings
600,Xcode,MacOS,connection error,Cannot connect to server or service,Check internet connection || Verify server is online || Check firewall and proxy settings || Restart network service || Contact support if server issue
601,MySQL,Windows 11,app is closing,Memory issues or corrupted preferences,Close other applications to free memory || Reset application preferences || Update graphics drivers || Check for Windows updates || Reinstall application if issue persists
602,MySQL,Windows 11,installation failed,Insufficient disk space or corrupted installer,Free up disk space (at least 10GB free) || Disable antivirus temporarily || Run installer as administrator || Check Windows compatibility || Download fresh installer
603,MySQL,Windows 11,missing dll,Missing Visual C++ redistributables or system files,Download and install Visual C++ Redistributable 2019 || Install all Windows updates || Run System File Checker (sfc /scannow) || Reinstall application || Check Windows Event Viewer for specific DLL
604,MySQL,Windows 11,permission denied,User account lacks administrator rights,Right-click installer and select Run as administrator || Add user to Administrators group || Disable User Account Control temporarily || Check folder permissions || Install to different location
605,MySQL,Windows 11,license error,Invalid or expired license key,Verify license key in account || Sign out and sign back in || Clear application cache files || Contact software support || Check subscription status
606,MySQL,Windows 11,network error,Proxy or firewall blocking connection,Check internet connection || Configure proxy settings || Disable firewall temporarily || Check corporate network restrictions || Use offline installer
607,MySQL,Windows 11,update failed,Update server unreachable or connection issues,Check internet connection || Disable antivirus temporarily || Run updater as administrator || Manually download update || Check firewall settings
608,MySQL,Windows 11,connection error,Cannot connect to server or service,Check internet connection || Verify server is online || Check firewall and proxy settings || Restart network adapter || Contact support if server issue
609,MySQL,Windows 10,app is closing,Memory issues or corrupted preferences,Close other applications to free memory || Reset application preferences || Update graphics drivers || Check for Windows updates || Reinstall application if issue persists
610,MySQL,Windows 10,installation failed,Insufficient disk space or corrupted installer,Free up disk space (at least 10GB free) || Disable antivirus temporarily || Run installer as administrator || Check Windows compatibility || Download fresh installer
611,MySQL,Windows 10,missing dll,Missing Visual C++ redistributables or system files,Download and install Visual C++ Redistributable 2019 || Install all Windows updates || Run System File Checker (sfc /scannow) || Reinstall application || Check Windows Event Viewer for specific DLL
612,MySQL,Windows 10,permission denied,User account lacks administrator rights,Right-click installer and select Run as administrator || Add user to Administrators group || Disable User Account Control temporarily || Check folder permissions || Install to different location
613,MySQL,Windows 10,license error,Invalid or expired license key,Verify license key in account || Sign out and sign back in || Clear application cache files || Contact software support || Check subscription status
614,MySQL,Windows 10,network error,Proxy or firewall blocking connection,Check internet connection || Configure proxy settings || Disable firewall temporarily || Check corporate network restrictions || Use offline installer
615,MySQL,Windows 10,update failed,Update server unreachable or connection issues,Check internet connection || Disable antivirus temporarily || Run updater as administrator || Manually download update || Check firewall settings
616,MySQL,Windows 10,connection error,Cannot connect to server or service,Check internet connection || Verify server is online || Check firewall and proxy settings || Restart network adapter || Contact support if server issue
617,MySQL,MacOS,app is closing,Memory pressure or corrupted preferences,Free up RAM by closing other apps || Reset application preferences || Update macOS to latest version || Check Activity Monitor for memory issues || Reinstall application
618,MySQL,MacOS,installation failed,Insufficient disk space or permissions,Free up disk space (at least 15GB) || Check disk permissions || Run Disk Utility first aid || Download fresh installer || Check macOS compatibility
619,MySQL,MacOS,missing dll,Missing system libraries or frameworks,Install Xcode Command Line Tools: xcode-select --install || Update macOS to latest version || Reinstall application || Check Console.app for specific library errors
620,MySQL,MacOS,permission denied,Insufficient permissions or security settings,Check System Preferences > Security & Privacy || Grant permissions when prompted || Run with sudo if needed || Check disk permissions || Install to Applications folder
621,MySQL,MacOS,license error,Invalid or expired license key,Verify license key in account || Sign out and sign back in || Clear application cache files || Contact software support || Check subscription status
622,MySQL,MacOS,network error,Proxy or firewall blocking connection,Check internet connection || Configure proxy settings in System Preferences || Disable firewall temporarily || Check corporate network restrictions || Use offline installer
623,MySQL,MacOS,update failed,Update server unreachable or connection issues,Check internet connection || Disable firewall temporarily || Run updater with admin rights || Manually download update || Check network settings
624,MySQL,MacOS,connection error,Cannot connect to server or service,Check internet connection || Verify server is online || Check firewall and proxy settings || Restart network service || Contact support if server issue
625,Redis,Windows 11,app is closing,Memory issues or corrupted preferences,Close other applications to free memory || Reset application preferences || Update graphics drivers || Check for Windows updates || Reinstall application if issue persists
626,Redis,Windows 11,installation failed,Insufficient disk space or corrupted installer,Free up disk space (at least 10GB free) || Disable antivirus temporarily || Run installer as administrator || Check Windows compatibility || Download fresh installer
627,Redis,Windows 11,missing dll,Missing Visual C++ redistributables or system files,Download and install Visual C++ Redistributable 2019 || Install all Windows updates || Run System File Checker (sfc /scannow) || Reinstall application || Check Windows Event Viewer for specific DLL
628,Redis,Windows 11,permission denied,User account lacks administrator rights,Right-click installer and select Run as administrator || Add user to Administrators group || Disable User Account Control temporarily || Check folder permissions || Install to different location
629,Redis,Windows 11,license error,Invalid or expired license key,Verify license key in account || Sign out and sign back in || Clear application cache files || Contact software support || Check subscription status
630,Redis,Windows 11,network error,Proxy or firewall blocking connection,Check internet connection || Configure proxy settings || Disable firewall temporarily || Check corporate network restrictions || Use offline installer
631,Redis,Windows 11,update failed,Update server unreachable or connection issues,Check internet connection || Disable antivirus temporarily || Run updater as administrator || Manually download update || Check firewall settings
632,Redis,Windows 11,connection error,Cannot connect to server or service,Check internet connection || Verify server is online || Check firewall and proxy settings || Restart network adapter || Contact support if server issue
633,Redis,Windows 10,app is closing,Memory issues or corrupted preferences,Close other applications to free memory || Reset application preferences || Update graphics drivers || Check for Windows updates || Reinstall application if issue persists
634,Redis,Windows 10,installation failed,Insufficient disk space or corrupted installer,Free up disk space (at least 10GB free) || Disable antivirus temporarily || Run installer as administrator || Check Windows compatibility || Download fresh installer
635,Redis,Windows 10,missing dll,Missing Visual C++ redistributables or system files,Download and install Visual C++ Redistributable 2019 || Install all Windows updates || Run System File Checker (sfc /scannow) || Reinstall application || Check Windows Event Viewer for specific DLL
636,Redis,Windows 10,permission denied,User account lacks administrator rights,Right-click installer and select Run as administrator || Add user to Administrators group || Disable User Account Control temporarily || Check folder permissions || Install to different location
637,Redis,Windows 10,license error,Invalid or expired license key,Verify license key in account || Sign out and sign back in || Clear application cache files || Contact software support || Check subscription status
638,Redis,Windows 10,network error,Proxy or firewall blocking connection,Check internet connection || Configure proxy settings || Disable firewall temporarily || Check corporate network restrictions || Use offline installer
639,Redis,Windows 10,update failed,Update server unreachable or connection issues,Check internet connection || Disable antivirus temporarily || Run updater as administrator || Manually download update || Check firewall settings
640,Redis,Windows 10,connection error,Cannot connect to server or service,Check internet connection || Verify server is online || Check firewall and proxy settings || Restart network adapter || Contact support if server issue
641,Redis,MacOS,app is closing,Memory pressure or corrupted preferences,Free up RAM by closing other apps || Reset application preferences || Update macOS to latest version || Check Activity Monitor for memory issues || Reinstall application
642,Redis,MacOS,installation failed,Insufficient disk space or permissions,Free up disk space (at least 15GB) || Check disk permissions || Run Disk Utility first aid || Download fresh installer || Check macOS compatibility
643,Redis,MacOS,missing dll,Missing system libraries or frameworks,Install Xcode Command Line Tools: xcode-select --install || Update macOS to latest version || Reinstall application || Check Console.app for specific library errors
644,Redis,MacOS,permission denied,Insufficient permissions or security settings,Check System Preferences > Security & Privacy || Grant permissions when prompted || Run with sudo if needed || Check disk permissions || Install to Applications folder
645,Redis,MacOS,license error,Invalid or expired license key,Verify license key in account || Sign out and sign back in || Clear application cache files || Contact software support || Check subscription status
646,Redis,MacOS,network error,Proxy or firewall blocking connection,Check internet connection || Configure proxy settings in System Preferences || Disable firewall temporarily || Check corporate network restrictions || Use offline installer
647,Redis,MacOS,update failed,Update server unreachable or connection issues,Check internet connection || Disable firewall temporarily || Run updater with admin rights || Manually download update || Check network settings
648,Redis,MacOS,connection error,Cannot connect to server or service,Check internet connection || Verify server is online || Check firewall and proxy settings || Restart network service || Contact support if server issue
649,Elasticsearch,Windows 11,app is closing,Memory issues or corrupted preferences,Close other applications to free memory || Reset application preferences || Update graphics drivers || Check for Windows updates || Reinstall application if issue persists
650,Elasticsearch,Windows 11,installation failed,Insufficient disk space or corrupted installer,Free up disk space (at least 10GB free) || Disable antivirus temporarily || Run installer as administrator || Check Windows compatibility || Download fresh installer
651,Elasticsearch,Windows 11,missing dll,Missing Visual C++ redistributables or system files,Download and install Visual C++ Redistributable 2019 || Install all Windows updates || Run System File Checker (sfc /scannow) || Reinstall application || Check Windows Event Viewer for specific DLL
652,Elasticsearch,Windows 11,permission denied,User account lacks administrator rights,Right-click installer and select Run as administrator || Add user to Administrators group || Disable User Account Control temporarily || Check folder permissions || Install to different location
653,Elasticsearch,Windows 11,license error,Invalid or expired license key,Verify license key in account || Sign out and sign back in || Clear application cache files || Contact software support || Check subscription status
654,Elasticsearch,Windows 11,network error,Proxy or firewall blocking connection,Check internet connection || Configure proxy settings || Disable firewall temporarily || Check corporate network restrictions || Use offline installer
655,Elasticsearch,Windows 11,update failed,Update server unreachable or connection issues,Check internet connection || Disable antivirus temporarily || Run updater as administrator || Manually download update || Check firewall settings
656,Elasticsearch,Windows 11,connection error,Cannot connect to server or service,Check internet connection || Verify server is online || Check firewall and proxy settings || Restart network adapter || Contact support if server issue
657,Elasticsearch,Windows 10,app is closing,Memory issues or corrupted preferences,Close other applications to free memory || Reset application preferences || Update graphics drivers || Check for Windows updates || Reinstall application if issue persists
658,Elasticsearch,Windows 10,installation failed,Insufficient disk space or corrupted installer,Free up disk space (at least 10GB free) || Disable antivirus temporarily || Run installer as administrator || Check Windows compatibility || Download fresh installer
659,Elasticsearch,Windows 10,missing dll,Missing Visual C++ redistributables or system files,Download and install Visual C++ Redistributable 2019 || Install all Windows updates || Run System File Checker (sfc /scannow) || Reinstall application || Check Windows Event Viewer for specific DLL
660,Elasticsearch,Windows 10,permission denied,User account lacks administrator rights,Right-click installer and select Run as administrator || Add user to Administrators group || Disable User Account Control temporarily || Check folder permissions || Install to different location
661,Elasticsearch,Windows 10,license error,Invalid or expired license key,Verify license key in account || Sign out and sign back in || Clear application cache files || Contact software support || Check subscription status
662,Elasticsearch,Windows 10,network error,Proxy or firewall blocking connection,Check internet connection || Configure proxy settings || Disable firewall temporarily || Check corporate network restrictions || Use offline installer
663,Elasticsearch,Windows 10,update failed,Update server unreachable or connection issues,Check internet connection || Disable antivirus temporarily || Run updater as administrator || Manually download update || Check firewall settings
664,Elasticsearch,Windows 10,connection error,Cannot connect to server or service,Check internet connection || Verify server is online || Check firewall and proxy settings || Restart network adapter || Contact support if server issue
665,Elasticsearch,MacOS,app is closing,Memory pressure or corrupted preferences,Free up RAM by closing other apps || Reset application preferences || Update macOS to latest version || Check Activity Monitor for memory issues || Reinstall application
666,Elasticsearch,MacOS,installation failed,Insufficient disk space or permissions,Free up disk space (at least 15GB) || Check disk permissions || Run Disk Utility first aid || Download fresh installer || Check macOS compatibility
667,Elasticsearch,MacOS,missing dll,Missing system libraries or frameworks,Install Xcode Command Line Tools: xcode-select --install || Update macOS to latest version || Reinstall application || Check Console.app for specific library errors
668,Elasticsearch,MacOS,permission denied,Insufficient permissions or security settings,Check System Preferences > Security & Privacy || Grant permissions when prompted || Run with sudo if needed || Check disk permissions || Install to Applications folder
669,Elasticsearch,MacOS,license error,Invalid or expired license key,Verify license key in account || Sign out and sign back in || Clear application cache files || Contact software support || Check subscription status
670,Elasticsearch,MacOS,network error,Proxy or firewall blocking connection,Check internet connection || Configure proxy settings in System Preferences || Disable firewall temporarily || Check corporate network restrictions || Use offline installer
671,Elasticsearch,MacOS,update failed,Update server unreachable or connection issues,Check internet connection || Disable firewall temporarily || Run updater with admin rights || Manually download update || Check network settings
672,Elasticsearch,MacOS,connection error,Cannot connect to server or service,Check internet connection || Verify server is online || Check firewall and proxy settings || Restart network service || Contact support if server issue
673,Kubernetes,Windows 11,app is closing,Memory issues or corrupted preferences,Close other applications to free memory || Reset application preferences || Update graphics drivers || Check for Windows updates || Reinstall application if issue persists
674,Kubernetes,Windows 11,installation failed,Insufficient disk space or corrupted installer,Free up disk space (at least 10GB free) || Disable antivirus temporarily || Run installer as administrator || Check Windows compatibility || Download fresh installer
675,Kubernetes,Windows 11,missing dll,Missing Visual C++ redistributables or system files,Download and install Visual C++ Redistributable 2019 || Install all Windows updates || Run System File Checker (sfc /scannow) || Reinstall application || Check Windows Event Viewer for specific DLL
676,Kubernetes,Windows 11,permission denied,User account lacks administrator rights,Right-click installer and select Run as administrator || Add user to Administrators group || Disable User Account Control temporarily || Check folder permissions || Install to different location
677,Kubernetes,Windows 11,license error,Invalid or expired license key,Verify license key in account || Sign out and sign back in || Clear application cache files || Contact software support || Check subscription status
678,Kubernetes,Windows 11,network error,Proxy or firewall blocking connection,Check internet connection || Configure proxy settings || Disable firewall temporarily || Check corporate network restrictions || Use offline installer
679,Kubernetes,Windows 11,update failed,Update server unreachable or connection issues,Check internet connection || Disable antivirus temporarily || Run updater as administrator || Manually download update || Check firewall settings
680,Kubernetes,Windows 11,connection error,Cannot connect to server or service,Check internet connection || Verify server is online || Check firewall and proxy settings || Restart network adapter || Contact support if server issue
681,Kubernetes,Windows 10,app is closing,Memory issues or corrupted preferences,Close other applications to free memory || Reset application preferences || Update graphics drivers || Check for Windows updates || Reinstall application if issue persists
682,Kubernetes,Windows 10,installation failed,Insufficient disk space or corrupted installer,Free up disk space (at least 10GB free) || Disable antivirus temporarily || Run installer as administrator || Check Windows compatibility || Download fresh installer
683,Kubernetes,Windows 10,missing dll,Missing Visual C++ redistributables or system files,Download and install Visual C++ Redistributable 2019 || Install all Windows updates || Run System File Checker (sfc /scannow) || Reinstall application || Check Windows Event Viewer for specific DLL
684,Kubernetes,Windows 10,permission denied,User account lacks administrator rights,Right-click installer and select Run as administrator || Add user to Administrators group || Disable User Account Control temporarily || Check folder permissions || Install to different location
685,Kubernetes,Windows 10,license error,Invalid or expired license key,Verify license key in account || Sign out and sign back in || Clear application cache files || Contact software support || Check subscription status
686,Kubernetes,Windows 10,network error,Proxy or firewall blocking connection,Check internet connection || Configure proxy settings || Disable firewall temporarily || Check corporate network restrictions || Use offline installer
687,Kubernetes,Windows 10,update failed,Update server unreachable or connection issues,Check internet connection || Disable antivirus temporarily || Run updater as administrator || Manually download update || Check firewall settings
688,Kubernetes,Windows 10,connection error,Cannot connect to server or service,Check internet connection || Verify server is online || Check firewall and proxy settings || Restart network adapter || Contact support if server issue
689,Kubernetes,MacOS,app is closing,Memory pressure or corrupted preferences,Free up RAM by closing other apps || Reset application preferences || Update macOS to latest version || Check Activity Monitor for memory issues || Reinstall application
690,Kubernetes,MacOS,installation failed,Insufficient disk space or permissions,Free up disk space (at least 15GB) || Check disk permissions || Run Disk Utility first aid || Download fresh installer || Check macOS compatibility
691,Kubernetes,MacOS,missing dll,Missing system libraries or frameworks,Install Xcode Command Line Tools: xcode-select --install || Update macOS to latest version || Reinstall application || Check Console.app for specific library errors
692,Kubernetes,MacOS,permission denied,Insufficient permissions or security settings,Check System Preferences > Security & Privacy || Grant permissions when prompted || Run with sudo if needed || Check disk permissions || Install to Applications folder
693,Kubernetes,MacOS,license error,Invalid or expired license key,Verify license key in account || Sign out and sign back in || Clear application cache files || Contact software support || Check subscription status
694,Kubernetes,MacOS,network error,Proxy or firewall blocking connection,Check internet connection || Configure proxy settings in System Preferences || Disable firewall temporarily || Check corporate network restrictions || Use offline installer
695,Kubernetes,MacOS,update failed,Update server unreachable or connection issues,Check internet connection || Disable firewall temporarily || Run updater with admin rights || Manually download update || Check network settings
696,Kubernetes,MacOS,connection error,Cannot connect to server or service,Check internet connection || Verify server is online || Check firewall and proxy settings || Restart network service || Contact support if server issue
697,Terraform,Windows 11,app is closing,Memory issues or corrupted preferences,Close other applications to free memory || Reset application preferences || Update graphics drivers || Check for Windows updates || Reinstall application if issue persists
698,Terraform,Windows 11,installation failed,Insufficient disk space or corrupted installer,Free up disk space (at least 10GB free) || Disable antivirus temporarily || Run installer as administrator || Check Windows compatibility || Download fresh installer
699,Terraform,Windows 11,missing dll,Missing Visual C++ redistributables or system files,Download and install Visual C++ Redistributable 2019 || Install all Windows updates || Run System File Checker (sfc /scannow) || Reinstall application || Check Windows Event Viewer for specific DLL
700,Terraform,Windows 11,permission denied,User account lacks administrator rights,Right-click installer and select Run as administrator || Add user to Administrators group || Disable User Account Control temporarily || Check folder permissions || Install to different location
701,Terraform,Windows 11,license error,Invalid or expired license key,Verify license key in account || Sign out and sign back in || Clear application cache files || Contact software support || Check subscription status
702,Terraform,Windows 11,network error,Proxy or firewall blocking connection,Check internet connection || Configure proxy settings || Disable firewall temporarily || Check corporate network restrictions || Use offline installer
703,Terraform,Windows 11,update failed,Update server unreachable or connection issues,Check internet connection || Disable antivirus temporarily || Run updater as administrator || Manually download update || Check firewall settings
704,Terraform,Windows 11,connection error,Cannot connect to server or service,Check internet connection || Verify server is online || Check firewall and proxy settings || Restart network adapter || Contact support if server issue
705,Terraform,Windows 10,app is closing,Memory issues or corrupted preferences,Close other applications to free memory || Reset application preferences || Update graphics drivers || Check for Windows updates || Reinstall application if issue persists
706,Terraform,Windows 10,installation failed,Insufficient disk space or corrupted installer,Free up disk space (at least 10GB free) || Disable antivirus temporarily || Run installer as administrator || Check Windows compatibility || Download fresh installer
707,Terraform,Windows 10,missing dll,Missing Visual C++ redistributables or system files,Download and install Visual C++ Redistributable 2019 || Install all Windows updates || Run System File Checker (sfc /scannow) || Reinstall application || Check Windows Event Viewer for specific DLL
708,Terraform,Windows 10,permission denied,User account lacks administrator rights,Right-click installer and select Run as administrator || Add user to Administrators group || Disable User Account Control temporarily || Check folder permissions || Install to different location
709,Terraform,Windows 10,license error,Invalid or expired license key,Verify license key in account || Sign out and sign back in || Clear application cache files || Contact software support || Check subscription status
710,Terraform,Windows 10,network error,Proxy or firewall blocking connection,Check internet connection || Configure proxy settings || Disable firewall temporarily || Check corporate network restrictions || Use offline installer
711,Terraform,Windows 10,update failed,Update server unreachable or connection issues,Check internet connection || Disable antivirus temporarily || Run updater as administrator || Manually download update || Check firewall settings
712,Terraform,Windows 10,connection error,Cannot connect to server or service,Check internet connection || Verify server is online || Check firewall and proxy settings || Restart network adapter || Contact support if server issue
713,Terraform,MacOS,app is closing,Memory pressure or corrupted preferences,Free up RAM by closing other apps || Reset application preferences || Update macOS to latest version || Check Activity Monitor for memory issues || Reinstall application
714,Terraform,MacOS,installation failed,Insufficient disk space or permissions,Free up disk space (at least 15GB) || Check disk permissions || Run Disk Utility first aid || Download fresh installer || Check macOS compatibility
715,Terraform,MacOS,missing dll,Missing system libraries or frameworks,Install Xcode Command Line Tools: xcode-select --install || Update macOS to latest version || Reinstall application || Check Console.app for specific library errors
716,Terraform,MacOS,permission denied,Insufficient permissions or security settings,Check System Preferences > Security & Privacy || Grant permissions when prompted || Run with sudo if needed || Check disk permissions || Install to Applications folder
717,Terraform,MacOS,license error,Invalid or expired license key,Verify license key in account || Sign out and sign back in || Clear application cache files || Contact software support || Check subscription status
718,Terraform,MacOS,network error,Proxy or firewall blocking connection,Check internet connection || Configure proxy settings in System Preferences || Disable firewall temporarily || Check corporate network restrictions || Use offline installer
719,Terraform,MacOS,update failed,Update server unreachable or connection issues,Check internet connection || Disable firewall temporarily || Run updater with admin rights || Manually download update || Check network settings
720,Terraform,MacOS,connection error,Cannot connect to server or service,Check internet connection || Verify server is online || Check firewall and proxy settings || Restart network service || Contact support if server issue
721,Anaconda,Windows 11,app is closing,Memory issues or corrupted preferences,Close other applications to free memory || Reset application preferences || Update graphics drivers || Check for Windows updates || Reinstall application if issue persists
722,Anaconda,Windows 11,installation failed,Insufficient disk space or corrupted installer,Free up disk space (at least 10GB free) || Disable antivirus temporarily || Run installer as administrator || Check Windows compatibility || Download fresh installer
723,Anaconda,Windows 11,missing dll,Missing Visual C++ redistributables or system files,Download and install Visual C++ Redistributable 2019 || Install all Windows updates || Run System File Checker (sfc /scannow) || Reinstall application || Check Windows Event Viewer for specific DLL
724,Anaconda,Windows 11,permission denied,User account lacks administrator rights,Right-click installer and select Run as administrator || Add user to Administrators group || Disable User Account Control temporarily || Check folder permissions || Install to different location
725,Anaconda,Windows 11,license error,Invalid or expired license key,Verify license key in account || Sign out and sign back in || Clear application cache files || Contact software support || Check subscription status
726,Anaconda,Windows 11,network error,Proxy or firewall blocking connection,Check internet connection || Configure proxy settings || Disable firewall temporarily || Check corporate network restrictions || Use offline installer
727,Anaconda,Windows 11,update failed,Update server unreachable or connection issues,Check internet connection || Disable antivirus temporarily || Run updater as administrator || Manually download update || Check firewall settings
728,Anaconda,Windows 11,connection error,Cannot connect to server or service,Check internet connection || Verify server is online || Check firewall and proxy settings || Restart network adapter || Contact support if server issue
729,Anaconda,Windows 10,app is closing,Memory issues or corrupted preferences,Close other applications to free memory || Reset application preferences || Update graphics drivers || Check for Windows updates || Reinstall application if issue persists
730,Anaconda,Windows 10,installation failed,Insufficient disk space or corrupted installer,Free up disk space (at least 10GB free) || Disable antivirus temporarily || Run installer as administrator || Check Windows compatibility || Download fresh installer
731,Anaconda,Windows 10,missing dll,Missing Visual C++ redistributables or system files,Download and install Visual C++ Redistributable 2019 || Install all Windows updates || Run System File Checker (sfc /scannow) || Reinstall application || Check Windows Event Viewer for specific DLL
732,Anaconda,Windows 10,permission denied,User account lacks administrator rights,Right-click installer and select Run as administrator || Add user to Administrators group || Disable User Account Control temporarily || Check folder permissions || Install to different location
733,Anaconda,Windows 10,license error,Invalid or expired license key,Verify license key in account || Sign out and sign back in || Clear application cache files || Contact software support || Check subscription status
734,Anaconda,Windows 10,network error,Proxy or firewall blocking connection,Check internet connection || Configure proxy settings || Disable firewall temporarily || Check corporate network restrictions || Use offline installer
735,Anaconda,Windows 10,update failed,Update server unreachable or connection issues,Check internet connection || Disable antivirus temporarily || Run updater as administrator || Manually download update || Check firewall settings
736,Anaconda,Windows 10,connection error,Cannot connect to server or service,Check internet connection || Verify server is online || Check firewall and proxy settings || Restart network adapter || Contact support if server issue
737,Anaconda,MacOS,app is closing,Memory pressure or corrupted preferences,Free up RAM by closing other apps || Reset application preferences || Update macOS to latest version || Check Activity Monitor for memory issues || Reinstall application
738,Anaconda,MacOS,installation failed,Insufficient disk space or permissions,Free up disk space (at least 15GB) || Check disk permissions || Run Disk Utility first aid || Download fresh installer || Check macOS compatibility
739,Anaconda,MacOS,missing dll,Missing system libraries or frameworks,Install Xcode Command Line Tools: xcode-select --install || Update macOS to latest version || Reinstall application || Check Console.app for specific library errors
740,Anaconda,MacOS,permission denied,Insufficient permissions or security settings,Check System Preferences > Security & Privacy || Grant permissions when prompted || Run with sudo if needed || Check disk permissions || Install to Applications folder
741,Anaconda,MacOS,license error,Invalid or expired license key,Verify license key in account || Sign out and sign back in || Clear application cache files || Contact software support || Check subscription status
742,Anaconda,MacOS,network error,Proxy or firewall blocking connection,Check internet connection || Configure proxy settings in System Preferences || Disable firewall temporarily || Check corporate network restrictions || Use offline installer
743,Anaconda,MacOS,update failed,Update server unreachable or connection issues,Check internet connection || Disable firewall temporarily || Run updater with admin rights || Manually download update || Check network settings
744,Anaconda,MacOS,connection error,Cannot connect to server or service,Check internet connection || Verify server is online || Check firewall and proxy settings || Restart network service || Contact support if server issue
745,Jupyter Notebook,Windows 11,app is closing,Memory issues or corrupted preferences,Close other applications to free memory || Reset application preferences || Update graphics drivers || Check for Windows updates || Reinstall application if issue persists
746,Jupyter Notebook,Windows 11,installation failed,Insufficient disk space or corrupted installer,Free up disk space (at least 10GB free) || Disable antivirus temporarily || Run installer as administrator || Check Windows compatibility || Download fresh installer
747,Jupyter Notebook,Windows 11,missing dll,Missing Visual C++ redistributables or system files,Download and install Visual C++ Redistributable 2019 || Install all Windows updates || Run System File Checker (sfc /scannow) || Reinstall application || Check Windows Event Viewer for specific DLL
748,Jupyter Notebook,Windows 11,permission denied,User account lacks administrator rights,Right-click installer and select Run as administrator || Add user to Administrators group || Disable User Account Control temporarily || Check folder permissions || Install to different location
749,Jupyter Notebook,Windows 11,license error,Invalid or expired license key,Verify license key in account || Sign out and sign back in || Clear application cache files || Contact software support || Check subscription status
750,Jupyter Notebook,Windows 11,network error,Proxy or firewall blocking connection,Check internet connection || Configure proxy settings || Disable firewall temporarily || Check corporate network restrictions || Use offline installer
751,Jupyter Notebook,Windows 11,update failed,Update server unreachable or connection issues,Check internet connection || Disable antivirus temporarily || Run updater as administrator || Manually download update || Check firewall settings
752,Jupyter Notebook,Windows 11,connection error,Cannot connect to server or service,Check internet connection || Verify server is online || Check firewall and proxy settings || Restart network adapter || Contact support if server issue
753,Jupyter Notebook,Windows 10,app is closing,Memory issues or corrupted preferences,Close other applications to free memory || Reset application preferences || Update graphics drivers || Check for Windows updates || Reinstall application if issue persists
754,Jupyter Notebook,Windows 10,installation failed,Insufficient disk space or corrupted installer,Free up disk space (at least 10GB free) || Disable antivirus temporarily || Run installer as administrator || Check Windows compatibility || Download fresh installer
755,Jupyter Notebook,Windows 10,missing dll,Missing Visual C++ redistributables or system files,Download and install Visual C++ Redistributable 2019 || Install all Windows updates || Run System File Checker (sfc /scannow) || Reinstall application || Check Windows Event Viewer for specific DLL
756,Jupyter Notebook,Windows 10,permission denied,User account lacks administrator rights,Right-click installer and select Run as administrator || Add user to Administrators group || Disable User Account Control temporarily || Check folder permissions || Install to different location
757,Jupyter Notebook,Windows 10,license error,Invalid or expired license key,Verify license key in account || Sign out and sign back in || Clear application cache files || Contact software support || Check subscription status
758,Jupyter Notebook,Windows 10,network error,Proxy or firewall blocking connection,Check internet connection || Configure proxy settings || Disable firewall temporarily || Check corporate network restrictions || Use offline installer
759,Jupyter Notebook,Windows 10,update failed,Update server unreachable or connection issues,Check internet connection || Disable antivirus temporarily || Run updater as administrator || Manually download update || Check firewall settings
760,Jupyter Notebook,Windows 10,connection error,Cannot connect to server or service,Check internet connection || Verify server is online || Check firewall and proxy settings || Restart network adapter || Contact support if server issue
761,Jupyter Notebook,MacOS,app is closing,Memory pressure or corrupted preferences,Free up RAM by closing other apps || Reset application preferences || Update macOS to latest version || Check Activity Monitor for memory issues || Reinstall application
762,Jupyter Notebook,MacOS,installation failed,Insufficient disk space or permissions,Free up disk space (at least 15GB) || Check disk permissions || Run Disk Utility first aid || Download fresh installer || Check macOS compatibility
763,Jupyter Notebook,MacOS,missing dll,Missing system libraries or frameworks,Install Xcode Command Line Tools: xcode-select --install || Update macOS to latest version || Reinstall application || Check Console.app for specific library errors
764,Jupyter Notebook,MacOS,permission denied,Insufficient permissions or security settings,Check System Preferences > Security & Privacy || Grant permissions when prompted || Run with sudo if needed || Check disk permissions || Install to Applications folder
765,Jupyter Notebook,MacOS,license error,Invalid or expired license key,Verify license key in account || Sign out and sign back in || Clear application cache files || Contact software support || Check subscription status
766,Jupyter Notebook,MacOS,network error,Proxy or firewall blocking connection,Check internet connection || Configure proxy settings in System Preferences || Disable firewall temporarily || Check corporate network restrictions || Use offline installer
767,Jupyter Notebook,MacOS,update failed,Update server unreachable or connection issues,Check internet connection || Disable firewall temporarily || Run updater with admin rights || Manually download update || Check network settings
768,Jupyter Notebook,MacOS,connection error,Cannot connect to server or service,Check internet connection || Verify server is online || Check firewall and proxy settings || Restart network service || Contact support if server issue
769,TensorFlow,Windows 11,app is closing,Memory issues or corrupted preferences,Close other applications to free memory || Reset application preferences || Update graphics drivers || Check for Windows updates || Reinstall application if issue persists
770,TensorFlow,Windows 11,installation failed,Insufficient disk space or corrupted installer,Free up disk space (at least 10GB free) || Disable antivirus temporarily || Run installer as administrator || Check Windows compatibility || Download fresh installer
771,TensorFlow,Windows 11,missing dll,Missing Visual C++ redistributables or system files,Download and install Visual C++ Redistributable 2019 || Install all Windows updates || Run System File Checker (sfc /scannow) || Reinstall application || Check Windows Event Viewer for specific DLL
772,TensorFlow,Windows 11,permission denied,User account lacks administrator rights,Right-click installer and select Run as administrator || Add user to Administrators group || Disable User Account Control temporarily || Check folder permissions || Install to different location
773,TensorFlow,Windows 11,license error,Invalid or expired license key,Verify license key in account || Sign out and sign back in || Clear application cache files || Contact software support || Check subscription status
774,TensorFlow,Windows 11,network error,Proxy or firewall blocking connection,Check internet connection || Configure proxy settings || Disable firewall temporarily || Check corporate network restrictions || Use offline installer
775,TensorFlow,Windows 11,update failed,Update server unreachable or connection issues,Check internet connection || Disable antivirus temporarily || Run updater as administrator || Manually download update || Check firewall settings
776,TensorFlow,Windows 11,connection error,Cannot connect to server or service,Check internet connection || Verify server is online || Check firewall and proxy settings || Restart network adapter || Contact support if server issue
777,TensorFlow,Windows 10,app is closing,Memory issues or corrupted preferences,Close other applications to free memory || Reset application preferences || Update graphics drivers || Check for Windows updates || Reinstall application if issue persists
778,TensorFlow,Windows 10,installation failed,Insufficient disk space or corrupted installer,Free up disk space (at least 10GB free) || Disable antivirus temporarily || Run installer as administrator || Check Windows compatibility || Download fresh installer
779,TensorFlow,Windows 10,missing dll,Missing Visual C++ redistributables or system files,Download and install Visual C++ Redistributable 2019 || Install all Windows updates || Run System File Checker (sfc /scannow) || Reinstall application || Check Windows Event Viewer for specific DLL
780,TensorFlow,Windows 10,permission denied,User account lacks administrator rights,Right-click installer and select Run as administrator || Add user to Administrators group || Disable User Account Control temporarily || Check folder permissions || Install to different location
781,TensorFlow,Windows 10,license error,Invalid or expired license key,Verify license key in account || Sign out and sign back in || Clear application cache files || Contact software support || Check subscription status
782,TensorFlow,Windows 10,network error,Proxy or firewall blocking connection,Check internet connection || Configure proxy settings || Disable firewall temporarily || Check corporate network restrictions || Use offline installer
783,TensorFlow,Windows 10,update failed,Update server unreachable or connection issues,Check internet connection || Disable antivirus temporarily || Run updater as administrator || Manually download update || Check firewall settings
784,TensorFlow,Windows 10,connection error,Cannot connect to server or service,Check internet connection || Verify server is online || Check firewall and proxy settings || Restart network adapter || Contact support if server issue
785,TensorFlow,MacOS,app is closing,Memory pressure or corrupted preferences,Free up RAM by closing other apps || Reset application preferences || Update macOS to latest version || Check Activity Monitor for memory issues || Reinstall application
786,TensorFlow,MacOS,installation failed,Insufficient disk space or permissions,Free up disk space (at least 15GB) || Check disk permissions || Run Disk Utility first aid || Download fresh installer || Check macOS compatibility
787,TensorFlow,MacOS,missing dll,Missing system libraries or frameworks,Install Xcode Command Line Tools: xcode-select --install || Update macOS to latest version || Reinstall application || Check Console.app for specific library errors
788,TensorFlow,MacOS,permission denied,Insufficient permissions or security settings,Check System Preferences > Security & Privacy || Grant permissions when prompted || Run with sudo if needed || Check disk permissions || Install to Applications folder
789,TensorFlow,MacOS,license error,Invalid or expired license key,Verify license key in account || Sign out and sign back in || Clear application cache files || Contact software support || Check subscription status
790,TensorFlow,MacOS,network error,Proxy or firewall blocking connection,Check internet connection || Configure proxy settings in System Preferences || Disable firewall temporarily || Check corporate network restrictions || Use offline installer
791,TensorFlow,MacOS,update failed,Update server unreachable or connection issues,Check internet connection || Disable firewall temporarily || Run updater with admin rights || Manually download update || Check network settings
792,TensorFlow,MacOS,connection error,Cannot connect to server or service,Check internet connection || Verify server is online || Check firewall and proxy settings || Restart network service || Contact support if server issue
793,PyTorch,Windows 11,app is closing,Memory issues or corrupted preferences,Close other applications to free memory || Reset application preferences || Update graphics drivers || Check for Windows updates || Reinstall application if issue persists
794,PyTorch,Windows 11,installation failed,Insufficient disk space or corrupted installer,Free up disk space (at least 10GB free) || Disable antivirus temporarily || Run installer as administrator || Check Windows compatibility || Download fresh installer
795,PyTorch,Windows 11,missing dll,Missing Visual C++ redistributables or system files,Download and install Visual C++ Redistributable 2019 || Install all Windows updates || Run System File Checker (sfc /scannow) || Reinstall application || Check Windows Event Viewer for specific DLL
796,PyTorch,Windows 11,permission denied,User account lacks administrator rights,Right-click installer and select Run as administrator || Add user to Administrators group || Disable User Account Control temporarily || Check folder permissions || Install to different location
797,PyTorch,Windows 11,license error,Invalid or expired license key,Verify license key in account || Sign out and sign back in || Clear application cache files || Contact software support || Check subscription status
798,PyTorch,Windows 11,network error,Proxy or firewall blocking connection,Check internet connection || Configure proxy settings || Disable firewall temporarily || Check corporate network restrictions || Use offline installer
799,PyTorch,Windows 11,update failed,Update server unreachable or connection issues,Check internet connection || Disable antivirus temporarily || Run updater as administrator || Manually download update || Check firewall settings
800,PyTorch,Windows 11,connection error,Cannot connect to server or service,Check internet connection || Verify server is online || Check firewall and proxy settings || Restart network adapter || Contact support if server issue
801,PyTorch,Windows 10,app is closing,Memory issues or corrupted preferences,Close other applications to free memory || Reset application preferences || Update graphics drivers || Check for Windows updates || Reinstall application if issue persists
802,PyTorch,Windows 10,installation failed,Insufficient disk space or corrupted installer,Free up disk space (at least 10GB free) || Disable antivirus temporarily || Run installer as administrator || Check Windows compatibility || Download fresh installer
803,PyTorch,Windows 10,missing dll,Missing Visual C++ redistributables or system files,Download and install Visual C++ Redistributable 2019 || Install all Windows updates || Run System File Checker (sfc /scannow) || Reinstall application || Check Windows Event Viewer for specific DLL
804,PyTorch,Windows 10,permission denied,User account lacks administrator rights,Right-click installer and select Run as administrator || Add user to Administrators group || Disable User Account Control temporarily || Check folder permissions || Install to different location
805,PyTorch,Windows 10,license error,Invalid or expired license key,Verify license key in account || Sign out and sign back in || Clear application cache files || Contact software support || Check subscription status
806,PyTorch,Windows 10,network error,Proxy or firewall blocking connection,Check internet connection || Configure proxy settings || Disable firewall temporarily || Check corporate network restrictions || Use offline installer
807,PyTorch,Windows 10,update failed,Update server unreachable or connection issues,Check internet connection || Disable antivirus temporarily || Run updater as administrator || Manually download update || Check firewall settings
808,PyTorch,Windows 10,connection error,Cannot connect to server or service,Check internet connection || Verify server is online || Check firewall and proxy settings || Restart network adapter || Contact support if server issue
809,PyTorch,MacOS,app is closing,Memory pressure or corrupted preferences,Free up RAM by closing other apps || Reset application preferences || Update macOS to latest version || Check Activity Monitor for memory issues || Reinstall application
810,PyTorch,MacOS,installation failed,Insufficient disk space or permissions,Free up disk space (at least 15GB) || Check disk permissions || Run Disk Utility first aid || Download fresh installer || Check macOS compatibility
811,PyTorch,MacOS,missing dll,Missing system libraries or frameworks,Install Xcode Command Line Tools: xcode-select --install || Update macOS to latest version || Reinstall application || Check Console.app for specific library errors
812,PyTorch,MacOS,permission denied,Insufficient permissions or security settings,Check System Preferences > Security & Privacy || Grant permissions when prompted || Run with sudo if needed || Check disk permissions || Install to Applications folder
813,PyTorch,MacOS,license error,Invalid or expired license key,Verify license key in account || Sign out and sign back in || Clear application cache files || Contact software support || Check subscription status
814,PyTorch,MacOS,network error,Proxy or firewall blocking connection,Check internet connection || Configure proxy settings in System Preferences || Disable firewall temporarily || Check corporate network restrictions || Use offline installer
815,PyTorch,MacOS,update failed,Update server unreachable or connection issues,Check internet connection || Disable firewall temporarily || Run updater with admin rights || Manually download update || Check network settings
816,PyTorch,MacOS,connection error,Cannot connect to server or service,Check internet connection || Verify server is online || Check firewall and proxy settings || Restart network service || Contact support if server issue
817,Adobe Premiere Pro,Windows 11,app is closing,Memory issues or corrupted preferences,Close other applications to free memory || Reset application preferences || Update graphics drivers || Check for Windows updates || Reinstall application if issue persists
818,Adobe Premiere Pro,Windows 11,installation failed,Insufficient disk space or corrupted installer,Free up disk space (at least 10GB free) || Disable antivirus temporarily || Run installer as administrator || Check Windows compatibility || Download fresh installer
819,Adobe Premiere Pro,Windows 11,missing dll,Missing Visual C++ redistributables or system files,Download and install Visual C++ Redistributable 2019 || Install all Windows updates || Run System File Checker (sfc /scannow) || Reinstall application || Check Windows Event Viewer for specific DLL
820,Adobe Premiere Pro,Windows 11,permission denied,User account lacks administrator rights,Right-click installer and select Run as administrator || Add user to Administrators group || Disable User Account Control temporarily || Check folder permissions || Install to different location
821,Adobe Premiere Pro,Windows 11,license error,Invalid or expired license key,Verify license key in account || Sign out and sign back in || Clear application cache files || Contact software support || Check subscription status
822,Adobe Premiere Pro,Windows 11,network error,Proxy or firewall blocking connection,Check internet connection || Configure proxy settings || Disable firewall temporarily || Check corporate network restrictions || Use offline installer
823,Adobe Premiere Pro,Windows 11,update failed,Update server unreachable or connection issues,Check internet connection || Disable antivirus temporarily || Run updater as administrator || Manually download update || Check firewall settings
824,Adobe Premiere Pro,Windows 11,connection error,Cannot connect to server or service,Check internet connection || Verify server is online || Check firewall and proxy settings || Restart network adapter || Contact support if server issue
825,Adobe Premiere Pro,Windows 10,app is closing,Memory issues or corrupted preferences,Close other applications to free memory || Reset application preferences || Update graphics drivers || Check for Windows updates || Reinstall application if issue persists
826,Adobe Premiere Pro,Windows 10,installation failed,Insufficient disk space or corrupted installer,Free up disk space (at least 10GB free) || Disable antivirus temporarily || Run installer as administrator || Check Windows compatibility || Download fresh installer
827,Adobe Premiere Pro,Windows 10,missing dll,Missing Visual C++ redistributables or system files,Download and install Visual C++ Redistributable 2019 || Install all Windows updates || Run System File Checker (sfc /scannow) || Reinstall application || Check Windows Event Viewer for specific DLL
828,Adobe Premiere Pro,Windows 10,permission denied,User account lacks administrator rights,Right-click installer and select Run as administrator || Add user to Administrators group || Disable User Account Control temporarily || Check folder permissions || Install to different location
829,Adobe Premiere Pro,Windows 10,license error,Invalid or expired license key,Verify license key in account || Sign out and sign back in || Clear application cache files || Contact software support || Check subscription status
830,Adobe Premiere Pro,Windows 10,network error,Proxy or firewall blocking connection,Check internet connection || Configure proxy settings || Disable firewall temporarily || Check corporate network restrictions || Use offline installer
831,Adobe Premiere Pro,Windows 10,update failed,Update server unreachable or connection issues,Check internet connection || Disable antivirus temporarily || Run updater as administrator || Manually download update || Check firewall settings
832,Adobe Premiere Pro,Windows 10,connection error,Cannot connect to server or service,Check internet connection || Verify server is online || Check firewall and proxy settings || Restart network adapter || Contact support if server issue
833,Adobe Premiere Pro,MacOS,app is closing,Memory pressure or corrupted preferences,Free up RAM by closing other apps || Reset application preferences || Update macOS to latest version || Check Activity Monitor for memory issues || Reinstall application
834,Adobe Premiere Pro,MacOS,installation failed,Insufficient disk space or permissions,Free up disk space (at least 15GB) || Check disk permissions || Run Disk Utility first aid || Download fresh installer || Check macOS compatibility
835,Adobe Premiere Pro,MacOS,missing dll,Missing system libraries or frameworks,Install Xcode Command Line Tools: xcode-select --install || Update macOS to latest version || Reinstall application || Check Console.app for specific library errors
836,Adobe Premiere Pro,MacOS,permission denied,Insufficient permissions or security settings,Check System Preferences > Security & Privacy || Grant permissions when prompted || Run with sudo if needed || Check disk permissions || Install to Applications folder
837,Adobe Premiere Pro,MacOS,license error,Invalid or expired license key,Verify license key in account || Sign out and sign back in || Clear application cache files || Contact software support || Check subscription status
838,Adobe Premiere Pro,MacOS,network error,Proxy or firewall blocking connection,Check internet connection || Configure proxy settings in System Preferences || Disable firewall temporarily || Check corporate network restrictions || Use offline installer
839,Adobe Premiere Pro,MacOS,update failed,Update server unreachable or connection issues,Check internet connection || Disable firewall temporarily || Run updater with admin rights || Manually download update || Check network settings
840,Adobe Premiere Pro,MacOS,connection error,Cannot connect to server or service,Check internet connection || Verify server is online || Check firewall and proxy settings || Restart network service || Contact support if server issue
841,Adobe Illustrator,Windows 11,app is closing,Memory issues or corrupted preferences,Close other applications to free memory || Reset application preferences || Update graphics drivers || Check for Windows updates || Reinstall application if issue persists
842,Adobe Illustrator,Windows 11,installation failed,Insufficient disk space or corrupted installer,Free up disk space (at least 10GB free) || Disable antivirus temporarily || Run installer as administrator || Check Windows compatibility || Download fresh installer
843,Adobe Illustrator,Windows 11,missing dll,Missing Visual C++ redistributables or system files,Download and install Visual C++ Redistributable 2019 || Install all Windows updates || Run System File Checker (sfc /scannow) || Reinstall application || Check Windows Event Viewer for specific DLL
844,Adobe Illustrator,Windows 11,permission denied,User account lacks administrator rights,Right-click installer and select Run as administrator || Add user to Administrators group || Disable User Account Control temporarily || Check folder permissions || Install to different location
845,Adobe Illustrator,Windows 11,license error,Invalid or expired license key,Verify license key in account || Sign out and sign back in || Clear application cache files || Contact software support || Check subscription status
846,Adobe Illustrator,Windows 11,network error,Proxy or firewall blocking connection,Check internet connection || Configure proxy settings || Disable firewall temporarily || Check corporate network restrictions || Use offline installer
847,Adobe Illustrator,Windows 11,update failed,Update server unreachable or connection issues,Check internet connection || Disable antivirus temporarily || Run updater as administrator || Manually download update || Check firewall settings
848,Adobe Illustrator,Windows 11,connection error,Cannot connect to server or service,Check internet connection || Verify server is online || Check firewall and proxy settings || Restart network adapter || Contact support if server issue
849,Adobe Illustrator,Windows 10,app is closing,Memory issues or corrupted preferences,Close other applications to free memory || Reset application preferences || Update graphics drivers || Check for Windows updates || Reinstall application if issue persists
850,Adobe Illustrator,Windows 10,installation failed,Insufficient disk space or corrupted installer,Free up disk space (at least 10GB free) || Disable antivirus temporarily || Run installer as administrator || Check Windows compatibility || Download fresh installer
851,Adobe Illustrator,Windows 10,missing dll,Missing Visual C++ redistributables or system files,Download and install Visual C++ Redistributable 2019 || Install all Windows updates || Run System File Checker (sfc /scannow) || Reinstall application || Check Windows Event Viewer for specific DLL
852,Adobe Illustrator,Windows 10,permission denied,User account lacks administrator rights,Right-click installer and select Run as administrator || Add user to Administrators group || Disable User Account Control temporarily || Check folder permissions || Install to different location
853,Adobe Illustrator,Windows 10,license error,Invalid or expired license key,Verify license key in account || Sign out and sign back in || Clear application cache files || Contact software support || Check subscription status
854,Adobe Illustrator,Windows 10,network error,Proxy or firewall blocking connection,Check internet connection || Configure proxy settings || Disable firewall temporarily || Check corporate network restrictions || Use offline installer
855,Adobe Illustrator,Windows 10,update failed,Update server unreachable or connection issues,Check internet connection || Disable antivirus temporarily || Run updater as administrator || Manually download update || Check firewall settings
856,Adobe Illustrator,Windows 10,connection error,Cannot connect to server or service,Check internet connection || Verify server is online || Check firewall and proxy settings || Restart network adapter || Contact support if server issue
857,Adobe Illustrator,MacOS,app is closing,Memory pressure or corrupted preferences,Free up RAM by closing other apps || Reset application preferences || Update macOS to latest version || Check Activity Monitor for memory issues || Reinstall application
858,Adobe Illustrator,MacOS,installation failed,Insufficient disk space or permissions,Free up disk space (at least 15GB) || Check disk permissions || Run Disk Utility first aid || Download fresh installer || Check macOS compatibility
859,Adobe Illustrator,MacOS,missing dll,Missing system libraries or frameworks,Install Xcode Command Line Tools: xcode-select --install || Update macOS to latest version || Reinstall application || Check Console.app for specific library errors
860,Adobe Illustrator,MacOS,permission denied,Insufficient permissions or security settings,Check System Preferences > Security & Privacy || Grant permissions when prompted || Run with sudo if needed || Check disk permissions || Install to Applications folder
861,Adobe Illustrator,MacOS,license error,Invalid or expired license key,Verify license key in account || Sign out and sign back in || Clear application cache files || Contact software support || Check subscription status
862,Adobe Illustrator,MacOS,network error,Proxy or firewall blocking connection,Check internet connection || Configure proxy settings in System Preferences || Disable firewall temporarily || Check corporate network restrictions || Use offline installer
863,Adobe Illustrator,MacOS,update failed,Update server unreachable or connection issues,Check internet connection || Disable firewall temporarily || Run updater with admin rights || Manually download update || Check network settings
864,Adobe Illustrator,MacOS,connection error,Cannot connect to server or service,Check internet connection || Verify server is online || Check firewall and proxy settings || Restart network service || Contact support if server issue
865,Figma,Windows 11,app is closing,Memory issues or corrupted preferences,Close other applications to free memory || Reset application preferences || Update graphics drivers || Check for Windows updates || Reinstall application if issue persists
866,Figma,Windows 11,installation failed,Insufficient disk space or corrupted installer,Free up disk space (at least 10GB free) || Disable antivirus temporarily || Run installer as administrator || Check Windows compatibility || Download fresh installer
867,Figma,Windows 11,missing dll,Missing Visual C++ redistributables or system files,Download and install Visual C++ Redistributable 2019 || Install all Windows updates || Run System File Checker (sfc /scannow) || Reinstall application || Check Windows Event Viewer for specific DLL
868,Figma,Windows 11,permission denied,User account lacks administrator rights,Right-click installer and select Run as administrator || Add user to Administrators group || Disable User Account Control temporarily || Check folder permissions || Install to different location
869,Figma,Windows 11,license error,Invalid or expired license key,Verify license key in account || Sign out and sign back in || Clear application cache files || Contact software support || Check subscription status
870,Figma,Windows 11,network error,Proxy or firewall blocking connection,Check internet connection || Configure proxy settings || Disable firewall temporarily || Check corporate network restrictions || Use offline installer
871,Figma,Windows 11,update failed,Update server unreachable or connection issues,Check internet connection || Disable antivirus temporarily || Run updater as administrator || Manually download update || Check firewall settings
872,Figma,Windows 11,connection error,Cannot connect to server or service,Check internet connection || Verify server is online || Check firewall and proxy settings || Restart network adapter || Contact support if server issue
873,Figma,Windows 10,app is closing,Memory issues or corrupted preferences,Close other applications to free memory || Reset application preferences || Update graphics drivers || Check for Windows updates || Reinstall application if issue persists
874,Figma,Windows 10,installation failed,Insufficient disk space or corrupted installer,Free up disk space (at least 10GB free) || Disable antivirus temporarily || Run installer as administrator || Check Windows compatibility || Download fresh installer
875,Figma,Windows 10,missing dll,Missing Visual C++ redistributables or system files,Download and install Visual C++ Redistributable 2019 || Install all Windows updates || Run System File Checker (sfc /scannow) || Reinstall application || Check Windows Event Viewer for specific DLL
876,Figma,Windows 10,permission denied,User account lacks administrator rights,Right-click installer and select Run as administrator || Add user to Administrators group || Disable User Account Control temporarily || Check folder permissions || Install to different location
877,Figma,Windows 10,license error,Invalid or expired license key,Verify license key in account || Sign out and sign back in || Clear application cache files || Contact software support || Check subscription status
878,Figma,Windows 10,network error,Proxy or firewall blocking connection,Check internet connection || Configure proxy settings || Disable firewall temporarily || Check corporate network restrictions || Use offline installer
879,Figma,Windows 10,update failed,Update server unreachable or connection issues,Check internet connection || Disable antivirus temporarily || Run updater as administrator || Manually download update || Check firewall settings
880,Figma,Windows 10,connection error,Cannot connect to server or service,Check internet connection || Verify server is online || Check firewall and proxy settings || Restart network adapter || Contact support if server issue
881,Figma,MacOS,app is closing,Memory pressure or corrupted preferences,Free up RAM by closing other apps || Reset application preferences || Update macOS to latest version || Check Activity Monitor for memory issues || Reinstall application
882,Figma,MacOS,installation failed,Insufficient disk space or permissions,Free up disk space (at least 15GB) || Check disk permissions || Run Disk Utility first aid || Download fresh installer || Check macOS compatibility
883,Figma,MacOS,missing dll,Missing system libraries or frameworks,Install Xcode Command Line Tools: xcode-select --install || Update macOS to latest version || Reinstall application || Check Console.app for specific library errors
884,Figma,MacOS,permission denied,Insufficient permissions or security settings,Check System Preferences > Security & Privacy || Grant permissions when prompted || Run with sudo if needed || Check disk permissions || Install to Applications folder
885,Figma,MacOS,license error,Invalid or expired license key,Verify license key in account || Sign out and sign back in || Clear application cache files || Contact software support || Check subscription status
886,Figma,MacOS,network error,Proxy or firewall blocking connection,Check internet connection || Configure proxy settings in System Preferences || Disable firewall temporarily || Check corporate network restrictions || Use offline installer
887,Figma,MacOS,update failed,Update server unreachable or connection issues,Check internet connection || Disable firewall temporarily || Run updater with admin rights || Manually download update || Check network settings
888,Figma,MacOS,connection error,Cannot connect to server or service,Check internet connection || Verify server is online || Check firewall and proxy settings || Restart network service || Contact support if server issue
889,Sketch,Windows 11,app is closing,Memory issues or corrupted preferences,Close other applications to free memory || Reset application preferences || Update graphics drivers || Check for Windows updates || Reinstall application if issue persists
890,Sketch,Windows 11,installation failed,Insufficient disk space or corrupted installer,Free up disk space (at least 10GB free) || Disable antivirus temporarily || Run installer as administrator || Check Windows compatibility || Download fresh installer
891,Sketch,Windows 11,missing dll,Missing Visual C++ redistributables or system files,Download and install Visual C++ Redistributable 2019 || Install all Windows updates || Run System File Checker (sfc /scannow) || Reinstall application || Check Windows Event Viewer for specific DLL
892,Sketch,Windows 11,permission denied,User account lacks administrator rights,Right-click installer and select Run as administrator || Add user to Administrators group || Disable User Account Control temporarily || Check folder permissions || Install to different location
893,Sketch,Windows 11,license error,Invalid or expired license key,Verify license key in account || Sign out and sign back in || Clear application cache files || Contact software support || Check subscription status
894,Sketch,Windows 11,network error,Proxy or firewall blocking connection,Check internet connection || Configure proxy settings || Disable firewall temporarily || Check corporate network restrictions || Use offline installer
895,Sketch,Windows 11,update failed,Update server unreachable or connection issues,Check internet connection || Disable antivirus temporarily || Run updater as administrator || Manually download update || Check firewall settings
896,Sketch,Windows 11,connection error,Cannot connect to server or service,Check internet connection || Verify server is online || Check firewall and proxy settings || Restart network adapter || Contact support if server issue
897,Sketch,Windows 10,app is closing,Memory issues or corrupted preferences,Close other applications to free memory || Reset application preferences || Update graphics drivers || Check for Windows updates || Reinstall application if issue persists
898,Sketch,Windows 10,installation failed,Insufficient disk space or corrupted installer,Free up disk space (at least 10GB free) || Disable antivirus temporarily || Run installer as administrator || Check Windows compatibility || Download fresh installer
899,Sketch,Windows 10,missing dll,Missing Visual C++ redistributables or system files,Download and install Visual C++ Redistributable 2019 || Install all Windows updates || Run System File Checker (sfc /scannow) || Reinstall application || Check Windows Event Viewer for specific DLL
900,Sketch,Windows 10,permission denied,User account lacks administrator rights,Right-click installer and select Run as administrator || Add user to Administrators group || Disable User Account Control temporarily || Check folder permissions || Install to different location
901,Sketch,Windows 10,license error,Invalid or expired license key,Verify license key in account || Sign out and sign back in || Clear application cache files || Contact software support || Check subscription status
902,Sketch,Windows 10,network error,Proxy or firewall blocking connection,Check internet connection || Configure proxy settings || Disable firewall temporarily || Check corporate network restrictions || Use offline installer
903,Sketch,Windows 10,update failed,Update server unreachable or connection issues,Check internet connection || Disable antivirus temporarily || Run updater as administrator || Manually download update || Check firewall settings
904,Sketch,Windows 10,connection error,Cannot connect to server or service,Check internet connection || Verify server is online || Check firewall and proxy settings || Restart network adapter || Contact support if server issue
905,Sketch,MacOS,app is closing,Memory pressure or corrupted preferences,Free up RAM by closing other apps || Reset application preferences || Update macOS to latest version || Check Activity Monitor for memory issues || Reinstall application
906,Sketch,MacOS,installation failed,Insufficient disk space or permissions,Free up disk space (at least 15GB) || Check disk permissions || Run Disk Utility first aid || Download fresh installer || Check macOS compatibility
907,Sketch,MacOS,missing dll,Missing system libraries or frameworks,Install Xcode Command Line Tools: xcode-select --install || Update macOS to latest version || Reinstall application || Check Console.app for specific library errors
908,Sketch,MacOS,permission denied,Insufficient permissions or security settings,Check System Preferences > Security & Privacy || Grant permissions when prompted || Run with sudo if needed || Check disk permissions || Install to Applications folder
909,Sketch,MacOS,license error,Invalid or expired license key,Verify license key in account || Sign out and sign back in || Clear application cache files || Contact software support || Check subscription status
910,Sketch,MacOS,network error,Proxy or firewall blocking connection,Check internet connection || Configure proxy settings in System Preferences || Disable firewall temporarily || Check corporate network restrictions || Use offline installer
911,Sketch,MacOS,update failed,Update server unreachable or connection issues,Check internet connection || Disable firewall temporarily || Run updater with admin rights || Manually download update || Check network settings
912,Sketch,MacOS,connection error,Cannot connect to server or service,Check internet connection || Verify server is online || Check firewall and proxy settings || Restart network service || Contact support if server issue
913,OBS Studio,Windows 11,app is closing,Memory issues or corrupted preferences,Close other applications to free memory || Reset application preferences || Update graphics drivers || Check for Windows updates || Reinstall application if issue persists
914,OBS Studio,Windows 11,installation failed,Insufficient disk space or corrupted installer,Free up disk space (at least 10GB free) || Disable antivirus temporarily || Run installer as administrator || Check Windows compatibility || Download fresh installer
915,OBS Studio,Windows 11,missing dll,Missing Visual C++ redistributables or system files,Download and install Visual C++ Redistributable 2019 || Install all Windows updates || Run System File Checker (sfc /scannow) || Reinstall application || Check Windows Event Viewer for specific DLL
916,OBS Studio,Windows 11,permission denied,User account lacks administrator rights,Right-click installer and select Run as administrator || Add user to Administrators group || Disable User Account Control temporarily || Check folder permissions || Install to different location
917,OBS Studio,Windows 11,license error,Invalid or expired license key,Verify license key in account || Sign out and sign back in || Clear application cache files || Contact software support || Check subscription status
918,OBS Studio,Windows 11,network error,Proxy or firewall blocking connection,Check internet connection || Configure proxy settings || Disable firewall temporarily || Check corporate network restrictions || Use offline installer
919,OBS Studio,Windows 11,update failed,Update server unreachable or connection issues,Check internet connection || Disable antivirus temporarily || Run updater as administrator || Manually download update || Check firewall settings
920,OBS Studio,Windows 11,connection error,Cannot connect to server or service,Check internet connection || Verify server is online || Check firewall and proxy settings || Restart network adapter || Contact support if server issue
921,OBS Studio,Windows 10,app is closing,Memory issues or corrupted preferences,Close other applications to free memory || Reset application preferences || Update graphics drivers || Check for Windows updates || Reinstall application if issue persists
922,OBS Studio,Windows 10,installation failed,Insufficient disk space or corrupted installer,Free up disk space (at least 10GB free) || Disable antivirus temporarily || Run installer as administrator || Check Windows compatibility || Download fresh installer
923,OBS Studio,Windows 10,missing dll,Missing Visual C++ redistributables or system files,Download and install Visual C++ Redistributable 2019 || Install all Windows updates || Run System File Checker (sfc /scannow) || Reinstall application || Check Windows Event Viewer for specific DLL
924,OBS Studio,Windows 10,permission denied,User account lacks administrator rights,Right-click installer and select Run as administrator || Add user to Administrators group || Disable User Account Control temporarily || Check folder permissions || Install to different location
925,OBS Studio,Windows 10,license error,Invalid or expired license key,Verify license key in account || Sign out and sign back in || Clear application cache files || Contact software support || Check subscription status
926,OBS Studio,Windows 10,network error,Proxy or firewall blocking connection,Check internet connection || Configure proxy settings || Disable firewall temporarily || Check corporate network restrictions || Use offline installer
927,OBS Studio,Windows 10,update failed,Update server unreachable or connection issues,Check internet connection || Disable antivirus temporarily || Run updater as administrator || Manually download update || Check firewall settings
928,OBS Studio,Windows 10,connection error,Cannot connect to server or service,Check internet connection || Verify server is online || Check firewall and proxy settings || Restart network adapter || Contact support if server issue
929,OBS Studio,MacOS,app is closing,Memory pressure or corrupted preferences,Free up RAM by closing other apps || Reset application preferences || Update macOS to latest version || Check Activity Monitor for memory issues || Reinstall application
930,OBS Studio,MacOS,installation failed,Insufficient disk space or permissions,Free up disk space (at least 15GB) || Check disk permissions || Run Disk Utility first aid || Download fresh installer || Check macOS compatibility
931,OBS Studio,MacOS,missing dll,Missing system libraries or frameworks,Install Xcode Command Line Tools: xcode-select --install || Update macOS to latest version || Reinstall application || Check Console.app for specific library errors
932,OBS Studio,MacOS,permission denied,Insufficient permissions or security settings,Check System Preferences > Security & Privacy || Grant permissions when prompted || Run with sudo if needed || Check disk permissions || Install to Applications folder
933,OBS Studio,MacOS,license error,Invalid or expired license key,Verify license key in account || Sign out and sign back in || Clear application cache files || Contact software support || Check subscription status
934,OBS Studio,MacOS,network error,Proxy or firewall blocking connection,Check internet connection || Configure proxy settings in System Preferences || Disable firewall temporarily || Check corporate network restrictions || Use offline installer
935,OBS Studio,MacOS,update failed,Update server unreachable or connection issues,Check internet connection || Disable firewall temporarily || Run updater with admin rights || Manually download update || Check network settings
936,OBS Studio,MacOS,connection error,Cannot connect to server or service,Check internet connection || Verify server is online || Check firewall and proxy settings || Restart network service || Contact support if server issue
937,Steam,Windows 11,app is closing,Memory issues or corrupted preferences,Close other applications to free memory || Reset application preferences || Update graphics drivers || Check for Windows updates || Reinstall application if issue persists
938,Steam,Windows 11,installation failed,Insufficient disk space or corrupted installer,Free up disk space (at least 10GB free) || Disable antivirus temporarily || Run installer as administrator || Check Windows compatibility || Download fresh installer
939,Steam,Windows 11,missing dll,Missing Visual C++ redistributables or system files,Download and install Visual C++ Redistributable 2019 || Install all Windows updates || Run System File Checker (sfc /scannow) || Reinstall application || Check Windows Event Viewer for specific DLL
940,Steam,Windows 11,permission denied,User account lacks administrator rights,Right-click installer and select Run as administrator || Add user to Administrators group || Disable User Account Control temporarily || Check folder permissions || Install to different location
941,Steam,Windows 11,license error,Invalid or expired license key,Verify license key in account || Sign out and sign back in || Clear application cache files || Contact software support || Check subscription status
942,Steam,Windows 11,network error,Proxy or firewall blocking connection,Check internet connection || Configure proxy settings || Disable firewall temporarily || Check corporate network restrictions || Use offline installer
943,Steam,Windows 11,update failed,Update server unreachable or connection issues,Check internet connection || Disable antivirus temporarily || Run updater as administrator || Manually download update || Check firewall settings
944,Steam,Windows 11,connection error,Cannot connect to server or service,Check internet connection || Verify server is online || Check firewall and proxy settings || Restart network adapter || Contact support if server issue
945,Steam,Windows 10,app is closing,Memory issues or corrupted preferences,Close other applications to free memory || Reset application preferences || Update graphics drivers || Check for Windows updates || Reinstall application if issue persists
946,Steam,Windows 10,installation failed,Insufficient disk space or corrupted installer,Free up disk space (at least 10GB free) || Disable antivirus temporarily || Run installer as administrator || Check Windows compatibility || Download fresh installer
947,Steam,Windows 10,missing dll,Missing Visual C++ redistributables or system files,Download and install Visual C++ Redistributable 2019 || Install all Windows updates || Run System File Checker (sfc /scannow) || Reinstall application || Check Windows Event Viewer for specific DLL
948,Steam,Windows 10,permission denied,User account lacks administrator rights,Right-click installer and select Run as administrator || Add user to Administrators group || Disable User Account Control temporarily || Check folder permissions || Install to different location
949,Steam,Windows 10,license error,Invalid or expired license key,Verify license key in account || Sign out and sign back in || Clear application cache files || Contact software support || Check subscription status
950,Steam,Windows 10,network error,Proxy or firewall blocking connection,Check internet connection || Configure proxy settings || Disable firewall temporarily || Check corporate network restrictions || Use offline installer
951,Steam,Windows 10,update failed,Update server unreachable or connection issues,Check internet connection || Disable antivirus temporarily || Run updater as administrator || Manually download update || Check firewall settings
952,Steam,Windows 10,connection error,Cannot connect to server or service,Check internet connection || Verify server is online || Check firewall and proxy settings || Restart network adapter || Contact support if server issue
953,Steam,MacOS,app is closing,Memory pressure or corrupted preferences,Free up RAM by closing other apps || Reset application preferences || Update macOS to latest version || Check Activity Monitor for memory issues || Reinstall application
954,Steam,MacOS,installation failed,Insufficient disk space or permissions,Free up disk space (at least 15GB) || Check disk permissions || Run Disk Utility first aid || Download fresh installer || Check macOS compatibility
955,Steam,MacOS,missing dll,Missing system libraries or frameworks,Install Xcode Command Line Tools: xcode-select --install || Update macOS to latest version || Reinstall application || Check Console.app for specific library errors
956,Steam,MacOS,permission denied,Insufficient permissions or security settings,Check System Preferences > Security & Privacy || Grant permissions when prompted || Run with sudo if needed || Check disk permissions || Install to Applications folder
957,Steam,MacOS,license error,Invalid or expired license key,Verify license key in account || Sign out and sign back in || Clear application cache files || Contact software support || Check subscription status
958,Steam,MacOS,network error,Proxy or firewall blocking connection,Check internet connection || Configure proxy settings in System Preferences || Disable firewall temporarily || Check corporate network restrictions || Use offline installer
959,Steam,MacOS,update failed,Update server unreachable or connection issues,Check internet connection || Disable firewall temporarily || Run updater with admin rights || Manually download update || Check network settings
960,Steam,MacOS,connection error,Cannot connect to server or service,Check internet connection || Verify server is online || Check firewall and proxy settings || Restart network service || Contact support if server issue
961,Epic Games Launcher,Windows 11,app is closing,Memory issues or corrupted preferences,Close other applications to free memory || Reset application preferences || Update graphics drivers || Check for Windows updates || Reinstall application if issue persists
962,Epic Games Launcher,Windows 11,installation failed,Insufficient disk space or corrupted installer,Free up disk space (at least 10GB free) || Disable antivirus temporarily || Run installer as administrator || Check Windows compatibility || Download fresh installer
963,Epic Games Launcher,Windows 11,missing dll,Missing Visual C++ redistributables or system files,Download and install Visual C++ Redistributable 2019 || Install all Windows updates || Run System File Checker (sfc /scannow) || Reinstall application || Check Windows Event Viewer for specific DLL
964,Epic Games Launcher,Windows 11,permission denied,User account lacks administrator rights,Right-click installer and select Run as administrator || Add user to Administrators group || Disable User Account Control temporarily || Check folder permissions || Install to different location
965,Epic Games Launcher,Windows 11,license error,Invalid or expired license key,Verify license key in account || Sign out and sign back in || Clear application cache files || Contact software support || Check subscription status
966,Epic Games Launcher,Windows 11,network error,Proxy or firewall blocking connection,Check internet connection || Configure proxy settings || Disable firewall temporarily || Check corporate network restrictions || Use offline installer
967,Epic Games Launcher,Windows 11,update failed,Update server unreachable or connection issues,Check internet connection || Disable antivirus temporarily || Run updater as administrator || Manually download update || Check firewall settings
968,Epic Games Launcher,Windows 11,connection error,Cannot connect to server or service,Check internet connection || Verify server is online || Check firewall and proxy settings || Restart network adapter || Contact support if server issue
969,Epic Games Launcher,Windows 10,app is closing,Memory issues or corrupted preferences,Close other applications to free memory || Reset application preferences || Update graphics drivers || Check for Windows updates || Reinstall application if issue persists
970,Epic Games Launcher,Windows 10,installation failed,Insufficient disk space or corrupted installer,Free up disk space (at least 10GB free) || Disable antivirus temporarily || Run installer as administrator || Check Windows compatibility || Download fresh installer
971,Epic Games Launcher,Windows 10,missing dll,Missing Visual C++ redistributables or system files,Download and install Visual C++ Redistributable 2019 || Install all Windows updates || Run System File Checker (sfc /scannow) || Reinstall application || Check Windows Event Viewer for specific DLL
972,Epic Games Launcher,Windows 10,permission denied,User account lacks administrator rights,Right-click installer and select Run as administrator || Add user to Administrators group || Disable User Account Control temporarily || Check folder permissions || Install to different location
973,Epic Games Launcher,Windows 10,license error,Invalid or expired license key,Verify license key in account || Sign out and sign back in || Clear application cache files || Contact software support || Check subscription status
974,Epic Games Launcher,Windows 10,network error,Proxy or firewall blocking connection,Check internet connection || Configure proxy settings || Disable firewall temporarily || Check corporate network restrictions || Use offline installer
975,Epic Games Launcher,Windows 10,update failed,Update server unreachable or connection issues,Check internet connection || Disable antivirus temporarily || Run updater as administrator || Manually download update || Check firewall settings
976,Epic Games Launcher,Windows 10,connection error,Cannot connect to server or service,Check internet connection || Verify server is online || Check firewall and proxy settings || Restart network adapter || Contact support if server issue
977,Epic Games Launcher,MacOS,app is closing,Memory pressure or corrupted preferences,Free up RAM by closing other apps || Reset application preferences || Update macOS to latest version || Check Activity Monitor for memory issues || Reinstall application
978,Epic Games Launcher,MacOS,installation failed,Insufficient disk space or permissions,Free up disk space (at least 15GB) || Check disk permissions || Run Disk Utility first aid || Download fresh installer || Check macOS compatibility
979,Epic Games Launcher,MacOS,missing dll,Missing system libraries or frameworks,Install Xcode Command Line Tools: xcode-select --install || Update macOS to latest version || Reinstall application || Check Console.app for specific library errors
980,Epic Games Launcher,MacOS,permission denied,Insufficient permissions or security settings,Check System Preferences > Security & Privacy || Grant permissions when prompted || Run with sudo if needed || Check disk permissions || Install to Applications folder
981,Epic Games Launcher,MacOS,license error,Invalid or expired license key,Verify license key in account || Sign out and sign back in || Clear application cache files || Contact software support || Check subscription status
982,Epic Games Launcher,MacOS,network error,Proxy or firewall blocking connection,Check internet connection || Configure proxy settings in System Preferences || Disable firewall temporarily || Check corporate network restrictions || Use offline installer
983,Epic Games Launcher,MacOS,update failed,Update server unreachable or connection issues,Check internet connection || Disable firewall temporarily || Run updater with admin rights || Manually download update || Check network settings
984,Epic Games Launcher,MacOS,connection error,Cannot connect to server or service,Check internet connection || Verify server is online || Check firewall and proxy settings || Restart network service || Contact support if server issue
985,Adobe After Effects,Windows 11,app is closing,Memory issues or corrupted preferences,Close other applications to free memory || Reset application preferences || Update graphics drivers || Check for Windows updates || Reinstall application if issue persists
986,Adobe After Effects,Windows 11,installation failed,Insufficient disk space or corrupted installer,Free up disk space (at least 10GB free) || Disable antivirus temporarily || Run installer as administrator || Check Windows compatibility || Download fresh installer
987,Adobe After Effects,Windows 11,missing dll,Missing Visual C++ redistributables or system files,Download and install Visual C++ Redistributable 2019 || Install all Windows updates || Run System File Checker (sfc /scannow) || Reinstall application || Check Windows Event Viewer for specific DLL
988,Adobe After Effects,Windows 11,permission denied,User account lacks administrator rights,Right-click installer and select Run as administrator || Add user to Administrators group || Disable User Account Control temporarily || Check folder permissions || Install to different location
989,Adobe After Effects,Windows 11,license error,Invalid or expired license key,Verify license key in account || Sign out and sign back in || Clear application cache files || Contact software support || Check subscription status
990,Adobe After Effects,Windows 11,network error,Proxy or firewall blocking connection,Check internet connection || Configure proxy settings || Disable firewall temporarily || Check corporate network restrictions || Use offline installer
991,Adobe After Effects,Windows 11,update failed,Update server unreachable or connection issues,Check internet connection || Disable antivirus temporarily || Run updater as administrator || Manually download update || Check firewall settings
992,Adobe After Effects,Windows 11,connection error,Cannot connect to server or service,Check internet connection || Verify server is online || Check firewall and proxy settings || Restart network adapter || Contact support if server issue
993,Adobe After Effects,Windows 10,app is closing,Memory issues or corrupted preferences,Close other applications to free memory || Reset application preferences || Update graphics drivers || Check for Windows updates || Reinstall application if issue persists
994,Adobe After Effects,Windows 10,installation failed,Insufficient disk space or corrupted installer,Free up disk space (at least 10GB free) || Disable antivirus temporarily || Run installer as administrator || Check Windows compatibility || Download fresh installer
995,Adobe After Effects,Windows 10,missing dll,Missing Visual C++ redistributables or system files,Download and install Visual C++ Redistributable 2019 || Install all Windows updates || Run System File Checker (sfc /scannow) || Reinstall application || Check Windows Event Viewer for specific DLL
996,Adobe After Effects,Windows 10,permission denied,User account lacks administrator rights,Right-click installer and select Run as administrator || Add user to Administrators group || Disable User Account Control temporarily || Check folder permissions || Install to different location
997,Adobe After Effects,Windows 10,license error,Invalid or expired license key,Verify license key in account || Sign out and sign back in || Clear application cache files || Contact software support || Check subscription status
998,Adobe After Effects,Windows 10,network error,Proxy or firewall blocking connection,Check internet connection || Configure proxy settings || Disable firewall temporarily || Check corporate network restrictions || Use offline installer
999,Adobe After Effects,Windows 10,update failed,Update server unreachable or connection issues,Check internet connection || Disable antivirus temporarily || Run updater as administrator || Manually download update || Check firewall settings
1000,Adobe After Effects,Windows 10,connection error,Cannot connect to server or service,Check internet connection || Verify server is online || Check firewall and proxy settings || Restart network adapter || Contact support if server issue
1001,Adobe After Effects,MacOS,app is closing,Memory pressure or corrupted preferences,Free up RAM by closing other apps || Reset application preferences || Update macOS to latest version || Check Activity Monitor for memory issues || Reinstall application
1002,Adobe After Effects,MacOS,installation failed,Insufficient disk space or permissions,Free up disk space (at least 15GB) || Check disk permissions || Run Disk Utility first aid || Download fresh installer || Check macOS compatibility
1003,Adobe After Effects,MacOS,missing dll,Missing system libraries or frameworks,Install Xcode Command Line Tools: xcode-select --install || Update macOS to latest version || Reinstall application || Check Console.app for specific library errors
1004,Adobe After Effects,MacOS,permission denied,Insufficient permissions or security settings,Check System Preferences > Security & Privacy || Grant permissions when prompted || Run with sudo if needed || Check disk permissions || Install to Applications folder
1005,Adobe After Effects,MacOS,license error,Invalid or expired license key,Verify license key in account || Sign out and sign back in || Clear application cache files || Contact software support || Check subscription status
1006,Adobe After Effects,MacOS,network error,Proxy or firewall blocking connection,Check internet connection || Configure proxy settings in System Preferences || Disable firewall temporarily || Check corporate network restrictions || Use offline installer
1007,Adobe After Effects,MacOS,update failed,Update server unreachable or connection issues,Check internet connection || Disable firewall temporarily || Run updater with admin rights || Manually download update || Check network settings
1008,Adobe After Effects,MacOS,connection error,Cannot connect to server or service,Check internet connection || Verify server is online || Check firewall and proxy settings || Restart network service || Contact support if server issue
1009,Blender,Windows 11,app is closing,Memory issues or corrupted preferences,Close other applications to free memory || Reset application preferences || Update graphics drivers || Check for Windows updates || Reinstall application if issue persists
1010,Blender,Windows 11,installation failed,Insufficient disk space or corrupted installer,Free up disk space (at least 10GB free) || Disable antivirus temporarily || Run installer as administrator || Check Windows compatibility || Download fresh installer
1011,Blender,Windows 11,missing dll,Missing Visual C++ redistributables or system files,Download and install Visual C++ Redistributable 2019 || Install all Windows updates || Run System File Checker (sfc /scannow) || Reinstall application || Check Windows Event Viewer for specific DLL
1012,Blender,Windows 11,permission denied,User account lacks administrator rights,Right-click installer and select Run as administrator || Add user to Administrators group || Disable User Account Control temporarily || Check folder permissions || Install to different location
1013,Blender,Windows 11,license error,Invalid or expired license key,Verify license key in account || Sign out and sign back in || Clear application cache files || Contact software support || Check subscription status
1014,Blender,Windows 11,network error,Proxy or firewall blocking connection,Check internet connection || Configure proxy settings || Disable firewall temporarily || Check corporate network restrictions || Use offline installer
1015,Blender,Windows 11,update failed,Update server unreachable or connection issues,Check internet connection || Disable antivirus temporarily || Run updater as administrator || Manually download update || Check firewall settings
1016,Blender,Windows 11,connection error,Cannot connect to server or service,Check internet connection || Verify server is online || Check firewall and proxy settings || Restart network adapter || Contact support if server issue
1017,Blender,Windows 10,app is closing,Memory issues or corrupted preferences,Close other applications to free memory || Reset application preferences || Update graphics drivers || Check for Windows updates || Reinstall application if issue persists
1018,Blender,Windows 10,installation failed,Insufficient disk space or corrupted installer,Free up disk space (at least 10GB free) || Disable antivirus temporarily || Run installer as administrator || Check Windows compatibility || Download fresh installer
1019,Blender,Windows 10,missing dll,Missing Visual C++ redistributables or system files,Download and install Visual C++ Redistributable 2019 || Install all Windows updates || Run System File Checker (sfc /scannow) || Reinstall application || Check Windows Event Viewer for specific DLL
1020,Blender,Windows 10,permission denied,User account lacks administrator rights,Right-click installer and select Run as administrator || Add user to Administrators group || Disable User Account Control temporarily || Check folder permissions || Install to different location
1021,Blender,Windows 10,license error,Invalid or expired license key,Verify license key in account || Sign out and sign back in || Clear application cache files || Contact software support || Check subscription status
1022,Blender,Windows 10,network error,Proxy or firewall blocking connection,Check internet connection || Configure proxy settings || Disable firewall temporarily || Check corporate network restrictions || Use offline installer
1023,Blender,Windows 10,update failed,Update server unreachable or connection issues,Check internet connection || Disable antivirus temporarily || Run updater as administrator || Manually download update || Check firewall settings
1024,Blender,Windows 10,connection error,Cannot connect to server or service,Check internet connection || Verify server is online || Check firewall and proxy settings || Restart network adapter || Contact support if server issue
1025,Blender,MacOS,app is closing,Memory pressure or corrupted preferences,Free up RAM by closing other apps || Reset application preferences || Update macOS to latest version || Check Activity Monitor for memory issues || Reinstall application
1026,Blender,MacOS,installation failed,Insufficient disk space or permissions,Free up disk space (at least 15GB) || Check disk permissions || Run Disk Utility first aid || Download fresh installer || Check macOS compatibility
1027,Blender,MacOS,missing dll,Missing system libraries or frameworks,Install Xcode Command Line Tools: xcode-select --install || Update macOS to latest version || Reinstall application || Check Console.app for specific library errors
1028,Blender,MacOS,permission denied,Insufficient permissions or security settings,Check System Preferences > Security & Privacy || Grant permissions when prompted || Run with sudo if needed || Check disk permissions || Install to Applications folder
1029,Blender,MacOS,license error,Invalid or expired license key,Verify license key in account || Sign out and sign back in || Clear application cache files || Contact software support || Check subscription status
1030,Blender,MacOS,network error,Proxy or firewall blocking connection,Check internet connection || Configure proxy settings in System Preferences || Disable firewall temporarily || Check corporate network restrictions || Use offline installer
1031,Blender,MacOS,update failed,Update server unreachable or connection issues,Check internet connection || Disable firewall temporarily || Run updater with admin rights || Manually download update || Check network settings
1032,Blender,MacOS,connection error,Cannot connect to server or service,Check internet connection || Verify server is online || Check firewall and proxy settings || Restart network service || Contact support if server issue
1033,Unity,Windows 11,app is closing,Memory issues or corrupted preferences,Close other applications to free memory || Reset application preferences || Update graphics drivers || Check for Windows updates || Reinstall application if issue persists
1034,Unity,Windows 11,installation failed,Insufficient disk space or corrupted installer,Free up disk space (at least 10GB free) || Disable antivirus temporarily || Run installer as administrator || Check Windows compatibility || Download fresh installer
1035,Unity,Windows 11,missing dll,Missing Visual C++ redistributables or system files,Download and install Visual C++ Redistributable 2019 || Install all Windows updates || Run System File Checker (sfc /scannow) || Reinstall application || Check Windows Event Viewer for specific DLL
1036,Unity,Windows 11,permission denied,User account lacks administrator rights,Right-click installer and select Run as administrator || Add user to Administrators group || Disable User Account Control temporarily || Check folder permissions || Install to different location
1037,Unity,Windows 11,license error,Invalid or expired license key,Verify license key in account || Sign out and sign back in || Clear application cache files || Contact software support || Check subscription status
1038,Unity,Windows 11,network error,Proxy or firewall blocking connection,Check internet connection || Configure proxy settings || Disable firewall temporarily || Check corporate network restrictions || Use offline installer
1039,Unity,Windows 11,update failed,Update server unreachable or connection issues,Check internet connection || Disable antivirus temporarily || Run updater as administrator || Manually download update || Check firewall settings
1040,Unity,Windows 11,connection error,Cannot connect to server or service,Check internet connection || Verify server is online || Check firewall and proxy settings || Restart network adapter || Contact support if server issue
1041,Unity,Windows 10,app is closing,Memory issues or corrupted preferences,Close other applications to free memory || Reset application preferences || Update graphics drivers || Check for Windows updates || Reinstall application if issue persists
1042,Unity,Windows 10,installation failed,Insufficient disk space or corrupted installer,Free up disk space (at least 10GB free) || Disable antivirus temporarily || Run installer as administrator || Check Windows compatibility || Download fresh installer
1043,Unity,Windows 10,missing dll,Missing Visual C++ redistributables or system files,Download and install Visual C++ Redistributable 2019 || Install all Windows updates || Run System File Checker (sfc /scannow) || Reinstall application || Check Windows Event Viewer for specific DLL
1044,Unity,Windows 10,permission denied,User account lacks administrator rights,Right-click installer and select Run as administrator || Add user to Administrators group || Disable User Account Control temporarily || Check folder permissions || Install to different location
1045,Unity,Windows 10,license error,Invalid or expired license key,Verify license key in account || Sign out and sign back in || Clear application cache files || Contact software support || Check subscription status
1046,Unity,Windows 10,network error,Proxy or firewall blocking connection,Check internet connection || Configure proxy settings || Disable firewall temporarily || Check corporate network restrictions || Use offline installer
1047,Unity,Windows 10,update failed,Update server unreachable or connection issues,Check internet connection || Disable antivirus temporarily || Run updater as administrator || Manually download update || Check firewall settings
1048,Unity,Windows 10,connection error,Cannot connect to server or service,Check internet connection || Verify server is online || Check firewall and proxy settings || Restart network adapter || Contact support if server issue
1049,Unity,MacOS,app is closing,Memory pressure or corrupted preferences,Free up RAM by closing other apps || Reset application preferences || Update macOS to latest version || Check Activity Monitor for memory issues || Reinstall application
1050,Unity,MacOS,installation failed,Insufficient disk space or permissions,Free up disk space (at least 15GB) || Check disk permissions || Run Disk Utility first aid || Download fresh installer || Check macOS compatibility
1051,Unity,MacOS,missing dll,Missing system libraries or frameworks,Install Xcode Command Line Tools: xcode-select --install || Update macOS to latest version || Reinstall application || Check Console.app for specific library errors
1052,Unity,MacOS,permission denied,Insufficient permissions or security settings,Check System Preferences > Security & Privacy || Grant permissions when prompted || Run with sudo if needed || Check disk permissions || Install to Applications folder
1053,Unity,MacOS,license error,Invalid or expired license key,Verify license key in account || Sign out and sign back in || Clear application cache files || Contact software support || Check subscription status
1054,Unity,MacOS,network error,Proxy or firewall blocking connection,Check internet connection || Configure proxy settings in System Preferences || Disable firewall temporarily || Check corporate network restrictions || Use offline installer
1055,Unity,MacOS,update failed,Update server unreachable or connection issues,Check internet connection || Disable firewall temporarily || Run updater with admin rights || Manually download update || Check network settings
1056,Unity,MacOS,connection error,Cannot connect to server or service,Check internet connection || Verify server is online || Check firewall and proxy settings || Restart network service || Contact support if server issue
1057,AutoCAD,Windows 11,app is closing,Memory issues or corrupted preferences,Close other applications to free memory || Reset application preferences || Update graphics drivers || Check for Windows updates || Reinstall application if issue persists
1058,AutoCAD,Windows 11,installation failed,Insufficient disk space or corrupted installer,Free up disk space (at least 10GB free) || Disable antivirus temporarily || Run installer as administrator || Check Windows compatibility || Download fresh installer
1059,AutoCAD,Windows 11,missing dll,Missing Visual C++ redistributables or system files,Download and install Visual C++ Redistributable 2019 || Install all Windows updates || Run System File Checker (sfc /scannow) || Reinstall application || Check Windows Event Viewer for specific DLL
1060,AutoCAD,Windows 11,permission denied,User account lacks administrator rights,Right-click installer and select Run as administrator || Add user to Administrators group || Disable User Account Control temporarily || Check folder permissions || Install to different location
1061,AutoCAD,Windows 11,license error,Invalid or expired license key,Verify license key in account || Sign out and sign back in || Clear application cache files || Contact software support || Check subscription status
1062,AutoCAD,Windows 11,network error,Proxy or firewall blocking connection,Check internet connection || Configure proxy settings || Disable firewall temporarily || Check corporate network restrictions || Use offline installer
1063,AutoCAD,Windows 11,update failed,Update server unreachable or connection issues,Check internet connection || Disable antivirus temporarily || Run updater as administrator || Manually download update || Check firewall settings
1064,AutoCAD,Windows 11,connection error,Cannot connect to server or service,Check internet connection || Verify server is online || Check firewall and proxy settings || Restart network adapter || Contact support if server issue
1065,AutoCAD,Windows 10,app is closing,Memory issues or corrupted preferences,Close other applications to free memory || Reset application preferences || Update graphics drivers || Check for Windows updates || Reinstall application if issue persists
1066,AutoCAD,Windows 10,installation failed,Insufficient disk space or corrupted installer,Free up disk space (at least 10GB free) || Disable antivirus temporarily || Run installer as administrator || Check Windows compatibility || Download fresh installer
1067,AutoCAD,Windows 10,missing dll,Missing Visual C++ redistributables or system files,Download and install Visual C++ Redistributable 2019 || Install all Windows updates || Run System File Checker (sfc /scannow) || Reinstall application || Check Windows Event Viewer for specific DLL
1068,AutoCAD,Windows 10,permission denied,User account lacks administrator rights,Right-click installer and select Run as administrator || Add user to Administrators group || Disable User Account Control temporarily || Check folder permissions || Install to different location
1069,AutoCAD,Windows 10,license error,Invalid or expired license key,Verify license key in account || Sign out and sign back in || Clear application cache files || Contact software support || Check subscription status
1070,AutoCAD,Windows 10,network error,Proxy or firewall blocking connection,Check internet connection || Configure proxy settings || Disable firewall temporarily || Check corporate network restrictions || Use offline installer
1071,AutoCAD,Windows 10,update failed,Update server unreachable or connection issues,Check internet connection || Disable antivirus temporarily || Run updater as administrator || Manually download update || Check firewall settings
1072,AutoCAD,Windows 10,connection error,Cannot connect to server or service,Check internet connection || Verify server is online || Check firewall and proxy settings || Restart network adapter || Contact support if server issue
1073,AutoCAD,MacOS,app is closing,Memory pressure or corrupted preferences,Free up RAM by closing other apps || Reset application preferences || Update macOS to latest version || Check Activity Monitor for memory issues || Reinstall application
1074,AutoCAD,MacOS,installation failed,Insufficient disk space or permissions,Free up disk space (at least 15GB) || Check disk permissions || Run Disk Utility first aid || Download fresh installer || Check macOS compatibility
1075,AutoCAD,MacOS,missing dll,Missing system libraries or frameworks,Install Xcode Command Line Tools: xcode-select --install || Update macOS to latest version || Reinstall application || Check Console.app for specific library errors
1076,AutoCAD,MacOS,permission denied,Insufficient permissions or security settings,Check System Preferences > Security & Privacy || Grant permissions when prompted || Run with sudo if needed || Check disk permissions || Install to Applications folder
1077,AutoCAD,MacOS,license error,Invalid or expired license key,Verify license key in account || Sign out and sign back in || Clear application cache files || Contact software support || Check subscription status
1078,AutoCAD,MacOS,network error,Proxy or firewall blocking connection,Check internet connection || Configure proxy settings in System Preferences || Disable firewall temporarily || Check corporate network restrictions || Use offline installer
1079,AutoCAD,MacOS,update failed,Update server unreachable or connection issues,Check internet connection || Disable firewall temporarily || Run updater with admin rights || Manually download update || Check network settings
1080,AutoCAD,MacOS,connection error,Cannot connect to server or service,Check internet connection || Verify server is online || Check firewall and proxy settings || Restart network service || Contact support if server issue
1081,SolidWorks,Windows 11,app is closing,Memory issues or corrupted preferences,Close other applications to free memory || Reset application preferences || Update graphics drivers || Check for Windows updates || Reinstall application if issue persists
1082,SolidWorks,Windows 11,installation failed,Insufficient disk space or corrupted installer,Free up disk space (at least 10GB free) || Disable antivirus temporarily || Run installer as administrator || Check Windows compatibility || Download fresh installer
1083,SolidWorks,Windows 11,missing dll,Missing Visual C++ redistributables or system files,Download and install Visual C++ Redistributable 2019 || Install all Windows updates || Run System File Checker (sfc /scannow) || Reinstall application || Check Windows Event Viewer for specific DLL
1084,SolidWorks,Windows 11,permission denied,User account lacks administrator rights,Right-click installer and select Run as administrator || Add user to Administrators group || Disable User Account Control temporarily || Check folder permissions || Install to different location
1085,SolidWorks,Windows 11,license error,Invalid or expired license key,Verify license key in account || Sign out and sign back in || Clear application cache files || Contact software support || Check subscription status
1086,SolidWorks,Windows 11,network error,Proxy or firewall blocking connection,Check internet connection || Configure proxy settings || Disable firewall temporarily || Check corporate network restrictions || Use offline installer
1087,SolidWorks,Windows 11,update failed,Update server unreachable or connection issues,Check internet connection || Disable antivirus temporarily || Run updater as administrator || Manually download update || Check firewall settings
1088,SolidWorks,Windows 11,connection error,Cannot connect to server or service,Check internet connection || Verify server is online || Check firewall and proxy settings || Restart network adapter || Contact support if server issue
1089,SolidWorks,Windows 10,app is closing,Memory issues or corrupted preferences,Close other applications to free memory || Reset application preferences || Update graphics drivers || Check for Windows updates || Reinstall application if issue persists
1090,SolidWorks,Windows 10,installation failed,Insufficient disk space or corrupted installer,Free up disk space (at least 10GB free) || Disable antivirus temporarily || Run installer as administrator || Check Windows compatibility || Download fresh installer
1091,SolidWorks,Windows 10,missing dll,Missing Visual C++ redistributables or system files,Download and install Visual C++ Redistributable 2019 || Install all Windows updates || Run System File Checker (sfc /scannow) || Reinstall application || Check Windows Event Viewer for specific DLL
1092,SolidWorks,Windows 10,permission denied,User account lacks administrator rights,Right-click installer and select Run as administrator || Add user to Administrators group || Disable User Account Control temporarily || Check folder permissions || Install to different location
1093,SolidWorks,Windows 10,license error,Invalid or expired license key,Verify license key in account || Sign out and sign back in || Clear application cache files || Contact software support || Check subscription status
1094,SolidWorks,Windows 10,network error,Proxy or firewall blocking connection,Check internet connection || Configure proxy settings || Disable firewall temporarily || Check corporate network restrictions || Use offline installer
1095,SolidWorks,Windows 10,update failed,Update server unreachable or connection issues,Check internet connection || Disable antivirus temporarily || Run updater as administrator || Manually download update || Check firewall settings
1096,SolidWorks,Windows 10,connection error,Cannot connect to server or service,Check internet connection || Verify server is online || Check firewall and proxy settings || Restart network adapter || Contact support if server issue
1097,SolidWorks,MacOS,app is closing,Memory pressure or corrupted preferences,Free up RAM by closing other apps || Reset application preferences || Update macOS to latest version || Check Activity Monitor for memory issues || Reinstall application
1098,SolidWorks,MacOS,installation failed,Insufficient disk space or permissions,Free up disk space (at least 15GB) || Check disk permissions || Run Disk Utility first aid || Download fresh installer || Check macOS compatibility
1099,SolidWorks,MacOS,missing dll,Missing system libraries or frameworks,Install Xcode Command Line Tools: xcode-select --install || Update macOS to latest version || Reinstall application || Check Console.app for specific library errors
1100,SolidWorks,MacOS,permission denied,Insufficient permissions or security settings,Check System Preferences > Security & Privacy || Grant permissions when prompted || Run with sudo if needed || Check disk permissions || Install to Applications folder
1101,SolidWorks,MacOS,license error,Invalid or expired license key,Verify license key in account || Sign out and sign back in || Clear application cache files || Contact software support || Check subscription status
1102,SolidWorks,MacOS,network error,Proxy or firewall blocking connection,Check internet connection || Configure proxy settings in System Preferences || Disable firewall temporarily || Check corporate network restrictions || Use offline installer
1103,SolidWorks,MacOS,update failed,Update server unreachable or connection issues,Check internet connection || Disable firewall temporarily || Run updater with admin rights || Manually download update || Check network settings
1104,SolidWorks,MacOS,connection error,Cannot connect to server or service,Check internet connection || Verify server is online || Check firewall and proxy settings || Restart network service || Contact support if server issue
1105,MATLAB,Windows 11,app is closing,Memory issues or corrupted preferences,Close other applications to free memory || Reset application preferences || Update graphics drivers || Check for Windows updates || Reinstall application if issue persists
1106,MATLAB,Windows 11,installation failed,Insufficient disk space or corrupted installer,Free up disk space (at least 10GB free) || Disable antivirus temporarily || Run installer as administrator || Check Windows compatibility || Download fresh installer
1107,MATLAB,Windows 11,missing dll,Missing Visual C++ redistributables or system files,Download and install Visual C++ Redistributable 2019 || Install all Windows updates || Run System File Checker (sfc /scannow) || Reinstall application || Check Windows Event Viewer for specific DLL
1108,MATLAB,Windows 11,permission denied,User account lacks administrator rights,Right-click installer and select Run as administrator || Add user to Administrators group || Disable User Account Control temporarily || Check folder permissions || Install to different location
1109,MATLAB,Windows 11,license error,Invalid or expired license key,Verify license key in account || Sign out and sign back in || Clear application cache files || Contact software support || Check subscription status
1110,MATLAB,Windows 11,network error,Proxy or firewall blocking connection,Check internet connection || Configure proxy settings || Disable firewall temporarily || Check corporate network restrictions || Use offline installer
1111,MATLAB,Windows 11,update failed,Update server unreachable or connection issues,Check internet connection || Disable antivirus temporarily || Run updater as administrator || Manually download update || Check firewall settings
1112,MATLAB,Windows 11,connection error,Cannot connect to server or service,Check internet connection || Verify server is online || Check firewall and proxy settings || Restart network adapter || Contact support if server issue
1113,MATLAB,Windows 10,app is closing,Memory issues or corrupted preferences,Close other applications to free memory || Reset application preferences || Update graphics drivers || Check for Windows updates || Reinstall application if issue persists
1114,MATLAB,Windows 10,installation failed,Insufficient disk space or corrupted installer,Free up disk space (at least 10GB free) || Disable antivirus temporarily || Run installer as administrator || Check Windows compatibility || Download fresh installer
1115,MATLAB,Windows 10,missing dll,Missing Visual C++ redistributables or system files,Download and install Visual C++ Redistributable 2019 || Install all Windows updates || Run System File Checker (sfc /scannow) || Reinstall application || Check Windows Event Viewer for specific DLL
1116,MATLAB,Windows 10,permission denied,User account lacks administrator rights,Right-click installer and select Run as administrator || Add user to Administrators group || Disable User Account Control temporarily || Check folder permissions || Install to different location
1117,MATLAB,Windows 10,license error,Invalid or expired license key,Verify license key in account || Sign out and sign back in || Clear application cache files || Contact software support || Check subscription status
1118,MATLAB,Windows 10,network error,Proxy or firewall blocking connection,Check internet connection || Configure proxy settings || Disable firewall temporarily || Check corporate network restrictions || Use offline installer
1119,MATLAB,Windows 10,update failed,Update server unreachable or connection issues,Check internet connection || Disable antivirus temporarily || Run updater as administrator || Manually download update || Check firewall settings
1120,MATLAB,Windows 10,connection error,Cannot connect to server or service,Check internet connection || Verify server is online || Check firewall and proxy settings || Restart network adapter || Contact support if server issue
1121,MATLAB,MacOS,app is closing,Memory pressure or corrupted preferences,Free up RAM by closing other apps || Reset application preferences || Update macOS to latest version || Check Activity Monitor for memory issues || Reinstall application
1122,MATLAB,MacOS,installation failed,Insufficient disk space or permissions,Free up disk space (at least 15GB) || Check disk permissions || Run Disk Utility first aid || Download fresh installer || Check macOS compatibility
1123,MATLAB,MacOS,missing dll,Missing system libraries or frameworks,Install Xcode Command Line Tools: xcode-select --install || Update macOS to latest version || Reinstall application || Check Console.app for specific library errors
1124,MATLAB,MacOS,permission denied,Insufficient permissions or security settings,Check System Preferences > Security & Privacy || Grant permissions when prompted || Run with sudo if needed || Check disk permissions || Install to Applications folder
1125,MATLAB,MacOS,license error,Invalid or expired license key,Verify license key in account || Sign out and sign back in || Clear application cache files || Contact software support || Check subscription status
1126,MATLAB,MacOS,network error,Proxy or firewall blocking connection,Check internet connection || Configure proxy settings in System Preferences || Disable firewall temporarily || Check corporate network restrictions || Use offline installer
1127,MATLAB,MacOS,update failed,Update server unreachable or connection issues,Check internet connection || Disable firewall temporarily || Run updater with admin rights || Manually download update || Check network settings
1128,MATLAB,MacOS,connection error,Cannot connect to server or service,Check internet connection || Verify server is online || Check firewall and proxy settings || Restart network service || Contact support if server issue
1129,Tableau,Windows 11,app is closing,Memory issues or corrupted preferences,Close other applications to free memory || Reset application preferences || Update graphics drivers || Check for Windows updates || Reinstall application if issue persists
1130,Tableau,Windows 11,installation failed,Insufficient disk space or corrupted installer,Free up disk space (at least 10GB free) || Disable antivirus temporarily || Run installer as administrator || Check Windows compatibility || Download fresh installer
1131,Tableau,Windows 11,missing dll,Missing Visual C++ redistributables or system files,Download and install Visual C++ Redistributable 2019 || Install all Windows updates || Run System File Checker (sfc /scannow) || Reinstall application || Check Windows Event Viewer for specific DLL
1132,Tableau,Windows 11,permission denied,User account lacks administrator rights,Right-click installer and select Run as administrator || Add user to Administrators group || Disable User Account Control temporarily || Check folder permissions || Install to different location
1133,Tableau,Windows 11,license error,Invalid or expired license key,Verify license key in account || Sign out and sign back in || Clear application cache files || Contact software support || Check subscription status
1134,Tableau,Windows 11,network error,Proxy or firewall blocking connection,Check internet connection || Configure proxy settings || Disable firewall temporarily || Check corporate network restrictions || Use offline installer
1135,Tableau,Windows 11,update failed,Update server unreachable or connection issues,Check internet connection || Disable antivirus temporarily || Run updater as administrator || Manually download update || Check firewall settings
1136,Tableau,Windows 11,connection error,Cannot connect to server or service,Check internet connection || Verify server is online || Check firewall and proxy settings || Restart network adapter || Contact support if server issue
1137,Tableau,Windows 10,app is closing,Memory issues or corrupted preferences,Close other applications to free memory || Reset application preferences || Update graphics drivers || Check for Windows updates || Reinstall application if issue persists
1138,Tableau,Windows 10,installation failed,Insufficient disk space or corrupted installer,Free up disk space (at least 10GB free) || Disable antivirus temporarily || Run installer as administrator || Check Windows compatibility || Download fresh installer
1139,Tableau,Windows 10,missing dll,Missing Visual C++ redistributables or system files,Download and install Visual C++ Redistributable 2019 || Install all Windows updates || Run System File Checker (sfc /scannow) || Reinstall application || Check Windows Event Viewer for specific DLL
1140,Tableau,Windows 10,permission denied,User account lacks administrator rights,Right-click installer and select Run as administrator || Add user to Administrators group || Disable User Account Control temporarily || Check folder permissions || Install to different location
1141,Tableau,Windows 10,license error,Invalid or expired license key,Verify license key in account || Sign out and sign back in || Clear application cache files || Contact software support || Check subscription status
1142,Tableau,Windows 10,network error,Proxy or firewall blocking connection,Check internet connection || Configure proxy settings || Disable firewall temporarily || Check corporate network restrictions || Use offline installer
1143,Tableau,Windows 10,update failed,Update server unreachable or connection issues,Check internet connection || Disable antivirus temporarily || Run updater as administrator || Manually download update || Check firewall settings
1144,Tableau,Windows 10,connection error,Cannot connect to server or service,Check internet connection || Verify server is online || Check firewall and proxy settings || Restart network adapter || Contact support if server issue
1145,Tableau,MacOS,app is closing,Memory pressure or corrupted preferences,Free up RAM by closing other apps || Reset application preferences || Update macOS to latest version || Check Activity Monitor for memory issues || Reinstall application
1146,Tableau,MacOS,installation failed,Insufficient disk space or permissions,Free up disk space (at least 15GB) || Check disk permissions || Run Disk Utility first aid || Download fresh installer || Check macOS compatibility
1147,Tableau,MacOS,missing dll,Missing system libraries or frameworks,Install Xcode Command Line Tools: xcode-select --install || Update macOS to latest version || Reinstall application || Check Console.app for specific library errors
1148,Tableau,MacOS,permission denied,Insufficient permissions or security settings,Check System Preferences > Security & Privacy || Grant permissions when prompted || Run with sudo if needed || Check disk permissions || Install to Applications folder
1149,Tableau,MacOS,license error,Invalid or expired license key,Verify license key in account || Sign out and sign back in || Clear application cache files || Contact software support || Check subscription status
1150,Tableau,MacOS,network error,Proxy or firewall blocking connection,Check internet connection || Configure proxy settings in System Preferences || Disable firewall temporarily || Check corporate network restrictions || Use offline installer
1151,Tableau,MacOS,update failed,Update server unreachable or connection issues,Check internet connection || Disable firewall temporarily || Run updater with admin rights || Manually download update || Check network settings
1152,Tableau,MacOS,connection error,Cannot connect to server or service,Check internet connection || Verify server is online || Check firewall and proxy settings || Restart network service || Contact support if server issue
1153,Power BI,Windows 11,app is closing,Memory issues or corrupted preferences,Close other applications to free memory || Reset application preferences || Update graphics drivers || Check for Windows updates || Reinstall application if issue persists
1154,Power BI,Windows 11,installation failed,Insufficient disk space or corrupted installer,Free up disk space (at least 10GB free) || Disable antivirus temporarily || Run installer as administrator || Check Windows compatibility || Download fresh installer
1155,Power BI,Windows 11,missing dll,Missing Visual C++ redistributables or system files,Download and install Visual C++ Redistributable 2019 || Install all Windows updates || Run System File Checker (sfc /scannow) || Reinstall application || Check Windows Event Viewer for specific DLL
1156,Power BI,Windows 11,permission denied,User account lacks administrator rights,Right-click installer and select Run as administrator || Add user to Administrators group || Disable User Account Control temporarily || Check folder permissions || Install to different location
1157,Power BI,Windows 11,license error,Invalid or expired license key,Verify license key in account || Sign out and sign back in || Clear application cache files || Contact software support || Check subscription status
1158,Power BI,Windows 11,network error,Proxy or firewall blocking connection,Check internet connection || Configure proxy settings || Disable firewall temporarily || Check corporate network restrictions || Use offline installer
1159,Power BI,Windows 11,update failed,Update server unreachable or connection issues,Check internet connection || Disable antivirus temporarily || Run updater as administrator || Manually download update || Check firewall settings
1160,Power BI,Windows 11,connection error,Cannot connect to server or service,Check internet connection || Verify server is online || Check firewall and proxy settings || Restart network adapter || Contact support if server issue
1161,Power BI,Windows 10,app is closing,Memory issues or corrupted preferences,Close other applications to free memory || Reset application preferences || Update graphics drivers || Check for Windows updates || Reinstall application if issue persists
1162,Power BI,Windows 10,installation failed,Insufficient disk space or corrupted installer,Free up disk space (at least 10GB free) || Disable antivirus temporarily || Run installer as administrator || Check Windows compatibility || Download fresh installer
1163,Power BI,Windows 10,missing dll,Missing Visual C++ redistributables or system files,Download and install Visual C++ Redistributable 2019 || Install all Windows updates || Run System File Checker (sfc /scannow) || Reinstall application || Check Windows Event Viewer for specific DLL
1164,Power BI,Windows 10,permission denied,User account lacks administrator rights,Right-click installer and select Run as administrator || Add user to Administrators group || Disable User Account Control temporarily || Check folder permissions || Install to different location
1165,Power BI,Windows 10,license error,Invalid or expired license key,Verify license key in account || Sign out and sign back in || Clear application cache files || Contact software support || Check subscription status
1166,Power BI,Windows 10,network error,Proxy or firewall blocking connection,Check internet connection || Configure proxy settings || Disable firewall temporarily || Check corporate network restrictions || Use offline installer
1167,Power BI,Windows 10,update failed,Update server unreachable or connection issues,Check internet connection || Disable antivirus temporarily || Run updater as administrator || Manually download update || Check firewall settings
1168,Power BI,Windows 10,connection error,Cannot connect to server or service,Check internet connection || Verify server is online || Check firewall and proxy settings || Restart network adapter || Contact support if server issue
1169,Power BI,MacOS,app is closing,Memory pressure or corrupted preferences,Free up RAM by closing other apps || Reset application preferences || Update macOS to latest version || Check Activity Monitor for memory issues || Reinstall application
1170,Power BI,MacOS,installation failed,Insufficient disk space or permissions,Free up disk space (at least 15GB) || Check disk permissions || Run Disk Utility first aid || Download fresh installer || Check macOS compatibility
1171,Power BI,MacOS,missing dll,Missing system libraries or frameworks,Install Xcode Command Line Tools: xcode-select --install || Update macOS to latest version || Reinstall application || Check Console.app for specific library errors
1172,Power BI,MacOS,permission denied,Insufficient permissions or security settings,Check System Preferences > Security & Privacy || Grant permissions when prompted || Run with sudo if needed || Check disk permissions || Install to Applications folder
1173,Power BI,MacOS,license error,Invalid or expired license key,Verify license key in account || Sign out and sign back in || Clear application cache files || Contact software support || Check subscription status
1174,Power BI,MacOS,network error,Proxy or firewall blocking connection,Check internet connection || Configure proxy settings in System Preferences || Disable firewall temporarily || Check corporate network restrictions || Use offline installer
1175,Power BI,MacOS,update failed,Update server unreachable or connection issues,Check internet connection || Disable firewall temporarily || Run updater with admin rights || Manually download update || Check network settings
1176,Power BI,MacOS,connection error,Cannot connect to server or service,Check internet connection || Verify server is online || Check firewall and proxy settings || Restart network service || Contact support if server issue
