user_text,error_type
monitor is black but pc is running,No Display / No Signal
screen says no signal,No Display / No Signal
screen turns on then goes black,No Display / No Signal
no display on monitor,No Display / No Signal
monitor black but computer running,No Display / No Signal
screen black but pc on,No Display / No Signal
no signal on monitor,No Display / No Signal
monitor shows no signal,No Display / No Signal
display black but system running,No Display / No Signal
screen displays no signal,No Display / No Signal
monitor no signal error,No Display / No Signal
no signal message on screen,No Display / No Signal
black screen but pc running,No Display / No Signal
monitor lights up then black,No Display / No Signal
screen flashes then black,No Display / No Signal
monitor is black but pc is running 0,No Display / No Signal
monitor is black but pc is running problem,No Display / No Signal
monitor is black but pc is running problem,No Display / No Signal
monitor is black but pc is running problem,No Display / No Signal
monitor is black but pc is running problem,No Display / No Signal
my monitor is black but pc is running,No Display / No Signal
monitor is black but pc is running problem,No Display / No Signal
monitor is black but pc is running problem,No Display / No Signal
monitor is black but pc is running problem,No Display / No Signal
monitor is black but pc is running problem,No Display / No Signal
monitor is black but pc is running 10,No Display / No Signal
monitor is black but pc is running problem,No Display / No Signal
monitor is black but pc is running problem,No Display / No Signal
monitor is black but pc is running problem,No Display / No Signal
monitor is black but pc is running problem,No Display / No Signal
my monitor is black but pc is running,No Display / No Signal
monitor is black but pc is running problem,No Display / No Signal
monitor is black but pc is running problem,No Display / No Signal
monitor is black but pc is running problem,No Display / No Signal
monitor is black but pc is running problem,No Display / No Signal
monitor is black but pc is running 20,No Display / No Signal
monitor is black but pc is running problem,No Display / No Signal
monitor is black but pc is running problem,No Display / No Signal
monitor is black but pc is running problem,No Display / No Signal
monitor is black but pc is running problem,No Display / No Signal
my monitor is black but pc is running,No Display / No Signal
monitor is black but pc is running problem,No Display / No Signal
monitor is black but pc is running problem,No Display / No Signal
monitor is black but pc is running problem,No Display / No Signal
monitor is black but pc is running problem,No Display / No Signal
monitor is black but pc is running 30,No Display / No Signal
monitor is black but pc is running problem,No Display / No Signal
monitor is black but pc is running problem,No Display / No Signal
monitor is black but pc is running problem,No Display / No Signal
monitor is black but pc is running problem,No Display / No Signal
my monitor is black but pc is running,No Display / No Signal
monitor is black but pc is running problem,No Display / No Signal
monitor is black but pc is running problem,No Display / No Signal
monitor is black but pc is running problem,No Display / No Signal
monitor is black but pc is running problem,No Display / No Signal
monitor is black but pc is running 40,No Display / No Signal
monitor is black but pc is running problem,No Display / No Signal
monitor is black but pc is running problem,No Display / No Signal
monitor is black but pc is running problem,No Display / No Signal
monitor is black but pc is running problem,No Display / No Signal
my monitor is black but pc is running,No Display / No Signal
monitor is black but pc is running problem,No Display / No Signal
monitor is black but pc is running problem,No Display / No Signal
monitor is black but pc is running problem,No Display / No Signal
monitor is black but pc is running problem,No Display / No Signal
monitor is black but pc is running 50,No Display / No Signal
monitor is black but pc is running problem,No Display / No Signal
monitor is black but pc is running problem,No Display / No Signal
monitor is black but pc is running problem,No Display / No Signal
monitor is black but pc is running problem,No Display / No Signal
my monitor is black but pc is running,No Display / No Signal
monitor is black but pc is running problem,No Display / No Signal
monitor is black but pc is running problem,No Display / No Signal
monitor is black but pc is running problem,No Display / No Signal
monitor is black but pc is running problem,No Display / No Signal
monitor is black but pc is running 60,No Display / No Signal
monitor is black but pc is running problem,No Display / No Signal
monitor is black but pc is running problem,No Display / No Signal
monitor is black but pc is running problem,No Display / No Signal
monitor is black but pc is running problem,No Display / No Signal
my monitor is black but pc is running,No Display / No Signal
monitor is black but pc is running problem,No Display / No Signal
monitor is black but pc is running problem,No Display / No Signal
monitor is black but pc is running problem,No Display / No Signal
monitor is black but pc is running problem,No Display / No Signal
monitor is black but pc is running 70,No Display / No Signal
monitor is black but pc is running problem,No Display / No Signal
monitor is black but pc is running problem,No Display / No Signal
monitor is black but pc is running problem,No Display / No Signal
monitor is black but pc is running problem,No Display / No Signal
my monitor is black but pc is running,No Display / No Signal
monitor is black but pc is running problem,No Display / No Signal
monitor is black but pc is running problem,No Display / No Signal
monitor is black but pc is running problem,No Display / No Signal
monitor is black but pc is running problem,No Display / No Signal
monitor is black but pc is running 80,No Display / No Signal
monitor is black but pc is running problem,No Display / No Signal
monitor is black but pc is running problem,No Display / No Signal
monitor is black but pc is running problem,No Display / No Signal
monitor is black but pc is running problem,No Display / No Signal
my monitor is black but pc is running,No Display / No Signal
monitor is black but pc is running problem,No Display / No Signal
monitor is black but pc is running problem,No Display / No Signal
monitor is black but pc is running problem,No Display / No Signal
monitor is black but pc is running problem,No Display / No Signal
monitor is black but pc is running 90,No Display / No Signal
monitor is black but pc is running problem,No Display / No Signal
monitor is black but pc is running problem,No Display / No Signal
monitor is black but pc is running problem,No Display / No Signal
monitor is black but pc is running problem,No Display / No Signal
my monitor is black but pc is running,No Display / No Signal
monitor is black but pc is running problem,No Display / No Signal
monitor is black but pc is running problem,No Display / No Signal
monitor is black but pc is running problem,No Display / No Signal
monitor is black but pc is running problem,No Display / No Signal
monitor is black but pc is running 100,No Display / No Signal
monitor is black but pc is running problem,No Display / No Signal
monitor is black but pc is running problem,No Display / No Signal
monitor is black but pc is running problem,No Display / No Signal
monitor is black but pc is running problem,No Display / No Signal
my monitor is black but pc is running,No Display / No Signal
monitor is black but pc is running problem,No Display / No Signal
monitor is black but pc is running problem,No Display / No Signal
monitor is black but pc is running problem,No Display / No Signal
monitor is black but pc is running problem,No Display / No Signal
monitor is black but pc is running 110,No Display / No Signal
monitor is black but pc is running problem,No Display / No Signal
monitor is black but pc is running problem,No Display / No Signal
monitor is black but pc is running problem,No Display / No Signal
monitor is black but pc is running problem,No Display / No Signal
my monitor is black but pc is running,No Display / No Signal
monitor is black but pc is running problem,No Display / No Signal
monitor is black but pc is running problem,No Display / No Signal
monitor is black but pc is running problem,No Display / No Signal
monitor is black but pc is running problem,No Display / No Signal
monitor is black but pc is running 120,No Display / No Signal
monitor is black but pc is running problem,No Display / No Signal
monitor is black but pc is running problem,No Display / No Signal
monitor is black but pc is running problem,No Display / No Signal
monitor is black but pc is running problem,No Display / No Signal
my monitor is black but pc is running,No Display / No Signal
monitor is black but pc is running problem,No Display / No Signal
monitor is black but pc is running problem,No Display / No Signal
monitor is black but pc is running problem,No Display / No Signal
monitor is black but pc is running problem,No Display / No Signal
monitor is black but pc is running 130,No Display / No Signal
monitor is black but pc is running problem,No Display / No Signal
monitor is black but pc is running problem,No Display / No Signal
monitor is black but pc is running problem,No Display / No Signal
monitor is black but pc is running problem,No Display / No Signal
my monitor is black but pc is running,No Display / No Signal
monitor is black but pc is running problem,No Display / No Signal
monitor is black but pc is running problem,No Display / No Signal
monitor is black but pc is running problem,No Display / No Signal
monitor is black but pc is running problem,No Display / No Signal
monitor is black but pc is running 140,No Display / No Signal
monitor is black but pc is running problem,No Display / No Signal
monitor is black but pc is running problem,No Display / No Signal
monitor is black but pc is running problem,No Display / No Signal
monitor is black but pc is running problem,No Display / No Signal
my monitor is black but pc is running,No Display / No Signal
monitor is black but pc is running problem,No Display / No Signal
monitor is black but pc is running problem,No Display / No Signal
monitor is black but pc is running problem,No Display / No Signal
monitor is black but pc is running problem,No Display / No Signal
monitor is black but pc is running 150,No Display / No Signal
monitor is black but pc is running problem,No Display / No Signal
monitor is black but pc is running problem,No Display / No Signal
monitor is black but pc is running problem,No Display / No Signal
monitor is black but pc is running problem,No Display / No Signal
my monitor is black but pc is running,No Display / No Signal
monitor is black but pc is running problem,No Display / No Signal
monitor is black but pc is running problem,No Display / No Signal
monitor is black but pc is running problem,No Display / No Signal
monitor is black but pc is running problem,No Display / No Signal
monitor is black but pc is running 160,No Display / No Signal
monitor is black but pc is running problem,No Display / No Signal
monitor is black but pc is running problem,No Display / No Signal
monitor is black but pc is running problem,No Display / No Signal
monitor is black but pc is running problem,No Display / No Signal
my monitor is black but pc is running,No Display / No Signal
monitor is black but pc is running problem,No Display / No Signal
monitor is black but pc is running problem,No Display / No Signal
monitor is black but pc is running problem,No Display / No Signal
monitor is black but pc is running problem,No Display / No Signal
monitor is black but pc is running 170,No Display / No Signal
monitor is black but pc is running problem,No Display / No Signal
monitor is black but pc is running problem,No Display / No Signal
monitor is black but pc is running problem,No Display / No Signal
monitor is black but pc is running problem,No Display / No Signal
my monitor is black but pc is running,No Display / No Signal
monitor is black but pc is running problem,No Display / No Signal
monitor is black but pc is running problem,No Display / No Signal
monitor is black but pc is running problem,No Display / No Signal
monitor is black but pc is running problem,No Display / No Signal
monitor is black but pc is running 180,No Display / No Signal
monitor is black but pc is running problem,No Display / No Signal
monitor is black but pc is running problem,No Display / No Signal
monitor is black but pc is running problem,No Display / No Signal
monitor is black but pc is running problem,No Display / No Signal
my monitor is black but pc is running,No Display / No Signal
monitor is black but pc is running problem,No Display / No Signal
monitor is black but pc is running problem,No Display / No Signal
monitor is black but pc is running problem,No Display / No Signal
monitor is black but pc is running problem,No Display / No Signal
monitor is black but pc is running 190,No Display / No Signal
monitor is black but pc is running problem,No Display / No Signal
monitor is black but pc is running problem,No Display / No Signal
monitor is black but pc is running problem,No Display / No Signal
monitor is black but pc is running problem,No Display / No Signal
my monitor is black but pc is running,No Display / No Signal
monitor is black but pc is running problem,No Display / No Signal
monitor is black but pc is running problem,No Display / No Signal
monitor is black but pc is running problem,No Display / No Signal
monitor is black but pc is running problem,No Display / No Signal
monitor is black but pc is running 200,No Display / No Signal
monitor is black but pc is running problem,No Display / No Signal
monitor is black but pc is running problem,No Display / No Signal
monitor is black but pc is running problem,No Display / No Signal
monitor is black but pc is running problem,No Display / No Signal
my monitor is black but pc is running,No Display / No Signal
monitor is black but pc is running problem,No Display / No Signal
monitor is black but pc is running problem,No Display / No Signal
monitor is black but pc is running problem,No Display / No Signal
monitor is black but pc is running problem,No Display / No Signal
monitor is black but pc is running 210,No Display / No Signal
monitor is black but pc is running problem,No Display / No Signal
monitor is black but pc is running problem,No Display / No Signal
monitor is black but pc is running problem,No Display / No Signal
monitor is black but pc is running problem,No Display / No Signal
my monitor is black but pc is running,No Display / No Signal
monitor is black but pc is running problem,No Display / No Signal
monitor is black but pc is running problem,No Display / No Signal
monitor is black but pc is running problem,No Display / No Signal
monitor is black but pc is running problem,No Display / No Signal
monitor is black but pc is running 220,No Display / No Signal
monitor is black but pc is running problem,No Display / No Signal
monitor is black but pc is running problem,No Display / No Signal
monitor is black but pc is running problem,No Display / No Signal
monitor is black but pc is running problem,No Display / No Signal
my monitor is black but pc is running,No Display / No Signal
monitor is black but pc is running problem,No Display / No Signal
monitor is black but pc is running problem,No Display / No Signal
monitor is black but pc is running problem,No Display / No Signal
monitor is black but pc is running problem,No Display / No Signal
monitor is black but pc is running 230,No Display / No Signal
monitor is black but pc is running problem,No Display / No Signal
monitor is black but pc is running problem,No Display / No Signal
monitor is black but pc is running problem,No Display / No Signal
monitor is black but pc is running problem,No Display / No Signal
my monitor is black but pc is running,No Display / No Signal
monitor is black but pc is running problem,No Display / No Signal
monitor is black but pc is running problem,No Display / No Signal
monitor is black but pc is running problem,No Display / No Signal
monitor is black but pc is running problem,No Display / No Signal
monitor is black but pc is running 240,No Display / No Signal
monitor is black but pc is running problem,No Display / No Signal
monitor is black but pc is running problem,No Display / No Signal
monitor is black but pc is running problem,No Display / No Signal
monitor is black but pc is running problem,No Display / No Signal
my monitor is black but pc is running,No Display / No Signal
monitor is black but pc is running problem,No Display / No Signal
monitor is black but pc is running problem,No Display / No Signal
monitor is black but pc is running problem,No Display / No Signal
monitor is black but pc is running problem,No Display / No Signal
monitor is black but pc is running 250,No Display / No Signal
monitor is black but pc is running problem,No Display / No Signal
monitor is black but pc is running problem,No Display / No Signal
monitor is black but pc is running problem,No Display / No Signal
monitor is black but pc is running problem,No Display / No Signal
my monitor is black but pc is running,No Display / No Signal
monitor is black but pc is running problem,No Display / No Signal
monitor is black but pc is running problem,No Display / No Signal
monitor is black but pc is running problem,No Display / No Signal
monitor is black but pc is running problem,No Display / No Signal
monitor is black but pc is running 260,No Display / No Signal
monitor is black but pc is running problem,No Display / No Signal
monitor is black but pc is running problem,No Display / No Signal
monitor is black but pc is running problem,No Display / No Signal
monitor is black but pc is running problem,No Display / No Signal
my monitor is black but pc is running,No Display / No Signal
monitor is black but pc is running problem,No Display / No Signal
monitor is black but pc is running problem,No Display / No Signal
monitor is black but pc is running problem,No Display / No Signal
monitor is black but pc is running problem,No Display / No Signal
monitor is black but pc is running 270,No Display / No Signal
monitor is black but pc is running problem,No Display / No Signal
monitor is black but pc is running problem,No Display / No Signal
monitor is black but pc is running problem,No Display / No Signal
monitor is black but pc is running problem,No Display / No Signal
my monitor is black but pc is running,No Display / No Signal
monitor is black but pc is running problem,No Display / No Signal
monitor is black but pc is running problem,No Display / No Signal
monitor is black but pc is running problem,No Display / No Signal
monitor is black but pc is running problem,No Display / No Signal
monitor is black but pc is running 280,No Display / No Signal
monitor is black but pc is running problem,No Display / No Signal
monitor is black but pc is running problem,No Display / No Signal
monitor is black but pc is running problem,No Display / No Signal
monitor is black but pc is running problem,No Display / No Signal
my monitor is black but pc is running,No Display / No Signal
monitor is black but pc is running problem,No Display / No Signal
monitor is black but pc is running problem,No Display / No Signal
monitor is black but pc is running problem,No Display / No Signal
monitor is black but pc is running problem,No Display / No Signal
monitor is black but pc is running 290,No Display / No Signal
monitor is black but pc is running problem,No Display / No Signal
monitor is black but pc is running problem,No Display / No Signal
monitor is black but pc is running problem,No Display / No Signal
monitor is black but pc is running problem,No Display / No Signal
my monitor is black but pc is running,No Display / No Signal
monitor is black but pc is running problem,No Display / No Signal
monitor is black but pc is running problem,No Display / No Signal
monitor is black but pc is running problem,No Display / No Signal
monitor is black but pc is running problem,No Display / No Signal
monitor is black but pc is running 300,No Display / No Signal
monitor is black but pc is running problem,No Display / No Signal
monitor is black but pc is running problem,No Display / No Signal
monitor is black but pc is running problem,No Display / No Signal
monitor is black but pc is running problem,No Display / No Signal
my monitor is black but pc is running,No Display / No Signal
monitor is black but pc is running problem,No Display / No Signal
monitor is black but pc is running problem,No Display / No Signal
monitor is black but pc is running problem,No Display / No Signal
monitor is black but pc is running problem,No Display / No Signal
monitor is black but pc is running 310,No Display / No Signal
monitor is black but pc is running problem,No Display / No Signal
monitor is black but pc is running problem,No Display / No Signal
monitor is black but pc is running problem,No Display / No Signal
monitor is black but pc is running problem,No Display / No Signal
my monitor is black but pc is running,No Display / No Signal
monitor is black but pc is running problem,No Display / No Signal
monitor is black but pc is running problem,No Display / No Signal
monitor is black but pc is running problem,No Display / No Signal
monitor is black but pc is running problem,No Display / No Signal
monitor is black but pc is running 320,No Display / No Signal
monitor is black but pc is running problem,No Display / No Signal
monitor is black but pc is running problem,No Display / No Signal
monitor is black but pc is running problem,No Display / No Signal
monitor is black but pc is running problem,No Display / No Signal
my monitor is black but pc is running,No Display / No Signal
monitor is black but pc is running problem,No Display / No Signal
monitor is black but pc is running problem,No Display / No Signal
monitor is black but pc is running problem,No Display / No Signal
monitor is black but pc is running problem,No Display / No Signal
monitor is black but pc is running 330,No Display / No Signal
monitor is black but pc is running problem,No Display / No Signal
monitor is black but pc is running problem,No Display / No Signal
monitor is black but pc is running problem,No Display / No Signal
monitor is black but pc is running problem,No Display / No Signal
my monitor is black but pc is running,No Display / No Signal
monitor is black but pc is running problem,No Display / No Signal
monitor is black but pc is running problem,No Display / No Signal
monitor is black but pc is running problem,No Display / No Signal
monitor is black but pc is running problem,No Display / No Signal
monitor is black but pc is running 340,No Display / No Signal
monitor is black but pc is running problem,No Display / No Signal
monitor is black but pc is running problem,No Display / No Signal
monitor is black but pc is running problem,No Display / No Signal
monitor is black but pc is running problem,No Display / No Signal
my monitor is black but pc is running,No Display / No Signal
monitor is black but pc is running problem,No Display / No Signal
monitor is black but pc is running problem,No Display / No Signal
monitor is black but pc is running problem,No Display / No Signal
monitor is black but pc is running problem,No Display / No Signal
monitor is black but pc is running 350,No Display / No Signal
monitor is black but pc is running problem,No Display / No Signal
monitor is black but pc is running problem,No Display / No Signal
monitor is black but pc is running problem,No Display / No Signal
monitor is black but pc is running problem,No Display / No Signal
my monitor is black but pc is running,No Display / No Signal
monitor is black but pc is running problem,No Display / No Signal
monitor is black but pc is running problem,No Display / No Signal
monitor is black but pc is running problem,No Display / No Signal
monitor is black but pc is running problem,No Display / No Signal
monitor is black but pc is running 360,No Display / No Signal
monitor is black but pc is running problem,No Display / No Signal
monitor is black but pc is running problem,No Display / No Signal
monitor is black but pc is running problem,No Display / No Signal
monitor is black but pc is running problem,No Display / No Signal
my monitor is black but pc is running,No Display / No Signal
monitor is black but pc is running problem,No Display / No Signal
monitor is black but pc is running problem,No Display / No Signal
monitor is black but pc is running problem,No Display / No Signal
monitor is black but pc is running problem,No Display / No Signal
monitor is black but pc is running 370,No Display / No Signal
monitor is black but pc is running problem,No Display / No Signal
monitor is black but pc is running problem,No Display / No Signal
monitor is black but pc is running problem,No Display / No Signal
monitor is black but pc is running problem,No Display / No Signal
my monitor is black but pc is running,No Display / No Signal
monitor is black but pc is running problem,No Display / No Signal
monitor is black but pc is running problem,No Display / No Signal
monitor is black but pc is running problem,No Display / No Signal
monitor is black but pc is running problem,No Display / No Signal
monitor is black but pc is running 380,No Display / No Signal
monitor is black but pc is running problem,No Display / No Signal
monitor is black but pc is running problem,No Display / No Signal
monitor is black but pc is running problem,No Display / No Signal
monitor is black but pc is running problem,No Display / No Signal
my monitor is black but pc is running,No Display / No Signal
monitor is black but pc is running problem,No Display / No Signal
monitor is black but pc is running problem,No Display / No Signal
monitor is black but pc is running problem,No Display / No Signal
monitor is black but pc is running problem,No Display / No Signal
monitor is black but pc is running 390,No Display / No Signal
monitor is black but pc is running problem,No Display / No Signal
monitor is black but pc is running problem,No Display / No Signal
monitor is black but pc is running problem,No Display / No Signal
monitor is black but pc is running problem,No Display / No Signal
my monitor is black but pc is running,No Display / No Signal
monitor is black but pc is running problem,No Display / No Signal
monitor is black but pc is running problem,No Display / No Signal
monitor is black but pc is running problem,No Display / No Signal
monitor is black but pc is running problem,No Display / No Signal
monitor is black but pc is running 400,No Display / No Signal
monitor is black but pc is running problem,No Display / No Signal
monitor is black but pc is running problem,No Display / No Signal
monitor is black but pc is running problem,No Display / No Signal
monitor is black but pc is running problem,No Display / No Signal
my monitor is black but pc is running,No Display / No Signal
monitor is black but pc is running problem,No Display / No Signal
monitor is black but pc is running problem,No Display / No Signal
monitor is black but pc is running problem,No Display / No Signal
monitor is black but pc is running problem,No Display / No Signal
monitor is black but pc is running 410,No Display / No Signal
monitor is black but pc is running problem,No Display / No Signal
monitor is black but pc is running problem,No Display / No Signal
monitor is black but pc is running problem,No Display / No Signal
monitor is black but pc is running problem,No Display / No Signal
my monitor is black but pc is running,No Display / No Signal
monitor is black but pc is running problem,No Display / No Signal
monitor is black but pc is running problem,No Display / No Signal
monitor is black but pc is running problem,No Display / No Signal
monitor is black but pc is running problem,No Display / No Signal
monitor is black but pc is running 420,No Display / No Signal
monitor is black but pc is running problem,No Display / No Signal
monitor is black but pc is running problem,No Display / No Signal
monitor is black but pc is running problem,No Display / No Signal
monitor is black but pc is running problem,No Display / No Signal
my monitor is black but pc is running,No Display / No Signal
monitor is black but pc is running problem,No Display / No Signal
monitor is black but pc is running problem,No Display / No Signal
monitor is black but pc is running problem,No Display / No Signal
monitor is black but pc is running problem,No Display / No Signal
monitor is black but pc is running 430,No Display / No Signal
monitor is black but pc is running problem,No Display / No Signal
monitor is black but pc is running problem,No Display / No Signal
monitor is black but pc is running problem,No Display / No Signal
monitor is black but pc is running problem,No Display / No Signal
my monitor is black but pc is running,No Display / No Signal
monitor is black but pc is running problem,No Display / No Signal
monitor is black but pc is running problem,No Display / No Signal
monitor is black but pc is running problem,No Display / No Signal
monitor is black but pc is running problem,No Display / No Signal
monitor is black but pc is running 440,No Display / No Signal
monitor is black but pc is running problem,No Display / No Signal
monitor is black but pc is running problem,No Display / No Signal
monitor is black but pc is running problem,No Display / No Signal
monitor is black but pc is running problem,No Display / No Signal
my monitor is black but pc is running,No Display / No Signal
monitor is black but pc is running problem,No Display / No Signal
monitor is black but pc is running problem,No Display / No Signal
monitor is black but pc is running problem,No Display / No Signal
monitor is black but pc is running problem,No Display / No Signal
monitor is black but pc is running 450,No Display / No Signal
monitor is black but pc is running problem,No Display / No Signal
monitor is black but pc is running problem,No Display / No Signal
monitor is black but pc is running problem,No Display / No Signal
monitor is black but pc is running problem,No Display / No Signal
my monitor is black but pc is running,No Display / No Signal
monitor is black but pc is running problem,No Display / No Signal
monitor is black but pc is running problem,No Display / No Signal
monitor is black but pc is running problem,No Display / No Signal
monitor is black but pc is running problem,No Display / No Signal
monitor is black but pc is running 460,No Display / No Signal
monitor is black but pc is running problem,No Display / No Signal
monitor is black but pc is running problem,No Display / No Signal
monitor is black but pc is running problem,No Display / No Signal
monitor is black but pc is running problem,No Display / No Signal
my monitor is black but pc is running,No Display / No Signal
monitor is black but pc is running problem,No Display / No Signal
monitor is black but pc is running problem,No Display / No Signal
monitor is black but pc is running problem,No Display / No Signal
monitor is black but pc is running problem,No Display / No Signal
monitor is black but pc is running 470,No Display / No Signal
monitor is black but pc is running problem,No Display / No Signal
monitor is black but pc is running problem,No Display / No Signal
monitor is black but pc is running problem,No Display / No Signal
monitor is black but pc is running problem,No Display / No Signal
my monitor is black but pc is running,No Display / No Signal
monitor is black but pc is running problem,No Display / No Signal
monitor is black but pc is running problem,No Display / No Signal
monitor is black but pc is running problem,No Display / No Signal
monitor is black but pc is running problem,No Display / No Signal
monitor is black but pc is running 480,No Display / No Signal
monitor is black but pc is running problem,No Display / No Signal
monitor is black but pc is running problem,No Display / No Signal
monitor is black but pc is running problem,No Display / No Signal
monitor is black but pc is running problem,No Display / No Signal
my monitor is black but pc is running,No Display / No Signal
monitor is black but pc is running problem,No Display / No Signal
monitor is black but pc is running problem,No Display / No Signal
monitor is black but pc is running problem,No Display / No Signal
monitor is black but pc is running problem,No Display / No Signal
monitor is black but pc is running 490,No Display / No Signal
monitor is black but pc is running problem,No Display / No Signal
monitor is black but pc is running problem,No Display / No Signal
monitor is black but pc is running problem,No Display / No Signal
monitor is black but pc is running problem,No Display / No Signal
my monitor is black but pc is running,No Display / No Signal
monitor is black but pc is running problem,No Display / No Signal
monitor is black but pc is running problem,No Display / No Signal
monitor is black but pc is running problem,No Display / No Signal
monitor is black but pc is running problem,No Display / No Signal
monitor is black but pc is running 500,No Display / No Signal
monitor is black but pc is running problem,No Display / No Signal
monitor is black but pc is running problem,No Display / No Signal
monitor is black but pc is running problem,No Display / No Signal
monitor is black but pc is running problem,No Display / No Signal
my monitor is black but pc is running,No Display / No Signal
monitor is black but pc is running problem,No Display / No Signal
monitor is black but pc is running problem,No Display / No Signal
monitor is black but pc is running problem,No Display / No Signal
monitor is black but pc is running problem,No Display / No Signal
monitor is black but pc is running 510,No Display / No Signal
monitor is black but pc is running problem,No Display / No Signal
monitor is black but pc is running problem,No Display / No Signal
monitor is black but pc is running problem,No Display / No Signal
monitor is black but pc is running problem,No Display / No Signal
my monitor is black but pc is running,No Display / No Signal
monitor is black but pc is running problem,No Display / No Signal
monitor is black but pc is running problem,No Display / No Signal
monitor is black but pc is running problem,No Display / No Signal
monitor is black but pc is running problem,No Display / No Signal
monitor is black but pc is running 520,No Display / No Signal
monitor is black but pc is running problem,No Display / No Signal
monitor is black but pc is running problem,No Display / No Signal
monitor is black but pc is running problem,No Display / No Signal
monitor is black but pc is running problem,No Display / No Signal
my monitor is black but pc is running,No Display / No Signal
monitor is black but pc is running problem,No Display / No Signal
monitor is black but pc is running problem,No Display / No Signal
monitor is black but pc is running problem,No Display / No Signal
monitor is black but pc is running problem,No Display / No Signal
monitor is black but pc is running 530,No Display / No Signal
monitor is black but pc is running problem,No Display / No Signal
monitor is black but pc is running problem,No Display / No Signal
monitor is black but pc is running problem,No Display / No Signal
monitor is black but pc is running problem,No Display / No Signal
my monitor is black but pc is running,No Display / No Signal
monitor is black but pc is running problem,No Display / No Signal
monitor is black but pc is running problem,No Display / No Signal
monitor is black but pc is running problem,No Display / No Signal
monitor is black but pc is running problem,No Display / No Signal
monitor is black but pc is running 540,No Display / No Signal
monitor is black but pc is running problem,No Display / No Signal
monitor is black but pc is running problem,No Display / No Signal
monitor is black but pc is running problem,No Display / No Signal
monitor is black but pc is running problem,No Display / No Signal
my monitor is black but pc is running,No Display / No Signal
monitor is black but pc is running problem,No Display / No Signal
monitor is black but pc is running problem,No Display / No Signal
monitor is black but pc is running problem,No Display / No Signal
monitor is black but pc is running problem,No Display / No Signal
monitor is black but pc is running 550,No Display / No Signal
monitor is black but pc is running problem,No Display / No Signal
monitor is black but pc is running problem,No Display / No Signal
monitor is black but pc is running problem,No Display / No Signal
monitor is black but pc is running problem,No Display / No Signal
my monitor is black but pc is running,No Display / No Signal
monitor is black but pc is running problem,No Display / No Signal
monitor is black but pc is running problem,No Display / No Signal
monitor is black but pc is running problem,No Display / No Signal
monitor is black but pc is running problem,No Display / No Signal
monitor is black but pc is running 560,No Display / No Signal
monitor is black but pc is running problem,No Display / No Signal
monitor is black but pc is running problem,No Display / No Signal
monitor is black but pc is running problem,No Display / No Signal
monitor is black but pc is running problem,No Display / No Signal
my monitor is black but pc is running,No Display / No Signal
monitor is black but pc is running problem,No Display / No Signal
monitor is black but pc is running problem,No Display / No Signal
monitor is black but pc is running problem,No Display / No Signal
monitor is black but pc is running problem,No Display / No Signal
monitor is black but pc is running 570,No Display / No Signal
monitor is black but pc is running problem,No Display / No Signal
monitor is black but pc is running problem,No Display / No Signal
monitor is black but pc is running problem,No Display / No Signal
monitor is black but pc is running problem,No Display / No Signal
my monitor is black but pc is running,No Display / No Signal
monitor is black but pc is running problem,No Display / No Signal
monitor is black but pc is running problem,No Display / No Signal
monitor is black but pc is running problem,No Display / No Signal
monitor is black but pc is running problem,No Display / No Signal
monitor is black but pc is running 580,No Display / No Signal
monitor is black but pc is running problem,No Display / No Signal
monitor is black but pc is running problem,No Display / No Signal
monitor is black but pc is running problem,No Display / No Signal
monitor is black but pc is running problem,No Display / No Signal
my monitor is black but pc is running,No Display / No Signal
monitor is black but pc is running problem,No Display / No Signal
monitor is black but pc is running problem,No Display / No Signal
monitor is black but pc is running problem,No Display / No Signal
monitor is black but pc is running problem,No Display / No Signal
monitor is black but pc is running 590,No Display / No Signal
monitor is black but pc is running problem,No Display / No Signal
monitor is black but pc is running problem,No Display / No Signal
monitor is black but pc is running problem,No Display / No Signal
monitor is black but pc is running problem,No Display / No Signal
my monitor is black but pc is running,No Display / No Signal
monitor is black but pc is running problem,No Display / No Signal
monitor is black but pc is running problem,No Display / No Signal
monitor is black but pc is running problem,No Display / No Signal
monitor is black but pc is running problem,No Display / No Signal
monitor is black but pc is running 600,No Display / No Signal
monitor is black but pc is running problem,No Display / No Signal
monitor is black but pc is running problem,No Display / No Signal
monitor is black but pc is running problem,No Display / No Signal
monitor is black but pc is running problem,No Display / No Signal
my monitor is black but pc is running,No Display / No Signal
monitor is black but pc is running problem,No Display / No Signal
monitor is black but pc is running problem,No Display / No Signal
monitor is black but pc is running problem,No Display / No Signal
monitor is black but pc is running problem,No Display / No Signal
monitor is black but pc is running 610,No Display / No Signal
monitor is black but pc is running problem,No Display / No Signal
monitor is black but pc is running problem,No Display / No Signal
monitor is black but pc is running problem,No Display / No Signal
monitor is black but pc is running problem,No Display / No Signal
my monitor is black but pc is running,No Display / No Signal
monitor is black but pc is running problem,No Display / No Signal
monitor is black but pc is running problem,No Display / No Signal
monitor is black but pc is running problem,No Display / No Signal
monitor is black but pc is running problem,No Display / No Signal
monitor is black but pc is running 620,No Display / No Signal
monitor is black but pc is running problem,No Display / No Signal
monitor is black but pc is running problem,No Display / No Signal
monitor is black but pc is running problem,No Display / No Signal
monitor is black but pc is running problem,No Display / No Signal
my monitor is black but pc is running,No Display / No Signal
monitor is black but pc is running problem,No Display / No Signal
monitor is black but pc is running problem,No Display / No Signal
monitor is black but pc is running problem,No Display / No Signal
monitor is black but pc is running problem,No Display / No Signal
monitor is black but pc is running 630,No Display / No Signal
monitor is black but pc is running problem,No Display / No Signal
monitor is black but pc is running problem,No Display / No Signal
monitor is black but pc is running problem,No Display / No Signal
monitor is black but pc is running problem,No Display / No Signal
my monitor is black but pc is running,No Display / No Signal
monitor is black but pc is running problem,No Display / No Signal
monitor is black but pc is running problem,No Display / No Signal
monitor is black but pc is running problem,No Display / No Signal
monitor is black but pc is running problem,No Display / No Signal
monitor is black but pc is running 640,No Display / No Signal
monitor is black but pc is running problem,No Display / No Signal
monitor is black but pc is running problem,No Display / No Signal
monitor is black but pc is running problem,No Display / No Signal
monitor is black but pc is running problem,No Display / No Signal
my monitor is black but pc is running,No Display / No Signal
monitor is black but pc is running problem,No Display / No Signal
monitor is black but pc is running problem,No Display / No Signal
monitor is black but pc is running problem,No Display / No Signal
monitor is black but pc is running problem,No Display / No Signal
monitor is black but pc is running 650,No Display / No Signal
monitor is black but pc is running problem,No Display / No Signal
monitor is black but pc is running problem,No Display / No Signal
monitor is black but pc is running problem,No Display / No Signal
monitor is black but pc is running problem,No Display / No Signal
my monitor is black but pc is running,No Display / No Signal
monitor is black but pc is running problem,No Display / No Signal
monitor is black but pc is running problem,No Display / No Signal
monitor is black but pc is running problem,No Display / No Signal
monitor is black but pc is running problem,No Display / No Signal
monitor is black but pc is running 660,No Display / No Signal
monitor is black but pc is running problem,No Display / No Signal
monitor is black but pc is running problem,No Display / No Signal
monitor is black but pc is running problem,No Display / No Signal
monitor is black but pc is running problem,No Display / No Signal
my monitor is black but pc is running,No Display / No Signal
monitor is black but pc is running problem,No Display / No Signal
monitor is black but pc is running problem,No Display / No Signal
monitor is black but pc is running problem,No Display / No Signal
monitor is black but pc is running problem,No Display / No Signal
monitor is black but pc is running 670,No Display / No Signal
monitor is black but pc is running problem,No Display / No Signal
monitor is black but pc is running problem,No Display / No Signal
monitor is black but pc is running problem,No Display / No Signal
monitor is black but pc is running problem,No Display / No Signal
my monitor is black but pc is running,No Display / No Signal
monitor is black but pc is running problem,No Display / No Signal
monitor is black but pc is running problem,No Display / No Signal
monitor is black but pc is running problem,No Display / No Signal
monitor is black but pc is running problem,No Display / No Signal
monitor is black but pc is running 680,No Display / No Signal
monitor is black but pc is running problem,No Display / No Signal
monitor is black but pc is running problem,No Display / No Signal
monitor is black but pc is running problem,No Display / No Signal
monitor is black but pc is running problem,No Display / No Signal
my monitor is black but pc is running,No Display / No Signal
monitor is black but pc is running problem,No Display / No Signal
monitor is black but pc is running problem,No Display / No Signal
monitor is black but pc is running problem,No Display / No Signal
monitor is black but pc is running problem,No Display / No Signal
monitor is black but pc is running 690,No Display / No Signal
monitor is black but pc is running problem,No Display / No Signal
monitor is black but pc is running problem,No Display / No Signal
monitor is black but pc is running problem,No Display / No Signal
monitor is black but pc is running problem,No Display / No Signal
my monitor is black but pc is running,No Display / No Signal
monitor is black but pc is running problem,No Display / No Signal
monitor is black but pc is running problem,No Display / No Signal
monitor is black but pc is running problem,No Display / No Signal
monitor is black but pc is running problem,No Display / No Signal
monitor is black but pc is running 700,No Display / No Signal
monitor is black but pc is running problem,No Display / No Signal
monitor is black but pc is running problem,No Display / No Signal
monitor is black but pc is running problem,No Display / No Signal
monitor is black but pc is running problem,No Display / No Signal
my monitor is black but pc is running,No Display / No Signal
monitor is black but pc is running problem,No Display / No Signal
monitor is black but pc is running problem,No Display / No Signal
monitor is black but pc is running problem,No Display / No Signal
monitor is black but pc is running problem,No Display / No Signal
monitor is black but pc is running 710,No Display / No Signal
monitor is black but pc is running problem,No Display / No Signal
monitor is black but pc is running problem,No Display / No Signal
monitor is black but pc is running problem,No Display / No Signal
monitor is black but pc is running problem,No Display / No Signal
my monitor is black but pc is running,No Display / No Signal
monitor is black but pc is running problem,No Display / No Signal
monitor is black but pc is running problem,No Display / No Signal
monitor is black but pc is running problem,No Display / No Signal
monitor is black but pc is running problem,No Display / No Signal
monitor is black but pc is running 720,No Display / No Signal
monitor is black but pc is running problem,No Display / No Signal
monitor is black but pc is running problem,No Display / No Signal
monitor is black but pc is running problem,No Display / No Signal
monitor is black but pc is running problem,No Display / No Signal
my monitor is black but pc is running,No Display / No Signal
monitor is black but pc is running problem,No Display / No Signal
monitor is black but pc is running problem,No Display / No Signal
monitor is black but pc is running problem,No Display / No Signal
monitor is black but pc is running problem,No Display / No Signal
monitor is black but pc is running 730,No Display / No Signal
monitor is black but pc is running problem,No Display / No Signal
monitor is black but pc is running problem,No Display / No Signal
monitor is black but pc is running problem,No Display / No Signal
monitor is black but pc is running problem,No Display / No Signal
my monitor is black but pc is running,No Display / No Signal
monitor is black but pc is running problem,No Display / No Signal
monitor is black but pc is running problem,No Display / No Signal
monitor is black but pc is running problem,No Display / No Signal
monitor is black but pc is running problem,No Display / No Signal
monitor is black but pc is running 740,No Display / No Signal
monitor is black but pc is running problem,No Display / No Signal
monitor is black but pc is running problem,No Display / No Signal
monitor is black but pc is running problem,No Display / No Signal
monitor is black but pc is running problem,No Display / No Signal
my monitor is black but pc is running,No Display / No Signal
monitor is black but pc is running problem,No Display / No Signal
monitor is black but pc is running problem,No Display / No Signal
monitor is black but pc is running problem,No Display / No Signal
monitor is black but pc is running problem,No Display / No Signal
monitor is black but pc is running 750,No Display / No Signal
monitor is black but pc is running problem,No Display / No Signal
monitor is black but pc is running problem,No Display / No Signal
monitor is black but pc is running problem,No Display / No Signal
monitor is black but pc is running problem,No Display / No Signal
my monitor is black but pc is running,No Display / No Signal
monitor is black but pc is running problem,No Display / No Signal
monitor is black but pc is running problem,No Display / No Signal
monitor is black but pc is running problem,No Display / No Signal
monitor is black but pc is running problem,No Display / No Signal
monitor is black but pc is running 760,No Display / No Signal
monitor is black but pc is running problem,No Display / No Signal
monitor is black but pc is running problem,No Display / No Signal
monitor is black but pc is running problem,No Display / No Signal
monitor is black but pc is running problem,No Display / No Signal
my monitor is black but pc is running,No Display / No Signal
monitor is black but pc is running problem,No Display / No Signal
monitor is black but pc is running problem,No Display / No Signal
monitor is black but pc is running problem,No Display / No Signal
monitor is black but pc is running problem,No Display / No Signal
monitor is black but pc is running 770,No Display / No Signal
monitor is black but pc is running problem,No Display / No Signal
monitor is black but pc is running problem,No Display / No Signal
monitor is black but pc is running problem,No Display / No Signal
monitor is black but pc is running problem,No Display / No Signal
my monitor is black but pc is running,No Display / No Signal
monitor is black but pc is running problem,No Display / No Signal
monitor is black but pc is running problem,No Display / No Signal
monitor is black but pc is running problem,No Display / No Signal
monitor is black but pc is running problem,No Display / No Signal
monitor is black but pc is running 780,No Display / No Signal
monitor is black but pc is running problem,No Display / No Signal
monitor is black but pc is running problem,No Display / No Signal
monitor is black but pc is running problem,No Display / No Signal
monitor is black but pc is running problem,No Display / No Signal
my monitor is black but pc is running,No Display / No Signal
monitor is black but pc is running problem,No Display / No Signal
monitor is black but pc is running problem,No Display / No Signal
monitor is black but pc is running problem,No Display / No Signal
monitor is black but pc is running problem,No Display / No Signal
monitor is black but pc is running 790,No Display / No Signal
monitor is black but pc is running problem,No Display / No Signal
monitor is black but pc is running problem,No Display / No Signal
monitor is black but pc is running problem,No Display / No Signal
monitor is black but pc is running problem,No Display / No Signal
my monitor is black but pc is running,No Display / No Signal
monitor is black but pc is running problem,No Display / No Signal
monitor is black but pc is running problem,No Display / No Signal
monitor is black but pc is running problem,No Display / No Signal
monitor is black but pc is running problem,No Display / No Signal
monitor is black but pc is running 800,No Display / No Signal
monitor is black but pc is running problem,No Display / No Signal
monitor is black but pc is running problem,No Display / No Signal
monitor is black but pc is running problem,No Display / No Signal
monitor is black but pc is running problem,No Display / No Signal
my monitor is black but pc is running,No Display / No Signal
monitor is black but pc is running problem,No Display / No Signal
monitor is black but pc is running problem,No Display / No Signal
monitor is black but pc is running problem,No Display / No Signal
monitor is black but pc is running problem,No Display / No Signal
monitor is black but pc is running 810,No Display / No Signal
monitor is black but pc is running problem,No Display / No Signal
monitor is black but pc is running problem,No Display / No Signal
monitor is black but pc is running problem,No Display / No Signal
monitor is black but pc is running problem,No Display / No Signal
my monitor is black but pc is running,No Display / No Signal
monitor is black but pc is running problem,No Display / No Signal
monitor is black but pc is running problem,No Display / No Signal
monitor is black but pc is running problem,No Display / No Signal
monitor is black but pc is running problem,No Display / No Signal
monitor is black but pc is running 820,No Display / No Signal
monitor is black but pc is running problem,No Display / No Signal
monitor is black but pc is running problem,No Display / No Signal
monitor is black but pc is running problem,No Display / No Signal
monitor is black but pc is running problem,No Display / No Signal
my monitor is black but pc is running,No Display / No Signal
monitor is black but pc is running problem,No Display / No Signal
monitor is black but pc is running problem,No Display / No Signal
monitor is black but pc is running problem,No Display / No Signal
monitor is black but pc is running problem,No Display / No Signal
monitor is black but pc is running 830,No Display / No Signal
monitor is black but pc is running problem,No Display / No Signal
monitor is black but pc is running problem,No Display / No Signal
monitor is black but pc is running problem,No Display / No Signal
monitor is black but pc is running problem,No Display / No Signal
my monitor is black but pc is running,No Display / No Signal
monitor is black but pc is running problem,No Display / No Signal
monitor is black but pc is running problem,No Display / No Signal
monitor is black but pc is running problem,No Display / No Signal
monitor is black but pc is running problem,No Display / No Signal
monitor is black but pc is running 840,No Display / No Signal
monitor is black but pc is running problem,No Display / No Signal
monitor is black but pc is running problem,No Display / No Signal
monitor is black but pc is running problem,No Display / No Signal
monitor is black but pc is running problem,No Display / No Signal
my monitor is black but pc is running,No Display / No Signal
monitor is black but pc is running problem,No Display / No Signal
monitor is black but pc is running problem,No Display / No Signal
monitor is black but pc is running problem,No Display / No Signal
monitor is black but pc is running problem,No Display / No Signal
monitor is black but pc is running 850,No Display / No Signal
monitor is black but pc is running problem,No Display / No Signal
monitor is black but pc is running problem,No Display / No Signal
monitor is black but pc is running problem,No Display / No Signal
monitor is black but pc is running problem,No Display / No Signal
my monitor is black but pc is running,No Display / No Signal
monitor is black but pc is running problem,No Display / No Signal
monitor is black but pc is running problem,No Display / No Signal
monitor is black but pc is running problem,No Display / No Signal
monitor is black but pc is running problem,No Display / No Signal
monitor is black but pc is running 860,No Display / No Signal
monitor is black but pc is running problem,No Display / No Signal
monitor is black but pc is running problem,No Display / No Signal
monitor is black but pc is running problem,No Display / No Signal
monitor is black but pc is running problem,No Display / No Signal
my monitor is black but pc is running,No Display / No Signal
monitor is black but pc is running problem,No Display / No Signal
monitor is black but pc is running problem,No Display / No Signal
monitor is black but pc is running problem,No Display / No Signal
monitor is black but pc is running problem,No Display / No Signal
monitor is black but pc is running 870,No Display / No Signal
monitor is black but pc is running problem,No Display / No Signal
monitor is black but pc is running problem,No Display / No Signal
monitor is black but pc is running problem,No Display / No Signal
monitor is black but pc is running problem,No Display / No Signal
my monitor is black but pc is running,No Display / No Signal
monitor is black but pc is running problem,No Display / No Signal
monitor is black but pc is running problem,No Display / No Signal
monitor is black but pc is running problem,No Display / No Signal
monitor is black but pc is running problem,No Display / No Signal
monitor is black but pc is running 880,No Display / No Signal
monitor is black but pc is running problem,No Display / No Signal
monitor is black but pc is running problem,No Display / No Signal
monitor is black but pc is running problem,No Display / No Signal
monitor is black but pc is running problem,No Display / No Signal
my monitor is black but pc is running,No Display / No Signal
monitor is black but pc is running problem,No Display / No Signal
monitor is black but pc is running problem,No Display / No Signal
monitor is black but pc is running problem,No Display / No Signal
monitor is black but pc is running problem,No Display / No Signal
monitor is black but pc is running 890,No Display / No Signal
monitor is black but pc is running problem,No Display / No Signal
monitor is black but pc is running problem,No Display / No Signal
monitor is black but pc is running problem,No Display / No Signal
monitor is black but pc is running problem,No Display / No Signal
my monitor is black but pc is running,No Display / No Signal
monitor is black but pc is running problem,No Display / No Signal
monitor is black but pc is running problem,No Display / No Signal
monitor is black but pc is running problem,No Display / No Signal
monitor is black but pc is running problem,No Display / No Signal
monitor is black but pc is running 900,No Display / No Signal
monitor is black but pc is running problem,No Display / No Signal
monitor is black but pc is running problem,No Display / No Signal
monitor is black but pc is running problem,No Display / No Signal
monitor is black but pc is running problem,No Display / No Signal
my monitor is black but pc is running,No Display / No Signal
monitor is black but pc is running problem,No Display / No Signal
monitor is black but pc is running problem,No Display / No Signal
monitor is black but pc is running problem,No Display / No Signal
monitor is black but pc is running problem,No Display / No Signal
monitor is black but pc is running 910,No Display / No Signal
monitor is black but pc is running problem,No Display / No Signal
monitor is black but pc is running problem,No Display / No Signal
monitor is black but pc is running problem,No Display / No Signal
monitor is black but pc is running problem,No Display / No Signal
my monitor is black but pc is running,No Display / No Signal
monitor is black but pc is running problem,No Display / No Signal
monitor is black but pc is running problem,No Display / No Signal
monitor is black but pc is running problem,No Display / No Signal
monitor is black but pc is running problem,No Display / No Signal
monitor is black but pc is running 920,No Display / No Signal
monitor is black but pc is running problem,No Display / No Signal
monitor is black but pc is running problem,No Display / No Signal
monitor is black but pc is running problem,No Display / No Signal
monitor is black but pc is running problem,No Display / No Signal
my monitor is black but pc is running,No Display / No Signal
monitor is black but pc is running problem,No Display / No Signal
monitor is black but pc is running problem,No Display / No Signal
monitor is black but pc is running problem,No Display / No Signal
monitor is black but pc is running problem,No Display / No Signal
monitor is black but pc is running 930,No Display / No Signal
monitor is black but pc is running problem,No Display / No Signal
monitor is black but pc is running problem,No Display / No Signal
monitor is black but pc is running problem,No Display / No Signal
monitor is black but pc is running problem,No Display / No Signal
my monitor is black but pc is running,No Display / No Signal
monitor is black but pc is running problem,No Display / No Signal
monitor is black but pc is running problem,No Display / No Signal
monitor is black but pc is running problem,No Display / No Signal
monitor is black but pc is running problem,No Display / No Signal
monitor is black but pc is running 940,No Display / No Signal
monitor is black but pc is running problem,No Display / No Signal
monitor is black but pc is running problem,No Display / No Signal
monitor is black but pc is running problem,No Display / No Signal
monitor is black but pc is running problem,No Display / No Signal
my monitor is black but pc is running,No Display / No Signal
monitor is black but pc is running problem,No Display / No Signal
monitor is black but pc is running problem,No Display / No Signal
monitor is black but pc is running problem,No Display / No Signal
monitor is black but pc is running problem,No Display / No Signal
monitor is black but pc is running 950,No Display / No Signal
monitor is black but pc is running problem,No Display / No Signal
monitor is black but pc is running problem,No Display / No Signal
monitor is black but pc is running problem,No Display / No Signal
monitor is black but pc is running problem,No Display / No Signal
my monitor is black but pc is running,No Display / No Signal
monitor is black but pc is running problem,No Display / No Signal
monitor is black but pc is running problem,No Display / No Signal
monitor is black but pc is running problem,No Display / No Signal
monitor is black but pc is running problem,No Display / No Signal
monitor is black but pc is running 960,No Display / No Signal
monitor is black but pc is running problem,No Display / No Signal
monitor is black but pc is running problem,No Display / No Signal
monitor is black but pc is running problem,No Display / No Signal
monitor is black but pc is running problem,No Display / No Signal
my monitor is black but pc is running,No Display / No Signal
monitor is black but pc is running problem,No Display / No Signal
monitor is black but pc is running problem,No Display / No Signal
monitor is black but pc is running problem,No Display / No Signal
monitor is black but pc is running problem,No Display / No Signal
monitor is black but pc is running 970,No Display / No Signal
monitor is black but pc is running problem,No Display / No Signal
monitor is black but pc is running problem,No Display / No Signal
monitor is black but pc is running problem,No Display / No Signal
monitor is black but pc is running problem,No Display / No Signal
my monitor is black but pc is running,No Display / No Signal
monitor is black but pc is running problem,No Display / No Signal
monitor is black but pc is running problem,No Display / No Signal
monitor is black but pc is running problem,No Display / No Signal
monitor is black but pc is running problem,No Display / No Signal
monitor is black but pc is running 980,No Display / No Signal
monitor is black but pc is running problem,No Display / No Signal
monitor is black but pc is running problem,No Display / No Signal
monitor is black but pc is running problem,No Display / No Signal
monitor is black but pc is running problem,No Display / No Signal
my monitor is black but pc is running,No Display / No Signal
monitor is black but pc is running problem,No Display / No Signal
monitor is black but pc is running problem,No Display / No Signal
monitor is black but pc is running problem,No Display / No Signal
monitor is black but pc is running problem,No Display / No Signal
monitor is black but pc is running 990,No Display / No Signal
monitor is black but pc is running problem,No Display / No Signal
monitor is black but pc is running problem,No Display / No Signal
monitor is black but pc is running problem,No Display / No Signal
monitor is black but pc is running problem,No Display / No Signal
my monitor is black but pc is running,No Display / No Signal
monitor is black but pc is running problem,No Display / No Signal
monitor is black but pc is running problem,No Display / No Signal
monitor is black but pc is running problem,No Display / No Signal
monitor is black but pc is running problem,No Display / No Signal
monitor is black but pc is running 1000,No Display / No Signal
monitor is black but pc is running problem,No Display / No Signal
monitor is black but pc is running problem,No Display / No Signal
monitor is black but pc is running problem,No Display / No Signal
monitor is black but pc is running problem,No Display / No Signal
my monitor is black but pc is running,No Display / No Signal
monitor is black but pc is running problem,No Display / No Signal
monitor is black but pc is running problem,No Display / No Signal
monitor is black but pc is running problem,No Display / No Signal
monitor is black but pc is running problem,No Display / No Signal
monitor is black but pc is running 1010,No Display / No Signal
monitor is black but pc is running problem,No Display / No Signal
monitor is black but pc is running problem,No Display / No Signal
monitor is black but pc is running problem,No Display / No Signal
monitor is black but pc is running problem,No Display / No Signal
my monitor is black but pc is running,No Display / No Signal
monitor is black but pc is running problem,No Display / No Signal
monitor is black but pc is running problem,No Display / No Signal
monitor is black but pc is running problem,No Display / No Signal
monitor is black but pc is running problem,No Display / No Signal
monitor is black but pc is running 1020,No Display / No Signal
monitor is black but pc is running problem,No Display / No Signal
monitor is black but pc is running problem,No Display / No Signal
monitor is black but pc is running problem,No Display / No Signal
monitor is black but pc is running problem,No Display / No Signal
my monitor is black but pc is running,No Display / No Signal
monitor is black but pc is running problem,No Display / No Signal
monitor is black but pc is running problem,No Display / No Signal
monitor is black but pc is running problem,No Display / No Signal
monitor is black but pc is running problem,No Display / No Signal
monitor is black but pc is running 1030,No Display / No Signal
monitor is black but pc is running problem,No Display / No Signal
monitor is black but pc is running problem,No Display / No Signal
monitor is black but pc is running problem,No Display / No Signal
monitor is black but pc is running problem,No Display / No Signal
my monitor is black but pc is running,No Display / No Signal
monitor is black but pc is running problem,No Display / No Signal
monitor is black but pc is running problem,No Display / No Signal
monitor is black but pc is running problem,No Display / No Signal
monitor is black but pc is running problem,No Display / No Signal
monitor is black but pc is running 1040,No Display / No Signal
monitor is black but pc is running problem,No Display / No Signal
monitor is black but pc is running problem,No Display / No Signal
monitor is black but pc is running problem,No Display / No Signal
monitor is black but pc is running problem,No Display / No Signal
my monitor is black but pc is running,No Display / No Signal
monitor is black but pc is running problem,No Display / No Signal
monitor is black but pc is running problem,No Display / No Signal
monitor is black but pc is running problem,No Display / No Signal
monitor is black but pc is running problem,No Display / No Signal
monitor is black but pc is running 1050,No Display / No Signal
monitor is black but pc is running problem,No Display / No Signal
monitor is black but pc is running problem,No Display / No Signal
monitor is black but pc is running problem,No Display / No Signal
monitor is black but pc is running problem,No Display / No Signal
my monitor is black but pc is running,No Display / No Signal
monitor is black but pc is running problem,No Display / No Signal
monitor is black but pc is running problem,No Display / No Signal
monitor is black but pc is running problem,No Display / No Signal
monitor is black but pc is running problem,No Display / No Signal
monitor is black but pc is running 1060,No Display / No Signal
monitor is black but pc is running problem,No Display / No Signal
monitor is black but pc is running problem,No Display / No Signal
monitor is black but pc is running problem,No Display / No Signal
monitor is black but pc is running problem,No Display / No Signal
my monitor is black but pc is running,No Display / No Signal
monitor is black but pc is running problem,No Display / No Signal
monitor is black but pc is running problem,No Display / No Signal
monitor is black but pc is running problem,No Display / No Signal
monitor is black but pc is running problem,No Display / No Signal
monitor is black but pc is running 1070,No Display / No Signal
monitor is black but pc is running problem,No Display / No Signal
monitor is black but pc is running problem,No Display / No Signal
monitor is black but pc is running problem,No Display / No Signal
monitor is black but pc is running problem,No Display / No Signal
my monitor is black but pc is running,No Display / No Signal
monitor is black but pc is running problem,No Display / No Signal
monitor is black but pc is running problem,No Display / No Signal
monitor is black but pc is running problem,No Display / No Signal
monitor is black but pc is running problem,No Display / No Signal
monitor is black but pc is running 1080,No Display / No Signal
monitor is black but pc is running problem,No Display / No Signal
monitor is black but pc is running problem,No Display / No Signal
monitor is black but pc is running problem,No Display / No Signal
monitor is black but pc is running problem,No Display / No Signal
my monitor is black but pc is running,No Display / No Signal
monitor is black but pc is running problem,No Display / No Signal
monitor is black but pc is running problem,No Display / No Signal
monitor is black but pc is running problem,No Display / No Signal
monitor is black but pc is running problem,No Display / No Signal
monitor is black but pc is running 1090,No Display / No Signal
monitor is black but pc is running problem,No Display / No Signal
monitor is black but pc is running problem,No Display / No Signal
monitor is black but pc is running problem,No Display / No Signal
monitor is black but pc is running problem,No Display / No Signal
my monitor is black but pc is running,No Display / No Signal
screen flickering,Monitor Issue
screen has lines,Monitor Issue
screen is too dark,Monitor Issue
screen is too bright,Monitor Issue
screen shows wrong colors,Monitor Issue
screen resolution looks bad,Monitor Issue
monitor flickering,Monitor Issue
display flickering,Monitor Issue
screen keeps flickering,Monitor Issue
monitor showing lines,Monitor Issue
display has vertical lines,Monitor Issue
screen brightness too low,Monitor Issue
monitor screen too dark,Monitor Issue
screen colors wrong,Monitor Issue
monitor resolution looks bad,Monitor Issue
screen flickering 0,Monitor Issue
screen flickering problem,Monitor Issue
screen flickering problem,Monitor Issue
screen flickering problem,Monitor Issue
screen flickering problem,Monitor Issue
my screen flickering,Monitor Issue
screen flickering problem,Monitor Issue
screen flickering problem,Monitor Issue
screen flickering problem,Monitor Issue
screen flickering problem,Monitor Issue
screen flickering 10,Monitor Issue
screen flickering problem,Monitor Issue
screen flickering problem,Monitor Issue
screen flickering problem,Monitor Issue
screen flickering problem,Monitor Issue
my screen flickering,Monitor Issue
screen flickering problem,Monitor Issue
screen flickering problem,Monitor Issue
screen flickering problem,Monitor Issue
screen flickering problem,Monitor Issue
screen flickering 20,Monitor Issue
screen flickering problem,Monitor Issue
screen flickering problem,Monitor Issue
screen flickering problem,Monitor Issue
screen flickering problem,Monitor Issue
my screen flickering,Monitor Issue
screen flickering problem,Monitor Issue
screen flickering problem,Monitor Issue
screen flickering problem,Monitor Issue
screen flickering problem,Monitor Issue
screen flickering 30,Monitor Issue
screen flickering problem,Monitor Issue
screen flickering problem,Monitor Issue
screen flickering problem,Monitor Issue
screen flickering problem,Monitor Issue
my screen flickering,Monitor Issue
screen flickering problem,Monitor Issue
screen flickering problem,Monitor Issue
screen flickering problem,Monitor Issue
screen flickering problem,Monitor Issue
screen flickering 40,Monitor Issue
screen flickering problem,Monitor Issue
screen flickering problem,Monitor Issue
screen flickering problem,Monitor Issue
screen flickering problem,Monitor Issue
my screen flickering,Monitor Issue
screen flickering problem,Monitor Issue
screen flickering problem,Monitor Issue
screen flickering problem,Monitor Issue
screen flickering problem,Monitor Issue
screen flickering 50,Monitor Issue
screen flickering problem,Monitor Issue
screen flickering problem,Monitor Issue
screen flickering problem,Monitor Issue
screen flickering problem,Monitor Issue
my screen flickering,Monitor Issue
screen flickering problem,Monitor Issue
screen flickering problem,Monitor Issue
screen flickering problem,Monitor Issue
screen flickering problem,Monitor Issue
screen flickering 60,Monitor Issue
screen flickering problem,Monitor Issue
screen flickering problem,Monitor Issue
screen flickering problem,Monitor Issue
screen flickering problem,Monitor Issue
my screen flickering,Monitor Issue
screen flickering problem,Monitor Issue
screen flickering problem,Monitor Issue
screen flickering problem,Monitor Issue
screen flickering problem,Monitor Issue
screen flickering 70,Monitor Issue
screen flickering problem,Monitor Issue
screen flickering problem,Monitor Issue
screen flickering problem,Monitor Issue
screen flickering problem,Monitor Issue
my screen flickering,Monitor Issue
screen flickering problem,Monitor Issue
screen flickering problem,Monitor Issue
screen flickering problem,Monitor Issue
screen flickering problem,Monitor Issue
screen flickering 80,Monitor Issue
screen flickering problem,Monitor Issue
screen flickering problem,Monitor Issue
screen flickering problem,Monitor Issue
screen flickering problem,Monitor Issue
my screen flickering,Monitor Issue
screen flickering problem,Monitor Issue
screen flickering problem,Monitor Issue
screen flickering problem,Monitor Issue
screen flickering problem,Monitor Issue
screen flickering 90,Monitor Issue
screen flickering problem,Monitor Issue
screen flickering problem,Monitor Issue
screen flickering problem,Monitor Issue
screen flickering problem,Monitor Issue
my screen flickering,Monitor Issue
screen flickering problem,Monitor Issue
screen flickering problem,Monitor Issue
screen flickering problem,Monitor Issue
screen flickering problem,Monitor Issue
screen flickering 100,Monitor Issue
screen flickering problem,Monitor Issue
screen flickering problem,Monitor Issue
screen flickering problem,Monitor Issue
screen flickering problem,Monitor Issue
my screen flickering,Monitor Issue
screen flickering problem,Monitor Issue
screen flickering problem,Monitor Issue
screen flickering problem,Monitor Issue
screen flickering problem,Monitor Issue
screen flickering 110,Monitor Issue
screen flickering problem,Monitor Issue
screen flickering problem,Monitor Issue
screen flickering problem,Monitor Issue
screen flickering problem,Monitor Issue
my screen flickering,Monitor Issue
screen flickering problem,Monitor Issue
screen flickering problem,Monitor Issue
screen flickering problem,Monitor Issue
screen flickering problem,Monitor Issue
screen flickering 120,Monitor Issue
screen flickering problem,Monitor Issue
screen flickering problem,Monitor Issue
screen flickering problem,Monitor Issue
screen flickering problem,Monitor Issue
my screen flickering,Monitor Issue
screen flickering problem,Monitor Issue
screen flickering problem,Monitor Issue
screen flickering problem,Monitor Issue
screen flickering problem,Monitor Issue
screen flickering 130,Monitor Issue
screen flickering problem,Monitor Issue
screen flickering problem,Monitor Issue
screen flickering problem,Monitor Issue
screen flickering problem,Monitor Issue
my screen flickering,Monitor Issue
screen flickering problem,Monitor Issue
screen flickering problem,Monitor Issue
screen flickering problem,Monitor Issue
screen flickering problem,Monitor Issue
screen flickering 140,Monitor Issue
screen flickering problem,Monitor Issue
screen flickering problem,Monitor Issue
screen flickering problem,Monitor Issue
screen flickering problem,Monitor Issue
my screen flickering,Monitor Issue
screen flickering problem,Monitor Issue
screen flickering problem,Monitor Issue
screen flickering problem,Monitor Issue
screen flickering problem,Monitor Issue
screen flickering 150,Monitor Issue
screen flickering problem,Monitor Issue
screen flickering problem,Monitor Issue
screen flickering problem,Monitor Issue
screen flickering problem,Monitor Issue
my screen flickering,Monitor Issue
screen flickering problem,Monitor Issue
screen flickering problem,Monitor Issue
screen flickering problem,Monitor Issue
screen flickering problem,Monitor Issue
screen flickering 160,Monitor Issue
screen flickering problem,Monitor Issue
screen flickering problem,Monitor Issue
screen flickering problem,Monitor Issue
screen flickering problem,Monitor Issue
my screen flickering,Monitor Issue
screen flickering problem,Monitor Issue
screen flickering problem,Monitor Issue
screen flickering problem,Monitor Issue
screen flickering problem,Monitor Issue
screen flickering 170,Monitor Issue
screen flickering problem,Monitor Issue
screen flickering problem,Monitor Issue
screen flickering problem,Monitor Issue
screen flickering problem,Monitor Issue
my screen flickering,Monitor Issue
screen flickering problem,Monitor Issue
screen flickering problem,Monitor Issue
screen flickering problem,Monitor Issue
screen flickering problem,Monitor Issue
screen flickering 180,Monitor Issue
screen flickering problem,Monitor Issue
screen flickering problem,Monitor Issue
screen flickering problem,Monitor Issue
screen flickering problem,Monitor Issue
my screen flickering,Monitor Issue
screen flickering problem,Monitor Issue
screen flickering problem,Monitor Issue
screen flickering problem,Monitor Issue
screen flickering problem,Monitor Issue
screen flickering 190,Monitor Issue
screen flickering problem,Monitor Issue
screen flickering problem,Monitor Issue
screen flickering problem,Monitor Issue
screen flickering problem,Monitor Issue
my screen flickering,Monitor Issue
screen flickering problem,Monitor Issue
screen flickering problem,Monitor Issue
screen flickering problem,Monitor Issue
screen flickering problem,Monitor Issue
screen flickering 200,Monitor Issue
screen flickering problem,Monitor Issue
screen flickering problem,Monitor Issue
screen flickering problem,Monitor Issue
screen flickering problem,Monitor Issue
my screen flickering,Monitor Issue
screen flickering problem,Monitor Issue
screen flickering problem,Monitor Issue
screen flickering problem,Monitor Issue
screen flickering problem,Monitor Issue
screen flickering 210,Monitor Issue
screen flickering problem,Monitor Issue
screen flickering problem,Monitor Issue
screen flickering problem,Monitor Issue
screen flickering problem,Monitor Issue
my screen flickering,Monitor Issue
screen flickering problem,Monitor Issue
screen flickering problem,Monitor Issue
screen flickering problem,Monitor Issue
screen flickering problem,Monitor Issue
screen flickering 220,Monitor Issue
screen flickering problem,Monitor Issue
screen flickering problem,Monitor Issue
screen flickering problem,Monitor Issue
screen flickering problem,Monitor Issue
my screen flickering,Monitor Issue
screen flickering problem,Monitor Issue
screen flickering problem,Monitor Issue
screen flickering problem,Monitor Issue
screen flickering problem,Monitor Issue
screen flickering 230,Monitor Issue
screen flickering problem,Monitor Issue
screen flickering problem,Monitor Issue
screen flickering problem,Monitor Issue
screen flickering problem,Monitor Issue
my screen flickering,Monitor Issue
screen flickering problem,Monitor Issue
screen flickering problem,Monitor Issue
screen flickering problem,Monitor Issue
screen flickering problem,Monitor Issue
screen flickering 240,Monitor Issue
screen flickering problem,Monitor Issue
screen flickering problem,Monitor Issue
screen flickering problem,Monitor Issue
screen flickering problem,Monitor Issue
my screen flickering,Monitor Issue
screen flickering problem,Monitor Issue
screen flickering problem,Monitor Issue
screen flickering problem,Monitor Issue
screen flickering problem,Monitor Issue
screen flickering 250,Monitor Issue
screen flickering problem,Monitor Issue
screen flickering problem,Monitor Issue
screen flickering problem,Monitor Issue
screen flickering problem,Monitor Issue
my screen flickering,Monitor Issue
screen flickering problem,Monitor Issue
screen flickering problem,Monitor Issue
screen flickering problem,Monitor Issue
screen flickering problem,Monitor Issue
screen flickering 260,Monitor Issue
screen flickering problem,Monitor Issue
screen flickering problem,Monitor Issue
screen flickering problem,Monitor Issue
screen flickering problem,Monitor Issue
my screen flickering,Monitor Issue
screen flickering problem,Monitor Issue
screen flickering problem,Monitor Issue
screen flickering problem,Monitor Issue
screen flickering problem,Monitor Issue
screen flickering 270,Monitor Issue
screen flickering problem,Monitor Issue
screen flickering problem,Monitor Issue
screen flickering problem,Monitor Issue
screen flickering problem,Monitor Issue
my screen flickering,Monitor Issue
screen flickering problem,Monitor Issue
screen flickering problem,Monitor Issue
screen flickering problem,Monitor Issue
screen flickering problem,Monitor Issue
screen flickering 280,Monitor Issue
screen flickering problem,Monitor Issue
screen flickering problem,Monitor Issue
screen flickering problem,Monitor Issue
screen flickering problem,Monitor Issue
my screen flickering,Monitor Issue
screen flickering problem,Monitor Issue
screen flickering problem,Monitor Issue
screen flickering problem,Monitor Issue
screen flickering problem,Monitor Issue
screen flickering 290,Monitor Issue
screen flickering problem,Monitor Issue
screen flickering problem,Monitor Issue
screen flickering problem,Monitor Issue
screen flickering problem,Monitor Issue
my screen flickering,Monitor Issue
screen flickering problem,Monitor Issue
screen flickering problem,Monitor Issue
screen flickering problem,Monitor Issue
screen flickering problem,Monitor Issue
screen flickering 300,Monitor Issue
screen flickering problem,Monitor Issue
screen flickering problem,Monitor Issue
screen flickering problem,Monitor Issue
screen flickering problem,Monitor Issue
my screen flickering,Monitor Issue
screen flickering problem,Monitor Issue
screen flickering problem,Monitor Issue
screen flickering problem,Monitor Issue
screen flickering problem,Monitor Issue
screen flickering 310,Monitor Issue
screen flickering problem,Monitor Issue
screen flickering problem,Monitor Issue
screen flickering problem,Monitor Issue
screen flickering problem,Monitor Issue
my screen flickering,Monitor Issue
screen flickering problem,Monitor Issue
screen flickering problem,Monitor Issue
screen flickering problem,Monitor Issue
screen flickering problem,Monitor Issue
screen flickering 320,Monitor Issue
screen flickering problem,Monitor Issue
screen flickering problem,Monitor Issue
screen flickering problem,Monitor Issue
screen flickering problem,Monitor Issue
my screen flickering,Monitor Issue
screen flickering problem,Monitor Issue
screen flickering problem,Monitor Issue
screen flickering problem,Monitor Issue
screen flickering problem,Monitor Issue
screen flickering 330,Monitor Issue
screen flickering problem,Monitor Issue
screen flickering problem,Monitor Issue
screen flickering problem,Monitor Issue
screen flickering problem,Monitor Issue
my screen flickering,Monitor Issue
screen flickering problem,Monitor Issue
screen flickering problem,Monitor Issue
screen flickering problem,Monitor Issue
screen flickering problem,Monitor Issue
screen flickering 340,Monitor Issue
screen flickering problem,Monitor Issue
screen flickering problem,Monitor Issue
screen flickering problem,Monitor Issue
screen flickering problem,Monitor Issue
my screen flickering,Monitor Issue
screen flickering problem,Monitor Issue
screen flickering problem,Monitor Issue
screen flickering problem,Monitor Issue
screen flickering problem,Monitor Issue
screen flickering 350,Monitor Issue
screen flickering problem,Monitor Issue
screen flickering problem,Monitor Issue
screen flickering problem,Monitor Issue
screen flickering problem,Monitor Issue
my screen flickering,Monitor Issue
screen flickering problem,Monitor Issue
screen flickering problem,Monitor Issue
screen flickering problem,Monitor Issue
screen flickering problem,Monitor Issue
screen flickering 360,Monitor Issue
screen flickering problem,Monitor Issue
screen flickering problem,Monitor Issue
screen flickering problem,Monitor Issue
screen flickering problem,Monitor Issue
my screen flickering,Monitor Issue
screen flickering problem,Monitor Issue
screen flickering problem,Monitor Issue
screen flickering problem,Monitor Issue
screen flickering problem,Monitor Issue
screen flickering 370,Monitor Issue
screen flickering problem,Monitor Issue
screen flickering problem,Monitor Issue
screen flickering problem,Monitor Issue
screen flickering problem,Monitor Issue
my screen flickering,Monitor Issue
screen flickering problem,Monitor Issue
screen flickering problem,Monitor Issue
screen flickering problem,Monitor Issue
screen flickering problem,Monitor Issue
screen flickering 380,Monitor Issue
screen flickering problem,Monitor Issue
screen flickering problem,Monitor Issue
screen flickering problem,Monitor Issue
screen flickering problem,Monitor Issue
my screen flickering,Monitor Issue
screen flickering problem,Monitor Issue
screen flickering problem,Monitor Issue
screen flickering problem,Monitor Issue
screen flickering problem,Monitor Issue
screen flickering 390,Monitor Issue
screen flickering problem,Monitor Issue
screen flickering problem,Monitor Issue
screen flickering problem,Monitor Issue
screen flickering problem,Monitor Issue
my screen flickering,Monitor Issue
screen flickering problem,Monitor Issue
screen flickering problem,Monitor Issue
screen flickering problem,Monitor Issue
screen flickering problem,Monitor Issue
screen flickering 400,Monitor Issue
screen flickering problem,Monitor Issue
screen flickering problem,Monitor Issue
screen flickering problem,Monitor Issue
screen flickering problem,Monitor Issue
my screen flickering,Monitor Issue
screen flickering problem,Monitor Issue
screen flickering problem,Monitor Issue
screen flickering problem,Monitor Issue
screen flickering problem,Monitor Issue
screen flickering 410,Monitor Issue
screen flickering problem,Monitor Issue
screen flickering problem,Monitor Issue
screen flickering problem,Monitor Issue
screen flickering problem,Monitor Issue
my screen flickering,Monitor Issue
screen flickering problem,Monitor Issue
screen flickering problem,Monitor Issue
screen flickering problem,Monitor Issue
screen flickering problem,Monitor Issue
screen flickering 420,Monitor Issue
screen flickering problem,Monitor Issue
screen flickering problem,Monitor Issue
screen flickering problem,Monitor Issue
screen flickering problem,Monitor Issue
my screen flickering,Monitor Issue
screen flickering problem,Monitor Issue
screen flickering problem,Monitor Issue
screen flickering problem,Monitor Issue
screen flickering problem,Monitor Issue
screen flickering 430,Monitor Issue
screen flickering problem,Monitor Issue
screen flickering problem,Monitor Issue
screen flickering problem,Monitor Issue
screen flickering problem,Monitor Issue
my screen flickering,Monitor Issue
screen flickering problem,Monitor Issue
screen flickering problem,Monitor Issue
screen flickering problem,Monitor Issue
screen flickering problem,Monitor Issue
screen flickering 440,Monitor Issue
screen flickering problem,Monitor Issue
screen flickering problem,Monitor Issue
screen flickering problem,Monitor Issue
screen flickering problem,Monitor Issue
my screen flickering,Monitor Issue
screen flickering problem,Monitor Issue
screen flickering problem,Monitor Issue
screen flickering problem,Monitor Issue
screen flickering problem,Monitor Issue
screen flickering 450,Monitor Issue
screen flickering problem,Monitor Issue
screen flickering problem,Monitor Issue
screen flickering problem,Monitor Issue
screen flickering problem,Monitor Issue
my screen flickering,Monitor Issue
screen flickering problem,Monitor Issue
screen flickering problem,Monitor Issue
screen flickering problem,Monitor Issue
screen flickering problem,Monitor Issue
screen flickering 460,Monitor Issue
screen flickering problem,Monitor Issue
screen flickering problem,Monitor Issue
screen flickering problem,Monitor Issue
screen flickering problem,Monitor Issue
my screen flickering,Monitor Issue
screen flickering problem,Monitor Issue
screen flickering problem,Monitor Issue
screen flickering problem,Monitor Issue
screen flickering problem,Monitor Issue
screen flickering 470,Monitor Issue
screen flickering problem,Monitor Issue
screen flickering problem,Monitor Issue
screen flickering problem,Monitor Issue
screen flickering problem,Monitor Issue
my screen flickering,Monitor Issue
screen flickering problem,Monitor Issue
screen flickering problem,Monitor Issue
screen flickering problem,Monitor Issue
screen flickering problem,Monitor Issue
screen flickering 480,Monitor Issue
screen flickering problem,Monitor Issue
screen flickering problem,Monitor Issue
screen flickering problem,Monitor Issue
screen flickering problem,Monitor Issue
my screen flickering,Monitor Issue
screen flickering problem,Monitor Issue
screen flickering problem,Monitor Issue
screen flickering problem,Monitor Issue
screen flickering problem,Monitor Issue
screen flickering 490,Monitor Issue
screen flickering problem,Monitor Issue
screen flickering problem,Monitor Issue
screen flickering problem,Monitor Issue
screen flickering problem,Monitor Issue
my screen flickering,Monitor Issue
screen flickering problem,Monitor Issue
screen flickering problem,Monitor Issue
screen flickering problem,Monitor Issue
screen flickering problem,Monitor Issue
screen flickering 500,Monitor Issue
screen flickering problem,Monitor Issue
screen flickering problem,Monitor Issue
screen flickering problem,Monitor Issue
screen flickering problem,Monitor Issue
my screen flickering,Monitor Issue
screen flickering problem,Monitor Issue
screen flickering problem,Monitor Issue
screen flickering problem,Monitor Issue
screen flickering problem,Monitor Issue
screen flickering 510,Monitor Issue
screen flickering problem,Monitor Issue
screen flickering problem,Monitor Issue
screen flickering problem,Monitor Issue
screen flickering problem,Monitor Issue
my screen flickering,Monitor Issue
screen flickering problem,Monitor Issue
screen flickering problem,Monitor Issue
screen flickering problem,Monitor Issue
screen flickering problem,Monitor Issue
screen flickering 520,Monitor Issue
screen flickering problem,Monitor Issue
screen flickering problem,Monitor Issue
screen flickering problem,Monitor Issue
screen flickering problem,Monitor Issue
my screen flickering,Monitor Issue
screen flickering problem,Monitor Issue
screen flickering problem,Monitor Issue
screen flickering problem,Monitor Issue
screen flickering problem,Monitor Issue
screen flickering 530,Monitor Issue
screen flickering problem,Monitor Issue
screen flickering problem,Monitor Issue
screen flickering problem,Monitor Issue
screen flickering problem,Monitor Issue
my screen flickering,Monitor Issue
screen flickering problem,Monitor Issue
screen flickering problem,Monitor Issue
screen flickering problem,Monitor Issue
screen flickering problem,Monitor Issue
screen flickering 540,Monitor Issue
screen flickering problem,Monitor Issue
screen flickering problem,Monitor Issue
screen flickering problem,Monitor Issue
screen flickering problem,Monitor Issue
my screen flickering,Monitor Issue
screen flickering problem,Monitor Issue
screen flickering problem,Monitor Issue
screen flickering problem,Monitor Issue
screen flickering problem,Monitor Issue
screen flickering 550,Monitor Issue
screen flickering problem,Monitor Issue
screen flickering problem,Monitor Issue
screen flickering problem,Monitor Issue
screen flickering problem,Monitor Issue
my screen flickering,Monitor Issue
screen flickering problem,Monitor Issue
screen flickering problem,Monitor Issue
screen flickering problem,Monitor Issue
screen flickering problem,Monitor Issue
screen flickering 560,Monitor Issue
screen flickering problem,Monitor Issue
screen flickering problem,Monitor Issue
screen flickering problem,Monitor Issue
screen flickering problem,Monitor Issue
my screen flickering,Monitor Issue
screen flickering problem,Monitor Issue
screen flickering problem,Monitor Issue
screen flickering problem,Monitor Issue
screen flickering problem,Monitor Issue
screen flickering 570,Monitor Issue
screen flickering problem,Monitor Issue
screen flickering problem,Monitor Issue
screen flickering problem,Monitor Issue
screen flickering problem,Monitor Issue
my screen flickering,Monitor Issue
screen flickering problem,Monitor Issue
screen flickering problem,Monitor Issue
screen flickering problem,Monitor Issue
screen flickering problem,Monitor Issue
screen flickering 580,Monitor Issue
screen flickering problem,Monitor Issue
screen flickering problem,Monitor Issue
screen flickering problem,Monitor Issue
screen flickering problem,Monitor Issue
my screen flickering,Monitor Issue
screen flickering problem,Monitor Issue
screen flickering problem,Monitor Issue
screen flickering problem,Monitor Issue
screen flickering problem,Monitor Issue
screen flickering 590,Monitor Issue
screen flickering problem,Monitor Issue
screen flickering problem,Monitor Issue
screen flickering problem,Monitor Issue
screen flickering problem,Monitor Issue
my screen flickering,Monitor Issue
screen flickering problem,Monitor Issue
screen flickering problem,Monitor Issue
screen flickering problem,Monitor Issue
screen flickering problem,Monitor Issue
screen flickering 600,Monitor Issue
screen flickering problem,Monitor Issue
screen flickering problem,Monitor Issue
screen flickering problem,Monitor Issue
screen flickering problem,Monitor Issue
my screen flickering,Monitor Issue
screen flickering problem,Monitor Issue
screen flickering problem,Monitor Issue
screen flickering problem,Monitor Issue
screen flickering problem,Monitor Issue
screen flickering 610,Monitor Issue
screen flickering problem,Monitor Issue
screen flickering problem,Monitor Issue
screen flickering problem,Monitor Issue
screen flickering problem,Monitor Issue
my screen flickering,Monitor Issue
screen flickering problem,Monitor Issue
screen flickering problem,Monitor Issue
screen flickering problem,Monitor Issue
screen flickering problem,Monitor Issue
screen flickering 620,Monitor Issue
screen flickering problem,Monitor Issue
screen flickering problem,Monitor Issue
screen flickering problem,Monitor Issue
screen flickering problem,Monitor Issue
my screen flickering,Monitor Issue
screen flickering problem,Monitor Issue
screen flickering problem,Monitor Issue
screen flickering problem,Monitor Issue
screen flickering problem,Monitor Issue
screen flickering 630,Monitor Issue
screen flickering problem,Monitor Issue
screen flickering problem,Monitor Issue
screen flickering problem,Monitor Issue
screen flickering problem,Monitor Issue
my screen flickering,Monitor Issue
screen flickering problem,Monitor Issue
screen flickering problem,Monitor Issue
screen flickering problem,Monitor Issue
screen flickering problem,Monitor Issue
screen flickering 640,Monitor Issue
screen flickering problem,Monitor Issue
screen flickering problem,Monitor Issue
screen flickering problem,Monitor Issue
screen flickering problem,Monitor Issue
my screen flickering,Monitor Issue
screen flickering problem,Monitor Issue
screen flickering problem,Monitor Issue
screen flickering problem,Monitor Issue
screen flickering problem,Monitor Issue
screen flickering 650,Monitor Issue
screen flickering problem,Monitor Issue
screen flickering problem,Monitor Issue
screen flickering problem,Monitor Issue
screen flickering problem,Monitor Issue
my screen flickering,Monitor Issue
screen flickering problem,Monitor Issue
screen flickering problem,Monitor Issue
screen flickering problem,Monitor Issue
screen flickering problem,Monitor Issue
screen flickering 660,Monitor Issue
screen flickering problem,Monitor Issue
screen flickering problem,Monitor Issue
screen flickering problem,Monitor Issue
screen flickering problem,Monitor Issue
my screen flickering,Monitor Issue
screen flickering problem,Monitor Issue
screen flickering problem,Monitor Issue
screen flickering problem,Monitor Issue
screen flickering problem,Monitor Issue
screen flickering 670,Monitor Issue
screen flickering problem,Monitor Issue
screen flickering problem,Monitor Issue
screen flickering problem,Monitor Issue
screen flickering problem,Monitor Issue
my screen flickering,Monitor Issue
screen flickering problem,Monitor Issue
screen flickering problem,Monitor Issue
screen flickering problem,Monitor Issue
screen flickering problem,Monitor Issue
screen flickering 680,Monitor Issue
screen flickering problem,Monitor Issue
screen flickering problem,Monitor Issue
screen flickering problem,Monitor Issue
screen flickering problem,Monitor Issue
my screen flickering,Monitor Issue
screen flickering problem,Monitor Issue
screen flickering problem,Monitor Issue
screen flickering problem,Monitor Issue
screen flickering problem,Monitor Issue
screen flickering 690,Monitor Issue
screen flickering problem,Monitor Issue
screen flickering problem,Monitor Issue
screen flickering problem,Monitor Issue
screen flickering problem,Monitor Issue
my screen flickering,Monitor Issue
screen flickering problem,Monitor Issue
screen flickering problem,Monitor Issue
screen flickering problem,Monitor Issue
screen flickering problem,Monitor Issue
screen flickering 700,Monitor Issue
screen flickering problem,Monitor Issue
screen flickering problem,Monitor Issue
screen flickering problem,Monitor Issue
screen flickering problem,Monitor Issue
my screen flickering,Monitor Issue
screen flickering problem,Monitor Issue
screen flickering problem,Monitor Issue
screen flickering problem,Monitor Issue
screen flickering problem,Monitor Issue
screen flickering 710,Monitor Issue
screen flickering problem,Monitor Issue
screen flickering problem,Monitor Issue
screen flickering problem,Monitor Issue
screen flickering problem,Monitor Issue
my screen flickering,Monitor Issue
screen flickering problem,Monitor Issue
screen flickering problem,Monitor Issue
screen flickering problem,Monitor Issue
screen flickering problem,Monitor Issue
screen flickering 720,Monitor Issue
screen flickering problem,Monitor Issue
screen flickering problem,Monitor Issue
screen flickering problem,Monitor Issue
screen flickering problem,Monitor Issue
my screen flickering,Monitor Issue
screen flickering problem,Monitor Issue
screen flickering problem,Monitor Issue
screen flickering problem,Monitor Issue
screen flickering problem,Monitor Issue
screen flickering 730,Monitor Issue
screen flickering problem,Monitor Issue
screen flickering problem,Monitor Issue
screen flickering problem,Monitor Issue
screen flickering problem,Monitor Issue
my screen flickering,Monitor Issue
screen flickering problem,Monitor Issue
screen flickering problem,Monitor Issue
screen flickering problem,Monitor Issue
screen flickering problem,Monitor Issue
screen flickering 740,Monitor Issue
screen flickering problem,Monitor Issue
screen flickering problem,Monitor Issue
screen flickering problem,Monitor Issue
screen flickering problem,Monitor Issue
my screen flickering,Monitor Issue
screen flickering problem,Monitor Issue
screen flickering problem,Monitor Issue
screen flickering problem,Monitor Issue
screen flickering problem,Monitor Issue
screen flickering 750,Monitor Issue
screen flickering problem,Monitor Issue
screen flickering problem,Monitor Issue
screen flickering problem,Monitor Issue
screen flickering problem,Monitor Issue
my screen flickering,Monitor Issue
screen flickering problem,Monitor Issue
screen flickering problem,Monitor Issue
screen flickering problem,Monitor Issue
screen flickering problem,Monitor Issue
screen flickering 760,Monitor Issue
screen flickering problem,Monitor Issue
screen flickering problem,Monitor Issue
screen flickering problem,Monitor Issue
screen flickering problem,Monitor Issue
my screen flickering,Monitor Issue
screen flickering problem,Monitor Issue
screen flickering problem,Monitor Issue
screen flickering problem,Monitor Issue
screen flickering problem,Monitor Issue
screen flickering 770,Monitor Issue
screen flickering problem,Monitor Issue
screen flickering problem,Monitor Issue
screen flickering problem,Monitor Issue
screen flickering problem,Monitor Issue
my screen flickering,Monitor Issue
screen flickering problem,Monitor Issue
screen flickering problem,Monitor Issue
screen flickering problem,Monitor Issue
screen flickering problem,Monitor Issue
screen flickering 780,Monitor Issue
screen flickering problem,Monitor Issue
screen flickering problem,Monitor Issue
screen flickering problem,Monitor Issue
screen flickering problem,Monitor Issue
my screen flickering,Monitor Issue
screen flickering problem,Monitor Issue
screen flickering problem,Monitor Issue
screen flickering problem,Monitor Issue
screen flickering problem,Monitor Issue
screen flickering 790,Monitor Issue
screen flickering problem,Monitor Issue
screen flickering problem,Monitor Issue
screen flickering problem,Monitor Issue
screen flickering problem,Monitor Issue
my screen flickering,Monitor Issue
screen flickering problem,Monitor Issue
screen flickering problem,Monitor Issue
screen flickering problem,Monitor Issue
screen flickering problem,Monitor Issue
screen flickering 800,Monitor Issue
screen flickering problem,Monitor Issue
screen flickering problem,Monitor Issue
screen flickering problem,Monitor Issue
screen flickering problem,Monitor Issue
my screen flickering,Monitor Issue
screen flickering problem,Monitor Issue
screen flickering problem,Monitor Issue
screen flickering problem,Monitor Issue
screen flickering problem,Monitor Issue
screen flickering 810,Monitor Issue
screen flickering problem,Monitor Issue
screen flickering problem,Monitor Issue
screen flickering problem,Monitor Issue
screen flickering problem,Monitor Issue
my screen flickering,Monitor Issue
screen flickering problem,Monitor Issue
screen flickering problem,Monitor Issue
screen flickering problem,Monitor Issue
screen flickering problem,Monitor Issue
screen flickering 820,Monitor Issue
screen flickering problem,Monitor Issue
screen flickering problem,Monitor Issue
screen flickering problem,Monitor Issue
screen flickering problem,Monitor Issue
my screen flickering,Monitor Issue
screen flickering problem,Monitor Issue
screen flickering problem,Monitor Issue
screen flickering problem,Monitor Issue
screen flickering problem,Monitor Issue
screen flickering 830,Monitor Issue
screen flickering problem,Monitor Issue
screen flickering problem,Monitor Issue
screen flickering problem,Monitor Issue
screen flickering problem,Monitor Issue
my screen flickering,Monitor Issue
screen flickering problem,Monitor Issue
screen flickering problem,Monitor Issue
screen flickering problem,Monitor Issue
screen flickering problem,Monitor Issue
screen flickering 840,Monitor Issue
screen flickering problem,Monitor Issue
screen flickering problem,Monitor Issue
screen flickering problem,Monitor Issue
screen flickering problem,Monitor Issue
my screen flickering,Monitor Issue
screen flickering problem,Monitor Issue
screen flickering problem,Monitor Issue
screen flickering problem,Monitor Issue
screen flickering problem,Monitor Issue
screen flickering 850,Monitor Issue
screen flickering problem,Monitor Issue
screen flickering problem,Monitor Issue
screen flickering problem,Monitor Issue
screen flickering problem,Monitor Issue
my screen flickering,Monitor Issue
screen flickering problem,Monitor Issue
screen flickering problem,Monitor Issue
screen flickering problem,Monitor Issue
screen flickering problem,Monitor Issue
screen flickering 860,Monitor Issue
screen flickering problem,Monitor Issue
screen flickering problem,Monitor Issue
screen flickering problem,Monitor Issue
screen flickering problem,Monitor Issue
my screen flickering,Monitor Issue
screen flickering problem,Monitor Issue
screen flickering problem,Monitor Issue
screen flickering problem,Monitor Issue
screen flickering problem,Monitor Issue
screen flickering 870,Monitor Issue
screen flickering problem,Monitor Issue
screen flickering problem,Monitor Issue
screen flickering problem,Monitor Issue
screen flickering problem,Monitor Issue
my screen flickering,Monitor Issue
screen flickering problem,Monitor Issue
screen flickering problem,Monitor Issue
screen flickering problem,Monitor Issue
screen flickering problem,Monitor Issue
screen flickering 880,Monitor Issue
screen flickering problem,Monitor Issue
screen flickering problem,Monitor Issue
screen flickering problem,Monitor Issue
screen flickering problem,Monitor Issue
my screen flickering,Monitor Issue
screen flickering problem,Monitor Issue
screen flickering problem,Monitor Issue
screen flickering problem,Monitor Issue
screen flickering problem,Monitor Issue
screen flickering 890,Monitor Issue
screen flickering problem,Monitor Issue
screen flickering problem,Monitor Issue
screen flickering problem,Monitor Issue
screen flickering problem,Monitor Issue
my screen flickering,Monitor Issue
screen flickering problem,Monitor Issue
screen flickering problem,Monitor Issue
screen flickering problem,Monitor Issue
screen flickering problem,Monitor Issue
screen flickering 900,Monitor Issue
screen flickering problem,Monitor Issue
screen flickering problem,Monitor Issue
screen flickering problem,Monitor Issue
screen flickering problem,Monitor Issue
my screen flickering,Monitor Issue
screen flickering problem,Monitor Issue
screen flickering problem,Monitor Issue
screen flickering problem,Monitor Issue
screen flickering problem,Monitor Issue
screen flickering 910,Monitor Issue
screen flickering problem,Monitor Issue
screen flickering problem,Monitor Issue
screen flickering problem,Monitor Issue
screen flickering problem,Monitor Issue
my screen flickering,Monitor Issue
screen flickering problem,Monitor Issue
screen flickering problem,Monitor Issue
screen flickering problem,Monitor Issue
screen flickering problem,Monitor Issue
screen flickering 920,Monitor Issue
screen flickering problem,Monitor Issue
screen flickering problem,Monitor Issue
screen flickering problem,Monitor Issue
screen flickering problem,Monitor Issue
my screen flickering,Monitor Issue
screen flickering problem,Monitor Issue
screen flickering problem,Monitor Issue
screen flickering problem,Monitor Issue
screen flickering problem,Monitor Issue
screen flickering 930,Monitor Issue
screen flickering problem,Monitor Issue
screen flickering problem,Monitor Issue
screen flickering problem,Monitor Issue
screen flickering problem,Monitor Issue
my screen flickering,Monitor Issue
screen flickering problem,Monitor Issue
screen flickering problem,Monitor Issue
screen flickering problem,Monitor Issue
screen flickering problem,Monitor Issue
screen flickering 940,Monitor Issue
screen flickering problem,Monitor Issue
screen flickering problem,Monitor Issue
screen flickering problem,Monitor Issue
screen flickering problem,Monitor Issue
my screen flickering,Monitor Issue
screen flickering problem,Monitor Issue
screen flickering problem,Monitor Issue
screen flickering problem,Monitor Issue
screen flickering problem,Monitor Issue
screen flickering 950,Monitor Issue
screen flickering problem,Monitor Issue
screen flickering problem,Monitor Issue
screen flickering problem,Monitor Issue
screen flickering problem,Monitor Issue
my screen flickering,Monitor Issue
screen flickering problem,Monitor Issue
screen flickering problem,Monitor Issue
screen flickering problem,Monitor Issue
screen flickering problem,Monitor Issue
screen flickering 960,Monitor Issue
screen flickering problem,Monitor Issue
screen flickering problem,Monitor Issue
screen flickering problem,Monitor Issue
screen flickering problem,Monitor Issue
my screen flickering,Monitor Issue
screen flickering problem,Monitor Issue
screen flickering problem,Monitor Issue
screen flickering problem,Monitor Issue
screen flickering problem,Monitor Issue
screen flickering 970,Monitor Issue
screen flickering problem,Monitor Issue
screen flickering problem,Monitor Issue
screen flickering problem,Monitor Issue
screen flickering problem,Monitor Issue
my screen flickering,Monitor Issue
screen flickering problem,Monitor Issue
screen flickering problem,Monitor Issue
screen flickering problem,Monitor Issue
screen flickering problem,Monitor Issue
screen flickering 980,Monitor Issue
screen flickering problem,Monitor Issue
screen flickering problem,Monitor Issue
screen flickering problem,Monitor Issue
screen flickering problem,Monitor Issue
my screen flickering,Monitor Issue
screen flickering problem,Monitor Issue
screen flickering problem,Monitor Issue
screen flickering problem,Monitor Issue
screen flickering problem,Monitor Issue
screen flickering 990,Monitor Issue
screen flickering problem,Monitor Issue
screen flickering problem,Monitor Issue
screen flickering problem,Monitor Issue
screen flickering problem,Monitor Issue
my screen flickering,Monitor Issue
screen flickering problem,Monitor Issue
screen flickering problem,Monitor Issue
screen flickering problem,Monitor Issue
screen flickering problem,Monitor Issue
screen flickering 1000,Monitor Issue
screen flickering problem,Monitor Issue
screen flickering problem,Monitor Issue
screen flickering problem,Monitor Issue
screen flickering problem,Monitor Issue
my screen flickering,Monitor Issue
screen flickering problem,Monitor Issue
screen flickering problem,Monitor Issue
screen flickering problem,Monitor Issue
screen flickering problem,Monitor Issue
screen flickering 1010,Monitor Issue
screen flickering problem,Monitor Issue
screen flickering problem,Monitor Issue
screen flickering problem,Monitor Issue
screen flickering problem,Monitor Issue
my screen flickering,Monitor Issue
screen flickering problem,Monitor Issue
screen flickering problem,Monitor Issue
screen flickering problem,Monitor Issue
screen flickering problem,Monitor Issue
screen flickering 1020,Monitor Issue
screen flickering problem,Monitor Issue
screen flickering problem,Monitor Issue
screen flickering problem,Monitor Issue
screen flickering problem,Monitor Issue
my screen flickering,Monitor Issue
screen flickering problem,Monitor Issue
screen flickering problem,Monitor Issue
screen flickering problem,Monitor Issue
screen flickering problem,Monitor Issue
screen flickering 1030,Monitor Issue
screen flickering problem,Monitor Issue
screen flickering problem,Monitor Issue
screen flickering problem,Monitor Issue
screen flickering problem,Monitor Issue
my screen flickering,Monitor Issue
screen flickering problem,Monitor Issue
screen flickering problem,Monitor Issue
screen flickering problem,Monitor Issue
screen flickering problem,Monitor Issue
screen flickering 1040,Monitor Issue
screen flickering problem,Monitor Issue
screen flickering problem,Monitor Issue
screen flickering problem,Monitor Issue
screen flickering problem,Monitor Issue
my screen flickering,Monitor Issue
screen flickering problem,Monitor Issue
screen flickering problem,Monitor Issue
screen flickering problem,Monitor Issue
screen flickering problem,Monitor Issue
screen flickering 1050,Monitor Issue
screen flickering problem,Monitor Issue
screen flickering problem,Monitor Issue
screen flickering problem,Monitor Issue
screen flickering problem,Monitor Issue
my screen flickering,Monitor Issue
screen flickering problem,Monitor Issue
screen flickering problem,Monitor Issue
screen flickering problem,Monitor Issue
screen flickering problem,Monitor Issue
screen flickering 1060,Monitor Issue
screen flickering problem,Monitor Issue
screen flickering problem,Monitor Issue
screen flickering problem,Monitor Issue
screen flickering problem,Monitor Issue
my screen flickering,Monitor Issue
screen flickering problem,Monitor Issue
screen flickering problem,Monitor Issue
screen flickering problem,Monitor Issue
screen flickering problem,Monitor Issue
screen flickering 1070,Monitor Issue
screen flickering problem,Monitor Issue
screen flickering problem,Monitor Issue
screen flickering problem,Monitor Issue
screen flickering problem,Monitor Issue
my screen flickering,Monitor Issue
screen flickering problem,Monitor Issue
screen flickering problem,Monitor Issue
screen flickering problem,Monitor Issue
screen flickering problem,Monitor Issue
screen flickering 1080,Monitor Issue
screen flickering problem,Monitor Issue
screen flickering problem,Monitor Issue
screen flickering problem,Monitor Issue
screen flickering problem,Monitor Issue
my screen flickering,Monitor Issue
screen flickering problem,Monitor Issue
screen flickering problem,Monitor Issue
screen flickering problem,Monitor Issue
screen flickering problem,Monitor Issue
screen flickering 1090,Monitor Issue
screen flickering problem,Monitor Issue
screen flickering problem,Monitor Issue
screen flickering problem,Monitor Issue
screen flickering problem,Monitor Issue
my screen flickering,Monitor Issue
pc not turning on,PSU / Power Issue
pc turns on then turns off,PSU / Power Issue
power light is on but nothing happens,PSU / Power Issue
pc shuts down suddenly,PSU / Power Issue
pc makes beeping sound on start,PSU / Power Issue
pc only starts after many tries,PSU / Power Issue
computer not turning on,PSU / Power Issue
pc won't turn on,PSU / Power Issue
computer won't start,PSU / Power Issue
pc not starting,PSU / Power Issue
pc won't power on,PSU / Power Issue
pc turns on then off,PSU / Power Issue
computer starts then off,PSU / Power Issue
pc powers on then off,PSU / Power Issue
no power to pc,PSU / Power Issue
pc not turning on 0,PSU / Power Issue
pc not turning on problem,PSU / Power Issue
pc not turning on problem,PSU / Power Issue
pc not turning on problem,PSU / Power Issue
pc not turning on problem,PSU / Power Issue
my pc not turning on,PSU / Power Issue
pc not turning on problem,PSU / Power Issue
pc not turning on problem,PSU / Power Issue
pc not turning on problem,PSU / Power Issue
pc not turning on problem,PSU / Power Issue
pc not turning on 10,PSU / Power Issue
pc not turning on problem,PSU / Power Issue
pc not turning on problem,PSU / Power Issue
pc not turning on problem,PSU / Power Issue
pc not turning on problem,PSU / Power Issue
my pc not turning on,PSU / Power Issue
pc not turning on problem,PSU / Power Issue
pc not turning on problem,PSU / Power Issue
pc not turning on problem,PSU / Power Issue
pc not turning on problem,PSU / Power Issue
pc not turning on 20,PSU / Power Issue
pc not turning on problem,PSU / Power Issue
pc not turning on problem,PSU / Power Issue
pc not turning on problem,PSU / Power Issue
pc not turning on problem,PSU / Power Issue
my pc not turning on,PSU / Power Issue
pc not turning on problem,PSU / Power Issue
pc not turning on problem,PSU / Power Issue
pc not turning on problem,PSU / Power Issue
pc not turning on problem,PSU / Power Issue
pc not turning on 30,PSU / Power Issue
pc not turning on problem,PSU / Power Issue
pc not turning on problem,PSU / Power Issue
pc not turning on problem,PSU / Power Issue
pc not turning on problem,PSU / Power Issue
my pc not turning on,PSU / Power Issue
pc not turning on problem,PSU / Power Issue
pc not turning on problem,PSU / Power Issue
pc not turning on problem,PSU / Power Issue
pc not turning on problem,PSU / Power Issue
pc not turning on 40,PSU / Power Issue
pc not turning on problem,PSU / Power Issue
pc not turning on problem,PSU / Power Issue
pc not turning on problem,PSU / Power Issue
pc not turning on problem,PSU / Power Issue
my pc not turning on,PSU / Power Issue
pc not turning on problem,PSU / Power Issue
pc not turning on problem,PSU / Power Issue
pc not turning on problem,PSU / Power Issue
pc not turning on problem,PSU / Power Issue
pc not turning on 50,PSU / Power Issue
pc not turning on problem,PSU / Power Issue
pc not turning on problem,PSU / Power Issue
pc not turning on problem,PSU / Power Issue
pc not turning on problem,PSU / Power Issue
my pc not turning on,PSU / Power Issue
pc not turning on problem,PSU / Power Issue
pc not turning on problem,PSU / Power Issue
pc not turning on problem,PSU / Power Issue
pc not turning on problem,PSU / Power Issue
pc not turning on 60,PSU / Power Issue
pc not turning on problem,PSU / Power Issue
pc not turning on problem,PSU / Power Issue
pc not turning on problem,PSU / Power Issue
pc not turning on problem,PSU / Power Issue
my pc not turning on,PSU / Power Issue
pc not turning on problem,PSU / Power Issue
pc not turning on problem,PSU / Power Issue
pc not turning on problem,PSU / Power Issue
pc not turning on problem,PSU / Power Issue
pc not turning on 70,PSU / Power Issue
pc not turning on problem,PSU / Power Issue
pc not turning on problem,PSU / Power Issue
pc not turning on problem,PSU / Power Issue
pc not turning on problem,PSU / Power Issue
my pc not turning on,PSU / Power Issue
pc not turning on problem,PSU / Power Issue
pc not turning on problem,PSU / Power Issue
pc not turning on problem,PSU / Power Issue
pc not turning on problem,PSU / Power Issue
pc not turning on 80,PSU / Power Issue
pc not turning on problem,PSU / Power Issue
pc not turning on problem,PSU / Power Issue
pc not turning on problem,PSU / Power Issue
pc not turning on problem,PSU / Power Issue
my pc not turning on,PSU / Power Issue
pc not turning on problem,PSU / Power Issue
pc not turning on problem,PSU / Power Issue
pc not turning on problem,PSU / Power Issue
pc not turning on problem,PSU / Power Issue
pc not turning on 90,PSU / Power Issue
pc not turning on problem,PSU / Power Issue
pc not turning on problem,PSU / Power Issue
pc not turning on problem,PSU / Power Issue
pc not turning on problem,PSU / Power Issue
my pc not turning on,PSU / Power Issue
pc not turning on problem,PSU / Power Issue
pc not turning on problem,PSU / Power Issue
pc not turning on problem,PSU / Power Issue
pc not turning on problem,PSU / Power Issue
pc not turning on 100,PSU / Power Issue
pc not turning on problem,PSU / Power Issue
pc not turning on problem,PSU / Power Issue
pc not turning on problem,PSU / Power Issue
pc not turning on problem,PSU / Power Issue
my pc not turning on,PSU / Power Issue
pc not turning on problem,PSU / Power Issue
pc not turning on problem,PSU / Power Issue
pc not turning on problem,PSU / Power Issue
pc not turning on problem,PSU / Power Issue
pc not turning on 110,PSU / Power Issue
pc not turning on problem,PSU / Power Issue
pc not turning on problem,PSU / Power Issue
pc not turning on problem,PSU / Power Issue
pc not turning on problem,PSU / Power Issue
my pc not turning on,PSU / Power Issue
pc not turning on problem,PSU / Power Issue
pc not turning on problem,PSU / Power Issue
pc not turning on problem,PSU / Power Issue
pc not turning on problem,PSU / Power Issue
pc not turning on 120,PSU / Power Issue
pc not turning on problem,PSU / Power Issue
pc not turning on problem,PSU / Power Issue
pc not turning on problem,PSU / Power Issue
pc not turning on problem,PSU / Power Issue
my pc not turning on,PSU / Power Issue
pc not turning on problem,PSU / Power Issue
pc not turning on problem,PSU / Power Issue
pc not turning on problem,PSU / Power Issue
pc not turning on problem,PSU / Power Issue
pc not turning on 130,PSU / Power Issue
pc not turning on problem,PSU / Power Issue
pc not turning on problem,PSU / Power Issue
pc not turning on problem,PSU / Power Issue
pc not turning on problem,PSU / Power Issue
my pc not turning on,PSU / Power Issue
pc not turning on problem,PSU / Power Issue
pc not turning on problem,PSU / Power Issue
pc not turning on problem,PSU / Power Issue
pc not turning on problem,PSU / Power Issue
pc not turning on 140,PSU / Power Issue
pc not turning on problem,PSU / Power Issue
pc not turning on problem,PSU / Power Issue
pc not turning on problem,PSU / Power Issue
pc not turning on problem,PSU / Power Issue
my pc not turning on,PSU / Power Issue
pc not turning on problem,PSU / Power Issue
pc not turning on problem,PSU / Power Issue
pc not turning on problem,PSU / Power Issue
pc not turning on problem,PSU / Power Issue
pc not turning on 150,PSU / Power Issue
pc not turning on problem,PSU / Power Issue
pc not turning on problem,PSU / Power Issue
pc not turning on problem,PSU / Power Issue
pc not turning on problem,PSU / Power Issue
my pc not turning on,PSU / Power Issue
pc not turning on problem,PSU / Power Issue
pc not turning on problem,PSU / Power Issue
pc not turning on problem,PSU / Power Issue
pc not turning on problem,PSU / Power Issue
pc not turning on 160,PSU / Power Issue
pc not turning on problem,PSU / Power Issue
pc not turning on problem,PSU / Power Issue
pc not turning on problem,PSU / Power Issue
pc not turning on problem,PSU / Power Issue
my pc not turning on,PSU / Power Issue
pc not turning on problem,PSU / Power Issue
pc not turning on problem,PSU / Power Issue
pc not turning on problem,PSU / Power Issue
pc not turning on problem,PSU / Power Issue
pc not turning on 170,PSU / Power Issue
pc not turning on problem,PSU / Power Issue
pc not turning on problem,PSU / Power Issue
pc not turning on problem,PSU / Power Issue
pc not turning on problem,PSU / Power Issue
my pc not turning on,PSU / Power Issue
pc not turning on problem,PSU / Power Issue
pc not turning on problem,PSU / Power Issue
pc not turning on problem,PSU / Power Issue
pc not turning on problem,PSU / Power Issue
pc not turning on 180,PSU / Power Issue
pc not turning on problem,PSU / Power Issue
pc not turning on problem,PSU / Power Issue
pc not turning on problem,PSU / Power Issue
pc not turning on problem,PSU / Power Issue
my pc not turning on,PSU / Power Issue
pc not turning on problem,PSU / Power Issue
pc not turning on problem,PSU / Power Issue
pc not turning on problem,PSU / Power Issue
pc not turning on problem,PSU / Power Issue
pc not turning on 190,PSU / Power Issue
pc not turning on problem,PSU / Power Issue
pc not turning on problem,PSU / Power Issue
pc not turning on problem,PSU / Power Issue
pc not turning on problem,PSU / Power Issue
my pc not turning on,PSU / Power Issue
pc not turning on problem,PSU / Power Issue
pc not turning on problem,PSU / Power Issue
pc not turning on problem,PSU / Power Issue
pc not turning on problem,PSU / Power Issue
pc not turning on 200,PSU / Power Issue
pc not turning on problem,PSU / Power Issue
pc not turning on problem,PSU / Power Issue
pc not turning on problem,PSU / Power Issue
pc not turning on problem,PSU / Power Issue
my pc not turning on,PSU / Power Issue
pc not turning on problem,PSU / Power Issue
pc not turning on problem,PSU / Power Issue
pc not turning on problem,PSU / Power Issue
pc not turning on problem,PSU / Power Issue
pc not turning on 210,PSU / Power Issue
pc not turning on problem,PSU / Power Issue
pc not turning on problem,PSU / Power Issue
pc not turning on problem,PSU / Power Issue
pc not turning on problem,PSU / Power Issue
my pc not turning on,PSU / Power Issue
pc not turning on problem,PSU / Power Issue
pc not turning on problem,PSU / Power Issue
pc not turning on problem,PSU / Power Issue
pc not turning on problem,PSU / Power Issue
pc not turning on 220,PSU / Power Issue
pc not turning on problem,PSU / Power Issue
pc not turning on problem,PSU / Power Issue
pc not turning on problem,PSU / Power Issue
pc not turning on problem,PSU / Power Issue
my pc not turning on,PSU / Power Issue
pc not turning on problem,PSU / Power Issue
pc not turning on problem,PSU / Power Issue
pc not turning on problem,PSU / Power Issue
pc not turning on problem,PSU / Power Issue
pc not turning on 230,PSU / Power Issue
pc not turning on problem,PSU / Power Issue
pc not turning on problem,PSU / Power Issue
pc not turning on problem,PSU / Power Issue
pc not turning on problem,PSU / Power Issue
my pc not turning on,PSU / Power Issue
pc not turning on problem,PSU / Power Issue
pc not turning on problem,PSU / Power Issue
pc not turning on problem,PSU / Power Issue
pc not turning on problem,PSU / Power Issue
pc not turning on 240,PSU / Power Issue
pc not turning on problem,PSU / Power Issue
pc not turning on problem,PSU / Power Issue
pc not turning on problem,PSU / Power Issue
pc not turning on problem,PSU / Power Issue
my pc not turning on,PSU / Power Issue
pc not turning on problem,PSU / Power Issue
pc not turning on problem,PSU / Power Issue
pc not turning on problem,PSU / Power Issue
pc not turning on problem,PSU / Power Issue
pc not turning on 250,PSU / Power Issue
pc not turning on problem,PSU / Power Issue
pc not turning on problem,PSU / Power Issue
pc not turning on problem,PSU / Power Issue
pc not turning on problem,PSU / Power Issue
my pc not turning on,PSU / Power Issue
pc not turning on problem,PSU / Power Issue
pc not turning on problem,PSU / Power Issue
pc not turning on problem,PSU / Power Issue
pc not turning on problem,PSU / Power Issue
pc not turning on 260,PSU / Power Issue
pc not turning on problem,PSU / Power Issue
pc not turning on problem,PSU / Power Issue
pc not turning on problem,PSU / Power Issue
pc not turning on problem,PSU / Power Issue
my pc not turning on,PSU / Power Issue
pc not turning on problem,PSU / Power Issue
pc not turning on problem,PSU / Power Issue
pc not turning on problem,PSU / Power Issue
pc not turning on problem,PSU / Power Issue
pc not turning on 270,PSU / Power Issue
pc not turning on problem,PSU / Power Issue
pc not turning on problem,PSU / Power Issue
pc not turning on problem,PSU / Power Issue
pc not turning on problem,PSU / Power Issue
my pc not turning on,PSU / Power Issue
pc not turning on problem,PSU / Power Issue
pc not turning on problem,PSU / Power Issue
pc not turning on problem,PSU / Power Issue
pc not turning on problem,PSU / Power Issue
pc not turning on 280,PSU / Power Issue
pc not turning on problem,PSU / Power Issue
pc not turning on problem,PSU / Power Issue
pc not turning on problem,PSU / Power Issue
pc not turning on problem,PSU / Power Issue
my pc not turning on,PSU / Power Issue
pc not turning on problem,PSU / Power Issue
pc not turning on problem,PSU / Power Issue
pc not turning on problem,PSU / Power Issue
pc not turning on problem,PSU / Power Issue
pc not turning on 290,PSU / Power Issue
pc not turning on problem,PSU / Power Issue
pc not turning on problem,PSU / Power Issue
pc not turning on problem,PSU / Power Issue
pc not turning on problem,PSU / Power Issue
my pc not turning on,PSU / Power Issue
pc not turning on problem,PSU / Power Issue
pc not turning on problem,PSU / Power Issue
pc not turning on problem,PSU / Power Issue
pc not turning on problem,PSU / Power Issue
pc not turning on 300,PSU / Power Issue
pc not turning on problem,PSU / Power Issue
pc not turning on problem,PSU / Power Issue
pc not turning on problem,PSU / Power Issue
pc not turning on problem,PSU / Power Issue
my pc not turning on,PSU / Power Issue
pc not turning on problem,PSU / Power Issue
pc not turning on problem,PSU / Power Issue
pc not turning on problem,PSU / Power Issue
pc not turning on problem,PSU / Power Issue
pc not turning on 310,PSU / Power Issue
pc not turning on problem,PSU / Power Issue
pc not turning on problem,PSU / Power Issue
pc not turning on problem,PSU / Power Issue
pc not turning on problem,PSU / Power Issue
my pc not turning on,PSU / Power Issue
pc not turning on problem,PSU / Power Issue
pc not turning on problem,PSU / Power Issue
pc not turning on problem,PSU / Power Issue
pc not turning on problem,PSU / Power Issue
pc not turning on 320,PSU / Power Issue
pc not turning on problem,PSU / Power Issue
pc not turning on problem,PSU / Power Issue
pc not turning on problem,PSU / Power Issue
pc not turning on problem,PSU / Power Issue
my pc not turning on,PSU / Power Issue
pc not turning on problem,PSU / Power Issue
pc not turning on problem,PSU / Power Issue
pc not turning on problem,PSU / Power Issue
pc not turning on problem,PSU / Power Issue
pc not turning on 330,PSU / Power Issue
pc not turning on problem,PSU / Power Issue
pc not turning on problem,PSU / Power Issue
pc not turning on problem,PSU / Power Issue
pc not turning on problem,PSU / Power Issue
my pc not turning on,PSU / Power Issue
pc not turning on problem,PSU / Power Issue
pc not turning on problem,PSU / Power Issue
pc not turning on problem,PSU / Power Issue
pc not turning on problem,PSU / Power Issue
pc not turning on 340,PSU / Power Issue
pc not turning on problem,PSU / Power Issue
pc not turning on problem,PSU / Power Issue
pc not turning on problem,PSU / Power Issue
pc not turning on problem,PSU / Power Issue
my pc not turning on,PSU / Power Issue
pc not turning on problem,PSU / Power Issue
pc not turning on problem,PSU / Power Issue
pc not turning on problem,PSU / Power Issue
pc not turning on problem,PSU / Power Issue
pc not turning on 350,PSU / Power Issue
pc not turning on problem,PSU / Power Issue
pc not turning on problem,PSU / Power Issue
pc not turning on problem,PSU / Power Issue
pc not turning on problem,PSU / Power Issue
my pc not turning on,PSU / Power Issue
pc not turning on problem,PSU / Power Issue
pc not turning on problem,PSU / Power Issue
pc not turning on problem,PSU / Power Issue
pc not turning on problem,PSU / Power Issue
pc not turning on 360,PSU / Power Issue
pc not turning on problem,PSU / Power Issue
pc not turning on problem,PSU / Power Issue
pc not turning on problem,PSU / Power Issue
pc not turning on problem,PSU / Power Issue
my pc not turning on,PSU / Power Issue
pc not turning on problem,PSU / Power Issue
pc not turning on problem,PSU / Power Issue
pc not turning on problem,PSU / Power Issue
pc not turning on problem,PSU / Power Issue
pc not turning on 370,PSU / Power Issue
pc not turning on problem,PSU / Power Issue
pc not turning on problem,PSU / Power Issue
pc not turning on problem,PSU / Power Issue
pc not turning on problem,PSU / Power Issue
my pc not turning on,PSU / Power Issue
pc not turning on problem,PSU / Power Issue
pc not turning on problem,PSU / Power Issue
pc not turning on problem,PSU / Power Issue
pc not turning on problem,PSU / Power Issue
pc not turning on 380,PSU / Power Issue
pc not turning on problem,PSU / Power Issue
pc not turning on problem,PSU / Power Issue
pc not turning on problem,PSU / Power Issue
pc not turning on problem,PSU / Power Issue
my pc not turning on,PSU / Power Issue
pc not turning on problem,PSU / Power Issue
pc not turning on problem,PSU / Power Issue
pc not turning on problem,PSU / Power Issue
pc not turning on problem,PSU / Power Issue
pc not turning on 390,PSU / Power Issue
pc not turning on problem,PSU / Power Issue
pc not turning on problem,PSU / Power Issue
pc not turning on problem,PSU / Power Issue
pc not turning on problem,PSU / Power Issue
my pc not turning on,PSU / Power Issue
pc not turning on problem,PSU / Power Issue
pc not turning on problem,PSU / Power Issue
pc not turning on problem,PSU / Power Issue
pc not turning on problem,PSU / Power Issue
pc not turning on 400,PSU / Power Issue
pc not turning on problem,PSU / Power Issue
pc not turning on problem,PSU / Power Issue
pc not turning on problem,PSU / Power Issue
pc not turning on problem,PSU / Power Issue
my pc not turning on,PSU / Power Issue
pc not turning on problem,PSU / Power Issue
pc not turning on problem,PSU / Power Issue
pc not turning on problem,PSU / Power Issue
pc not turning on problem,PSU / Power Issue
pc not turning on 410,PSU / Power Issue
pc not turning on problem,PSU / Power Issue
pc not turning on problem,PSU / Power Issue
pc not turning on problem,PSU / Power Issue
pc not turning on problem,PSU / Power Issue
my pc not turning on,PSU / Power Issue
pc not turning on problem,PSU / Power Issue
pc not turning on problem,PSU / Power Issue
pc not turning on problem,PSU / Power Issue
pc not turning on problem,PSU / Power Issue
pc not turning on 420,PSU / Power Issue
pc not turning on problem,PSU / Power Issue
pc not turning on problem,PSU / Power Issue
pc not turning on problem,PSU / Power Issue
pc not turning on problem,PSU / Power Issue
my pc not turning on,PSU / Power Issue
pc not turning on problem,PSU / Power Issue
pc not turning on problem,PSU / Power Issue
pc not turning on problem,PSU / Power Issue
pc not turning on problem,PSU / Power Issue
pc not turning on 430,PSU / Power Issue
pc not turning on problem,PSU / Power Issue
pc not turning on problem,PSU / Power Issue
pc not turning on problem,PSU / Power Issue
pc not turning on problem,PSU / Power Issue
my pc not turning on,PSU / Power Issue
pc not turning on problem,PSU / Power Issue
pc not turning on problem,PSU / Power Issue
pc not turning on problem,PSU / Power Issue
pc not turning on problem,PSU / Power Issue
pc not turning on 440,PSU / Power Issue
pc not turning on problem,PSU / Power Issue
pc not turning on problem,PSU / Power Issue
pc not turning on problem,PSU / Power Issue
pc not turning on problem,PSU / Power Issue
my pc not turning on,PSU / Power Issue
pc not turning on problem,PSU / Power Issue
pc not turning on problem,PSU / Power Issue
pc not turning on problem,PSU / Power Issue
pc not turning on problem,PSU / Power Issue
pc not turning on 450,PSU / Power Issue
pc not turning on problem,PSU / Power Issue
pc not turning on problem,PSU / Power Issue
pc not turning on problem,PSU / Power Issue
pc not turning on problem,PSU / Power Issue
my pc not turning on,PSU / Power Issue
pc not turning on problem,PSU / Power Issue
pc not turning on problem,PSU / Power Issue
pc not turning on problem,PSU / Power Issue
pc not turning on problem,PSU / Power Issue
pc not turning on 460,PSU / Power Issue
pc not turning on problem,PSU / Power Issue
pc not turning on problem,PSU / Power Issue
pc not turning on problem,PSU / Power Issue
pc not turning on problem,PSU / Power Issue
my pc not turning on,PSU / Power Issue
pc not turning on problem,PSU / Power Issue
pc not turning on problem,PSU / Power Issue
pc not turning on problem,PSU / Power Issue
pc not turning on problem,PSU / Power Issue
pc not turning on 470,PSU / Power Issue
pc not turning on problem,PSU / Power Issue
pc not turning on problem,PSU / Power Issue
pc not turning on problem,PSU / Power Issue
pc not turning on problem,PSU / Power Issue
my pc not turning on,PSU / Power Issue
pc not turning on problem,PSU / Power Issue
pc not turning on problem,PSU / Power Issue
pc not turning on problem,PSU / Power Issue
pc not turning on problem,PSU / Power Issue
pc not turning on 480,PSU / Power Issue
pc not turning on problem,PSU / Power Issue
pc not turning on problem,PSU / Power Issue
pc not turning on problem,PSU / Power Issue
pc not turning on problem,PSU / Power Issue
my pc not turning on,PSU / Power Issue
pc not turning on problem,PSU / Power Issue
pc not turning on problem,PSU / Power Issue
pc not turning on problem,PSU / Power Issue
pc not turning on problem,PSU / Power Issue
pc not turning on 490,PSU / Power Issue
pc not turning on problem,PSU / Power Issue
pc not turning on problem,PSU / Power Issue
pc not turning on problem,PSU / Power Issue
pc not turning on problem,PSU / Power Issue
my pc not turning on,PSU / Power Issue
pc not turning on problem,PSU / Power Issue
pc not turning on problem,PSU / Power Issue
pc not turning on problem,PSU / Power Issue
pc not turning on problem,PSU / Power Issue
pc not turning on 500,PSU / Power Issue
pc not turning on problem,PSU / Power Issue
pc not turning on problem,PSU / Power Issue
pc not turning on problem,PSU / Power Issue
pc not turning on problem,PSU / Power Issue
my pc not turning on,PSU / Power Issue
pc not turning on problem,PSU / Power Issue
pc not turning on problem,PSU / Power Issue
pc not turning on problem,PSU / Power Issue
pc not turning on problem,PSU / Power Issue
pc not turning on 510,PSU / Power Issue
pc not turning on problem,PSU / Power Issue
pc not turning on problem,PSU / Power Issue
pc not turning on problem,PSU / Power Issue
pc not turning on problem,PSU / Power Issue
my pc not turning on,PSU / Power Issue
pc not turning on problem,PSU / Power Issue
pc not turning on problem,PSU / Power Issue
pc not turning on problem,PSU / Power Issue
pc not turning on problem,PSU / Power Issue
pc not turning on 520,PSU / Power Issue
pc not turning on problem,PSU / Power Issue
pc not turning on problem,PSU / Power Issue
pc not turning on problem,PSU / Power Issue
pc not turning on problem,PSU / Power Issue
my pc not turning on,PSU / Power Issue
pc not turning on problem,PSU / Power Issue
pc not turning on problem,PSU / Power Issue
pc not turning on problem,PSU / Power Issue
pc not turning on problem,PSU / Power Issue
pc not turning on 530,PSU / Power Issue
pc not turning on problem,PSU / Power Issue
pc not turning on problem,PSU / Power Issue
pc not turning on problem,PSU / Power Issue
pc not turning on problem,PSU / Power Issue
my pc not turning on,PSU / Power Issue
pc not turning on problem,PSU / Power Issue
pc not turning on problem,PSU / Power Issue
pc not turning on problem,PSU / Power Issue
pc not turning on problem,PSU / Power Issue
pc not turning on 540,PSU / Power Issue
pc not turning on problem,PSU / Power Issue
pc not turning on problem,PSU / Power Issue
pc not turning on problem,PSU / Power Issue
pc not turning on problem,PSU / Power Issue
my pc not turning on,PSU / Power Issue
pc not turning on problem,PSU / Power Issue
pc not turning on problem,PSU / Power Issue
pc not turning on problem,PSU / Power Issue
pc not turning on problem,PSU / Power Issue
pc not turning on 550,PSU / Power Issue
pc not turning on problem,PSU / Power Issue
pc not turning on problem,PSU / Power Issue
pc not turning on problem,PSU / Power Issue
pc not turning on problem,PSU / Power Issue
my pc not turning on,PSU / Power Issue
pc not turning on problem,PSU / Power Issue
pc not turning on problem,PSU / Power Issue
pc not turning on problem,PSU / Power Issue
pc not turning on problem,PSU / Power Issue
pc not turning on 560,PSU / Power Issue
pc not turning on problem,PSU / Power Issue
pc not turning on problem,PSU / Power Issue
pc not turning on problem,PSU / Power Issue
pc not turning on problem,PSU / Power Issue
my pc not turning on,PSU / Power Issue
pc not turning on problem,PSU / Power Issue
pc not turning on problem,PSU / Power Issue
pc not turning on problem,PSU / Power Issue
pc not turning on problem,PSU / Power Issue
pc not turning on 570,PSU / Power Issue
pc not turning on problem,PSU / Power Issue
pc not turning on problem,PSU / Power Issue
pc not turning on problem,PSU / Power Issue
pc not turning on problem,PSU / Power Issue
my pc not turning on,PSU / Power Issue
pc not turning on problem,PSU / Power Issue
pc not turning on problem,PSU / Power Issue
pc not turning on problem,PSU / Power Issue
pc not turning on problem,PSU / Power Issue
pc not turning on 580,PSU / Power Issue
pc not turning on problem,PSU / Power Issue
pc not turning on problem,PSU / Power Issue
pc not turning on problem,PSU / Power Issue
pc not turning on problem,PSU / Power Issue
my pc not turning on,PSU / Power Issue
pc not turning on problem,PSU / Power Issue
pc not turning on problem,PSU / Power Issue
pc not turning on problem,PSU / Power Issue
pc not turning on problem,PSU / Power Issue
pc not turning on 590,PSU / Power Issue
pc not turning on problem,PSU / Power Issue
pc not turning on problem,PSU / Power Issue
pc not turning on problem,PSU / Power Issue
pc not turning on problem,PSU / Power Issue
my pc not turning on,PSU / Power Issue
pc not turning on problem,PSU / Power Issue
pc not turning on problem,PSU / Power Issue
pc not turning on problem,PSU / Power Issue
pc not turning on problem,PSU / Power Issue
pc not turning on 600,PSU / Power Issue
pc not turning on problem,PSU / Power Issue
pc not turning on problem,PSU / Power Issue
pc not turning on problem,PSU / Power Issue
pc not turning on problem,PSU / Power Issue
my pc not turning on,PSU / Power Issue
pc not turning on problem,PSU / Power Issue
pc not turning on problem,PSU / Power Issue
pc not turning on problem,PSU / Power Issue
pc not turning on problem,PSU / Power Issue
pc not turning on 610,PSU / Power Issue
pc not turning on problem,PSU / Power Issue
pc not turning on problem,PSU / Power Issue
pc not turning on problem,PSU / Power Issue
pc not turning on problem,PSU / Power Issue
my pc not turning on,PSU / Power Issue
pc not turning on problem,PSU / Power Issue
pc not turning on problem,PSU / Power Issue
pc not turning on problem,PSU / Power Issue
pc not turning on problem,PSU / Power Issue
pc not turning on 620,PSU / Power Issue
pc not turning on problem,PSU / Power Issue
pc not turning on problem,PSU / Power Issue
pc not turning on problem,PSU / Power Issue
pc not turning on problem,PSU / Power Issue
my pc not turning on,PSU / Power Issue
pc not turning on problem,PSU / Power Issue
pc not turning on problem,PSU / Power Issue
pc not turning on problem,PSU / Power Issue
pc not turning on problem,PSU / Power Issue
pc not turning on 630,PSU / Power Issue
pc not turning on problem,PSU / Power Issue
pc not turning on problem,PSU / Power Issue
pc not turning on problem,PSU / Power Issue
pc not turning on problem,PSU / Power Issue
my pc not turning on,PSU / Power Issue
pc not turning on problem,PSU / Power Issue
pc not turning on problem,PSU / Power Issue
pc not turning on problem,PSU / Power Issue
pc not turning on problem,PSU / Power Issue
pc not turning on 640,PSU / Power Issue
pc not turning on problem,PSU / Power Issue
pc not turning on problem,PSU / Power Issue
pc not turning on problem,PSU / Power Issue
pc not turning on problem,PSU / Power Issue
my pc not turning on,PSU / Power Issue
pc not turning on problem,PSU / Power Issue
pc not turning on problem,PSU / Power Issue
pc not turning on problem,PSU / Power Issue
pc not turning on problem,PSU / Power Issue
pc not turning on 650,PSU / Power Issue
pc not turning on problem,PSU / Power Issue
pc not turning on problem,PSU / Power Issue
pc not turning on problem,PSU / Power Issue
pc not turning on problem,PSU / Power Issue
my pc not turning on,PSU / Power Issue
pc not turning on problem,PSU / Power Issue
pc not turning on problem,PSU / Power Issue
pc not turning on problem,PSU / Power Issue
pc not turning on problem,PSU / Power Issue
pc not turning on 660,PSU / Power Issue
pc not turning on problem,PSU / Power Issue
pc not turning on problem,PSU / Power Issue
pc not turning on problem,PSU / Power Issue
pc not turning on problem,PSU / Power Issue
my pc not turning on,PSU / Power Issue
pc not turning on problem,PSU / Power Issue
pc not turning on problem,PSU / Power Issue
pc not turning on problem,PSU / Power Issue
pc not turning on problem,PSU / Power Issue
pc not turning on 670,PSU / Power Issue
pc not turning on problem,PSU / Power Issue
pc not turning on problem,PSU / Power Issue
pc not turning on problem,PSU / Power Issue
pc not turning on problem,PSU / Power Issue
my pc not turning on,PSU / Power Issue
pc not turning on problem,PSU / Power Issue
pc not turning on problem,PSU / Power Issue
pc not turning on problem,PSU / Power Issue
pc not turning on problem,PSU / Power Issue
pc not turning on 680,PSU / Power Issue
pc not turning on problem,PSU / Power Issue
pc not turning on problem,PSU / Power Issue
pc not turning on problem,PSU / Power Issue
pc not turning on problem,PSU / Power Issue
my pc not turning on,PSU / Power Issue
pc not turning on problem,PSU / Power Issue
pc not turning on problem,PSU / Power Issue
pc not turning on problem,PSU / Power Issue
pc not turning on problem,PSU / Power Issue
pc not turning on 690,PSU / Power Issue
pc not turning on problem,PSU / Power Issue
pc not turning on problem,PSU / Power Issue
pc not turning on problem,PSU / Power Issue
pc not turning on problem,PSU / Power Issue
my pc not turning on,PSU / Power Issue
pc not turning on problem,PSU / Power Issue
pc not turning on problem,PSU / Power Issue
pc not turning on problem,PSU / Power Issue
pc not turning on problem,PSU / Power Issue
pc not turning on 700,PSU / Power Issue
pc not turning on problem,PSU / Power Issue
pc not turning on problem,PSU / Power Issue
pc not turning on problem,PSU / Power Issue
pc not turning on problem,PSU / Power Issue
my pc not turning on,PSU / Power Issue
pc not turning on problem,PSU / Power Issue
pc not turning on problem,PSU / Power Issue
pc not turning on problem,PSU / Power Issue
pc not turning on problem,PSU / Power Issue
pc not turning on 710,PSU / Power Issue
pc not turning on problem,PSU / Power Issue
pc not turning on problem,PSU / Power Issue
pc not turning on problem,PSU / Power Issue
pc not turning on problem,PSU / Power Issue
my pc not turning on,PSU / Power Issue
pc not turning on problem,PSU / Power Issue
pc not turning on problem,PSU / Power Issue
pc not turning on problem,PSU / Power Issue
pc not turning on problem,PSU / Power Issue
pc not turning on 720,PSU / Power Issue
pc not turning on problem,PSU / Power Issue
pc not turning on problem,PSU / Power Issue
pc not turning on problem,PSU / Power Issue
pc not turning on problem,PSU / Power Issue
my pc not turning on,PSU / Power Issue
pc not turning on problem,PSU / Power Issue
pc not turning on problem,PSU / Power Issue
pc not turning on problem,PSU / Power Issue
pc not turning on problem,PSU / Power Issue
pc not turning on 730,PSU / Power Issue
pc not turning on problem,PSU / Power Issue
pc not turning on problem,PSU / Power Issue
pc not turning on problem,PSU / Power Issue
pc not turning on problem,PSU / Power Issue
my pc not turning on,PSU / Power Issue
pc not turning on problem,PSU / Power Issue
pc not turning on problem,PSU / Power Issue
pc not turning on problem,PSU / Power Issue
pc not turning on problem,PSU / Power Issue
pc not turning on 740,PSU / Power Issue
pc not turning on problem,PSU / Power Issue
pc not turning on problem,PSU / Power Issue
pc not turning on problem,PSU / Power Issue
pc not turning on problem,PSU / Power Issue
my pc not turning on,PSU / Power Issue
pc not turning on problem,PSU / Power Issue
pc not turning on problem,PSU / Power Issue
pc not turning on problem,PSU / Power Issue
pc not turning on problem,PSU / Power Issue
pc not turning on 750,PSU / Power Issue
pc not turning on problem,PSU / Power Issue
pc not turning on problem,PSU / Power Issue
pc not turning on problem,PSU / Power Issue
pc not turning on problem,PSU / Power Issue
my pc not turning on,PSU / Power Issue
pc not turning on problem,PSU / Power Issue
pc not turning on problem,PSU / Power Issue
pc not turning on problem,PSU / Power Issue
pc not turning on problem,PSU / Power Issue
pc not turning on 760,PSU / Power Issue
pc not turning on problem,PSU / Power Issue
pc not turning on problem,PSU / Power Issue
pc not turning on problem,PSU / Power Issue
pc not turning on problem,PSU / Power Issue
my pc not turning on,PSU / Power Issue
pc not turning on problem,PSU / Power Issue
pc not turning on problem,PSU / Power Issue
pc not turning on problem,PSU / Power Issue
pc not turning on problem,PSU / Power Issue
pc not turning on 770,PSU / Power Issue
pc not turning on problem,PSU / Power Issue
pc not turning on problem,PSU / Power Issue
pc not turning on problem,PSU / Power Issue
pc not turning on problem,PSU / Power Issue
my pc not turning on,PSU / Power Issue
pc not turning on problem,PSU / Power Issue
pc not turning on problem,PSU / Power Issue
pc not turning on problem,PSU / Power Issue
pc not turning on problem,PSU / Power Issue
pc not turning on 780,PSU / Power Issue
pc not turning on problem,PSU / Power Issue
pc not turning on problem,PSU / Power Issue
pc not turning on problem,PSU / Power Issue
pc not turning on problem,PSU / Power Issue
my pc not turning on,PSU / Power Issue
pc not turning on problem,PSU / Power Issue
pc not turning on problem,PSU / Power Issue
pc not turning on problem,PSU / Power Issue
pc not turning on problem,PSU / Power Issue
pc not turning on 790,PSU / Power Issue
pc not turning on problem,PSU / Power Issue
pc not turning on problem,PSU / Power Issue
pc not turning on problem,PSU / Power Issue
pc not turning on problem,PSU / Power Issue
my pc not turning on,PSU / Power Issue
pc not turning on problem,PSU / Power Issue
pc not turning on problem,PSU / Power Issue
pc not turning on problem,PSU / Power Issue
pc not turning on problem,PSU / Power Issue
pc not turning on 800,PSU / Power Issue
pc not turning on problem,PSU / Power Issue
pc not turning on problem,PSU / Power Issue
pc not turning on problem,PSU / Power Issue
pc not turning on problem,PSU / Power Issue
my pc not turning on,PSU / Power Issue
pc not turning on problem,PSU / Power Issue
pc not turning on problem,PSU / Power Issue
pc not turning on problem,PSU / Power Issue
pc not turning on problem,PSU / Power Issue
pc not turning on 810,PSU / Power Issue
pc not turning on problem,PSU / Power Issue
pc not turning on problem,PSU / Power Issue
pc not turning on problem,PSU / Power Issue
pc not turning on problem,PSU / Power Issue
my pc not turning on,PSU / Power Issue
pc not turning on problem,PSU / Power Issue
pc not turning on problem,PSU / Power Issue
pc not turning on problem,PSU / Power Issue
pc not turning on problem,PSU / Power Issue
pc not turning on 820,PSU / Power Issue
pc not turning on problem,PSU / Power Issue
pc not turning on problem,PSU / Power Issue
pc not turning on problem,PSU / Power Issue
pc not turning on problem,PSU / Power Issue
my pc not turning on,PSU / Power Issue
pc not turning on problem,PSU / Power Issue
pc not turning on problem,PSU / Power Issue
pc not turning on problem,PSU / Power Issue
pc not turning on problem,PSU / Power Issue
pc not turning on 830,PSU / Power Issue
pc not turning on problem,PSU / Power Issue
pc not turning on problem,PSU / Power Issue
pc not turning on problem,PSU / Power Issue
pc not turning on problem,PSU / Power Issue
my pc not turning on,PSU / Power Issue
pc not turning on problem,PSU / Power Issue
pc not turning on problem,PSU / Power Issue
pc not turning on problem,PSU / Power Issue
pc not turning on problem,PSU / Power Issue
pc not turning on 840,PSU / Power Issue
pc not turning on problem,PSU / Power Issue
pc not turning on problem,PSU / Power Issue
pc not turning on problem,PSU / Power Issue
pc not turning on problem,PSU / Power Issue
my pc not turning on,PSU / Power Issue
pc not turning on problem,PSU / Power Issue
pc not turning on problem,PSU / Power Issue
pc not turning on problem,PSU / Power Issue
pc not turning on problem,PSU / Power Issue
pc not turning on 850,PSU / Power Issue
pc not turning on problem,PSU / Power Issue
pc not turning on problem,PSU / Power Issue
pc not turning on problem,PSU / Power Issue
pc not turning on problem,PSU / Power Issue
my pc not turning on,PSU / Power Issue
pc not turning on problem,PSU / Power Issue
pc not turning on problem,PSU / Power Issue
pc not turning on problem,PSU / Power Issue
pc not turning on problem,PSU / Power Issue
pc not turning on 860,PSU / Power Issue
pc not turning on problem,PSU / Power Issue
pc not turning on problem,PSU / Power Issue
pc not turning on problem,PSU / Power Issue
pc not turning on problem,PSU / Power Issue
my pc not turning on,PSU / Power Issue
pc not turning on problem,PSU / Power Issue
pc not turning on problem,PSU / Power Issue
pc not turning on problem,PSU / Power Issue
pc not turning on problem,PSU / Power Issue
pc not turning on 870,PSU / Power Issue
pc not turning on problem,PSU / Power Issue
pc not turning on problem,PSU / Power Issue
pc not turning on problem,PSU / Power Issue
pc not turning on problem,PSU / Power Issue
my pc not turning on,PSU / Power Issue
pc not turning on problem,PSU / Power Issue
pc not turning on problem,PSU / Power Issue
pc not turning on problem,PSU / Power Issue
pc not turning on problem,PSU / Power Issue
pc not turning on 880,PSU / Power Issue
pc not turning on problem,PSU / Power Issue
pc not turning on problem,PSU / Power Issue
pc not turning on problem,PSU / Power Issue
pc not turning on problem,PSU / Power Issue
my pc not turning on,PSU / Power Issue
pc not turning on problem,PSU / Power Issue
pc not turning on problem,PSU / Power Issue
pc not turning on problem,PSU / Power Issue
pc not turning on problem,PSU / Power Issue
pc not turning on 890,PSU / Power Issue
pc not turning on problem,PSU / Power Issue
pc not turning on problem,PSU / Power Issue
pc not turning on problem,PSU / Power Issue
pc not turning on problem,PSU / Power Issue
my pc not turning on,PSU / Power Issue
pc not turning on problem,PSU / Power Issue
pc not turning on problem,PSU / Power Issue
pc not turning on problem,PSU / Power Issue
pc not turning on problem,PSU / Power Issue
pc not turning on 900,PSU / Power Issue
pc not turning on problem,PSU / Power Issue
pc not turning on problem,PSU / Power Issue
pc not turning on problem,PSU / Power Issue
pc not turning on problem,PSU / Power Issue
my pc not turning on,PSU / Power Issue
pc not turning on problem,PSU / Power Issue
pc not turning on problem,PSU / Power Issue
pc not turning on problem,PSU / Power Issue
pc not turning on problem,PSU / Power Issue
pc not turning on 910,PSU / Power Issue
pc not turning on problem,PSU / Power Issue
pc not turning on problem,PSU / Power Issue
pc not turning on problem,PSU / Power Issue
pc not turning on problem,PSU / Power Issue
my pc not turning on,PSU / Power Issue
pc not turning on problem,PSU / Power Issue
pc not turning on problem,PSU / Power Issue
pc not turning on problem,PSU / Power Issue
pc not turning on problem,PSU / Power Issue
pc not turning on 920,PSU / Power Issue
pc not turning on problem,PSU / Power Issue
pc not turning on problem,PSU / Power Issue
pc not turning on problem,PSU / Power Issue
pc not turning on problem,PSU / Power Issue
my pc not turning on,PSU / Power Issue
pc not turning on problem,PSU / Power Issue
pc not turning on problem,PSU / Power Issue
pc not turning on problem,PSU / Power Issue
pc not turning on problem,PSU / Power Issue
pc not turning on 930,PSU / Power Issue
pc not turning on problem,PSU / Power Issue
pc not turning on problem,PSU / Power Issue
pc not turning on problem,PSU / Power Issue
pc not turning on problem,PSU / Power Issue
my pc not turning on,PSU / Power Issue
pc not turning on problem,PSU / Power Issue
pc not turning on problem,PSU / Power Issue
pc not turning on problem,PSU / Power Issue
pc not turning on problem,PSU / Power Issue
pc not turning on 940,PSU / Power Issue
pc not turning on problem,PSU / Power Issue
pc not turning on problem,PSU / Power Issue
pc not turning on problem,PSU / Power Issue
pc not turning on problem,PSU / Power Issue
my pc not turning on,PSU / Power Issue
pc not turning on problem,PSU / Power Issue
pc not turning on problem,PSU / Power Issue
pc not turning on problem,PSU / Power Issue
pc not turning on problem,PSU / Power Issue
pc not turning on 950,PSU / Power Issue
pc not turning on problem,PSU / Power Issue
pc not turning on problem,PSU / Power Issue
pc not turning on problem,PSU / Power Issue
pc not turning on problem,PSU / Power Issue
my pc not turning on,PSU / Power Issue
pc not turning on problem,PSU / Power Issue
pc not turning on problem,PSU / Power Issue
pc not turning on problem,PSU / Power Issue
pc not turning on problem,PSU / Power Issue
pc not turning on 960,PSU / Power Issue
pc not turning on problem,PSU / Power Issue
pc not turning on problem,PSU / Power Issue
pc not turning on problem,PSU / Power Issue
pc not turning on problem,PSU / Power Issue
my pc not turning on,PSU / Power Issue
pc not turning on problem,PSU / Power Issue
pc not turning on problem,PSU / Power Issue
pc not turning on problem,PSU / Power Issue
pc not turning on problem,PSU / Power Issue
pc not turning on 970,PSU / Power Issue
pc not turning on problem,PSU / Power Issue
pc not turning on problem,PSU / Power Issue
pc not turning on problem,PSU / Power Issue
pc not turning on problem,PSU / Power Issue
my pc not turning on,PSU / Power Issue
pc not turning on problem,PSU / Power Issue
pc not turning on problem,PSU / Power Issue
pc not turning on problem,PSU / Power Issue
pc not turning on problem,PSU / Power Issue
pc not turning on 980,PSU / Power Issue
pc not turning on problem,PSU / Power Issue
pc not turning on problem,PSU / Power Issue
pc not turning on problem,PSU / Power Issue
pc not turning on problem,PSU / Power Issue
my pc not turning on,PSU / Power Issue
pc not turning on problem,PSU / Power Issue
pc not turning on problem,PSU / Power Issue
pc not turning on problem,PSU / Power Issue
pc not turning on problem,PSU / Power Issue
pc not turning on 990,PSU / Power Issue
pc not turning on problem,PSU / Power Issue
pc not turning on problem,PSU / Power Issue
pc not turning on problem,PSU / Power Issue
pc not turning on problem,PSU / Power Issue
my pc not turning on,PSU / Power Issue
pc not turning on problem,PSU / Power Issue
pc not turning on problem,PSU / Power Issue
pc not turning on problem,PSU / Power Issue
pc not turning on problem,PSU / Power Issue
pc not turning on 1000,PSU / Power Issue
pc not turning on problem,PSU / Power Issue
pc not turning on problem,PSU / Power Issue
pc not turning on problem,PSU / Power Issue
pc not turning on problem,PSU / Power Issue
my pc not turning on,PSU / Power Issue
pc not turning on problem,PSU / Power Issue
pc not turning on problem,PSU / Power Issue
pc not turning on problem,PSU / Power Issue
pc not turning on problem,PSU / Power Issue
pc not turning on 1010,PSU / Power Issue
pc not turning on problem,PSU / Power Issue
pc not turning on problem,PSU / Power Issue
pc not turning on problem,PSU / Power Issue
pc not turning on problem,PSU / Power Issue
my pc not turning on,PSU / Power Issue
pc not turning on problem,PSU / Power Issue
pc not turning on problem,PSU / Power Issue
pc not turning on problem,PSU / Power Issue
pc not turning on problem,PSU / Power Issue
pc not turning on 1020,PSU / Power Issue
pc not turning on problem,PSU / Power Issue
pc not turning on problem,PSU / Power Issue
pc not turning on problem,PSU / Power Issue
pc not turning on problem,PSU / Power Issue
my pc not turning on,PSU / Power Issue
pc not turning on problem,PSU / Power Issue
pc not turning on problem,PSU / Power Issue
pc not turning on problem,PSU / Power Issue
pc not turning on problem,PSU / Power Issue
pc not turning on 1030,PSU / Power Issue
pc not turning on problem,PSU / Power Issue
pc not turning on problem,PSU / Power Issue
pc not turning on problem,PSU / Power Issue
pc not turning on problem,PSU / Power Issue
my pc not turning on,PSU / Power Issue
pc not turning on problem,PSU / Power Issue
pc not turning on problem,PSU / Power Issue
pc not turning on problem,PSU / Power Issue
pc not turning on problem,PSU / Power Issue
pc not turning on 1040,PSU / Power Issue
pc not turning on problem,PSU / Power Issue
pc not turning on problem,PSU / Power Issue
pc not turning on problem,PSU / Power Issue
pc not turning on problem,PSU / Power Issue
my pc not turning on,PSU / Power Issue
pc not turning on problem,PSU / Power Issue
pc not turning on problem,PSU / Power Issue
pc not turning on problem,PSU / Power Issue
pc not turning on problem,PSU / Power Issue
pc not turning on 1050,PSU / Power Issue
pc not turning on problem,PSU / Power Issue
pc not turning on problem,PSU / Power Issue
pc not turning on problem,PSU / Power Issue
pc not turning on problem,PSU / Power Issue
my pc not turning on,PSU / Power Issue
pc not turning on problem,PSU / Power Issue
pc not turning on problem,PSU / Power Issue
pc not turning on problem,PSU / Power Issue
pc not turning on problem,PSU / Power Issue
pc not turning on 1060,PSU / Power Issue
pc not turning on problem,PSU / Power Issue
pc not turning on problem,PSU / Power Issue
pc not turning on problem,PSU / Power Issue
pc not turning on problem,PSU / Power Issue
my pc not turning on,PSU / Power Issue
pc not turning on problem,PSU / Power Issue
pc not turning on problem,PSU / Power Issue
pc not turning on problem,PSU / Power Issue
pc not turning on problem,PSU / Power Issue
pc not turning on 1070,PSU / Power Issue
pc not turning on problem,PSU / Power Issue
pc not turning on problem,PSU / Power Issue
pc not turning on problem,PSU / Power Issue
pc not turning on problem,PSU / Power Issue
my pc not turning on,PSU / Power Issue
pc not turning on problem,PSU / Power Issue
pc not turning on problem,PSU / Power Issue
pc not turning on problem,PSU / Power Issue
pc not turning on problem,PSU / Power Issue
pc not turning on 1080,PSU / Power Issue
pc not turning on problem,PSU / Power Issue
pc not turning on problem,PSU / Power Issue
pc not turning on problem,PSU / Power Issue
pc not turning on problem,PSU / Power Issue
my pc not turning on,PSU / Power Issue
pc not turning on problem,PSU / Power Issue
pc not turning on problem,PSU / Power Issue
pc not turning on problem,PSU / Power Issue
pc not turning on problem,PSU / Power Issue
pc not turning on 1090,PSU / Power Issue
pc not turning on problem,PSU / Power Issue
pc not turning on problem,PSU / Power Issue
pc not turning on problem,PSU / Power Issue
pc not turning on problem,PSU / Power Issue
my pc not turning on,PSU / Power Issue
pc restarts again and again,Windows Boot Failure
pc starts very slowly,Windows Boot Failure
pc stuck on boot screen,Windows Boot Failure
computer stuck on boot screen,Windows Boot Failure
pc restart loop,Windows Boot Failure
computer keeps restarting,Windows Boot Failure
pc stuck at boot screen,Windows Boot Failure
pc hangs on boot screen,Windows Boot Failure
computer frozen on boot screen,Windows Boot Failure
boot failure windows,Windows Boot Failure
windows won't boot,Windows Boot Failure
pc stuck on startup screen,Windows Boot Failure
boot error windows,Windows Boot Failure
pc restarts again and again 0,Windows Boot Failure
pc restarts again and again problem,Windows Boot Failure
pc restarts again and again problem,Windows Boot Failure
pc restarts again and again problem,Windows Boot Failure
pc restarts again and again problem,Windows Boot Failure
my pc restarts again and again,Windows Boot Failure
pc restarts again and again problem,Windows Boot Failure
pc restarts again and again problem,Windows Boot Failure
pc restarts again and again problem,Windows Boot Failure
pc restarts again and again problem,Windows Boot Failure
pc restarts again and again 10,Windows Boot Failure
pc restarts again and again problem,Windows Boot Failure
pc restarts again and again problem,Windows Boot Failure
pc restarts again and again problem,Windows Boot Failure
pc restarts again and again problem,Windows Boot Failure
my pc restarts again and again,Windows Boot Failure
pc restarts again and again problem,Windows Boot Failure
pc restarts again and again problem,Windows Boot Failure
pc restarts again and again problem,Windows Boot Failure
pc restarts again and again problem,Windows Boot Failure
pc restarts again and again 20,Windows Boot Failure
pc restarts again and again problem,Windows Boot Failure
pc restarts again and again problem,Windows Boot Failure
pc restarts again and again problem,Windows Boot Failure
pc restarts again and again problem,Windows Boot Failure
my pc restarts again and again,Windows Boot Failure
pc restarts again and again problem,Windows Boot Failure
pc restarts again and again problem,Windows Boot Failure
pc restarts again and again problem,Windows Boot Failure
pc restarts again and again problem,Windows Boot Failure
pc restarts again and again 30,Windows Boot Failure
pc restarts again and again problem,Windows Boot Failure
pc restarts again and again problem,Windows Boot Failure
pc restarts again and again problem,Windows Boot Failure
pc restarts again and again problem,Windows Boot Failure
my pc restarts again and again,Windows Boot Failure
pc restarts again and again problem,Windows Boot Failure
pc restarts again and again problem,Windows Boot Failure
pc restarts again and again problem,Windows Boot Failure
pc restarts again and again problem,Windows Boot Failure
pc restarts again and again 40,Windows Boot Failure
pc restarts again and again problem,Windows Boot Failure
pc restarts again and again problem,Windows Boot Failure
pc restarts again and again problem,Windows Boot Failure
pc restarts again and again problem,Windows Boot Failure
my pc restarts again and again,Windows Boot Failure
pc restarts again and again problem,Windows Boot Failure
pc restarts again and again problem,Windows Boot Failure
pc restarts again and again problem,Windows Boot Failure
pc restarts again and again problem,Windows Boot Failure
pc restarts again and again 50,Windows Boot Failure
pc restarts again and again problem,Windows Boot Failure
pc restarts again and again problem,Windows Boot Failure
pc restarts again and again problem,Windows Boot Failure
pc restarts again and again problem,Windows Boot Failure
my pc restarts again and again,Windows Boot Failure
pc restarts again and again problem,Windows Boot Failure
pc restarts again and again problem,Windows Boot Failure
pc restarts again and again problem,Windows Boot Failure
pc restarts again and again problem,Windows Boot Failure
pc restarts again and again 60,Windows Boot Failure
pc restarts again and again problem,Windows Boot Failure
pc restarts again and again problem,Windows Boot Failure
pc restarts again and again problem,Windows Boot Failure
pc restarts again and again problem,Windows Boot Failure
my pc restarts again and again,Windows Boot Failure
pc restarts again and again problem,Windows Boot Failure
pc restarts again and again problem,Windows Boot Failure
pc restarts again and again problem,Windows Boot Failure
pc restarts again and again problem,Windows Boot Failure
pc restarts again and again 70,Windows Boot Failure
pc restarts again and again problem,Windows Boot Failure
pc restarts again and again problem,Windows Boot Failure
pc restarts again and again problem,Windows Boot Failure
pc restarts again and again problem,Windows Boot Failure
my pc restarts again and again,Windows Boot Failure
pc restarts again and again problem,Windows Boot Failure
pc restarts again and again problem,Windows Boot Failure
pc restarts again and again problem,Windows Boot Failure
pc restarts again and again problem,Windows Boot Failure
pc restarts again and again 80,Windows Boot Failure
pc restarts again and again problem,Windows Boot Failure
pc restarts again and again problem,Windows Boot Failure
pc restarts again and again problem,Windows Boot Failure
pc restarts again and again problem,Windows Boot Failure
my pc restarts again and again,Windows Boot Failure
pc restarts again and again problem,Windows Boot Failure
pc restarts again and again problem,Windows Boot Failure
pc restarts again and again problem,Windows Boot Failure
pc restarts again and again problem,Windows Boot Failure
pc restarts again and again 90,Windows Boot Failure
pc restarts again and again problem,Windows Boot Failure
pc restarts again and again problem,Windows Boot Failure
pc restarts again and again problem,Windows Boot Failure
pc restarts again and again problem,Windows Boot Failure
my pc restarts again and again,Windows Boot Failure
pc restarts again and again problem,Windows Boot Failure
pc restarts again and again problem,Windows Boot Failure
pc restarts again and again problem,Windows Boot Failure
pc restarts again and again problem,Windows Boot Failure
pc restarts again and again 100,Windows Boot Failure
pc restarts again and again problem,Windows Boot Failure
pc restarts again and again problem,Windows Boot Failure
pc restarts again and again problem,Windows Boot Failure
pc restarts again and again problem,Windows Boot Failure
my pc restarts again and again,Windows Boot Failure
pc restarts again and again problem,Windows Boot Failure
pc restarts again and again problem,Windows Boot Failure
pc restarts again and again problem,Windows Boot Failure
pc restarts again and again problem,Windows Boot Failure
pc restarts again and again 110,Windows Boot Failure
pc restarts again and again problem,Windows Boot Failure
pc restarts again and again problem,Windows Boot Failure
pc restarts again and again problem,Windows Boot Failure
pc restarts again and again problem,Windows Boot Failure
my pc restarts again and again,Windows Boot Failure
pc restarts again and again problem,Windows Boot Failure
pc restarts again and again problem,Windows Boot Failure
pc restarts again and again problem,Windows Boot Failure
pc restarts again and again problem,Windows Boot Failure
pc restarts again and again 120,Windows Boot Failure
pc restarts again and again problem,Windows Boot Failure
pc restarts again and again problem,Windows Boot Failure
pc restarts again and again problem,Windows Boot Failure
pc restarts again and again problem,Windows Boot Failure
my pc restarts again and again,Windows Boot Failure
pc restarts again and again problem,Windows Boot Failure
pc restarts again and again problem,Windows Boot Failure
pc restarts again and again problem,Windows Boot Failure
pc restarts again and again problem,Windows Boot Failure
pc restarts again and again 130,Windows Boot Failure
pc restarts again and again problem,Windows Boot Failure
pc restarts again and again problem,Windows Boot Failure
pc restarts again and again problem,Windows Boot Failure
pc restarts again and again problem,Windows Boot Failure
my pc restarts again and again,Windows Boot Failure
pc restarts again and again problem,Windows Boot Failure
pc restarts again and again problem,Windows Boot Failure
pc restarts again and again problem,Windows Boot Failure
pc restarts again and again problem,Windows Boot Failure
pc restarts again and again 140,Windows Boot Failure
pc restarts again and again problem,Windows Boot Failure
pc restarts again and again problem,Windows Boot Failure
pc restarts again and again problem,Windows Boot Failure
pc restarts again and again problem,Windows Boot Failure
my pc restarts again and again,Windows Boot Failure
pc restarts again and again problem,Windows Boot Failure
pc restarts again and again problem,Windows Boot Failure
pc restarts again and again problem,Windows Boot Failure
pc restarts again and again problem,Windows Boot Failure
pc restarts again and again 150,Windows Boot Failure
pc restarts again and again problem,Windows Boot Failure
pc restarts again and again problem,Windows Boot Failure
pc restarts again and again problem,Windows Boot Failure
pc restarts again and again problem,Windows Boot Failure
my pc restarts again and again,Windows Boot Failure
pc restarts again and again problem,Windows Boot Failure
pc restarts again and again problem,Windows Boot Failure
pc restarts again and again problem,Windows Boot Failure
pc restarts again and again problem,Windows Boot Failure
pc restarts again and again 160,Windows Boot Failure
pc restarts again and again problem,Windows Boot Failure
pc restarts again and again problem,Windows Boot Failure
pc restarts again and again problem,Windows Boot Failure
pc restarts again and again problem,Windows Boot Failure
my pc restarts again and again,Windows Boot Failure
pc restarts again and again problem,Windows Boot Failure
pc restarts again and again problem,Windows Boot Failure
pc restarts again and again problem,Windows Boot Failure
pc restarts again and again problem,Windows Boot Failure
pc restarts again and again 170,Windows Boot Failure
pc restarts again and again problem,Windows Boot Failure
pc restarts again and again problem,Windows Boot Failure
pc restarts again and again problem,Windows Boot Failure
pc restarts again and again problem,Windows Boot Failure
my pc restarts again and again,Windows Boot Failure
pc restarts again and again problem,Windows Boot Failure
pc restarts again and again problem,Windows Boot Failure
pc restarts again and again problem,Windows Boot Failure
pc restarts again and again problem,Windows Boot Failure
pc restarts again and again 180,Windows Boot Failure
pc restarts again and again problem,Windows Boot Failure
pc restarts again and again problem,Windows Boot Failure
pc restarts again and again problem,Windows Boot Failure
pc restarts again and again problem,Windows Boot Failure
my pc restarts again and again,Windows Boot Failure
pc restarts again and again problem,Windows Boot Failure
pc restarts again and again problem,Windows Boot Failure
pc restarts again and again problem,Windows Boot Failure
pc restarts again and again problem,Windows Boot Failure
pc restarts again and again 190,Windows Boot Failure
pc restarts again and again problem,Windows Boot Failure
pc restarts again and again problem,Windows Boot Failure
pc restarts again and again problem,Windows Boot Failure
pc restarts again and again problem,Windows Boot Failure
my pc restarts again and again,Windows Boot Failure
pc restarts again and again problem,Windows Boot Failure
pc restarts again and again problem,Windows Boot Failure
pc restarts again and again problem,Windows Boot Failure
pc restarts again and again problem,Windows Boot Failure
pc restarts again and again 200,Windows Boot Failure
pc restarts again and again problem,Windows Boot Failure
pc restarts again and again problem,Windows Boot Failure
pc restarts again and again problem,Windows Boot Failure
pc restarts again and again problem,Windows Boot Failure
my pc restarts again and again,Windows Boot Failure
pc restarts again and again problem,Windows Boot Failure
pc restarts again and again problem,Windows Boot Failure
pc restarts again and again problem,Windows Boot Failure
pc restarts again and again problem,Windows Boot Failure
pc restarts again and again 210,Windows Boot Failure
pc restarts again and again problem,Windows Boot Failure
pc restarts again and again problem,Windows Boot Failure
pc restarts again and again problem,Windows Boot Failure
pc restarts again and again problem,Windows Boot Failure
my pc restarts again and again,Windows Boot Failure
pc restarts again and again problem,Windows Boot Failure
pc restarts again and again problem,Windows Boot Failure
pc restarts again and again problem,Windows Boot Failure
pc restarts again and again problem,Windows Boot Failure
pc restarts again and again 220,Windows Boot Failure
pc restarts again and again problem,Windows Boot Failure
pc restarts again and again problem,Windows Boot Failure
pc restarts again and again problem,Windows Boot Failure
pc restarts again and again problem,Windows Boot Failure
my pc restarts again and again,Windows Boot Failure
pc restarts again and again problem,Windows Boot Failure
pc restarts again and again problem,Windows Boot Failure
pc restarts again and again problem,Windows Boot Failure
pc restarts again and again problem,Windows Boot Failure
pc restarts again and again 230,Windows Boot Failure
pc restarts again and again problem,Windows Boot Failure
pc restarts again and again problem,Windows Boot Failure
pc restarts again and again problem,Windows Boot Failure
pc restarts again and again problem,Windows Boot Failure
my pc restarts again and again,Windows Boot Failure
pc restarts again and again problem,Windows Boot Failure
pc restarts again and again problem,Windows Boot Failure
pc restarts again and again problem,Windows Boot Failure
pc restarts again and again problem,Windows Boot Failure
pc restarts again and again 240,Windows Boot Failure
pc restarts again and again problem,Windows Boot Failure
pc restarts again and again problem,Windows Boot Failure
pc restarts again and again problem,Windows Boot Failure
pc restarts again and again problem,Windows Boot Failure
my pc restarts again and again,Windows Boot Failure
pc restarts again and again problem,Windows Boot Failure
pc restarts again and again problem,Windows Boot Failure
pc restarts again and again problem,Windows Boot Failure
pc restarts again and again problem,Windows Boot Failure
pc restarts again and again 250,Windows Boot Failure
pc restarts again and again problem,Windows Boot Failure
pc restarts again and again problem,Windows Boot Failure
pc restarts again and again problem,Windows Boot Failure
pc restarts again and again problem,Windows Boot Failure
my pc restarts again and again,Windows Boot Failure
pc restarts again and again problem,Windows Boot Failure
pc restarts again and again problem,Windows Boot Failure
pc restarts again and again problem,Windows Boot Failure
pc restarts again and again problem,Windows Boot Failure
pc restarts again and again 260,Windows Boot Failure
pc restarts again and again problem,Windows Boot Failure
pc restarts again and again problem,Windows Boot Failure
pc restarts again and again problem,Windows Boot Failure
pc restarts again and again problem,Windows Boot Failure
my pc restarts again and again,Windows Boot Failure
pc restarts again and again problem,Windows Boot Failure
pc restarts again and again problem,Windows Boot Failure
pc restarts again and again problem,Windows Boot Failure
pc restarts again and again problem,Windows Boot Failure
pc restarts again and again 270,Windows Boot Failure
pc restarts again and again problem,Windows Boot Failure
pc restarts again and again problem,Windows Boot Failure
pc restarts again and again problem,Windows Boot Failure
pc restarts again and again problem,Windows Boot Failure
my pc restarts again and again,Windows Boot Failure
pc restarts again and again problem,Windows Boot Failure
pc restarts again and again problem,Windows Boot Failure
pc restarts again and again problem,Windows Boot Failure
pc restarts again and again problem,Windows Boot Failure
pc restarts again and again 280,Windows Boot Failure
pc restarts again and again problem,Windows Boot Failure
pc restarts again and again problem,Windows Boot Failure
pc restarts again and again problem,Windows Boot Failure
pc restarts again and again problem,Windows Boot Failure
my pc restarts again and again,Windows Boot Failure
pc restarts again and again problem,Windows Boot Failure
pc restarts again and again problem,Windows Boot Failure
pc restarts again and again problem,Windows Boot Failure
pc restarts again and again problem,Windows Boot Failure
pc restarts again and again 290,Windows Boot Failure
pc restarts again and again problem,Windows Boot Failure
pc restarts again and again problem,Windows Boot Failure
pc restarts again and again problem,Windows Boot Failure
pc restarts again and again problem,Windows Boot Failure
my pc restarts again and again,Windows Boot Failure
pc restarts again and again problem,Windows Boot Failure
pc restarts again and again problem,Windows Boot Failure
pc restarts again and again problem,Windows Boot Failure
pc restarts again and again problem,Windows Boot Failure
pc restarts again and again 300,Windows Boot Failure
pc restarts again and again problem,Windows Boot Failure
pc restarts again and again problem,Windows Boot Failure
pc restarts again and again problem,Windows Boot Failure
pc restarts again and again problem,Windows Boot Failure
my pc restarts again and again,Windows Boot Failure
pc restarts again and again problem,Windows Boot Failure
pc restarts again and again problem,Windows Boot Failure
pc restarts again and again problem,Windows Boot Failure
pc restarts again and again problem,Windows Boot Failure
pc restarts again and again 310,Windows Boot Failure
pc restarts again and again problem,Windows Boot Failure
pc restarts again and again problem,Windows Boot Failure
pc restarts again and again problem,Windows Boot Failure
pc restarts again and again problem,Windows Boot Failure
my pc restarts again and again,Windows Boot Failure
pc restarts again and again problem,Windows Boot Failure
pc restarts again and again problem,Windows Boot Failure
pc restarts again and again problem,Windows Boot Failure
pc restarts again and again problem,Windows Boot Failure
pc restarts again and again 320,Windows Boot Failure
pc restarts again and again problem,Windows Boot Failure
pc restarts again and again problem,Windows Boot Failure
pc restarts again and again problem,Windows Boot Failure
pc restarts again and again problem,Windows Boot Failure
my pc restarts again and again,Windows Boot Failure
pc restarts again and again problem,Windows Boot Failure
pc restarts again and again problem,Windows Boot Failure
pc restarts again and again problem,Windows Boot Failure
pc restarts again and again problem,Windows Boot Failure
pc restarts again and again 330,Windows Boot Failure
pc restarts again and again problem,Windows Boot Failure
pc restarts again and again problem,Windows Boot Failure
pc restarts again and again problem,Windows Boot Failure
pc restarts again and again problem,Windows Boot Failure
my pc restarts again and again,Windows Boot Failure
pc restarts again and again problem,Windows Boot Failure
pc restarts again and again problem,Windows Boot Failure
pc restarts again and again problem,Windows Boot Failure
pc restarts again and again problem,Windows Boot Failure
pc restarts again and again 340,Windows Boot Failure
pc restarts again and again problem,Windows Boot Failure
pc restarts again and again problem,Windows Boot Failure
pc restarts again and again problem,Windows Boot Failure
pc restarts again and again problem,Windows Boot Failure
my pc restarts again and again,Windows Boot Failure
pc restarts again and again problem,Windows Boot Failure
pc restarts again and again problem,Windows Boot Failure
pc restarts again and again problem,Windows Boot Failure
pc restarts again and again problem,Windows Boot Failure
pc restarts again and again 350,Windows Boot Failure
pc restarts again and again problem,Windows Boot Failure
pc restarts again and again problem,Windows Boot Failure
pc restarts again and again problem,Windows Boot Failure
pc restarts again and again problem,Windows Boot Failure
my pc restarts again and again,Windows Boot Failure
pc restarts again and again problem,Windows Boot Failure
pc restarts again and again problem,Windows Boot Failure
pc restarts again and again problem,Windows Boot Failure
pc restarts again and again problem,Windows Boot Failure
pc restarts again and again 360,Windows Boot Failure
pc restarts again and again problem,Windows Boot Failure
pc restarts again and again problem,Windows Boot Failure
pc restarts again and again problem,Windows Boot Failure
pc restarts again and again problem,Windows Boot Failure
my pc restarts again and again,Windows Boot Failure
pc restarts again and again problem,Windows Boot Failure
pc restarts again and again problem,Windows Boot Failure
pc restarts again and again problem,Windows Boot Failure
pc restarts again and again problem,Windows Boot Failure
pc restarts again and again 370,Windows Boot Failure
pc restarts again and again problem,Windows Boot Failure
pc restarts again and again problem,Windows Boot Failure
pc restarts again and again problem,Windows Boot Failure
pc restarts again and again problem,Windows Boot Failure
my pc restarts again and again,Windows Boot Failure
pc restarts again and again problem,Windows Boot Failure
pc restarts again and again problem,Windows Boot Failure
pc restarts again and again problem,Windows Boot Failure
pc restarts again and again problem,Windows Boot Failure
pc restarts again and again 380,Windows Boot Failure
pc restarts again and again problem,Windows Boot Failure
pc restarts again and again problem,Windows Boot Failure
pc restarts again and again problem,Windows Boot Failure
pc restarts again and again problem,Windows Boot Failure
my pc restarts again and again,Windows Boot Failure
pc restarts again and again problem,Windows Boot Failure
pc restarts again and again problem,Windows Boot Failure
pc restarts again and again problem,Windows Boot Failure
pc restarts again and again problem,Windows Boot Failure
pc restarts again and again 390,Windows Boot Failure
pc restarts again and again problem,Windows Boot Failure
pc restarts again and again problem,Windows Boot Failure
pc restarts again and again problem,Windows Boot Failure
pc restarts again and again problem,Windows Boot Failure
my pc restarts again and again,Windows Boot Failure
pc restarts again and again problem,Windows Boot Failure
pc restarts again and again problem,Windows Boot Failure
pc restarts again and again problem,Windows Boot Failure
pc restarts again and again problem,Windows Boot Failure
pc restarts again and again 400,Windows Boot Failure
pc restarts again and again problem,Windows Boot Failure
pc restarts again and again problem,Windows Boot Failure
pc restarts again and again problem,Windows Boot Failure
pc restarts again and again problem,Windows Boot Failure
my pc restarts again and again,Windows Boot Failure
pc restarts again and again problem,Windows Boot Failure
pc restarts again and again problem,Windows Boot Failure
pc restarts again and again problem,Windows Boot Failure
pc restarts again and again problem,Windows Boot Failure
pc restarts again and again 410,Windows Boot Failure
pc restarts again and again problem,Windows Boot Failure
pc restarts again and again problem,Windows Boot Failure
pc restarts again and again problem,Windows Boot Failure
pc restarts again and again problem,Windows Boot Failure
my pc restarts again and again,Windows Boot Failure
pc restarts again and again problem,Windows Boot Failure
pc restarts again and again problem,Windows Boot Failure
pc restarts again and again problem,Windows Boot Failure
pc restarts again and again problem,Windows Boot Failure
pc restarts again and again 420,Windows Boot Failure
pc restarts again and again problem,Windows Boot Failure
pc restarts again and again problem,Windows Boot Failure
pc restarts again and again problem,Windows Boot Failure
pc restarts again and again problem,Windows Boot Failure
my pc restarts again and again,Windows Boot Failure
pc restarts again and again problem,Windows Boot Failure
pc restarts again and again problem,Windows Boot Failure
pc restarts again and again problem,Windows Boot Failure
pc restarts again and again problem,Windows Boot Failure
pc restarts again and again 430,Windows Boot Failure
pc restarts again and again problem,Windows Boot Failure
pc restarts again and again problem,Windows Boot Failure
pc restarts again and again problem,Windows Boot Failure
pc restarts again and again problem,Windows Boot Failure
my pc restarts again and again,Windows Boot Failure
pc restarts again and again problem,Windows Boot Failure
pc restarts again and again problem,Windows Boot Failure
pc restarts again and again problem,Windows Boot Failure
pc restarts again and again problem,Windows Boot Failure
pc restarts again and again 440,Windows Boot Failure
pc restarts again and again problem,Windows Boot Failure
pc restarts again and again problem,Windows Boot Failure
pc restarts again and again problem,Windows Boot Failure
pc restarts again and again problem,Windows Boot Failure
my pc restarts again and again,Windows Boot Failure
pc restarts again and again problem,Windows Boot Failure
pc restarts again and again problem,Windows Boot Failure
pc restarts again and again problem,Windows Boot Failure
pc restarts again and again problem,Windows Boot Failure
pc restarts again and again 450,Windows Boot Failure
pc restarts again and again problem,Windows Boot Failure
pc restarts again and again problem,Windows Boot Failure
pc restarts again and again problem,Windows Boot Failure
pc restarts again and again problem,Windows Boot Failure
my pc restarts again and again,Windows Boot Failure
pc restarts again and again problem,Windows Boot Failure
pc restarts again and again problem,Windows Boot Failure
pc restarts again and again problem,Windows Boot Failure
pc restarts again and again problem,Windows Boot Failure
pc restarts again and again 460,Windows Boot Failure
pc restarts again and again problem,Windows Boot Failure
pc restarts again and again problem,Windows Boot Failure
pc restarts again and again problem,Windows Boot Failure
pc restarts again and again problem,Windows Boot Failure
my pc restarts again and again,Windows Boot Failure
pc restarts again and again problem,Windows Boot Failure
pc restarts again and again problem,Windows Boot Failure
pc restarts again and again problem,Windows Boot Failure
pc restarts again and again problem,Windows Boot Failure
pc restarts again and again 470,Windows Boot Failure
pc restarts again and again problem,Windows Boot Failure
pc restarts again and again problem,Windows Boot Failure
pc restarts again and again problem,Windows Boot Failure
pc restarts again and again problem,Windows Boot Failure
my pc restarts again and again,Windows Boot Failure
pc restarts again and again problem,Windows Boot Failure
pc restarts again and again problem,Windows Boot Failure
pc restarts again and again problem,Windows Boot Failure
pc restarts again and again problem,Windows Boot Failure
pc restarts again and again 480,Windows Boot Failure
pc restarts again and again problem,Windows Boot Failure
pc restarts again and again problem,Windows Boot Failure
pc restarts again and again problem,Windows Boot Failure
pc restarts again and again problem,Windows Boot Failure
my pc restarts again and again,Windows Boot Failure
pc restarts again and again problem,Windows Boot Failure
pc restarts again and again problem,Windows Boot Failure
pc restarts again and again problem,Windows Boot Failure
pc restarts again and again problem,Windows Boot Failure
pc restarts again and again 490,Windows Boot Failure
pc restarts again and again problem,Windows Boot Failure
pc restarts again and again problem,Windows Boot Failure
pc restarts again and again problem,Windows Boot Failure
pc restarts again and again problem,Windows Boot Failure
my pc restarts again and again,Windows Boot Failure
pc restarts again and again problem,Windows Boot Failure
pc restarts again and again problem,Windows Boot Failure
pc restarts again and again problem,Windows Boot Failure
pc restarts again and again problem,Windows Boot Failure
pc restarts again and again 500,Windows Boot Failure
pc restarts again and again problem,Windows Boot Failure
pc restarts again and again problem,Windows Boot Failure
pc restarts again and again problem,Windows Boot Failure
pc restarts again and again problem,Windows Boot Failure
my pc restarts again and again,Windows Boot Failure
pc restarts again and again problem,Windows Boot Failure
pc restarts again and again problem,Windows Boot Failure
pc restarts again and again problem,Windows Boot Failure
pc restarts again and again problem,Windows Boot Failure
pc restarts again and again 510,Windows Boot Failure
pc restarts again and again problem,Windows Boot Failure
pc restarts again and again problem,Windows Boot Failure
pc restarts again and again problem,Windows Boot Failure
pc restarts again and again problem,Windows Boot Failure
my pc restarts again and again,Windows Boot Failure
pc restarts again and again problem,Windows Boot Failure
pc restarts again and again problem,Windows Boot Failure
pc restarts again and again problem,Windows Boot Failure
pc restarts again and again problem,Windows Boot Failure
pc restarts again and again 520,Windows Boot Failure
pc restarts again and again problem,Windows Boot Failure
pc restarts again and again problem,Windows Boot Failure
pc restarts again and again problem,Windows Boot Failure
pc restarts again and again problem,Windows Boot Failure
my pc restarts again and again,Windows Boot Failure
pc restarts again and again problem,Windows Boot Failure
pc restarts again and again problem,Windows Boot Failure
pc restarts again and again problem,Windows Boot Failure
pc restarts again and again problem,Windows Boot Failure
pc restarts again and again 530,Windows Boot Failure
pc restarts again and again problem,Windows Boot Failure
pc restarts again and again problem,Windows Boot Failure
pc restarts again and again problem,Windows Boot Failure
pc restarts again and again problem,Windows Boot Failure
my pc restarts again and again,Windows Boot Failure
pc restarts again and again problem,Windows Boot Failure
pc restarts again and again problem,Windows Boot Failure
pc restarts again and again problem,Windows Boot Failure
pc restarts again and again problem,Windows Boot Failure
pc restarts again and again 540,Windows Boot Failure
pc restarts again and again problem,Windows Boot Failure
pc restarts again and again problem,Windows Boot Failure
pc restarts again and again problem,Windows Boot Failure
pc restarts again and again problem,Windows Boot Failure
my pc restarts again and again,Windows Boot Failure
pc restarts again and again problem,Windows Boot Failure
pc restarts again and again problem,Windows Boot Failure
pc restarts again and again problem,Windows Boot Failure
pc restarts again and again problem,Windows Boot Failure
pc restarts again and again 550,Windows Boot Failure
pc restarts again and again problem,Windows Boot Failure
pc restarts again and again problem,Windows Boot Failure
pc restarts again and again problem,Windows Boot Failure
pc restarts again and again problem,Windows Boot Failure
my pc restarts again and again,Windows Boot Failure
pc restarts again and again problem,Windows Boot Failure
pc restarts again and again problem,Windows Boot Failure
pc restarts again and again problem,Windows Boot Failure
pc restarts again and again problem,Windows Boot Failure
pc restarts again and again 560,Windows Boot Failure
pc restarts again and again problem,Windows Boot Failure
pc restarts again and again problem,Windows Boot Failure
pc restarts again and again problem,Windows Boot Failure
pc restarts again and again problem,Windows Boot Failure
my pc restarts again and again,Windows Boot Failure
pc restarts again and again problem,Windows Boot Failure
pc restarts again and again problem,Windows Boot Failure
pc restarts again and again problem,Windows Boot Failure
pc restarts again and again problem,Windows Boot Failure
pc restarts again and again 570,Windows Boot Failure
pc restarts again and again problem,Windows Boot Failure
pc restarts again and again problem,Windows Boot Failure
pc restarts again and again problem,Windows Boot Failure
pc restarts again and again problem,Windows Boot Failure
my pc restarts again and again,Windows Boot Failure
pc restarts again and again problem,Windows Boot Failure
pc restarts again and again problem,Windows Boot Failure
pc restarts again and again problem,Windows Boot Failure
pc restarts again and again problem,Windows Boot Failure
pc restarts again and again 580,Windows Boot Failure
pc restarts again and again problem,Windows Boot Failure
pc restarts again and again problem,Windows Boot Failure
pc restarts again and again problem,Windows Boot Failure
pc restarts again and again problem,Windows Boot Failure
my pc restarts again and again,Windows Boot Failure
pc restarts again and again problem,Windows Boot Failure
pc restarts again and again problem,Windows Boot Failure
pc restarts again and again problem,Windows Boot Failure
pc restarts again and again problem,Windows Boot Failure
pc restarts again and again 590,Windows Boot Failure
pc restarts again and again problem,Windows Boot Failure
pc restarts again and again problem,Windows Boot Failure
pc restarts again and again problem,Windows Boot Failure
pc restarts again and again problem,Windows Boot Failure
my pc restarts again and again,Windows Boot Failure
pc restarts again and again problem,Windows Boot Failure
pc restarts again and again problem,Windows Boot Failure
pc restarts again and again problem,Windows Boot Failure
pc restarts again and again problem,Windows Boot Failure
pc restarts again and again 600,Windows Boot Failure
pc restarts again and again problem,Windows Boot Failure
pc restarts again and again problem,Windows Boot Failure
pc restarts again and again problem,Windows Boot Failure
pc restarts again and again problem,Windows Boot Failure
my pc restarts again and again,Windows Boot Failure
pc restarts again and again problem,Windows Boot Failure
pc restarts again and again problem,Windows Boot Failure
pc restarts again and again problem,Windows Boot Failure
pc restarts again and again problem,Windows Boot Failure
pc restarts again and again 610,Windows Boot Failure
pc restarts again and again problem,Windows Boot Failure
pc restarts again and again problem,Windows Boot Failure
pc restarts again and again problem,Windows Boot Failure
pc restarts again and again problem,Windows Boot Failure
my pc restarts again and again,Windows Boot Failure
pc restarts again and again problem,Windows Boot Failure
pc restarts again and again problem,Windows Boot Failure
pc restarts again and again problem,Windows Boot Failure
pc restarts again and again problem,Windows Boot Failure
pc restarts again and again 620,Windows Boot Failure
pc restarts again and again problem,Windows Boot Failure
pc restarts again and again problem,Windows Boot Failure
pc restarts again and again problem,Windows Boot Failure
pc restarts again and again problem,Windows Boot Failure
my pc restarts again and again,Windows Boot Failure
pc restarts again and again problem,Windows Boot Failure
pc restarts again and again problem,Windows Boot Failure
pc restarts again and again problem,Windows Boot Failure
pc restarts again and again problem,Windows Boot Failure
pc restarts again and again 630,Windows Boot Failure
pc restarts again and again problem,Windows Boot Failure
pc restarts again and again problem,Windows Boot Failure
pc restarts again and again problem,Windows Boot Failure
pc restarts again and again problem,Windows Boot Failure
my pc restarts again and again,Windows Boot Failure
pc restarts again and again problem,Windows Boot Failure
pc restarts again and again problem,Windows Boot Failure
pc restarts again and again problem,Windows Boot Failure
pc restarts again and again problem,Windows Boot Failure
pc restarts again and again 640,Windows Boot Failure
pc restarts again and again problem,Windows Boot Failure
pc restarts again and again problem,Windows Boot Failure
pc restarts again and again problem,Windows Boot Failure
pc restarts again and again problem,Windows Boot Failure
my pc restarts again and again,Windows Boot Failure
pc restarts again and again problem,Windows Boot Failure
pc restarts again and again problem,Windows Boot Failure
pc restarts again and again problem,Windows Boot Failure
pc restarts again and again problem,Windows Boot Failure
pc restarts again and again 650,Windows Boot Failure
pc restarts again and again problem,Windows Boot Failure
pc restarts again and again problem,Windows Boot Failure
pc restarts again and again problem,Windows Boot Failure
pc restarts again and again problem,Windows Boot Failure
my pc restarts again and again,Windows Boot Failure
pc restarts again and again problem,Windows Boot Failure
pc restarts again and again problem,Windows Boot Failure
pc restarts again and again problem,Windows Boot Failure
pc restarts again and again problem,Windows Boot Failure
pc restarts again and again 660,Windows Boot Failure
pc restarts again and again problem,Windows Boot Failure
pc restarts again and again problem,Windows Boot Failure
pc restarts again and again problem,Windows Boot Failure
pc restarts again and again problem,Windows Boot Failure
my pc restarts again and again,Windows Boot Failure
pc restarts again and again problem,Windows Boot Failure
pc restarts again and again problem,Windows Boot Failure
pc restarts again and again problem,Windows Boot Failure
pc restarts again and again problem,Windows Boot Failure
pc restarts again and again 670,Windows Boot Failure
pc restarts again and again problem,Windows Boot Failure
pc restarts again and again problem,Windows Boot Failure
pc restarts again and again problem,Windows Boot Failure
pc restarts again and again problem,Windows Boot Failure
my pc restarts again and again,Windows Boot Failure
pc restarts again and again problem,Windows Boot Failure
pc restarts again and again problem,Windows Boot Failure
pc restarts again and again problem,Windows Boot Failure
pc restarts again and again problem,Windows Boot Failure
pc restarts again and again 680,Windows Boot Failure
pc restarts again and again problem,Windows Boot Failure
pc restarts again and again problem,Windows Boot Failure
pc restarts again and again problem,Windows Boot Failure
pc restarts again and again problem,Windows Boot Failure
my pc restarts again and again,Windows Boot Failure
pc restarts again and again problem,Windows Boot Failure
pc restarts again and again problem,Windows Boot Failure
pc restarts again and again problem,Windows Boot Failure
pc restarts again and again problem,Windows Boot Failure
pc restarts again and again 690,Windows Boot Failure
pc restarts again and again problem,Windows Boot Failure
pc restarts again and again problem,Windows Boot Failure
pc restarts again and again problem,Windows Boot Failure
pc restarts again and again problem,Windows Boot Failure
my pc restarts again and again,Windows Boot Failure
pc restarts again and again problem,Windows Boot Failure
pc restarts again and again problem,Windows Boot Failure
pc restarts again and again problem,Windows Boot Failure
pc restarts again and again problem,Windows Boot Failure
pc restarts again and again 700,Windows Boot Failure
pc restarts again and again problem,Windows Boot Failure
pc restarts again and again problem,Windows Boot Failure
pc restarts again and again problem,Windows Boot Failure
pc restarts again and again problem,Windows Boot Failure
my pc restarts again and again,Windows Boot Failure
pc restarts again and again problem,Windows Boot Failure
pc restarts again and again problem,Windows Boot Failure
pc restarts again and again problem,Windows Boot Failure
pc restarts again and again problem,Windows Boot Failure
pc restarts again and again 710,Windows Boot Failure
pc restarts again and again problem,Windows Boot Failure
pc restarts again and again problem,Windows Boot Failure
pc restarts again and again problem,Windows Boot Failure
pc restarts again and again problem,Windows Boot Failure
my pc restarts again and again,Windows Boot Failure
pc restarts again and again problem,Windows Boot Failure
pc restarts again and again problem,Windows Boot Failure
pc restarts again and again problem,Windows Boot Failure
pc restarts again and again problem,Windows Boot Failure
pc restarts again and again 720,Windows Boot Failure
pc restarts again and again problem,Windows Boot Failure
pc restarts again and again problem,Windows Boot Failure
pc restarts again and again problem,Windows Boot Failure
pc restarts again and again problem,Windows Boot Failure
my pc restarts again and again,Windows Boot Failure
pc restarts again and again problem,Windows Boot Failure
pc restarts again and again problem,Windows Boot Failure
pc restarts again and again problem,Windows Boot Failure
pc restarts again and again problem,Windows Boot Failure
pc restarts again and again 730,Windows Boot Failure
pc restarts again and again problem,Windows Boot Failure
pc restarts again and again problem,Windows Boot Failure
pc restarts again and again problem,Windows Boot Failure
pc restarts again and again problem,Windows Boot Failure
my pc restarts again and again,Windows Boot Failure
pc restarts again and again problem,Windows Boot Failure
pc restarts again and again problem,Windows Boot Failure
pc restarts again and again problem,Windows Boot Failure
pc restarts again and again problem,Windows Boot Failure
pc restarts again and again 740,Windows Boot Failure
pc restarts again and again problem,Windows Boot Failure
pc restarts again and again problem,Windows Boot Failure
pc restarts again and again problem,Windows Boot Failure
pc restarts again and again problem,Windows Boot Failure
my pc restarts again and again,Windows Boot Failure
pc restarts again and again problem,Windows Boot Failure
pc restarts again and again problem,Windows Boot Failure
pc restarts again and again problem,Windows Boot Failure
pc restarts again and again problem,Windows Boot Failure
pc restarts again and again 750,Windows Boot Failure
pc restarts again and again problem,Windows Boot Failure
pc restarts again and again problem,Windows Boot Failure
pc restarts again and again problem,Windows Boot Failure
pc restarts again and again problem,Windows Boot Failure
my pc restarts again and again,Windows Boot Failure
pc restarts again and again problem,Windows Boot Failure
pc restarts again and again problem,Windows Boot Failure
pc restarts again and again problem,Windows Boot Failure
pc restarts again and again problem,Windows Boot Failure
pc restarts again and again 760,Windows Boot Failure
pc restarts again and again problem,Windows Boot Failure
pc restarts again and again problem,Windows Boot Failure
pc restarts again and again problem,Windows Boot Failure
pc restarts again and again problem,Windows Boot Failure
my pc restarts again and again,Windows Boot Failure
pc restarts again and again problem,Windows Boot Failure
pc restarts again and again problem,Windows Boot Failure
pc restarts again and again problem,Windows Boot Failure
pc restarts again and again problem,Windows Boot Failure
pc restarts again and again 770,Windows Boot Failure
pc restarts again and again problem,Windows Boot Failure
pc restarts again and again problem,Windows Boot Failure
pc restarts again and again problem,Windows Boot Failure
pc restarts again and again problem,Windows Boot Failure
my pc restarts again and again,Windows Boot Failure
pc restarts again and again problem,Windows Boot Failure
pc restarts again and again problem,Windows Boot Failure
pc restarts again and again problem,Windows Boot Failure
pc restarts again and again problem,Windows Boot Failure
pc restarts again and again 780,Windows Boot Failure
pc restarts again and again problem,Windows Boot Failure
pc restarts again and again problem,Windows Boot Failure
pc restarts again and again problem,Windows Boot Failure
pc restarts again and again problem,Windows Boot Failure
my pc restarts again and again,Windows Boot Failure
pc restarts again and again problem,Windows Boot Failure
pc restarts again and again problem,Windows Boot Failure
pc restarts again and again problem,Windows Boot Failure
pc restarts again and again problem,Windows Boot Failure
pc restarts again and again 790,Windows Boot Failure
pc restarts again and again problem,Windows Boot Failure
pc restarts again and again problem,Windows Boot Failure
pc restarts again and again problem,Windows Boot Failure
pc restarts again and again problem,Windows Boot Failure
my pc restarts again and again,Windows Boot Failure
pc restarts again and again problem,Windows Boot Failure
pc restarts again and again problem,Windows Boot Failure
pc restarts again and again problem,Windows Boot Failure
pc restarts again and again problem,Windows Boot Failure
pc restarts again and again 800,Windows Boot Failure
pc restarts again and again problem,Windows Boot Failure
pc restarts again and again problem,Windows Boot Failure
pc restarts again and again problem,Windows Boot Failure
pc restarts again and again problem,Windows Boot Failure
my pc restarts again and again,Windows Boot Failure
pc restarts again and again problem,Windows Boot Failure
pc restarts again and again problem,Windows Boot Failure
pc restarts again and again problem,Windows Boot Failure
pc restarts again and again problem,Windows Boot Failure
pc restarts again and again 810,Windows Boot Failure
pc restarts again and again problem,Windows Boot Failure
pc restarts again and again problem,Windows Boot Failure
pc restarts again and again problem,Windows Boot Failure
pc restarts again and again problem,Windows Boot Failure
my pc restarts again and again,Windows Boot Failure
pc restarts again and again problem,Windows Boot Failure
pc restarts again and again problem,Windows Boot Failure
pc restarts again and again problem,Windows Boot Failure
pc restarts again and again problem,Windows Boot Failure
pc restarts again and again 820,Windows Boot Failure
pc restarts again and again problem,Windows Boot Failure
pc restarts again and again problem,Windows Boot Failure
pc restarts again and again problem,Windows Boot Failure
pc restarts again and again problem,Windows Boot Failure
my pc restarts again and again,Windows Boot Failure
pc restarts again and again problem,Windows Boot Failure
pc restarts again and again problem,Windows Boot Failure
pc restarts again and again problem,Windows Boot Failure
pc restarts again and again problem,Windows Boot Failure
pc restarts again and again 830,Windows Boot Failure
pc restarts again and again problem,Windows Boot Failure
pc restarts again and again problem,Windows Boot Failure
pc restarts again and again problem,Windows Boot Failure
pc restarts again and again problem,Windows Boot Failure
my pc restarts again and again,Windows Boot Failure
pc restarts again and again problem,Windows Boot Failure
pc restarts again and again problem,Windows Boot Failure
pc restarts again and again problem,Windows Boot Failure
pc restarts again and again problem,Windows Boot Failure
pc restarts again and again 840,Windows Boot Failure
pc restarts again and again problem,Windows Boot Failure
pc restarts again and again problem,Windows Boot Failure
pc restarts again and again problem,Windows Boot Failure
pc restarts again and again problem,Windows Boot Failure
my pc restarts again and again,Windows Boot Failure
pc restarts again and again problem,Windows Boot Failure
pc restarts again and again problem,Windows Boot Failure
pc restarts again and again problem,Windows Boot Failure
pc restarts again and again problem,Windows Boot Failure
pc restarts again and again 850,Windows Boot Failure
pc restarts again and again problem,Windows Boot Failure
pc restarts again and again problem,Windows Boot Failure
pc restarts again and again problem,Windows Boot Failure
pc restarts again and again problem,Windows Boot Failure
my pc restarts again and again,Windows Boot Failure
pc restarts again and again problem,Windows Boot Failure
pc restarts again and again problem,Windows Boot Failure
pc restarts again and again problem,Windows Boot Failure
pc restarts again and again problem,Windows Boot Failure
pc restarts again and again 860,Windows Boot Failure
pc restarts again and again problem,Windows Boot Failure
pc restarts again and again problem,Windows Boot Failure
pc restarts again and again problem,Windows Boot Failure
pc restarts again and again problem,Windows Boot Failure
my pc restarts again and again,Windows Boot Failure
pc restarts again and again problem,Windows Boot Failure
pc restarts again and again problem,Windows Boot Failure
pc restarts again and again problem,Windows Boot Failure
pc restarts again and again problem,Windows Boot Failure
pc restarts again and again 870,Windows Boot Failure
pc restarts again and again problem,Windows Boot Failure
pc restarts again and again problem,Windows Boot Failure
pc restarts again and again problem,Windows Boot Failure
pc restarts again and again problem,Windows Boot Failure
my pc restarts again and again,Windows Boot Failure
pc restarts again and again problem,Windows Boot Failure
pc restarts again and again problem,Windows Boot Failure
pc restarts again and again problem,Windows Boot Failure
pc restarts again and again problem,Windows Boot Failure
pc restarts again and again 880,Windows Boot Failure
pc restarts again and again problem,Windows Boot Failure
pc restarts again and again problem,Windows Boot Failure
pc restarts again and again problem,Windows Boot Failure
pc restarts again and again problem,Windows Boot Failure
my pc restarts again and again,Windows Boot Failure
pc restarts again and again problem,Windows Boot Failure
pc restarts again and again problem,Windows Boot Failure
pc restarts again and again problem,Windows Boot Failure
pc restarts again and again problem,Windows Boot Failure
pc restarts again and again 890,Windows Boot Failure
pc restarts again and again problem,Windows Boot Failure
pc restarts again and again problem,Windows Boot Failure
pc restarts again and again problem,Windows Boot Failure
pc restarts again and again problem,Windows Boot Failure
my pc restarts again and again,Windows Boot Failure
pc restarts again and again problem,Windows Boot Failure
pc restarts again and again problem,Windows Boot Failure
pc restarts again and again problem,Windows Boot Failure
pc restarts again and again problem,Windows Boot Failure
pc restarts again and again 900,Windows Boot Failure
pc restarts again and again problem,Windows Boot Failure
pc restarts again and again problem,Windows Boot Failure
pc restarts again and again problem,Windows Boot Failure
pc restarts again and again problem,Windows Boot Failure
my pc restarts again and again,Windows Boot Failure
pc restarts again and again problem,Windows Boot Failure
pc restarts again and again problem,Windows Boot Failure
pc restarts again and again problem,Windows Boot Failure
pc restarts again and again problem,Windows Boot Failure
pc restarts again and again 910,Windows Boot Failure
pc restarts again and again problem,Windows Boot Failure
pc restarts again and again problem,Windows Boot Failure
pc restarts again and again problem,Windows Boot Failure
pc restarts again and again problem,Windows Boot Failure
my pc restarts again and again,Windows Boot Failure
pc restarts again and again problem,Windows Boot Failure
pc restarts again and again problem,Windows Boot Failure
pc restarts again and again problem,Windows Boot Failure
pc restarts again and again problem,Windows Boot Failure
pc restarts again and again 920,Windows Boot Failure
pc restarts again and again problem,Windows Boot Failure
pc restarts again and again problem,Windows Boot Failure
pc restarts again and again problem,Windows Boot Failure
pc restarts again and again problem,Windows Boot Failure
my pc restarts again and again,Windows Boot Failure
pc restarts again and again problem,Windows Boot Failure
pc restarts again and again problem,Windows Boot Failure
pc restarts again and again problem,Windows Boot Failure
pc restarts again and again problem,Windows Boot Failure
pc restarts again and again 930,Windows Boot Failure
pc restarts again and again problem,Windows Boot Failure
pc restarts again and again problem,Windows Boot Failure
pc restarts again and again problem,Windows Boot Failure
pc restarts again and again problem,Windows Boot Failure
my pc restarts again and again,Windows Boot Failure
pc restarts again and again problem,Windows Boot Failure
pc restarts again and again problem,Windows Boot Failure
pc restarts again and again problem,Windows Boot Failure
pc restarts again and again problem,Windows Boot Failure
pc restarts again and again 940,Windows Boot Failure
pc restarts again and again problem,Windows Boot Failure
pc restarts again and again problem,Windows Boot Failure
pc restarts again and again problem,Windows Boot Failure
pc restarts again and again problem,Windows Boot Failure
my pc restarts again and again,Windows Boot Failure
pc restarts again and again problem,Windows Boot Failure
pc restarts again and again problem,Windows Boot Failure
pc restarts again and again problem,Windows Boot Failure
pc restarts again and again problem,Windows Boot Failure
pc restarts again and again 950,Windows Boot Failure
pc restarts again and again problem,Windows Boot Failure
pc restarts again and again problem,Windows Boot Failure
pc restarts again and again problem,Windows Boot Failure
pc restarts again and again problem,Windows Boot Failure
my pc restarts again and again,Windows Boot Failure
pc restarts again and again problem,Windows Boot Failure
pc restarts again and again problem,Windows Boot Failure
pc restarts again and again problem,Windows Boot Failure
pc restarts again and again problem,Windows Boot Failure
pc restarts again and again 960,Windows Boot Failure
pc restarts again and again problem,Windows Boot Failure
pc restarts again and again problem,Windows Boot Failure
pc restarts again and again problem,Windows Boot Failure
pc restarts again and again problem,Windows Boot Failure
my pc restarts again and again,Windows Boot Failure
pc restarts again and again problem,Windows Boot Failure
pc restarts again and again problem,Windows Boot Failure
pc restarts again and again problem,Windows Boot Failure
pc restarts again and again problem,Windows Boot Failure
pc restarts again and again 970,Windows Boot Failure
pc restarts again and again problem,Windows Boot Failure
pc restarts again and again problem,Windows Boot Failure
pc restarts again and again problem,Windows Boot Failure
pc restarts again and again problem,Windows Boot Failure
my pc restarts again and again,Windows Boot Failure
pc restarts again and again problem,Windows Boot Failure
pc restarts again and again problem,Windows Boot Failure
pc restarts again and again problem,Windows Boot Failure
pc restarts again and again problem,Windows Boot Failure
pc restarts again and again 980,Windows Boot Failure
pc restarts again and again problem,Windows Boot Failure
pc restarts again and again problem,Windows Boot Failure
pc restarts again and again problem,Windows Boot Failure
pc restarts again and again problem,Windows Boot Failure
my pc restarts again and again,Windows Boot Failure
pc restarts again and again problem,Windows Boot Failure
pc restarts again and again problem,Windows Boot Failure
pc restarts again and again problem,Windows Boot Failure
pc restarts again and again problem,Windows Boot Failure
pc restarts again and again 990,Windows Boot Failure
pc restarts again and again problem,Windows Boot Failure
pc restarts again and again problem,Windows Boot Failure
pc restarts again and again problem,Windows Boot Failure
pc restarts again and again problem,Windows Boot Failure
my pc restarts again and again,Windows Boot Failure
pc restarts again and again problem,Windows Boot Failure
pc restarts again and again problem,Windows Boot Failure
pc restarts again and again problem,Windows Boot Failure
pc restarts again and again problem,Windows Boot Failure
pc restarts again and again 1000,Windows Boot Failure
pc restarts again and again problem,Windows Boot Failure
pc restarts again and again problem,Windows Boot Failure
pc restarts again and again problem,Windows Boot Failure
pc restarts again and again problem,Windows Boot Failure
my pc restarts again and again,Windows Boot Failure
pc restarts again and again problem,Windows Boot Failure
pc restarts again and again problem,Windows Boot Failure
pc restarts again and again problem,Windows Boot Failure
pc restarts again and again problem,Windows Boot Failure
pc restarts again and again 1010,Windows Boot Failure
pc restarts again and again problem,Windows Boot Failure
pc restarts again and again problem,Windows Boot Failure
pc restarts again and again problem,Windows Boot Failure
pc restarts again and again problem,Windows Boot Failure
my pc restarts again and again,Windows Boot Failure
pc restarts again and again problem,Windows Boot Failure
pc restarts again and again problem,Windows Boot Failure
pc restarts again and again problem,Windows Boot Failure
pc restarts again and again problem,Windows Boot Failure
pc restarts again and again 1020,Windows Boot Failure
pc restarts again and again problem,Windows Boot Failure
pc restarts again and again problem,Windows Boot Failure
pc restarts again and again problem,Windows Boot Failure
pc restarts again and again problem,Windows Boot Failure
my pc restarts again and again,Windows Boot Failure
pc restarts again and again problem,Windows Boot Failure
pc restarts again and again problem,Windows Boot Failure
pc restarts again and again problem,Windows Boot Failure
pc restarts again and again problem,Windows Boot Failure
pc restarts again and again 1030,Windows Boot Failure
pc restarts again and again problem,Windows Boot Failure
pc restarts again and again problem,Windows Boot Failure
pc restarts again and again problem,Windows Boot Failure
pc restarts again and again problem,Windows Boot Failure
my pc restarts again and again,Windows Boot Failure
pc restarts again and again problem,Windows Boot Failure
pc restarts again and again problem,Windows Boot Failure
pc restarts again and again problem,Windows Boot Failure
pc restarts again and again problem,Windows Boot Failure
pc restarts again and again 1040,Windows Boot Failure
pc restarts again and again problem,Windows Boot Failure
pc restarts again and again problem,Windows Boot Failure
pc restarts again and again problem,Windows Boot Failure
pc restarts again and again problem,Windows Boot Failure
my pc restarts again and again,Windows Boot Failure
pc restarts again and again problem,Windows Boot Failure
pc restarts again and again problem,Windows Boot Failure
pc restarts again and again problem,Windows Boot Failure
pc restarts again and again problem,Windows Boot Failure
pc restarts again and again 1050,Windows Boot Failure
pc restarts again and again problem,Windows Boot Failure
pc restarts again and again problem,Windows Boot Failure
pc restarts again and again problem,Windows Boot Failure
pc restarts again and again problem,Windows Boot Failure
my pc restarts again and again,Windows Boot Failure
pc restarts again and again problem,Windows Boot Failure
pc restarts again and again problem,Windows Boot Failure
pc restarts again and again problem,Windows Boot Failure
pc restarts again and again problem,Windows Boot Failure
pc restarts again and again 1060,Windows Boot Failure
pc restarts again and again problem,Windows Boot Failure
pc restarts again and again problem,Windows Boot Failure
pc restarts again and again problem,Windows Boot Failure
pc restarts again and again problem,Windows Boot Failure
my pc restarts again and again,Windows Boot Failure
pc restarts again and again problem,Windows Boot Failure
pc restarts again and again problem,Windows Boot Failure
pc restarts again and again problem,Windows Boot Failure
pc restarts again and again problem,Windows Boot Failure
pc restarts again and again 1070,Windows Boot Failure
pc restarts again and again problem,Windows Boot Failure
pc restarts again and again problem,Windows Boot Failure
pc restarts again and again problem,Windows Boot Failure
pc restarts again and again problem,Windows Boot Failure
my pc restarts again and again,Windows Boot Failure
pc restarts again and again problem,Windows Boot Failure
pc restarts again and again problem,Windows Boot Failure
pc restarts again and again problem,Windows Boot Failure
pc restarts again and again problem,Windows Boot Failure
pc restarts again and again 1080,Windows Boot Failure
pc restarts again and again problem,Windows Boot Failure
pc restarts again and again problem,Windows Boot Failure
pc restarts again and again problem,Windows Boot Failure
pc restarts again and again problem,Windows Boot Failure
my pc restarts again and again,Windows Boot Failure
pc restarts again and again problem,Windows Boot Failure
pc restarts again and again problem,Windows Boot Failure
pc restarts again and again problem,Windows Boot Failure
pc restarts again and again problem,Windows Boot Failure
pc restarts again and again 1090,Windows Boot Failure
pc restarts again and again problem,Windows Boot Failure
pc restarts again and again problem,Windows Boot Failure
pc restarts again and again problem,Windows Boot Failure
pc restarts again and again problem,Windows Boot Failure
my pc restarts again and again,Windows Boot Failure
pc restarts again and again problem,Windows Boot Failure
pc restarts again and again problem,Windows Boot Failure
monitor or gpu check,Monitor or GPU Check
monitor or gpu check 0,Monitor or GPU Check
monitor or gpu check problem,Monitor or GPU Check
monitor or gpu check problem,Monitor or GPU Check
monitor or gpu check problem,Monitor or GPU Check
monitor or gpu check problem,Monitor or GPU Check
my monitor or gpu check,Monitor or GPU Check
monitor or gpu check problem,Monitor or GPU Check
monitor or gpu check problem,Monitor or GPU Check
monitor or gpu check problem,Monitor or GPU Check
monitor or gpu check problem,Monitor or GPU Check
monitor or gpu check 10,Monitor or GPU Check
monitor or gpu check problem,Monitor or GPU Check
monitor or gpu check problem,Monitor or GPU Check
monitor or gpu check problem,Monitor or GPU Check
monitor or gpu check problem,Monitor or GPU Check
my monitor or gpu check,Monitor or GPU Check
monitor or gpu check problem,Monitor or GPU Check
monitor or gpu check problem,Monitor or GPU Check
monitor or gpu check problem,Monitor or GPU Check
monitor or gpu check problem,Monitor or GPU Check
monitor or gpu check 20,Monitor or GPU Check
monitor or gpu check problem,Monitor or GPU Check
monitor or gpu check problem,Monitor or GPU Check
monitor or gpu check problem,Monitor or GPU Check
monitor or gpu check problem,Monitor or GPU Check
my monitor or gpu check,Monitor or GPU Check
monitor or gpu check problem,Monitor or GPU Check
monitor or gpu check problem,Monitor or GPU Check
monitor or gpu check problem,Monitor or GPU Check
monitor or gpu check problem,Monitor or GPU Check
monitor or gpu check 30,Monitor or GPU Check
monitor or gpu check problem,Monitor or GPU Check
monitor or gpu check problem,Monitor or GPU Check
monitor or gpu check problem,Monitor or GPU Check
monitor or gpu check problem,Monitor or GPU Check
my monitor or gpu check,Monitor or GPU Check
monitor or gpu check problem,Monitor or GPU Check
monitor or gpu check problem,Monitor or GPU Check
monitor or gpu check problem,Monitor or GPU Check
monitor or gpu check problem,Monitor or GPU Check
monitor or gpu check 40,Monitor or GPU Check
monitor or gpu check problem,Monitor or GPU Check
monitor or gpu check problem,Monitor or GPU Check
monitor or gpu check problem,Monitor or GPU Check
monitor or gpu check problem,Monitor or GPU Check
my monitor or gpu check,Monitor or GPU Check
monitor or gpu check problem,Monitor or GPU Check
monitor or gpu check problem,Monitor or GPU Check
monitor or gpu check problem,Monitor or GPU Check
monitor or gpu check problem,Monitor or GPU Check
monitor or gpu check 50,Monitor or GPU Check
monitor or gpu check problem,Monitor or GPU Check
monitor or gpu check problem,Monitor or GPU Check
monitor or gpu check problem,Monitor or GPU Check
monitor or gpu check problem,Monitor or GPU Check
my monitor or gpu check,Monitor or GPU Check
monitor or gpu check problem,Monitor or GPU Check
monitor or gpu check problem,Monitor or GPU Check
monitor or gpu check problem,Monitor or GPU Check
monitor or gpu check problem,Monitor or GPU Check
monitor or gpu check 60,Monitor or GPU Check
monitor or gpu check problem,Monitor or GPU Check
monitor or gpu check problem,Monitor or GPU Check
monitor or gpu check problem,Monitor or GPU Check
monitor or gpu check problem,Monitor or GPU Check
my monitor or gpu check,Monitor or GPU Check
monitor or gpu check problem,Monitor or GPU Check
monitor or gpu check problem,Monitor or GPU Check
monitor or gpu check problem,Monitor or GPU Check
monitor or gpu check problem,Monitor or GPU Check
monitor or gpu check 70,Monitor or GPU Check
monitor or gpu check problem,Monitor or GPU Check
monitor or gpu check problem,Monitor or GPU Check
monitor or gpu check problem,Monitor or GPU Check
monitor or gpu check problem,Monitor or GPU Check
my monitor or gpu check,Monitor or GPU Check
monitor or gpu check problem,Monitor or GPU Check
monitor or gpu check problem,Monitor or GPU Check
monitor or gpu check problem,Monitor or GPU Check
monitor or gpu check problem,Monitor or GPU Check
monitor or gpu check 80,Monitor or GPU Check
monitor or gpu check problem,Monitor or GPU Check
monitor or gpu check problem,Monitor or GPU Check
monitor or gpu check problem,Monitor or GPU Check
monitor or gpu check problem,Monitor or GPU Check
my monitor or gpu check,Monitor or GPU Check
monitor or gpu check problem,Monitor or GPU Check
monitor or gpu check problem,Monitor or GPU Check
monitor or gpu check problem,Monitor or GPU Check
monitor or gpu check problem,Monitor or GPU Check
monitor or gpu check 90,Monitor or GPU Check
monitor or gpu check problem,Monitor or GPU Check
monitor or gpu check problem,Monitor or GPU Check
monitor or gpu check problem,Monitor or GPU Check
monitor or gpu check problem,Monitor or GPU Check
my monitor or gpu check,Monitor or GPU Check
monitor or gpu check problem,Monitor or GPU Check
monitor or gpu check problem,Monitor or GPU Check
monitor or gpu check problem,Monitor or GPU Check
monitor or gpu check problem,Monitor or GPU Check
monitor or gpu check 100,Monitor or GPU Check
monitor or gpu check problem,Monitor or GPU Check
monitor or gpu check problem,Monitor or GPU Check
monitor or gpu check problem,Monitor or GPU Check
monitor or gpu check problem,Monitor or GPU Check
my monitor or gpu check,Monitor or GPU Check
monitor or gpu check problem,Monitor or GPU Check
monitor or gpu check problem,Monitor or GPU Check
monitor or gpu check problem,Monitor or GPU Check
monitor or gpu check problem,Monitor or GPU Check
monitor or gpu check 110,Monitor or GPU Check
monitor or gpu check problem,Monitor or GPU Check
monitor or gpu check problem,Monitor or GPU Check
monitor or gpu check problem,Monitor or GPU Check
monitor or gpu check problem,Monitor or GPU Check
my monitor or gpu check,Monitor or GPU Check
monitor or gpu check problem,Monitor or GPU Check
monitor or gpu check problem,Monitor or GPU Check
monitor or gpu check problem,Monitor or GPU Check
monitor or gpu check problem,Monitor or GPU Check
monitor or gpu check 120,Monitor or GPU Check
monitor or gpu check problem,Monitor or GPU Check
monitor or gpu check problem,Monitor or GPU Check
monitor or gpu check problem,Monitor or GPU Check
monitor or gpu check problem,Monitor or GPU Check
my monitor or gpu check,Monitor or GPU Check
monitor or gpu check problem,Monitor or GPU Check
monitor or gpu check problem,Monitor or GPU Check
monitor or gpu check problem,Monitor or GPU Check
monitor or gpu check problem,Monitor or GPU Check
monitor or gpu check 130,Monitor or GPU Check
monitor or gpu check problem,Monitor or GPU Check
monitor or gpu check problem,Monitor or GPU Check
monitor or gpu check problem,Monitor or GPU Check
monitor or gpu check problem,Monitor or GPU Check
my monitor or gpu check,Monitor or GPU Check
monitor or gpu check problem,Monitor or GPU Check
monitor or gpu check problem,Monitor or GPU Check
monitor or gpu check problem,Monitor or GPU Check
monitor or gpu check problem,Monitor or GPU Check
monitor or gpu check 140,Monitor or GPU Check
monitor or gpu check problem,Monitor or GPU Check
monitor or gpu check problem,Monitor or GPU Check
monitor or gpu check problem,Monitor or GPU Check
monitor or gpu check problem,Monitor or GPU Check
my monitor or gpu check,Monitor or GPU Check
monitor or gpu check problem,Monitor or GPU Check
monitor or gpu check problem,Monitor or GPU Check
monitor or gpu check problem,Monitor or GPU Check
monitor or gpu check problem,Monitor or GPU Check
monitor or gpu check 150,Monitor or GPU Check
monitor or gpu check problem,Monitor or GPU Check
monitor or gpu check problem,Monitor or GPU Check
monitor or gpu check problem,Monitor or GPU Check
monitor or gpu check problem,Monitor or GPU Check
my monitor or gpu check,Monitor or GPU Check
monitor or gpu check problem,Monitor or GPU Check
monitor or gpu check problem,Monitor or GPU Check
monitor or gpu check problem,Monitor or GPU Check
monitor or gpu check problem,Monitor or GPU Check
monitor or gpu check 160,Monitor or GPU Check
monitor or gpu check problem,Monitor or GPU Check
monitor or gpu check problem,Monitor or GPU Check
monitor or gpu check problem,Monitor or GPU Check
monitor or gpu check problem,Monitor or GPU Check
my monitor or gpu check,Monitor or GPU Check
monitor or gpu check problem,Monitor or GPU Check
monitor or gpu check problem,Monitor or GPU Check
monitor or gpu check problem,Monitor or GPU Check
monitor or gpu check problem,Monitor or GPU Check
monitor or gpu check 170,Monitor or GPU Check
monitor or gpu check problem,Monitor or GPU Check
monitor or gpu check problem,Monitor or GPU Check
monitor or gpu check problem,Monitor or GPU Check
monitor or gpu check problem,Monitor or GPU Check
my monitor or gpu check,Monitor or GPU Check
monitor or gpu check problem,Monitor or GPU Check
monitor or gpu check problem,Monitor or GPU Check
monitor or gpu check problem,Monitor or GPU Check
monitor or gpu check problem,Monitor or GPU Check
monitor or gpu check 180,Monitor or GPU Check
monitor or gpu check problem,Monitor or GPU Check
monitor or gpu check problem,Monitor or GPU Check
monitor or gpu check problem,Monitor or GPU Check
monitor or gpu check problem,Monitor or GPU Check
my monitor or gpu check,Monitor or GPU Check
monitor or gpu check problem,Monitor or GPU Check
monitor or gpu check problem,Monitor or GPU Check
monitor or gpu check problem,Monitor or GPU Check
monitor or gpu check problem,Monitor or GPU Check
monitor or gpu check 190,Monitor or GPU Check
monitor or gpu check problem,Monitor or GPU Check
monitor or gpu check problem,Monitor or GPU Check
monitor or gpu check problem,Monitor or GPU Check
monitor or gpu check problem,Monitor or GPU Check
my monitor or gpu check,Monitor or GPU Check
monitor or gpu check problem,Monitor or GPU Check
monitor or gpu check problem,Monitor or GPU Check
monitor or gpu check problem,Monitor or GPU Check
monitor or gpu check problem,Monitor or GPU Check
monitor or gpu check 200,Monitor or GPU Check
monitor or gpu check problem,Monitor or GPU Check
monitor or gpu check problem,Monitor or GPU Check
monitor or gpu check problem,Monitor or GPU Check
monitor or gpu check problem,Monitor or GPU Check
my monitor or gpu check,Monitor or GPU Check
monitor or gpu check problem,Monitor or GPU Check
monitor or gpu check problem,Monitor or GPU Check
monitor or gpu check problem,Monitor or GPU Check
monitor or gpu check problem,Monitor or GPU Check
monitor or gpu check 210,Monitor or GPU Check
monitor or gpu check problem,Monitor or GPU Check
monitor or gpu check problem,Monitor or GPU Check
monitor or gpu check problem,Monitor or GPU Check
monitor or gpu check problem,Monitor or GPU Check
my monitor or gpu check,Monitor or GPU Check
monitor or gpu check problem,Monitor or GPU Check
monitor or gpu check problem,Monitor or GPU Check
monitor or gpu check problem,Monitor or GPU Check
monitor or gpu check problem,Monitor or GPU Check
monitor or gpu check 220,Monitor or GPU Check
monitor or gpu check problem,Monitor or GPU Check
monitor or gpu check problem,Monitor or GPU Check
monitor or gpu check problem,Monitor or GPU Check
monitor or gpu check problem,Monitor or GPU Check
my monitor or gpu check,Monitor or GPU Check
monitor or gpu check problem,Monitor or GPU Check
monitor or gpu check problem,Monitor or GPU Check
monitor or gpu check problem,Monitor or GPU Check
monitor or gpu check problem,Monitor or GPU Check
monitor or gpu check 230,Monitor or GPU Check
monitor or gpu check problem,Monitor or GPU Check
monitor or gpu check problem,Monitor or GPU Check
monitor or gpu check problem,Monitor or GPU Check
monitor or gpu check problem,Monitor or GPU Check
my monitor or gpu check,Monitor or GPU Check
monitor or gpu check problem,Monitor or GPU Check
monitor or gpu check problem,Monitor or GPU Check
monitor or gpu check problem,Monitor or GPU Check
monitor or gpu check problem,Monitor or GPU Check
monitor or gpu check 240,Monitor or GPU Check
monitor or gpu check problem,Monitor or GPU Check
monitor or gpu check problem,Monitor or GPU Check
monitor or gpu check problem,Monitor or GPU Check
monitor or gpu check problem,Monitor or GPU Check
my monitor or gpu check,Monitor or GPU Check
monitor or gpu check problem,Monitor or GPU Check
monitor or gpu check problem,Monitor or GPU Check
monitor or gpu check problem,Monitor or GPU Check
monitor or gpu check problem,Monitor or GPU Check
monitor or gpu check 250,Monitor or GPU Check
monitor or gpu check problem,Monitor or GPU Check
monitor or gpu check problem,Monitor or GPU Check
monitor or gpu check problem,Monitor or GPU Check
monitor or gpu check problem,Monitor or GPU Check
my monitor or gpu check,Monitor or GPU Check
monitor or gpu check problem,Monitor or GPU Check
monitor or gpu check problem,Monitor or GPU Check
monitor or gpu check problem,Monitor or GPU Check
monitor or gpu check problem,Monitor or GPU Check
monitor or gpu check 260,Monitor or GPU Check
monitor or gpu check problem,Monitor or GPU Check
monitor or gpu check problem,Monitor or GPU Check
monitor or gpu check problem,Monitor or GPU Check
monitor or gpu check problem,Monitor or GPU Check
my monitor or gpu check,Monitor or GPU Check
monitor or gpu check problem,Monitor or GPU Check
monitor or gpu check problem,Monitor or GPU Check
monitor or gpu check problem,Monitor or GPU Check
monitor or gpu check problem,Monitor or GPU Check
monitor or gpu check 270,Monitor or GPU Check
monitor or gpu check problem,Monitor or GPU Check
monitor or gpu check problem,Monitor or GPU Check
monitor or gpu check problem,Monitor or GPU Check
monitor or gpu check problem,Monitor or GPU Check
my monitor or gpu check,Monitor or GPU Check
monitor or gpu check problem,Monitor or GPU Check
monitor or gpu check problem,Monitor or GPU Check
monitor or gpu check problem,Monitor or GPU Check
monitor or gpu check problem,Monitor or GPU Check
monitor or gpu check 280,Monitor or GPU Check
monitor or gpu check problem,Monitor or GPU Check
monitor or gpu check problem,Monitor or GPU Check
monitor or gpu check problem,Monitor or GPU Check
monitor or gpu check problem,Monitor or GPU Check
my monitor or gpu check,Monitor or GPU Check
monitor or gpu check problem,Monitor or GPU Check
monitor or gpu check problem,Monitor or GPU Check
monitor or gpu check problem,Monitor or GPU Check
monitor or gpu check problem,Monitor or GPU Check
monitor or gpu check 290,Monitor or GPU Check
monitor or gpu check problem,Monitor or GPU Check
monitor or gpu check problem,Monitor or GPU Check
monitor or gpu check problem,Monitor or GPU Check
monitor or gpu check problem,Monitor or GPU Check
my monitor or gpu check,Monitor or GPU Check
monitor or gpu check problem,Monitor or GPU Check
monitor or gpu check problem,Monitor or GPU Check
monitor or gpu check problem,Monitor or GPU Check
monitor or gpu check problem,Monitor or GPU Check
monitor or gpu check 300,Monitor or GPU Check
monitor or gpu check problem,Monitor or GPU Check
monitor or gpu check problem,Monitor or GPU Check
monitor or gpu check problem,Monitor or GPU Check
monitor or gpu check problem,Monitor or GPU Check
my monitor or gpu check,Monitor or GPU Check
monitor or gpu check problem,Monitor or GPU Check
monitor or gpu check problem,Monitor or GPU Check
monitor or gpu check problem,Monitor or GPU Check
monitor or gpu check problem,Monitor or GPU Check
monitor or gpu check 310,Monitor or GPU Check
monitor or gpu check problem,Monitor or GPU Check
monitor or gpu check problem,Monitor or GPU Check
monitor or gpu check problem,Monitor or GPU Check
monitor or gpu check problem,Monitor or GPU Check
my monitor or gpu check,Monitor or GPU Check
monitor or gpu check problem,Monitor or GPU Check
monitor or gpu check problem,Monitor or GPU Check
monitor or gpu check problem,Monitor or GPU Check
monitor or gpu check problem,Monitor or GPU Check
monitor or gpu check 320,Monitor or GPU Check
monitor or gpu check problem,Monitor or GPU Check
monitor or gpu check problem,Monitor or GPU Check
monitor or gpu check problem,Monitor or GPU Check
monitor or gpu check problem,Monitor or GPU Check
my monitor or gpu check,Monitor or GPU Check
monitor or gpu check problem,Monitor or GPU Check
monitor or gpu check problem,Monitor or GPU Check
monitor or gpu check problem,Monitor or GPU Check
monitor or gpu check problem,Monitor or GPU Check
monitor or gpu check 330,Monitor or GPU Check
monitor or gpu check problem,Monitor or GPU Check
monitor or gpu check problem,Monitor or GPU Check
monitor or gpu check problem,Monitor or GPU Check
monitor or gpu check problem,Monitor or GPU Check
my monitor or gpu check,Monitor or GPU Check
monitor or gpu check problem,Monitor or GPU Check
monitor or gpu check problem,Monitor or GPU Check
monitor or gpu check problem,Monitor or GPU Check
monitor or gpu check problem,Monitor or GPU Check
monitor or gpu check 340,Monitor or GPU Check
monitor or gpu check problem,Monitor or GPU Check
monitor or gpu check problem,Monitor or GPU Check
monitor or gpu check problem,Monitor or GPU Check
monitor or gpu check problem,Monitor or GPU Check
my monitor or gpu check,Monitor or GPU Check
monitor or gpu check problem,Monitor or GPU Check
monitor or gpu check problem,Monitor or GPU Check
monitor or gpu check problem,Monitor or GPU Check
monitor or gpu check problem,Monitor or GPU Check
monitor or gpu check 350,Monitor or GPU Check
monitor or gpu check problem,Monitor or GPU Check
monitor or gpu check problem,Monitor or GPU Check
monitor or gpu check problem,Monitor or GPU Check
monitor or gpu check problem,Monitor or GPU Check
my monitor or gpu check,Monitor or GPU Check
monitor or gpu check problem,Monitor or GPU Check
monitor or gpu check problem,Monitor or GPU Check
monitor or gpu check problem,Monitor or GPU Check
monitor or gpu check problem,Monitor or GPU Check
monitor or gpu check 360,Monitor or GPU Check
monitor or gpu check problem,Monitor or GPU Check
monitor or gpu check problem,Monitor or GPU Check
monitor or gpu check problem,Monitor or GPU Check
monitor or gpu check problem,Monitor or GPU Check
my monitor or gpu check,Monitor or GPU Check
monitor or gpu check problem,Monitor or GPU Check
monitor or gpu check problem,Monitor or GPU Check
monitor or gpu check problem,Monitor or GPU Check
monitor or gpu check problem,Monitor or GPU Check
monitor or gpu check 370,Monitor or GPU Check
monitor or gpu check problem,Monitor or GPU Check
monitor or gpu check problem,Monitor or GPU Check
monitor or gpu check problem,Monitor or GPU Check
monitor or gpu check problem,Monitor or GPU Check
my monitor or gpu check,Monitor or GPU Check
monitor or gpu check problem,Monitor or GPU Check
monitor or gpu check problem,Monitor or GPU Check
monitor or gpu check problem,Monitor or GPU Check
monitor or gpu check problem,Monitor or GPU Check
monitor or gpu check 380,Monitor or GPU Check
monitor or gpu check problem,Monitor or GPU Check
monitor or gpu check problem,Monitor or GPU Check
monitor or gpu check problem,Monitor or GPU Check
monitor or gpu check problem,Monitor or GPU Check
my monitor or gpu check,Monitor or GPU Check
monitor or gpu check problem,Monitor or GPU Check
monitor or gpu check problem,Monitor or GPU Check
monitor or gpu check problem,Monitor or GPU Check
monitor or gpu check problem,Monitor or GPU Check
monitor or gpu check 390,Monitor or GPU Check
monitor or gpu check problem,Monitor or GPU Check
monitor or gpu check problem,Monitor or GPU Check
monitor or gpu check problem,Monitor or GPU Check
monitor or gpu check problem,Monitor or GPU Check
my monitor or gpu check,Monitor or GPU Check
monitor or gpu check problem,Monitor or GPU Check
monitor or gpu check problem,Monitor or GPU Check
monitor or gpu check problem,Monitor or GPU Check
monitor or gpu check problem,Monitor or GPU Check
monitor or gpu check 400,Monitor or GPU Check
monitor or gpu check problem,Monitor or GPU Check
monitor or gpu check problem,Monitor or GPU Check
monitor or gpu check problem,Monitor or GPU Check
monitor or gpu check problem,Monitor or GPU Check
my monitor or gpu check,Monitor or GPU Check
monitor or gpu check problem,Monitor or GPU Check
monitor or gpu check problem,Monitor or GPU Check
monitor or gpu check problem,Monitor or GPU Check
monitor or gpu check problem,Monitor or GPU Check
monitor or gpu check 410,Monitor or GPU Check
monitor or gpu check problem,Monitor or GPU Check
monitor or gpu check problem,Monitor or GPU Check
monitor or gpu check problem,Monitor or GPU Check
monitor or gpu check problem,Monitor or GPU Check
my monitor or gpu check,Monitor or GPU Check
monitor or gpu check problem,Monitor or GPU Check
monitor or gpu check problem,Monitor or GPU Check
monitor or gpu check problem,Monitor or GPU Check
monitor or gpu check problem,Monitor or GPU Check
monitor or gpu check 420,Monitor or GPU Check
monitor or gpu check problem,Monitor or GPU Check
monitor or gpu check problem,Monitor or GPU Check
monitor or gpu check problem,Monitor or GPU Check
monitor or gpu check problem,Monitor or GPU Check
my monitor or gpu check,Monitor or GPU Check
monitor or gpu check problem,Monitor or GPU Check
monitor or gpu check problem,Monitor or GPU Check
monitor or gpu check problem,Monitor or GPU Check
monitor or gpu check problem,Monitor or GPU Check
monitor or gpu check 430,Monitor or GPU Check
monitor or gpu check problem,Monitor or GPU Check
monitor or gpu check problem,Monitor or GPU Check
monitor or gpu check problem,Monitor or GPU Check
monitor or gpu check problem,Monitor or GPU Check
my monitor or gpu check,Monitor or GPU Check
monitor or gpu check problem,Monitor or GPU Check
monitor or gpu check problem,Monitor or GPU Check
monitor or gpu check problem,Monitor or GPU Check
monitor or gpu check problem,Monitor or GPU Check
monitor or gpu check 440,Monitor or GPU Check
monitor or gpu check problem,Monitor or GPU Check
monitor or gpu check problem,Monitor or GPU Check
monitor or gpu check problem,Monitor or GPU Check
monitor or gpu check problem,Monitor or GPU Check
my monitor or gpu check,Monitor or GPU Check
monitor or gpu check problem,Monitor or GPU Check
monitor or gpu check problem,Monitor or GPU Check
monitor or gpu check problem,Monitor or GPU Check
monitor or gpu check problem,Monitor or GPU Check
monitor or gpu check 450,Monitor or GPU Check
monitor or gpu check problem,Monitor or GPU Check
monitor or gpu check problem,Monitor or GPU Check
monitor or gpu check problem,Monitor or GPU Check
monitor or gpu check problem,Monitor or GPU Check
my monitor or gpu check,Monitor or GPU Check
monitor or gpu check problem,Monitor or GPU Check
monitor or gpu check problem,Monitor or GPU Check
monitor or gpu check problem,Monitor or GPU Check
monitor or gpu check problem,Monitor or GPU Check
monitor or gpu check 460,Monitor or GPU Check
monitor or gpu check problem,Monitor or GPU Check
monitor or gpu check problem,Monitor or GPU Check
monitor or gpu check problem,Monitor or GPU Check
monitor or gpu check problem,Monitor or GPU Check
my monitor or gpu check,Monitor or GPU Check
monitor or gpu check problem,Monitor or GPU Check
monitor or gpu check problem,Monitor or GPU Check
monitor or gpu check problem,Monitor or GPU Check
monitor or gpu check problem,Monitor or GPU Check
monitor or gpu check 470,Monitor or GPU Check
monitor or gpu check problem,Monitor or GPU Check
monitor or gpu check problem,Monitor or GPU Check
monitor or gpu check problem,Monitor or GPU Check
monitor or gpu check problem,Monitor or GPU Check
my monitor or gpu check,Monitor or GPU Check
monitor or gpu check problem,Monitor or GPU Check
monitor or gpu check problem,Monitor or GPU Check
monitor or gpu check problem,Monitor or GPU Check
monitor or gpu check problem,Monitor or GPU Check
monitor or gpu check 480,Monitor or GPU Check
monitor or gpu check problem,Monitor or GPU Check
monitor or gpu check problem,Monitor or GPU Check
monitor or gpu check problem,Monitor or GPU Check
monitor or gpu check problem,Monitor or GPU Check
my monitor or gpu check,Monitor or GPU Check
monitor or gpu check problem,Monitor or GPU Check
monitor or gpu check problem,Monitor or GPU Check
monitor or gpu check problem,Monitor or GPU Check
monitor or gpu check problem,Monitor or GPU Check
monitor or gpu check 490,Monitor or GPU Check
monitor or gpu check problem,Monitor or GPU Check
monitor or gpu check problem,Monitor or GPU Check
monitor or gpu check problem,Monitor or GPU Check
monitor or gpu check problem,Monitor or GPU Check
my monitor or gpu check,Monitor or GPU Check
monitor or gpu check problem,Monitor or GPU Check
monitor or gpu check problem,Monitor or GPU Check
monitor or gpu check problem,Monitor or GPU Check
monitor or gpu check problem,Monitor or GPU Check
monitor or gpu check 500,Monitor or GPU Check
monitor or gpu check problem,Monitor or GPU Check
monitor or gpu check problem,Monitor or GPU Check
monitor or gpu check problem,Monitor or GPU Check
monitor or gpu check problem,Monitor or GPU Check
my monitor or gpu check,Monitor or GPU Check
monitor or gpu check problem,Monitor or GPU Check
monitor or gpu check problem,Monitor or GPU Check
monitor or gpu check problem,Monitor or GPU Check
monitor or gpu check problem,Monitor or GPU Check
monitor or gpu check 510,Monitor or GPU Check
monitor or gpu check problem,Monitor or GPU Check
monitor or gpu check problem,Monitor or GPU Check
monitor or gpu check problem,Monitor or GPU Check
monitor or gpu check problem,Monitor or GPU Check
my monitor or gpu check,Monitor or GPU Check
monitor or gpu check problem,Monitor or GPU Check
monitor or gpu check problem,Monitor or GPU Check
monitor or gpu check problem,Monitor or GPU Check
monitor or gpu check problem,Monitor or GPU Check
monitor or gpu check 520,Monitor or GPU Check
monitor or gpu check problem,Monitor or GPU Check
monitor or gpu check problem,Monitor or GPU Check
monitor or gpu check problem,Monitor or GPU Check
monitor or gpu check problem,Monitor or GPU Check
my monitor or gpu check,Monitor or GPU Check
monitor or gpu check problem,Monitor or GPU Check
monitor or gpu check problem,Monitor or GPU Check
monitor or gpu check problem,Monitor or GPU Check
monitor or gpu check problem,Monitor or GPU Check
monitor or gpu check 530,Monitor or GPU Check
monitor or gpu check problem,Monitor or GPU Check
monitor or gpu check problem,Monitor or GPU Check
monitor or gpu check problem,Monitor or GPU Check
monitor or gpu check problem,Monitor or GPU Check
my monitor or gpu check,Monitor or GPU Check
monitor or gpu check problem,Monitor or GPU Check
monitor or gpu check problem,Monitor or GPU Check
monitor or gpu check problem,Monitor or GPU Check
monitor or gpu check problem,Monitor or GPU Check
monitor or gpu check 540,Monitor or GPU Check
monitor or gpu check problem,Monitor or GPU Check
monitor or gpu check problem,Monitor or GPU Check
monitor or gpu check problem,Monitor or GPU Check
monitor or gpu check problem,Monitor or GPU Check
my monitor or gpu check,Monitor or GPU Check
monitor or gpu check problem,Monitor or GPU Check
monitor or gpu check problem,Monitor or GPU Check
monitor or gpu check problem,Monitor or GPU Check
monitor or gpu check problem,Monitor or GPU Check
monitor or gpu check 550,Monitor or GPU Check
monitor or gpu check problem,Monitor or GPU Check
monitor or gpu check problem,Monitor or GPU Check
monitor or gpu check problem,Monitor or GPU Check
monitor or gpu check problem,Monitor or GPU Check
my monitor or gpu check,Monitor or GPU Check
monitor or gpu check problem,Monitor or GPU Check
monitor or gpu check problem,Monitor or GPU Check
monitor or gpu check problem,Monitor or GPU Check
monitor or gpu check problem,Monitor or GPU Check
monitor or gpu check 560,Monitor or GPU Check
monitor or gpu check problem,Monitor or GPU Check
monitor or gpu check problem,Monitor or GPU Check
monitor or gpu check problem,Monitor or GPU Check
monitor or gpu check problem,Monitor or GPU Check
my monitor or gpu check,Monitor or GPU Check
monitor or gpu check problem,Monitor or GPU Check
monitor or gpu check problem,Monitor or GPU Check
monitor or gpu check problem,Monitor or GPU Check
monitor or gpu check problem,Monitor or GPU Check
monitor or gpu check 570,Monitor or GPU Check
monitor or gpu check problem,Monitor or GPU Check
monitor or gpu check problem,Monitor or GPU Check
monitor or gpu check problem,Monitor or GPU Check
monitor or gpu check problem,Monitor or GPU Check
my monitor or gpu check,Monitor or GPU Check
monitor or gpu check problem,Monitor or GPU Check
monitor or gpu check problem,Monitor or GPU Check
monitor or gpu check problem,Monitor or GPU Check
monitor or gpu check problem,Monitor or GPU Check
monitor or gpu check 580,Monitor or GPU Check
monitor or gpu check problem,Monitor or GPU Check
monitor or gpu check problem,Monitor or GPU Check
monitor or gpu check problem,Monitor or GPU Check
monitor or gpu check problem,Monitor or GPU Check
my monitor or gpu check,Monitor or GPU Check
monitor or gpu check problem,Monitor or GPU Check
monitor or gpu check problem,Monitor or GPU Check
monitor or gpu check problem,Monitor or GPU Check
monitor or gpu check problem,Monitor or GPU Check
monitor or gpu check 590,Monitor or GPU Check
monitor or gpu check problem,Monitor or GPU Check
monitor or gpu check problem,Monitor or GPU Check
monitor or gpu check problem,Monitor or GPU Check
monitor or gpu check problem,Monitor or GPU Check
my monitor or gpu check,Monitor or GPU Check
monitor or gpu check problem,Monitor or GPU Check
monitor or gpu check problem,Monitor or GPU Check
monitor or gpu check problem,Monitor or GPU Check
monitor or gpu check problem,Monitor or GPU Check
monitor or gpu check 600,Monitor or GPU Check
monitor or gpu check problem,Monitor or GPU Check
monitor or gpu check problem,Monitor or GPU Check
monitor or gpu check problem,Monitor or GPU Check
monitor or gpu check problem,Monitor or GPU Check
my monitor or gpu check,Monitor or GPU Check
monitor or gpu check problem,Monitor or GPU Check
monitor or gpu check problem,Monitor or GPU Check
monitor or gpu check problem,Monitor or GPU Check
monitor or gpu check problem,Monitor or GPU Check
monitor or gpu check 610,Monitor or GPU Check
monitor or gpu check problem,Monitor or GPU Check
monitor or gpu check problem,Monitor or GPU Check
monitor or gpu check problem,Monitor or GPU Check
monitor or gpu check problem,Monitor or GPU Check
my monitor or gpu check,Monitor or GPU Check
monitor or gpu check problem,Monitor or GPU Check
monitor or gpu check problem,Monitor or GPU Check
monitor or gpu check problem,Monitor or GPU Check
monitor or gpu check problem,Monitor or GPU Check
monitor or gpu check 620,Monitor or GPU Check
monitor or gpu check problem,Monitor or GPU Check
monitor or gpu check problem,Monitor or GPU Check
monitor or gpu check problem,Monitor or GPU Check
monitor or gpu check problem,Monitor or GPU Check
my monitor or gpu check,Monitor or GPU Check
monitor or gpu check problem,Monitor or GPU Check
monitor or gpu check problem,Monitor or GPU Check
monitor or gpu check problem,Monitor or GPU Check
monitor or gpu check problem,Monitor or GPU Check
monitor or gpu check 630,Monitor or GPU Check
monitor or gpu check problem,Monitor or GPU Check
monitor or gpu check problem,Monitor or GPU Check
monitor or gpu check problem,Monitor or GPU Check
monitor or gpu check problem,Monitor or GPU Check
my monitor or gpu check,Monitor or GPU Check
monitor or gpu check problem,Monitor or GPU Check
monitor or gpu check problem,Monitor or GPU Check
monitor or gpu check problem,Monitor or GPU Check
monitor or gpu check problem,Monitor or GPU Check
monitor or gpu check 640,Monitor or GPU Check
monitor or gpu check problem,Monitor or GPU Check
monitor or gpu check problem,Monitor or GPU Check
monitor or gpu check problem,Monitor or GPU Check
monitor or gpu check problem,Monitor or GPU Check
my monitor or gpu check,Monitor or GPU Check
monitor or gpu check problem,Monitor or GPU Check
monitor or gpu check problem,Monitor or GPU Check
monitor or gpu check problem,Monitor or GPU Check
monitor or gpu check problem,Monitor or GPU Check
monitor or gpu check 650,Monitor or GPU Check
monitor or gpu check problem,Monitor or GPU Check
monitor or gpu check problem,Monitor or GPU Check
monitor or gpu check problem,Monitor or GPU Check
monitor or gpu check problem,Monitor or GPU Check
my monitor or gpu check,Monitor or GPU Check
monitor or gpu check problem,Monitor or GPU Check
monitor or gpu check problem,Monitor or GPU Check
monitor or gpu check problem,Monitor or GPU Check
monitor or gpu check problem,Monitor or GPU Check
monitor or gpu check 660,Monitor or GPU Check
monitor or gpu check problem,Monitor or GPU Check
monitor or gpu check problem,Monitor or GPU Check
monitor or gpu check problem,Monitor or GPU Check
monitor or gpu check problem,Monitor or GPU Check
my monitor or gpu check,Monitor or GPU Check
monitor or gpu check problem,Monitor or GPU Check
monitor or gpu check problem,Monitor or GPU Check
monitor or gpu check problem,Monitor or GPU Check
monitor or gpu check problem,Monitor or GPU Check
monitor or gpu check 670,Monitor or GPU Check
monitor or gpu check problem,Monitor or GPU Check
monitor or gpu check problem,Monitor or GPU Check
monitor or gpu check problem,Monitor or GPU Check
monitor or gpu check problem,Monitor or GPU Check
my monitor or gpu check,Monitor or GPU Check
monitor or gpu check problem,Monitor or GPU Check
monitor or gpu check problem,Monitor or GPU Check
monitor or gpu check problem,Monitor or GPU Check
monitor or gpu check problem,Monitor or GPU Check
monitor or gpu check 680,Monitor or GPU Check
monitor or gpu check problem,Monitor or GPU Check
monitor or gpu check problem,Monitor or GPU Check
monitor or gpu check problem,Monitor or GPU Check
monitor or gpu check problem,Monitor or GPU Check
my monitor or gpu check,Monitor or GPU Check
monitor or gpu check problem,Monitor or GPU Check
monitor or gpu check problem,Monitor or GPU Check
monitor or gpu check problem,Monitor or GPU Check
monitor or gpu check problem,Monitor or GPU Check
monitor or gpu check 690,Monitor or GPU Check
monitor or gpu check problem,Monitor or GPU Check
monitor or gpu check problem,Monitor or GPU Check
monitor or gpu check problem,Monitor or GPU Check
monitor or gpu check problem,Monitor or GPU Check
my monitor or gpu check,Monitor or GPU Check
monitor or gpu check problem,Monitor or GPU Check
monitor or gpu check problem,Monitor or GPU Check
monitor or gpu check problem,Monitor or GPU Check
monitor or gpu check problem,Monitor or GPU Check
monitor or gpu check 700,Monitor or GPU Check
monitor or gpu check problem,Monitor or GPU Check
monitor or gpu check problem,Monitor or GPU Check
monitor or gpu check problem,Monitor or GPU Check
monitor or gpu check problem,Monitor or GPU Check
my monitor or gpu check,Monitor or GPU Check
monitor or gpu check problem,Monitor or GPU Check
monitor or gpu check problem,Monitor or GPU Check
monitor or gpu check problem,Monitor or GPU Check
monitor or gpu check problem,Monitor or GPU Check
monitor or gpu check 710,Monitor or GPU Check
monitor or gpu check problem,Monitor or GPU Check
monitor or gpu check problem,Monitor or GPU Check
monitor or gpu check problem,Monitor or GPU Check
monitor or gpu check problem,Monitor or GPU Check
my monitor or gpu check,Monitor or GPU Check
monitor or gpu check problem,Monitor or GPU Check
monitor or gpu check problem,Monitor or GPU Check
monitor or gpu check problem,Monitor or GPU Check
monitor or gpu check problem,Monitor or GPU Check
monitor or gpu check 720,Monitor or GPU Check
monitor or gpu check problem,Monitor or GPU Check
monitor or gpu check problem,Monitor or GPU Check
monitor or gpu check problem,Monitor or GPU Check
monitor or gpu check problem,Monitor or GPU Check
my monitor or gpu check,Monitor or GPU Check
monitor or gpu check problem,Monitor or GPU Check
monitor or gpu check problem,Monitor or GPU Check
monitor or gpu check problem,Monitor or GPU Check
monitor or gpu check problem,Monitor or GPU Check
monitor or gpu check 730,Monitor or GPU Check
monitor or gpu check problem,Monitor or GPU Check
monitor or gpu check problem,Monitor or GPU Check
monitor or gpu check problem,Monitor or GPU Check
monitor or gpu check problem,Monitor or GPU Check
my monitor or gpu check,Monitor or GPU Check
monitor or gpu check problem,Monitor or GPU Check
monitor or gpu check problem,Monitor or GPU Check
monitor or gpu check problem,Monitor or GPU Check
monitor or gpu check problem,Monitor or GPU Check
monitor or gpu check 740,Monitor or GPU Check
monitor or gpu check problem,Monitor or GPU Check
monitor or gpu check problem,Monitor or GPU Check
monitor or gpu check problem,Monitor or GPU Check
monitor or gpu check problem,Monitor or GPU Check
my monitor or gpu check,Monitor or GPU Check
monitor or gpu check problem,Monitor or GPU Check
monitor or gpu check problem,Monitor or GPU Check
monitor or gpu check problem,Monitor or GPU Check
monitor or gpu check problem,Monitor or GPU Check
monitor or gpu check 750,Monitor or GPU Check
monitor or gpu check problem,Monitor or GPU Check
monitor or gpu check problem,Monitor or GPU Check
monitor or gpu check problem,Monitor or GPU Check
monitor or gpu check problem,Monitor or GPU Check
my monitor or gpu check,Monitor or GPU Check
monitor or gpu check problem,Monitor or GPU Check
monitor or gpu check problem,Monitor or GPU Check
monitor or gpu check problem,Monitor or GPU Check
monitor or gpu check problem,Monitor or GPU Check
monitor or gpu check 760,Monitor or GPU Check
monitor or gpu check problem,Monitor or GPU Check
monitor or gpu check problem,Monitor or GPU Check
monitor or gpu check problem,Monitor or GPU Check
monitor or gpu check problem,Monitor or GPU Check
my monitor or gpu check,Monitor or GPU Check
monitor or gpu check problem,Monitor or GPU Check
monitor or gpu check problem,Monitor or GPU Check
monitor or gpu check problem,Monitor or GPU Check
monitor or gpu check problem,Monitor or GPU Check
monitor or gpu check 770,Monitor or GPU Check
monitor or gpu check problem,Monitor or GPU Check
monitor or gpu check problem,Monitor or GPU Check
monitor or gpu check problem,Monitor or GPU Check
monitor or gpu check problem,Monitor or GPU Check
my monitor or gpu check,Monitor or GPU Check
monitor or gpu check problem,Monitor or GPU Check
monitor or gpu check problem,Monitor or GPU Check
monitor or gpu check problem,Monitor or GPU Check
monitor or gpu check problem,Monitor or GPU Check
monitor or gpu check 780,Monitor or GPU Check
monitor or gpu check problem,Monitor or GPU Check
monitor or gpu check problem,Monitor or GPU Check
monitor or gpu check problem,Monitor or GPU Check
monitor or gpu check problem,Monitor or GPU Check
my monitor or gpu check,Monitor or GPU Check
monitor or gpu check problem,Monitor or GPU Check
monitor or gpu check problem,Monitor or GPU Check
monitor or gpu check problem,Monitor or GPU Check
monitor or gpu check problem,Monitor or GPU Check
monitor or gpu check 790,Monitor or GPU Check
monitor or gpu check problem,Monitor or GPU Check
monitor or gpu check problem,Monitor or GPU Check
monitor or gpu check problem,Monitor or GPU Check
monitor or gpu check problem,Monitor or GPU Check
my monitor or gpu check,Monitor or GPU Check
monitor or gpu check problem,Monitor or GPU Check
monitor or gpu check problem,Monitor or GPU Check
monitor or gpu check problem,Monitor or GPU Check
monitor or gpu check problem,Monitor or GPU Check
monitor or gpu check 800,Monitor or GPU Check
monitor or gpu check problem,Monitor or GPU Check
monitor or gpu check problem,Monitor or GPU Check
monitor or gpu check problem,Monitor or GPU Check
monitor or gpu check problem,Monitor or GPU Check
my monitor or gpu check,Monitor or GPU Check
monitor or gpu check problem,Monitor or GPU Check
monitor or gpu check problem,Monitor or GPU Check
monitor or gpu check problem,Monitor or GPU Check
monitor or gpu check problem,Monitor or GPU Check
monitor or gpu check 810,Monitor or GPU Check
monitor or gpu check problem,Monitor or GPU Check
monitor or gpu check problem,Monitor or GPU Check
monitor or gpu check problem,Monitor or GPU Check
monitor or gpu check problem,Monitor or GPU Check
my monitor or gpu check,Monitor or GPU Check
monitor or gpu check problem,Monitor or GPU Check
monitor or gpu check problem,Monitor or GPU Check
monitor or gpu check problem,Monitor or GPU Check
monitor or gpu check problem,Monitor or GPU Check
monitor or gpu check 820,Monitor or GPU Check
monitor or gpu check problem,Monitor or GPU Check
monitor or gpu check problem,Monitor or GPU Check
monitor or gpu check problem,Monitor or GPU Check
monitor or gpu check problem,Monitor or GPU Check
my monitor or gpu check,Monitor or GPU Check
monitor or gpu check problem,Monitor or GPU Check
monitor or gpu check problem,Monitor or GPU Check
monitor or gpu check problem,Monitor or GPU Check
monitor or gpu check problem,Monitor or GPU Check
monitor or gpu check 830,Monitor or GPU Check
monitor or gpu check problem,Monitor or GPU Check
monitor or gpu check problem,Monitor or GPU Check
monitor or gpu check problem,Monitor or GPU Check
monitor or gpu check problem,Monitor or GPU Check
my monitor or gpu check,Monitor or GPU Check
monitor or gpu check problem,Monitor or GPU Check
monitor or gpu check problem,Monitor or GPU Check
monitor or gpu check problem,Monitor or GPU Check
monitor or gpu check problem,Monitor or GPU Check
monitor or gpu check 840,Monitor or GPU Check
monitor or gpu check problem,Monitor or GPU Check
monitor or gpu check problem,Monitor or GPU Check
monitor or gpu check problem,Monitor or GPU Check
monitor or gpu check problem,Monitor or GPU Check
my monitor or gpu check,Monitor or GPU Check
monitor or gpu check problem,Monitor or GPU Check
monitor or gpu check problem,Monitor or GPU Check
monitor or gpu check problem,Monitor or GPU Check
monitor or gpu check problem,Monitor or GPU Check
monitor or gpu check 850,Monitor or GPU Check
monitor or gpu check problem,Monitor or GPU Check
monitor or gpu check problem,Monitor or GPU Check
monitor or gpu check problem,Monitor or GPU Check
monitor or gpu check problem,Monitor or GPU Check
my monitor or gpu check,Monitor or GPU Check
monitor or gpu check problem,Monitor or GPU Check
monitor or gpu check problem,Monitor or GPU Check
monitor or gpu check problem,Monitor or GPU Check
monitor or gpu check problem,Monitor or GPU Check
monitor or gpu check 860,Monitor or GPU Check
monitor or gpu check problem,Monitor or GPU Check
monitor or gpu check problem,Monitor or GPU Check
monitor or gpu check problem,Monitor or GPU Check
monitor or gpu check problem,Monitor or GPU Check
my monitor or gpu check,Monitor or GPU Check
monitor or gpu check problem,Monitor or GPU Check
monitor or gpu check problem,Monitor or GPU Check
monitor or gpu check problem,Monitor or GPU Check
monitor or gpu check problem,Monitor or GPU Check
monitor or gpu check 870,Monitor or GPU Check
monitor or gpu check problem,Monitor or GPU Check
monitor or gpu check problem,Monitor or GPU Check
monitor or gpu check problem,Monitor or GPU Check
monitor or gpu check problem,Monitor or GPU Check
my monitor or gpu check,Monitor or GPU Check
monitor or gpu check problem,Monitor or GPU Check
monitor or gpu check problem,Monitor or GPU Check
monitor or gpu check problem,Monitor or GPU Check
monitor or gpu check problem,Monitor or GPU Check
monitor or gpu check 880,Monitor or GPU Check
monitor or gpu check problem,Monitor or GPU Check
monitor or gpu check problem,Monitor or GPU Check
monitor or gpu check problem,Monitor or GPU Check
monitor or gpu check problem,Monitor or GPU Check
my monitor or gpu check,Monitor or GPU Check
monitor or gpu check problem,Monitor or GPU Check
monitor or gpu check problem,Monitor or GPU Check
monitor or gpu check problem,Monitor or GPU Check
monitor or gpu check problem,Monitor or GPU Check
monitor or gpu check 890,Monitor or GPU Check
monitor or gpu check problem,Monitor or GPU Check
monitor or gpu check problem,Monitor or GPU Check
monitor or gpu check problem,Monitor or GPU Check
monitor or gpu check problem,Monitor or GPU Check
my monitor or gpu check,Monitor or GPU Check
monitor or gpu check problem,Monitor or GPU Check
monitor or gpu check problem,Monitor or GPU Check
monitor or gpu check problem,Monitor or GPU Check
monitor or gpu check problem,Monitor or GPU Check
monitor or gpu check 900,Monitor or GPU Check
monitor or gpu check problem,Monitor or GPU Check
monitor or gpu check problem,Monitor or GPU Check
monitor or gpu check problem,Monitor or GPU Check
monitor or gpu check problem,Monitor or GPU Check
my monitor or gpu check,Monitor or GPU Check
monitor or gpu check problem,Monitor or GPU Check
monitor or gpu check problem,Monitor or GPU Check
monitor or gpu check problem,Monitor or GPU Check
monitor or gpu check problem,Monitor or GPU Check
monitor or gpu check 910,Monitor or GPU Check
monitor or gpu check problem,Monitor or GPU Check
monitor or gpu check problem,Monitor or GPU Check
monitor or gpu check problem,Monitor or GPU Check
monitor or gpu check problem,Monitor or GPU Check
my monitor or gpu check,Monitor or GPU Check
monitor or gpu check problem,Monitor or GPU Check
monitor or gpu check problem,Monitor or GPU Check
monitor or gpu check problem,Monitor or GPU Check
monitor or gpu check problem,Monitor or GPU Check
monitor or gpu check 920,Monitor or GPU Check
monitor or gpu check problem,Monitor or GPU Check
monitor or gpu check problem,Monitor or GPU Check
monitor or gpu check problem,Monitor or GPU Check
monitor or gpu check problem,Monitor or GPU Check
my monitor or gpu check,Monitor or GPU Check
monitor or gpu check problem,Monitor or GPU Check
monitor or gpu check problem,Monitor or GPU Check
monitor or gpu check problem,Monitor or GPU Check
monitor or gpu check problem,Monitor or GPU Check
monitor or gpu check 930,Monitor or GPU Check
monitor or gpu check problem,Monitor or GPU Check
monitor or gpu check problem,Monitor or GPU Check
monitor or gpu check problem,Monitor or GPU Check
monitor or gpu check problem,Monitor or GPU Check
my monitor or gpu check,Monitor or GPU Check
monitor or gpu check problem,Monitor or GPU Check
monitor or gpu check problem,Monitor or GPU Check
monitor or gpu check problem,Monitor or GPU Check
monitor or gpu check problem,Monitor or GPU Check
monitor or gpu check 940,Monitor or GPU Check
monitor or gpu check problem,Monitor or GPU Check
monitor or gpu check problem,Monitor or GPU Check
monitor or gpu check problem,Monitor or GPU Check
monitor or gpu check problem,Monitor or GPU Check
my monitor or gpu check,Monitor or GPU Check
monitor or gpu check problem,Monitor or GPU Check
monitor or gpu check problem,Monitor or GPU Check
monitor or gpu check problem,Monitor or GPU Check
monitor or gpu check problem,Monitor or GPU Check
monitor or gpu check 950,Monitor or GPU Check
monitor or gpu check problem,Monitor or GPU Check
monitor or gpu check problem,Monitor or GPU Check
monitor or gpu check problem,Monitor or GPU Check
monitor or gpu check problem,Monitor or GPU Check
my monitor or gpu check,Monitor or GPU Check
monitor or gpu check problem,Monitor or GPU Check
monitor or gpu check problem,Monitor or GPU Check
monitor or gpu check problem,Monitor or GPU Check
monitor or gpu check problem,Monitor or GPU Check
monitor or gpu check 960,Monitor or GPU Check
monitor or gpu check problem,Monitor or GPU Check
monitor or gpu check problem,Monitor or GPU Check
monitor or gpu check problem,Monitor or GPU Check
monitor or gpu check problem,Monitor or GPU Check
my monitor or gpu check,Monitor or GPU Check
monitor or gpu check problem,Monitor or GPU Check
monitor or gpu check problem,Monitor or GPU Check
monitor or gpu check problem,Monitor or GPU Check
monitor or gpu check problem,Monitor or GPU Check
monitor or gpu check 970,Monitor or GPU Check
monitor or gpu check problem,Monitor or GPU Check
monitor or gpu check problem,Monitor or GPU Check
monitor or gpu check problem,Monitor or GPU Check
monitor or gpu check problem,Monitor or GPU Check
my monitor or gpu check,Monitor or GPU Check
monitor or gpu check problem,Monitor or GPU Check
monitor or gpu check problem,Monitor or GPU Check
monitor or gpu check problem,Monitor or GPU Check
monitor or gpu check problem,Monitor or GPU Check
monitor or gpu check 980,Monitor or GPU Check
monitor or gpu check problem,Monitor or GPU Check
monitor or gpu check problem,Monitor or GPU Check
monitor or gpu check problem,Monitor or GPU Check
monitor or gpu check problem,Monitor or GPU Check
my monitor or gpu check,Monitor or GPU Check
monitor or gpu check problem,Monitor or GPU Check
monitor or gpu check problem,Monitor or GPU Check
monitor or gpu check problem,Monitor or GPU Check
monitor or gpu check problem,Monitor or GPU Check
monitor or gpu check 990,Monitor or GPU Check
monitor or gpu check problem,Monitor or GPU Check
monitor or gpu check problem,Monitor or GPU Check
monitor or gpu check problem,Monitor or GPU Check
monitor or gpu check problem,Monitor or GPU Check
my monitor or gpu check,Monitor or GPU Check
monitor or gpu check problem,Monitor or GPU Check
monitor or gpu check problem,Monitor or GPU Check
monitor or gpu check problem,Monitor or GPU Check
monitor or gpu check problem,Monitor or GPU Check
monitor or gpu check 1000,Monitor or GPU Check
monitor or gpu check problem,Monitor or GPU Check
monitor or gpu check problem,Monitor or GPU Check
monitor or gpu check problem,Monitor or GPU Check
monitor or gpu check problem,Monitor or GPU Check
my monitor or gpu check,Monitor or GPU Check
monitor or gpu check problem,Monitor or GPU Check
monitor or gpu check problem,Monitor or GPU Check
monitor or gpu check problem,Monitor or GPU Check
monitor or gpu check problem,Monitor or GPU Check
monitor or gpu check 1010,Monitor or GPU Check
monitor or gpu check problem,Monitor or GPU Check
monitor or gpu check problem,Monitor or GPU Check
monitor or gpu check problem,Monitor or GPU Check
monitor or gpu check problem,Monitor or GPU Check
my monitor or gpu check,Monitor or GPU Check
monitor or gpu check problem,Monitor or GPU Check
monitor or gpu check problem,Monitor or GPU Check
monitor or gpu check problem,Monitor or GPU Check
monitor or gpu check problem,Monitor or GPU Check
monitor or gpu check 1020,Monitor or GPU Check
monitor or gpu check problem,Monitor or GPU Check
monitor or gpu check problem,Monitor or GPU Check
monitor or gpu check problem,Monitor or GPU Check
monitor or gpu check problem,Monitor or GPU Check
my monitor or gpu check,Monitor or GPU Check
monitor or gpu check problem,Monitor or GPU Check
monitor or gpu check problem,Monitor or GPU Check
monitor or gpu check problem,Monitor or GPU Check
monitor or gpu check problem,Monitor or GPU Check
monitor or gpu check 1030,Monitor or GPU Check
monitor or gpu check problem,Monitor or GPU Check
monitor or gpu check problem,Monitor or GPU Check
monitor or gpu check problem,Monitor or GPU Check
monitor or gpu check problem,Monitor or GPU Check
my monitor or gpu check,Monitor or GPU Check
monitor or gpu check problem,Monitor or GPU Check
monitor or gpu check problem,Monitor or GPU Check
monitor or gpu check problem,Monitor or GPU Check
monitor or gpu check problem,Monitor or GPU Check
monitor or gpu check 1040,Monitor or GPU Check
monitor or gpu check problem,Monitor or GPU Check
monitor or gpu check problem,Monitor or GPU Check
monitor or gpu check problem,Monitor or GPU Check
monitor or gpu check problem,Monitor or GPU Check
my monitor or gpu check,Monitor or GPU Check
monitor or gpu check problem,Monitor or GPU Check
monitor or gpu check problem,Monitor or GPU Check
monitor or gpu check problem,Monitor or GPU Check
monitor or gpu check problem,Monitor or GPU Check
monitor or gpu check 1050,Monitor or GPU Check
monitor or gpu check problem,Monitor or GPU Check
monitor or gpu check problem,Monitor or GPU Check
monitor or gpu check problem,Monitor or GPU Check
monitor or gpu check problem,Monitor or GPU Check
my monitor or gpu check,Monitor or GPU Check
monitor or gpu check problem,Monitor or GPU Check
monitor or gpu check problem,Monitor or GPU Check
monitor or gpu check problem,Monitor or GPU Check
monitor or gpu check problem,Monitor or GPU Check
monitor or gpu check 1060,Monitor or GPU Check
monitor or gpu check problem,Monitor or GPU Check
monitor or gpu check problem,Monitor or GPU Check
monitor or gpu check problem,Monitor or GPU Check
monitor or gpu check problem,Monitor or GPU Check
my monitor or gpu check,Monitor or GPU Check
monitor or gpu check problem,Monitor or GPU Check
monitor or gpu check problem,Monitor or GPU Check
monitor or gpu check problem,Monitor or GPU Check
monitor or gpu check problem,Monitor or GPU Check
monitor or gpu check 1070,Monitor or GPU Check
monitor or gpu check problem,Monitor or GPU Check
monitor or gpu check problem,Monitor or GPU Check
monitor or gpu check problem,Monitor or GPU Check
monitor or gpu check problem,Monitor or GPU Check
my monitor or gpu check,Monitor or GPU Check
monitor or gpu check problem,Monitor or GPU Check
monitor or gpu check problem,Monitor or GPU Check
monitor or gpu check problem,Monitor or GPU Check
monitor or gpu check problem,Monitor or GPU Check
monitor or gpu check 1080,Monitor or GPU Check
monitor or gpu check problem,Monitor or GPU Check
monitor or gpu check problem,Monitor or GPU Check
monitor or gpu check problem,Monitor or GPU Check
monitor or gpu check problem,Monitor or GPU Check
my monitor or gpu check,Monitor or GPU Check
monitor or gpu check problem,Monitor or GPU Check
monitor or gpu check problem,Monitor or GPU Check
monitor or gpu check problem,Monitor or GPU Check
monitor or gpu check problem,Monitor or GPU Check
monitor or gpu check 1090,Monitor or GPU Check
monitor or gpu check problem,Monitor or GPU Check
monitor or gpu check problem,Monitor or GPU Check
monitor or gpu check problem,Monitor or GPU Check
monitor or gpu check problem,Monitor or GPU Check
my monitor or gpu check,Monitor or GPU Check
monitor or gpu check problem,Monitor or GPU Check
monitor or gpu check problem,Monitor or GPU Check
monitor or gpu check problem,Monitor or GPU Check
monitor or gpu check problem,Monitor or GPU Check
monitor or gpu check 1100,Monitor or GPU Check
monitor or gpu check problem,Monitor or GPU Check
monitor or gpu check problem,Monitor or GPU Check
monitor or gpu check problem,Monitor or GPU Check
monitor or gpu check problem,Monitor or GPU Check
my monitor or gpu check,Monitor or GPU Check
monitor or gpu check problem,Monitor or GPU Check
monitor or gpu check problem,Monitor or GPU Check
monitor or gpu check problem,Monitor or GPU Check
monitor or gpu check problem,Monitor or GPU Check
blue screen of death,Blue Screen (BSOD)
bsod error,Blue Screen (BSOD)
blue screen crash,Blue Screen (BSOD)
windows blue screen,Blue Screen (BSOD)
pc blue screens,Blue Screen (BSOD)
system crash blue screen,Blue Screen (BSOD)
blue screen error,Blue Screen (BSOD)
windows crash blue screen,Blue Screen (BSOD)
blue screen of death 0,Blue Screen (BSOD)
blue screen of death problem,Blue Screen (BSOD)
blue screen of death problem,Blue Screen (BSOD)
blue screen of death problem,Blue Screen (BSOD)
blue screen of death problem,Blue Screen (BSOD)
my blue screen of death,Blue Screen (BSOD)
blue screen of death problem,Blue Screen (BSOD)
blue screen of death problem,Blue Screen (BSOD)
blue screen of death problem,Blue Screen (BSOD)
blue screen of death problem,Blue Screen (BSOD)
blue screen of death 10,Blue Screen (BSOD)
blue screen of death problem,Blue Screen (BSOD)
blue screen of death problem,Blue Screen (BSOD)
blue screen of death problem,Blue Screen (BSOD)
blue screen of death problem,Blue Screen (BSOD)
my blue screen of death,Blue Screen (BSOD)
blue screen of death problem,Blue Screen (BSOD)
blue screen of death problem,Blue Screen (BSOD)
blue screen of death problem,Blue Screen (BSOD)
blue screen of death problem,Blue Screen (BSOD)
blue screen of death 20,Blue Screen (BSOD)
blue screen of death problem,Blue Screen (BSOD)
blue screen of death problem,Blue Screen (BSOD)
blue screen of death problem,Blue Screen (BSOD)
blue screen of death problem,Blue Screen (BSOD)
my blue screen of death,Blue Screen (BSOD)
blue screen of death problem,Blue Screen (BSOD)
blue screen of death problem,Blue Screen (BSOD)
blue screen of death problem,Blue Screen (BSOD)
blue screen of death problem,Blue Screen (BSOD)
blue screen of death 30,Blue Screen (BSOD)
blue screen of death problem,Blue Screen (BSOD)
blue screen of death problem,Blue Screen (BSOD)
blue screen of death problem,Blue Screen (BSOD)
blue screen of death problem,Blue Screen (BSOD)
my blue screen of death,Blue Screen (BSOD)
blue screen of death problem,Blue Screen (BSOD)
blue screen of death problem,Blue Screen (BSOD)
blue screen of death problem,Blue Screen (BSOD)
blue screen of death problem,Blue Screen (BSOD)
blue screen of death 40,Blue Screen (BSOD)
blue screen of death problem,Blue Screen (BSOD)
blue screen of death problem,Blue Screen (BSOD)
blue screen of death problem,Blue Screen (BSOD)
blue screen of death problem,Blue Screen (BSOD)
my blue screen of death,Blue Screen (BSOD)
blue screen of death problem,Blue Screen (BSOD)
blue screen of death problem,Blue Screen (BSOD)
blue screen of death problem,Blue Screen (BSOD)
blue screen of death problem,Blue Screen (BSOD)
blue screen of death 50,Blue Screen (BSOD)
blue screen of death problem,Blue Screen (BSOD)
blue screen of death problem,Blue Screen (BSOD)
blue screen of death problem,Blue Screen (BSOD)
blue screen of death problem,Blue Screen (BSOD)
my blue screen of death,Blue Screen (BSOD)
blue screen of death problem,Blue Screen (BSOD)
blue screen of death problem,Blue Screen (BSOD)
blue screen of death problem,Blue Screen (BSOD)
blue screen of death problem,Blue Screen (BSOD)
blue screen of death 60,Blue Screen (BSOD)
blue screen of death problem,Blue Screen (BSOD)
blue screen of death problem,Blue Screen (BSOD)
blue screen of death problem,Blue Screen (BSOD)
blue screen of death problem,Blue Screen (BSOD)
my blue screen of death,Blue Screen (BSOD)
blue screen of death problem,Blue Screen (BSOD)
blue screen of death problem,Blue Screen (BSOD)
blue screen of death problem,Blue Screen (BSOD)
blue screen of death problem,Blue Screen (BSOD)
blue screen of death 70,Blue Screen (BSOD)
blue screen of death problem,Blue Screen (BSOD)
blue screen of death problem,Blue Screen (BSOD)
blue screen of death problem,Blue Screen (BSOD)
blue screen of death problem,Blue Screen (BSOD)
my blue screen of death,Blue Screen (BSOD)
blue screen of death problem,Blue Screen (BSOD)
blue screen of death problem,Blue Screen (BSOD)
blue screen of death problem,Blue Screen (BSOD)
blue screen of death problem,Blue Screen (BSOD)
blue screen of death 80,Blue Screen (BSOD)
blue screen of death problem,Blue Screen (BSOD)
blue screen of death problem,Blue Screen (BSOD)
blue screen of death problem,Blue Screen (BSOD)
blue screen of death problem,Blue Screen (BSOD)
my blue screen of death,Blue Screen (BSOD)
blue screen of death problem,Blue Screen (BSOD)
blue screen of death problem,Blue Screen (BSOD)
blue screen of death problem,Blue Screen (BSOD)
blue screen of death problem,Blue Screen (BSOD)
blue screen of death 90,Blue Screen (BSOD)
blue screen of death problem,Blue Screen (BSOD)
blue screen of death problem,Blue Screen (BSOD)
blue screen of death problem,Blue Screen (BSOD)
blue screen of death problem,Blue Screen (BSOD)
my blue screen of death,Blue Screen (BSOD)
blue screen of death problem,Blue Screen (BSOD)
blue screen of death problem,Blue Screen (BSOD)
blue screen of death problem,Blue Screen (BSOD)
blue screen of death problem,Blue Screen (BSOD)
blue screen of death 100,Blue Screen (BSOD)
blue screen of death problem,Blue Screen (BSOD)
blue screen of death problem,Blue Screen (BSOD)
blue screen of death problem,Blue Screen (BSOD)
blue screen of death problem,Blue Screen (BSOD)
my blue screen of death,Blue Screen (BSOD)
blue screen of death problem,Blue Screen (BSOD)
blue screen of death problem,Blue Screen (BSOD)
blue screen of death problem,Blue Screen (BSOD)
blue screen of death problem,Blue Screen (BSOD)
blue screen of death 110,Blue Screen (BSOD)
blue screen of death problem,Blue Screen (BSOD)
blue screen of death problem,Blue Screen (BSOD)
blue screen of death problem,Blue Screen (BSOD)
blue screen of death problem,Blue Screen (BSOD)
my blue screen of death,Blue Screen (BSOD)
blue screen of death problem,Blue Screen (BSOD)
blue screen of death problem,Blue Screen (BSOD)
blue screen of death problem,Blue Screen (BSOD)
blue screen of death problem,Blue Screen (BSOD)
blue screen of death 120,Blue Screen (BSOD)
blue screen of death problem,Blue Screen (BSOD)
blue screen of death problem,Blue Screen (BSOD)
blue screen of death problem,Blue Screen (BSOD)
blue screen of death problem,Blue Screen (BSOD)
my blue screen of death,Blue Screen (BSOD)
blue screen of death problem,Blue Screen (BSOD)
blue screen of death problem,Blue Screen (BSOD)
blue screen of death problem,Blue Screen (BSOD)
blue screen of death problem,Blue Screen (BSOD)
blue screen of death 130,Blue Screen (BSOD)
blue screen of death problem,Blue Screen (BSOD)
blue screen of death problem,Blue Screen (BSOD)
blue screen of death problem,Blue Screen (BSOD)
blue screen of death problem,Blue Screen (BSOD)
my blue screen of death,Blue Screen (BSOD)
blue screen of death problem,Blue Screen (BSOD)
blue screen of death problem,Blue Screen (BSOD)
blue screen of death problem,Blue Screen (BSOD)
blue screen of death problem,Blue Screen (BSOD)
blue screen of death 140,Blue Screen (BSOD)
blue screen of death problem,Blue Screen (BSOD)
blue screen of death problem,Blue Screen (BSOD)
blue screen of death problem,Blue Screen (BSOD)
blue screen of death problem,Blue Screen (BSOD)
my blue screen of death,Blue Screen (BSOD)
blue screen of death problem,Blue Screen (BSOD)
blue screen of death problem,Blue Screen (BSOD)
blue screen of death problem,Blue Screen (BSOD)
blue screen of death problem,Blue Screen (BSOD)
blue screen of death 150,Blue Screen (BSOD)
blue screen of death problem,Blue Screen (BSOD)
blue screen of death problem,Blue Screen (BSOD)
blue screen of death problem,Blue Screen (BSOD)
blue screen of death problem,Blue Screen (BSOD)
my blue screen of death,Blue Screen (BSOD)
blue screen of death problem,Blue Screen (BSOD)
blue screen of death problem,Blue Screen (BSOD)
blue screen of death problem,Blue Screen (BSOD)
blue screen of death problem,Blue Screen (BSOD)
blue screen of death 160,Blue Screen (BSOD)
blue screen of death problem,Blue Screen (BSOD)
blue screen of death problem,Blue Screen (BSOD)
blue screen of death problem,Blue Screen (BSOD)
blue screen of death problem,Blue Screen (BSOD)
my blue screen of death,Blue Screen (BSOD)
blue screen of death problem,Blue Screen (BSOD)
blue screen of death problem,Blue Screen (BSOD)
blue screen of death problem,Blue Screen (BSOD)
blue screen of death problem,Blue Screen (BSOD)
blue screen of death 170,Blue Screen (BSOD)
blue screen of death problem,Blue Screen (BSOD)
blue screen of death problem,Blue Screen (BSOD)
blue screen of death problem,Blue Screen (BSOD)
blue screen of death problem,Blue Screen (BSOD)
my blue screen of death,Blue Screen (BSOD)
blue screen of death problem,Blue Screen (BSOD)
blue screen of death problem,Blue Screen (BSOD)
blue screen of death problem,Blue Screen (BSOD)
blue screen of death problem,Blue Screen (BSOD)
blue screen of death 180,Blue Screen (BSOD)
blue screen of death problem,Blue Screen (BSOD)
blue screen of death problem,Blue Screen (BSOD)
blue screen of death problem,Blue Screen (BSOD)
blue screen of death problem,Blue Screen (BSOD)
my blue screen of death,Blue Screen (BSOD)
blue screen of death problem,Blue Screen (BSOD)
blue screen of death problem,Blue Screen (BSOD)
blue screen of death problem,Blue Screen (BSOD)
blue screen of death problem,Blue Screen (BSOD)
blue screen of death 190,Blue Screen (BSOD)
blue screen of death problem,Blue Screen (BSOD)
blue screen of death problem,Blue Screen (BSOD)
blue screen of death problem,Blue Screen (BSOD)
blue screen of death problem,Blue Screen (BSOD)
my blue screen of death,Blue Screen (BSOD)
blue screen of death problem,Blue Screen (BSOD)
blue screen of death problem,Blue Screen (BSOD)
blue screen of death problem,Blue Screen (BSOD)
blue screen of death problem,Blue Screen (BSOD)
blue screen of death 200,Blue Screen (BSOD)
blue screen of death problem,Blue Screen (BSOD)
blue screen of death problem,Blue Screen (BSOD)
blue screen of death problem,Blue Screen (BSOD)
blue screen of death problem,Blue Screen (BSOD)
my blue screen of death,Blue Screen (BSOD)
blue screen of death problem,Blue Screen (BSOD)
blue screen of death problem,Blue Screen (BSOD)
blue screen of death problem,Blue Screen (BSOD)
blue screen of death problem,Blue Screen (BSOD)
blue screen of death 210,Blue Screen (BSOD)
blue screen of death problem,Blue Screen (BSOD)
blue screen of death problem,Blue Screen (BSOD)
blue screen of death problem,Blue Screen (BSOD)
blue screen of death problem,Blue Screen (BSOD)
my blue screen of death,Blue Screen (BSOD)
blue screen of death problem,Blue Screen (BSOD)
blue screen of death problem,Blue Screen (BSOD)
blue screen of death problem,Blue Screen (BSOD)
blue screen of death problem,Blue Screen (BSOD)
blue screen of death 220,Blue Screen (BSOD)
blue screen of death problem,Blue Screen (BSOD)
blue screen of death problem,Blue Screen (BSOD)
blue screen of death problem,Blue Screen (BSOD)
blue screen of death problem,Blue Screen (BSOD)
my blue screen of death,Blue Screen (BSOD)
blue screen of death problem,Blue Screen (BSOD)
blue screen of death problem,Blue Screen (BSOD)
blue screen of death problem,Blue Screen (BSOD)
blue screen of death problem,Blue Screen (BSOD)
blue screen of death 230,Blue Screen (BSOD)
blue screen of death problem,Blue Screen (BSOD)
blue screen of death problem,Blue Screen (BSOD)
blue screen of death problem,Blue Screen (BSOD)
blue screen of death problem,Blue Screen (BSOD)
my blue screen of death,Blue Screen (BSOD)
blue screen of death problem,Blue Screen (BSOD)
blue screen of death problem,Blue Screen (BSOD)
blue screen of death problem,Blue Screen (BSOD)
blue screen of death problem,Blue Screen (BSOD)
blue screen of death 240,Blue Screen (BSOD)
blue screen of death problem,Blue Screen (BSOD)
blue screen of death problem,Blue Screen (BSOD)
blue screen of death problem,Blue Screen (BSOD)
blue screen of death problem,Blue Screen (BSOD)
my blue screen of death,Blue Screen (BSOD)
blue screen of death problem,Blue Screen (BSOD)
blue screen of death problem,Blue Screen (BSOD)
blue screen of death problem,Blue Screen (BSOD)
blue screen of death problem,Blue Screen (BSOD)
blue screen of death 250,Blue Screen (BSOD)
blue screen of death problem,Blue Screen (BSOD)
blue screen of death problem,Blue Screen (BSOD)
blue screen of death problem,Blue Screen (BSOD)
blue screen of death problem,Blue Screen (BSOD)
my blue screen of death,Blue Screen (BSOD)
blue screen of death problem,Blue Screen (BSOD)
blue screen of death problem,Blue Screen (BSOD)
blue screen of death problem,Blue Screen (BSOD)
blue screen of death problem,Blue Screen (BSOD)
blue screen of death 260,Blue Screen (BSOD)
blue screen of death problem,Blue Screen (BSOD)
blue screen of death problem,Blue Screen (BSOD)
blue screen of death problem,Blue Screen (BSOD)
blue screen of death problem,Blue Screen (BSOD)
my blue screen of death,Blue Screen (BSOD)
blue screen of death problem,Blue Screen (BSOD)
blue screen of death problem,Blue Screen (BSOD)
blue screen of death problem,Blue Screen (BSOD)
blue screen of death problem,Blue Screen (BSOD)
blue screen of death 270,Blue Screen (BSOD)
blue screen of death problem,Blue Screen (BSOD)
blue screen of death problem,Blue Screen (BSOD)
blue screen of death problem,Blue Screen (BSOD)
blue screen of death problem,Blue Screen (BSOD)
my blue screen of death,Blue Screen (BSOD)
blue screen of death problem,Blue Screen (BSOD)
blue screen of death problem,Blue Screen (BSOD)
blue screen of death problem,Blue Screen (BSOD)
blue screen of death problem,Blue Screen (BSOD)
blue screen of death 280,Blue Screen (BSOD)
blue screen of death problem,Blue Screen (BSOD)
blue screen of death problem,Blue Screen (BSOD)
blue screen of death problem,Blue Screen (BSOD)
blue screen of death problem,Blue Screen (BSOD)
my blue screen of death,Blue Screen (BSOD)
blue screen of death problem,Blue Screen (BSOD)
blue screen of death problem,Blue Screen (BSOD)
blue screen of death problem,Blue Screen (BSOD)
blue screen of death problem,Blue Screen (BSOD)
blue screen of death 290,Blue Screen (BSOD)
blue screen of death problem,Blue Screen (BSOD)
blue screen of death problem,Blue Screen (BSOD)
blue screen of death problem,Blue Screen (BSOD)
blue screen of death problem,Blue Screen (BSOD)
my blue screen of death,Blue Screen (BSOD)
blue screen of death problem,Blue Screen (BSOD)
blue screen of death problem,Blue Screen (BSOD)
blue screen of death problem,Blue Screen (BSOD)
blue screen of death problem,Blue Screen (BSOD)
blue screen of death 300,Blue Screen (BSOD)
blue screen of death problem,Blue Screen (BSOD)
blue screen of death problem,Blue Screen (BSOD)
blue screen of death problem,Blue Screen (BSOD)
blue screen of death problem,Blue Screen (BSOD)
my blue screen of death,Blue Screen (BSOD)
blue screen of death problem,Blue Screen (BSOD)
blue screen of death problem,Blue Screen (BSOD)
blue screen of death problem,Blue Screen (BSOD)
blue screen of death problem,Blue Screen (BSOD)
blue screen of death 310,Blue Screen (BSOD)
blue screen of death problem,Blue Screen (BSOD)
blue screen of death problem,Blue Screen (BSOD)
blue screen of death problem,Blue Screen (BSOD)
blue screen of death problem,Blue Screen (BSOD)
my blue screen of death,Blue Screen (BSOD)
blue screen of death problem,Blue Screen (BSOD)
blue screen of death problem,Blue Screen (BSOD)
blue screen of death problem,Blue Screen (BSOD)
blue screen of death problem,Blue Screen (BSOD)
blue screen of death 320,Blue Screen (BSOD)
blue screen of death problem,Blue Screen (BSOD)
blue screen of death problem,Blue Screen (BSOD)
blue screen of death problem,Blue Screen (BSOD)
blue screen of death problem,Blue Screen (BSOD)
my blue screen of death,Blue Screen (BSOD)
blue screen of death problem,Blue Screen (BSOD)
blue screen of death problem,Blue Screen (BSOD)
blue screen of death problem,Blue Screen (BSOD)
blue screen of death problem,Blue Screen (BSOD)
blue screen of death 330,Blue Screen (BSOD)
blue screen of death problem,Blue Screen (BSOD)
blue screen of death problem,Blue Screen (BSOD)
blue screen of death problem,Blue Screen (BSOD)
blue screen of death problem,Blue Screen (BSOD)
my blue screen of death,Blue Screen (BSOD)
blue screen of death problem,Blue Screen (BSOD)
blue screen of death problem,Blue Screen (BSOD)
blue screen of death problem,Blue Screen (BSOD)
blue screen of death problem,Blue Screen (BSOD)
blue screen of death 340,Blue Screen (BSOD)
blue screen of death problem,Blue Screen (BSOD)
blue screen of death problem,Blue Screen (BSOD)
blue screen of death problem,Blue Screen (BSOD)
blue screen of death problem,Blue Screen (BSOD)
my blue screen of death,Blue Screen (BSOD)
blue screen of death problem,Blue Screen (BSOD)
blue screen of death problem,Blue Screen (BSOD)
blue screen of death problem,Blue Screen (BSOD)
blue screen of death problem,Blue Screen (BSOD)
blue screen of death 350,Blue Screen (BSOD)
blue screen of death problem,Blue Screen (BSOD)
blue screen of death problem,Blue Screen (BSOD)
blue screen of death problem,Blue Screen (BSOD)
blue screen of death problem,Blue Screen (BSOD)
my blue screen of death,Blue Screen (BSOD)
blue screen of death problem,Blue Screen (BSOD)
blue screen of death problem,Blue Screen (BSOD)
blue screen of death problem,Blue Screen (BSOD)
blue screen of death problem,Blue Screen (BSOD)
blue screen of death 360,Blue Screen (BSOD)
blue screen of death problem,Blue Screen (BSOD)
blue screen of death problem,Blue Screen (BSOD)
blue screen of death problem,Blue Screen (BSOD)
blue screen of death problem,Blue Screen (BSOD)
my blue screen of death,Blue Screen (BSOD)
blue screen of death problem,Blue Screen (BSOD)
blue screen of death problem,Blue Screen (BSOD)
blue screen of death problem,Blue Screen (BSOD)
blue screen of death problem,Blue Screen (BSOD)
blue screen of death 370,Blue Screen (BSOD)
blue screen of death problem,Blue Screen (BSOD)
blue screen of death problem,Blue Screen (BSOD)
blue screen of death problem,Blue Screen (BSOD)
blue screen of death problem,Blue Screen (BSOD)
my blue screen of death,Blue Screen (BSOD)
blue screen of death problem,Blue Screen (BSOD)
blue screen of death problem,Blue Screen (BSOD)
blue screen of death problem,Blue Screen (BSOD)
blue screen of death problem,Blue Screen (BSOD)
blue screen of death 380,Blue Screen (BSOD)
blue screen of death problem,Blue Screen (BSOD)
blue screen of death problem,Blue Screen (BSOD)
blue screen of death problem,Blue Screen (BSOD)
blue screen of death problem,Blue Screen (BSOD)
my blue screen of death,Blue Screen (BSOD)
blue screen of death problem,Blue Screen (BSOD)
blue screen of death problem,Blue Screen (BSOD)
blue screen of death problem,Blue Screen (BSOD)
blue screen of death problem,Blue Screen (BSOD)
blue screen of death 390,Blue Screen (BSOD)
blue screen of death problem,Blue Screen (BSOD)
blue screen of death problem,Blue Screen (BSOD)
blue screen of death problem,Blue Screen (BSOD)
blue screen of death problem,Blue Screen (BSOD)
my blue screen of death,Blue Screen (BSOD)
blue screen of death problem,Blue Screen (BSOD)
blue screen of death problem,Blue Screen (BSOD)
blue screen of death problem,Blue Screen (BSOD)
blue screen of death problem,Blue Screen (BSOD)
blue screen of death 400,Blue Screen (BSOD)
blue screen of death problem,Blue Screen (BSOD)
blue screen of death problem,Blue Screen (BSOD)
blue screen of death problem,Blue Screen (BSOD)
blue screen of death problem,Blue Screen (BSOD)
my blue screen of death,Blue Screen (BSOD)
blue screen of death problem,Blue Screen (BSOD)
blue screen of death problem,Blue Screen (BSOD)
blue screen of death problem,Blue Screen (BSOD)
blue screen of death problem,Blue Screen (BSOD)
blue screen of death 410,Blue Screen (BSOD)
blue screen of death problem,Blue Screen (BSOD)
blue screen of death problem,Blue Screen (BSOD)
blue screen of death problem,Blue Screen (BSOD)
blue screen of death problem,Blue Screen (BSOD)
my blue screen of death,Blue Screen (BSOD)
blue screen of death problem,Blue Screen (BSOD)
blue screen of death problem,Blue Screen (BSOD)
blue screen of death problem,Blue Screen (BSOD)
blue screen of death problem,Blue Screen (BSOD)
blue screen of death 420,Blue Screen (BSOD)
blue screen of death problem,Blue Screen (BSOD)
blue screen of death problem,Blue Screen (BSOD)
blue screen of death problem,Blue Screen (BSOD)
blue screen of death problem,Blue Screen (BSOD)
my blue screen of death,Blue Screen (BSOD)
blue screen of death problem,Blue Screen (BSOD)
blue screen of death problem,Blue Screen (BSOD)
blue screen of death problem,Blue Screen (BSOD)
blue screen of death problem,Blue Screen (BSOD)
blue screen of death 430,Blue Screen (BSOD)
blue screen of death problem,Blue Screen (BSOD)
blue screen of death problem,Blue Screen (BSOD)
blue screen of death problem,Blue Screen (BSOD)
blue screen of death problem,Blue Screen (BSOD)
my blue screen of death,Blue Screen (BSOD)
blue screen of death problem,Blue Screen (BSOD)
blue screen of death problem,Blue Screen (BSOD)
blue screen of death problem,Blue Screen (BSOD)
blue screen of death problem,Blue Screen (BSOD)
blue screen of death 440,Blue Screen (BSOD)
blue screen of death problem,Blue Screen (BSOD)
blue screen of death problem,Blue Screen (BSOD)
blue screen of death problem,Blue Screen (BSOD)
blue screen of death problem,Blue Screen (BSOD)
my blue screen of death,Blue Screen (BSOD)
blue screen of death problem,Blue Screen (BSOD)
blue screen of death problem,Blue Screen (BSOD)
blue screen of death problem,Blue Screen (BSOD)
blue screen of death problem,Blue Screen (BSOD)
blue screen of death 450,Blue Screen (BSOD)
blue screen of death problem,Blue Screen (BSOD)
blue screen of death problem,Blue Screen (BSOD)
blue screen of death problem,Blue Screen (BSOD)
blue screen of death problem,Blue Screen (BSOD)
my blue screen of death,Blue Screen (BSOD)
blue screen of death problem,Blue Screen (BSOD)
blue screen of death problem,Blue Screen (BSOD)
blue screen of death problem,Blue Screen (BSOD)
blue screen of death problem,Blue Screen (BSOD)
blue screen of death 460,Blue Screen (BSOD)
blue screen of death problem,Blue Screen (BSOD)
blue screen of death problem,Blue Screen (BSOD)
blue screen of death problem,Blue Screen (BSOD)
blue screen of death problem,Blue Screen (BSOD)
my blue screen of death,Blue Screen (BSOD)
blue screen of death problem,Blue Screen (BSOD)
blue screen of death problem,Blue Screen (BSOD)
blue screen of death problem,Blue Screen (BSOD)
blue screen of death problem,Blue Screen (BSOD)
blue screen of death 470,Blue Screen (BSOD)
blue screen of death problem,Blue Screen (BSOD)
blue screen of death problem,Blue Screen (BSOD)
blue screen of death problem,Blue Screen (BSOD)
blue screen of death problem,Blue Screen (BSOD)
my blue screen of death,Blue Screen (BSOD)
blue screen of death problem,Blue Screen (BSOD)
blue screen of death problem,Blue Screen (BSOD)
blue screen of death problem,Blue Screen (BSOD)
blue screen of death problem,Blue Screen (BSOD)
blue screen of death 480,Blue Screen (BSOD)
blue screen of death problem,Blue Screen (BSOD)
blue screen of death problem,Blue Screen (BSOD)
blue screen of death problem,Blue Screen (BSOD)
blue screen of death problem,Blue Screen (BSOD)
my blue screen of death,Blue Screen (BSOD)
blue screen of death problem,Blue Screen (BSOD)
blue screen of death problem,Blue Screen (BSOD)
blue screen of death problem,Blue Screen (BSOD)
blue screen of death problem,Blue Screen (BSOD)
blue screen of death 490,Blue Screen (BSOD)
blue screen of death problem,Blue Screen (BSOD)
blue screen of death problem,Blue Screen (BSOD)
blue screen of death problem,Blue Screen (BSOD)
blue screen of death problem,Blue Screen (BSOD)
my blue screen of death,Blue Screen (BSOD)
blue screen of death problem,Blue Screen (BSOD)
blue screen of death problem,Blue Screen (BSOD)
blue screen of death problem,Blue Screen (BSOD)
blue screen of death problem,Blue Screen (BSOD)
blue screen of death 500,Blue Screen (BSOD)
blue screen of death problem,Blue Screen (BSOD)
blue screen of death problem,Blue Screen (BSOD)
blue screen of death problem,Blue Screen (BSOD)
blue screen of death problem,Blue Screen (BSOD)
my blue screen of death,Blue Screen (BSOD)
blue screen of death problem,Blue Screen (BSOD)
blue screen of death problem,Blue Screen (BSOD)
blue screen of death problem,Blue Screen (BSOD)
blue screen of death problem,Blue Screen (BSOD)
blue screen of death 510,Blue Screen (BSOD)
blue screen of death problem,Blue Screen (BSOD)
blue screen of death problem,Blue Screen (BSOD)
blue screen of death problem,Blue Screen (BSOD)
blue screen of death problem,Blue Screen (BSOD)
my blue screen of death,Blue Screen (BSOD)
blue screen of death problem,Blue Screen (BSOD)
blue screen of death problem,Blue Screen (BSOD)
blue screen of death problem,Blue Screen (BSOD)
blue screen of death problem,Blue Screen (BSOD)
blue screen of death 520,Blue Screen (BSOD)
blue screen of death problem,Blue Screen (BSOD)
blue screen of death problem,Blue Screen (BSOD)
blue screen of death problem,Blue Screen (BSOD)
blue screen of death problem,Blue Screen (BSOD)
my blue screen of death,Blue Screen (BSOD)
blue screen of death problem,Blue Screen (BSOD)
blue screen of death problem,Blue Screen (BSOD)
blue screen of death problem,Blue Screen (BSOD)
blue screen of death problem,Blue Screen (BSOD)
blue screen of death 530,Blue Screen (BSOD)
blue screen of death problem,Blue Screen (BSOD)
blue screen of death problem,Blue Screen (BSOD)
blue screen of death problem,Blue Screen (BSOD)
blue screen of death problem,Blue Screen (BSOD)
my blue screen of death,Blue Screen (BSOD)
blue screen of death problem,Blue Screen (BSOD)
blue screen of death problem,Blue Screen (BSOD)
blue screen of death problem,Blue Screen (BSOD)
blue screen of death problem,Blue Screen (BSOD)
blue screen of death 540,Blue Screen (BSOD)
blue screen of death problem,Blue Screen (BSOD)
blue screen of death problem,Blue Screen (BSOD)
blue screen of death problem,Blue Screen (BSOD)
blue screen of death problem,Blue Screen (BSOD)
my blue screen of death,Blue Screen (BSOD)
blue screen of death problem,Blue Screen (BSOD)
blue screen of death problem,Blue Screen (BSOD)
blue screen of death problem,Blue Screen (BSOD)
blue screen of death problem,Blue Screen (BSOD)
blue screen of death 550,Blue Screen (BSOD)
blue screen of death problem,Blue Screen (BSOD)
blue screen of death problem,Blue Screen (BSOD)
blue screen of death problem,Blue Screen (BSOD)
blue screen of death problem,Blue Screen (BSOD)
my blue screen of death,Blue Screen (BSOD)
blue screen of death problem,Blue Screen (BSOD)
blue screen of death problem,Blue Screen (BSOD)
blue screen of death problem,Blue Screen (BSOD)
blue screen of death problem,Blue Screen (BSOD)
blue screen of death 560,Blue Screen (BSOD)
blue screen of death problem,Blue Screen (BSOD)
blue screen of death problem,Blue Screen (BSOD)
blue screen of death problem,Blue Screen (BSOD)
blue screen of death problem,Blue Screen (BSOD)
my blue screen of death,Blue Screen (BSOD)
blue screen of death problem,Blue Screen (BSOD)
blue screen of death problem,Blue Screen (BSOD)
blue screen of death problem,Blue Screen (BSOD)
blue screen of death problem,Blue Screen (BSOD)
blue screen of death 570,Blue Screen (BSOD)
blue screen of death problem,Blue Screen (BSOD)
blue screen of death problem,Blue Screen (BSOD)
blue screen of death problem,Blue Screen (BSOD)
blue screen of death problem,Blue Screen (BSOD)
my blue screen of death,Blue Screen (BSOD)
blue screen of death problem,Blue Screen (BSOD)
blue screen of death problem,Blue Screen (BSOD)
blue screen of death problem,Blue Screen (BSOD)
blue screen of death problem,Blue Screen (BSOD)
blue screen of death 580,Blue Screen (BSOD)
blue screen of death problem,Blue Screen (BSOD)
blue screen of death problem,Blue Screen (BSOD)
blue screen of death problem,Blue Screen (BSOD)
blue screen of death problem,Blue Screen (BSOD)
my blue screen of death,Blue Screen (BSOD)
blue screen of death problem,Blue Screen (BSOD)
blue screen of death problem,Blue Screen (BSOD)
blue screen of death problem,Blue Screen (BSOD)
blue screen of death problem,Blue Screen (BSOD)
blue screen of death 590,Blue Screen (BSOD)
blue screen of death problem,Blue Screen (BSOD)
blue screen of death problem,Blue Screen (BSOD)
blue screen of death problem,Blue Screen (BSOD)
blue screen of death problem,Blue Screen (BSOD)
my blue screen of death,Blue Screen (BSOD)
blue screen of death problem,Blue Screen (BSOD)
blue screen of death problem,Blue Screen (BSOD)
blue screen of death problem,Blue Screen (BSOD)
blue screen of death problem,Blue Screen (BSOD)
blue screen of death 600,Blue Screen (BSOD)
blue screen of death problem,Blue Screen (BSOD)
blue screen of death problem,Blue Screen (BSOD)
blue screen of death problem,Blue Screen (BSOD)
blue screen of death problem,Blue Screen (BSOD)
my blue screen of death,Blue Screen (BSOD)
blue screen of death problem,Blue Screen (BSOD)
blue screen of death problem,Blue Screen (BSOD)
blue screen of death problem,Blue Screen (BSOD)
blue screen of death problem,Blue Screen (BSOD)
blue screen of death 610,Blue Screen (BSOD)
blue screen of death problem,Blue Screen (BSOD)
blue screen of death problem,Blue Screen (BSOD)
blue screen of death problem,Blue Screen (BSOD)
blue screen of death problem,Blue Screen (BSOD)
my blue screen of death,Blue Screen (BSOD)
blue screen of death problem,Blue Screen (BSOD)
blue screen of death problem,Blue Screen (BSOD)
blue screen of death problem,Blue Screen (BSOD)
blue screen of death problem,Blue Screen (BSOD)
blue screen of death 620,Blue Screen (BSOD)
blue screen of death problem,Blue Screen (BSOD)
blue screen of death problem,Blue Screen (BSOD)
blue screen of death problem,Blue Screen (BSOD)
blue screen of death problem,Blue Screen (BSOD)
my blue screen of death,Blue Screen (BSOD)
blue screen of death problem,Blue Screen (BSOD)
blue screen of death problem,Blue Screen (BSOD)
blue screen of death problem,Blue Screen (BSOD)
blue screen of death problem,Blue Screen (BSOD)
blue screen of death 630,Blue Screen (BSOD)
blue screen of death problem,Blue Screen (BSOD)
blue screen of death problem,Blue Screen (BSOD)
blue screen of death problem,Blue Screen (BSOD)
blue screen of death problem,Blue Screen (BSOD)
my blue screen of death,Blue Screen (BSOD)
blue screen of death problem,Blue Screen (BSOD)
blue screen of death problem,Blue Screen (BSOD)
blue screen of death problem,Blue Screen (BSOD)
blue screen of death problem,Blue Screen (BSOD)
blue screen of death 640,Blue Screen (BSOD)
blue screen of death problem,Blue Screen (BSOD)
blue screen of death problem,Blue Screen (BSOD)
blue screen of death problem,Blue Screen (BSOD)
blue screen of death problem,Blue Screen (BSOD)
my blue screen of death,Blue Screen (BSOD)
blue screen of death problem,Blue Screen (BSOD)
blue screen of death problem,Blue Screen (BSOD)
blue screen of death problem,Blue Screen (BSOD)
blue screen of death problem,Blue Screen (BSOD)
blue screen of death 650,Blue Screen (BSOD)
blue screen of death problem,Blue Screen (BSOD)
blue screen of death problem,Blue Screen (BSOD)
blue screen of death problem,Blue Screen (BSOD)
blue screen of death problem,Blue Screen (BSOD)
my blue screen of death,Blue Screen (BSOD)
blue screen of death problem,Blue Screen (BSOD)
blue screen of death problem,Blue Screen (BSOD)
blue screen of death problem,Blue Screen (BSOD)
blue screen of death problem,Blue Screen (BSOD)
blue screen of death 660,Blue Screen (BSOD)
blue screen of death problem,Blue Screen (BSOD)
blue screen of death problem,Blue Screen (BSOD)
blue screen of death problem,Blue Screen (BSOD)
blue screen of death problem,Blue Screen (BSOD)
my blue screen of death,Blue Screen (BSOD)
blue screen of death problem,Blue Screen (BSOD)
blue screen of death problem,Blue Screen (BSOD)
blue screen of death problem,Blue Screen (BSOD)
blue screen of death problem,Blue Screen (BSOD)
blue screen of death 670,Blue Screen (BSOD)
blue screen of death problem,Blue Screen (BSOD)
blue screen of death problem,Blue Screen (BSOD)
blue screen of death problem,Blue Screen (BSOD)
blue screen of death problem,Blue Screen (BSOD)
my blue screen of death,Blue Screen (BSOD)
blue screen of death problem,Blue Screen (BSOD)
blue screen of death problem,Blue Screen (BSOD)
blue screen of death problem,Blue Screen (BSOD)
blue screen of death problem,Blue Screen (BSOD)
blue screen of death 680,Blue Screen (BSOD)
blue screen of death problem,Blue Screen (BSOD)
blue screen of death problem,Blue Screen (BSOD)
blue screen of death problem,Blue Screen (BSOD)
blue screen of death problem,Blue Screen (BSOD)
my blue screen of death,Blue Screen (BSOD)
blue screen of death problem,Blue Screen (BSOD)
blue screen of death problem,Blue Screen (BSOD)
blue screen of death problem,Blue Screen (BSOD)
blue screen of death problem,Blue Screen (BSOD)
blue screen of death 690,Blue Screen (BSOD)
blue screen of death problem,Blue Screen (BSOD)
blue screen of death problem,Blue Screen (BSOD)
blue screen of death problem,Blue Screen (BSOD)
blue screen of death problem,Blue Screen (BSOD)
my blue screen of death,Blue Screen (BSOD)
blue screen of death problem,Blue Screen (BSOD)
blue screen of death problem,Blue Screen (BSOD)
blue screen of death problem,Blue Screen (BSOD)
blue screen of death problem,Blue Screen (BSOD)
blue screen of death 700,Blue Screen (BSOD)
blue screen of death problem,Blue Screen (BSOD)
blue screen of death problem,Blue Screen (BSOD)
blue screen of death problem,Blue Screen (BSOD)
blue screen of death problem,Blue Screen (BSOD)
my blue screen of death,Blue Screen (BSOD)
blue screen of death problem,Blue Screen (BSOD)
blue screen of death problem,Blue Screen (BSOD)
blue screen of death problem,Blue Screen (BSOD)
blue screen of death problem,Blue Screen (BSOD)
blue screen of death 710,Blue Screen (BSOD)
blue screen of death problem,Blue Screen (BSOD)
blue screen of death problem,Blue Screen (BSOD)
blue screen of death problem,Blue Screen (BSOD)
blue screen of death problem,Blue Screen (BSOD)
my blue screen of death,Blue Screen (BSOD)
blue screen of death problem,Blue Screen (BSOD)
blue screen of death problem,Blue Screen (BSOD)
blue screen of death problem,Blue Screen (BSOD)
blue screen of death problem,Blue Screen (BSOD)
blue screen of death 720,Blue Screen (BSOD)
blue screen of death problem,Blue Screen (BSOD)
blue screen of death problem,Blue Screen (BSOD)
blue screen of death problem,Blue Screen (BSOD)
blue screen of death problem,Blue Screen (BSOD)
my blue screen of death,Blue Screen (BSOD)
blue screen of death problem,Blue Screen (BSOD)
blue screen of death problem,Blue Screen (BSOD)
blue screen of death problem,Blue Screen (BSOD)
blue screen of death problem,Blue Screen (BSOD)
blue screen of death 730,Blue Screen (BSOD)
blue screen of death problem,Blue Screen (BSOD)
blue screen of death problem,Blue Screen (BSOD)
blue screen of death problem,Blue Screen (BSOD)
blue screen of death problem,Blue Screen (BSOD)
my blue screen of death,Blue Screen (BSOD)
blue screen of death problem,Blue Screen (BSOD)
blue screen of death problem,Blue Screen (BSOD)
blue screen of death problem,Blue Screen (BSOD)
blue screen of death problem,Blue Screen (BSOD)
blue screen of death 740,Blue Screen (BSOD)
blue screen of death problem,Blue Screen (BSOD)
blue screen of death problem,Blue Screen (BSOD)
blue screen of death problem,Blue Screen (BSOD)
blue screen of death problem,Blue Screen (BSOD)
my blue screen of death,Blue Screen (BSOD)
blue screen of death problem,Blue Screen (BSOD)
blue screen of death problem,Blue Screen (BSOD)
blue screen of death problem,Blue Screen (BSOD)
blue screen of death problem,Blue Screen (BSOD)
blue screen of death 750,Blue Screen (BSOD)
blue screen of death problem,Blue Screen (BSOD)
blue screen of death problem,Blue Screen (BSOD)
blue screen of death problem,Blue Screen (BSOD)
blue screen of death problem,Blue Screen (BSOD)
my blue screen of death,Blue Screen (BSOD)
blue screen of death problem,Blue Screen (BSOD)
blue screen of death problem,Blue Screen (BSOD)
blue screen of death problem,Blue Screen (BSOD)
blue screen of death problem,Blue Screen (BSOD)
blue screen of death 760,Blue Screen (BSOD)
blue screen of death problem,Blue Screen (BSOD)
blue screen of death problem,Blue Screen (BSOD)
blue screen of death problem,Blue Screen (BSOD)
blue screen of death problem,Blue Screen (BSOD)
my blue screen of death,Blue Screen (BSOD)
blue screen of death problem,Blue Screen (BSOD)
blue screen of death problem,Blue Screen (BSOD)
blue screen of death problem,Blue Screen (BSOD)
blue screen of death problem,Blue Screen (BSOD)
blue screen of death 770,Blue Screen (BSOD)
blue screen of death problem,Blue Screen (BSOD)
blue screen of death problem,Blue Screen (BSOD)
blue screen of death problem,Blue Screen (BSOD)
blue screen of death problem,Blue Screen (BSOD)
my blue screen of death,Blue Screen (BSOD)
blue screen of death problem,Blue Screen (BSOD)
blue screen of death problem,Blue Screen (BSOD)
blue screen of death problem,Blue Screen (BSOD)
blue screen of death problem,Blue Screen (BSOD)
blue screen of death 780,Blue Screen (BSOD)
blue screen of death problem,Blue Screen (BSOD)
blue screen of death problem,Blue Screen (BSOD)
blue screen of death problem,Blue Screen (BSOD)
blue screen of death problem,Blue Screen (BSOD)
my blue screen of death,Blue Screen (BSOD)
blue screen of death problem,Blue Screen (BSOD)
blue screen of death problem,Blue Screen (BSOD)
blue screen of death problem,Blue Screen (BSOD)
blue screen of death problem,Blue Screen (BSOD)
blue screen of death 790,Blue Screen (BSOD)
blue screen of death problem,Blue Screen (BSOD)
blue screen of death problem,Blue Screen (BSOD)
blue screen of death problem,Blue Screen (BSOD)
blue screen of death problem,Blue Screen (BSOD)
my blue screen of death,Blue Screen (BSOD)
blue screen of death problem,Blue Screen (BSOD)
blue screen of death problem,Blue Screen (BSOD)
blue screen of death problem,Blue Screen (BSOD)
blue screen of death problem,Blue Screen (BSOD)
blue screen of death 800,Blue Screen (BSOD)
blue screen of death problem,Blue Screen (BSOD)
blue screen of death problem,Blue Screen (BSOD)
blue screen of death problem,Blue Screen (BSOD)
blue screen of death problem,Blue Screen (BSOD)
my blue screen of death,Blue Screen (BSOD)
blue screen of death problem,Blue Screen (BSOD)
blue screen of death problem,Blue Screen (BSOD)
blue screen of death problem,Blue Screen (BSOD)
blue screen of death problem,Blue Screen (BSOD)
blue screen of death 810,Blue Screen (BSOD)
blue screen of death problem,Blue Screen (BSOD)
blue screen of death problem,Blue Screen (BSOD)
blue screen of death problem,Blue Screen (BSOD)
blue screen of death problem,Blue Screen (BSOD)
my blue screen of death,Blue Screen (BSOD)
blue screen of death problem,Blue Screen (BSOD)
blue screen of death problem,Blue Screen (BSOD)
blue screen of death problem,Blue Screen (BSOD)
blue screen of death problem,Blue Screen (BSOD)
blue screen of death 820,Blue Screen (BSOD)
blue screen of death problem,Blue Screen (BSOD)
blue screen of death problem,Blue Screen (BSOD)
blue screen of death problem,Blue Screen (BSOD)
blue screen of death problem,Blue Screen (BSOD)
my blue screen of death,Blue Screen (BSOD)
blue screen of death problem,Blue Screen (BSOD)
blue screen of death problem,Blue Screen (BSOD)
blue screen of death problem,Blue Screen (BSOD)
blue screen of death problem,Blue Screen (BSOD)
blue screen of death 830,Blue Screen (BSOD)
blue screen of death problem,Blue Screen (BSOD)
blue screen of death problem,Blue Screen (BSOD)
blue screen of death problem,Blue Screen (BSOD)
blue screen of death problem,Blue Screen (BSOD)
my blue screen of death,Blue Screen (BSOD)
blue screen of death problem,Blue Screen (BSOD)
blue screen of death problem,Blue Screen (BSOD)
blue screen of death problem,Blue Screen (BSOD)
blue screen of death problem,Blue Screen (BSOD)
blue screen of death 840,Blue Screen (BSOD)
blue screen of death problem,Blue Screen (BSOD)
blue screen of death problem,Blue Screen (BSOD)
blue screen of death problem,Blue Screen (BSOD)
blue screen of death problem,Blue Screen (BSOD)
my blue screen of death,Blue Screen (BSOD)
blue screen of death problem,Blue Screen (BSOD)
blue screen of death problem,Blue Screen (BSOD)
blue screen of death problem,Blue Screen (BSOD)
blue screen of death problem,Blue Screen (BSOD)
blue screen of death 850,Blue Screen (BSOD)
blue screen of death problem,Blue Screen (BSOD)
blue screen of death problem,Blue Screen (BSOD)
blue screen of death problem,Blue Screen (BSOD)
blue screen of death problem,Blue Screen (BSOD)
my blue screen of death,Blue Screen (BSOD)
blue screen of death problem,Blue Screen (BSOD)
blue screen of death problem,Blue Screen (BSOD)
blue screen of death problem,Blue Screen (BSOD)
blue screen of death problem,Blue Screen (BSOD)
blue screen of death 860,Blue Screen (BSOD)
blue screen of death problem,Blue Screen (BSOD)
blue screen of death problem,Blue Screen (BSOD)
blue screen of death problem,Blue Screen (BSOD)
blue screen of death problem,Blue Screen (BSOD)
my blue screen of death,Blue Screen (BSOD)
blue screen of death problem,Blue Screen (BSOD)
blue screen of death problem,Blue Screen (BSOD)
blue screen of death problem,Blue Screen (BSOD)
blue screen of death problem,Blue Screen (BSOD)
blue screen of death 870,Blue Screen (BSOD)
blue screen of death problem,Blue Screen (BSOD)
blue screen of death problem,Blue Screen (BSOD)
blue screen of death problem,Blue Screen (BSOD)
blue screen of death problem,Blue Screen (BSOD)
my blue screen of death,Blue Screen (BSOD)
blue screen of death problem,Blue Screen (BSOD)
blue screen of death problem,Blue Screen (BSOD)
blue screen of death problem,Blue Screen (BSOD)
blue screen of death problem,Blue Screen (BSOD)
blue screen of death 880,Blue Screen (BSOD)
blue screen of death problem,Blue Screen (BSOD)
blue screen of death problem,Blue Screen (BSOD)
blue screen of death problem,Blue Screen (BSOD)
blue screen of death problem,Blue Screen (BSOD)
my blue screen of death,Blue Screen (BSOD)
blue screen of death problem,Blue Screen (BSOD)
blue screen of death problem,Blue Screen (BSOD)
blue screen of death problem,Blue Screen (BSOD)
blue screen of death problem,Blue Screen (BSOD)
blue screen of death 890,Blue Screen (BSOD)
blue screen of death problem,Blue Screen (BSOD)
blue screen of death problem,Blue Screen (BSOD)
blue screen of death problem,Blue Screen (BSOD)
blue screen of death problem,Blue Screen (BSOD)
my blue screen of death,Blue Screen (BSOD)
blue screen of death problem,Blue Screen (BSOD)
blue screen of death problem,Blue Screen (BSOD)
blue screen of death problem,Blue Screen (BSOD)
blue screen of death problem,Blue Screen (BSOD)
blue screen of death 900,Blue Screen (BSOD)
blue screen of death problem,Blue Screen (BSOD)
blue screen of death problem,Blue Screen (BSOD)
blue screen of death problem,Blue Screen (BSOD)
blue screen of death problem,Blue Screen (BSOD)
my blue screen of death,Blue Screen (BSOD)
blue screen of death problem,Blue Screen (BSOD)
blue screen of death problem,Blue Screen (BSOD)
blue screen of death problem,Blue Screen (BSOD)
blue screen of death problem,Blue Screen (BSOD)
blue screen of death 910,Blue Screen (BSOD)
blue screen of death problem,Blue Screen (BSOD)
blue screen of death problem,Blue Screen (BSOD)
blue screen of death problem,Blue Screen (BSOD)
blue screen of death problem,Blue Screen (BSOD)
my blue screen of death,Blue Screen (BSOD)
blue screen of death problem,Blue Screen (BSOD)
blue screen of death problem,Blue Screen (BSOD)
blue screen of death problem,Blue Screen (BSOD)
blue screen of death problem,Blue Screen (BSOD)
blue screen of death 920,Blue Screen (BSOD)
blue screen of death problem,Blue Screen (BSOD)
blue screen of death problem,Blue Screen (BSOD)
blue screen of death problem,Blue Screen (BSOD)
blue screen of death problem,Blue Screen (BSOD)
my blue screen of death,Blue Screen (BSOD)
blue screen of death problem,Blue Screen (BSOD)
blue screen of death problem,Blue Screen (BSOD)
blue screen of death problem,Blue Screen (BSOD)
blue screen of death problem,Blue Screen (BSOD)
blue screen of death 930,Blue Screen (BSOD)
blue screen of death problem,Blue Screen (BSOD)
blue screen of death problem,Blue Screen (BSOD)
blue screen of death problem,Blue Screen (BSOD)
blue screen of death problem,Blue Screen (BSOD)
my blue screen of death,Blue Screen (BSOD)
blue screen of death problem,Blue Screen (BSOD)
blue screen of death problem,Blue Screen (BSOD)
blue screen of death problem,Blue Screen (BSOD)
blue screen of death problem,Blue Screen (BSOD)
blue screen of death 940,Blue Screen (BSOD)
blue screen of death problem,Blue Screen (BSOD)
blue screen of death problem,Blue Screen (BSOD)
blue screen of death problem,Blue Screen (BSOD)
blue screen of death problem,Blue Screen (BSOD)
my blue screen of death,Blue Screen (BSOD)
blue screen of death problem,Blue Screen (BSOD)
blue screen of death problem,Blue Screen (BSOD)
blue screen of death problem,Blue Screen (BSOD)
blue screen of death problem,Blue Screen (BSOD)
blue screen of death 950,Blue Screen (BSOD)
blue screen of death problem,Blue Screen (BSOD)
blue screen of death problem,Blue Screen (BSOD)
blue screen of death problem,Blue Screen (BSOD)
blue screen of death problem,Blue Screen (BSOD)
my blue screen of death,Blue Screen (BSOD)
blue screen of death problem,Blue Screen (BSOD)
blue screen of death problem,Blue Screen (BSOD)
blue screen of death problem,Blue Screen (BSOD)
blue screen of death problem,Blue Screen (BSOD)
blue screen of death 960,Blue Screen (BSOD)
blue screen of death problem,Blue Screen (BSOD)
blue screen of death problem,Blue Screen (BSOD)
blue screen of death problem,Blue Screen (BSOD)
blue screen of death problem,Blue Screen (BSOD)
my blue screen of death,Blue Screen (BSOD)
blue screen of death problem,Blue Screen (BSOD)
blue screen of death problem,Blue Screen (BSOD)
blue screen of death problem,Blue Screen (BSOD)
blue screen of death problem,Blue Screen (BSOD)
blue screen of death 970,Blue Screen (BSOD)
blue screen of death problem,Blue Screen (BSOD)
blue screen of death problem,Blue Screen (BSOD)
blue screen of death problem,Blue Screen (BSOD)
blue screen of death problem,Blue Screen (BSOD)
my blue screen of death,Blue Screen (BSOD)
blue screen of death problem,Blue Screen (BSOD)
blue screen of death problem,Blue Screen (BSOD)
blue screen of death problem,Blue Screen (BSOD)
blue screen of death problem,Blue Screen (BSOD)
blue screen of death 980,Blue Screen (BSOD)
blue screen of death problem,Blue Screen (BSOD)
blue screen of death problem,Blue Screen (BSOD)
blue screen of death problem,Blue Screen (BSOD)
blue screen of death problem,Blue Screen (BSOD)
my blue screen of death,Blue Screen (BSOD)
blue screen of death problem,Blue Screen (BSOD)
blue screen of death problem,Blue Screen (BSOD)
blue screen of death problem,Blue Screen (BSOD)
blue screen of death problem,Blue Screen (BSOD)
blue screen of death 990,Blue Screen (BSOD)
blue screen of death problem,Blue Screen (BSOD)
blue screen of death problem,Blue Screen (BSOD)
blue screen of death problem,Blue Screen (BSOD)
blue screen of death problem,Blue Screen (BSOD)
my blue screen of death,Blue Screen (BSOD)
blue screen of death problem,Blue Screen (BSOD)
blue screen of death problem,Blue Screen (BSOD)
blue screen of death problem,Blue Screen (BSOD)
blue screen of death problem,Blue Screen (BSOD)
blue screen of death 1000,Blue Screen (BSOD)
blue screen of death problem,Blue Screen (BSOD)
blue screen of death problem,Blue Screen (BSOD)
blue screen of death problem,Blue Screen (BSOD)
blue screen of death problem,Blue Screen (BSOD)
my blue screen of death,Blue Screen (BSOD)
blue screen of death problem,Blue Screen (BSOD)
blue screen of death problem,Blue Screen (BSOD)
blue screen of death problem,Blue Screen (BSOD)
blue screen of death problem,Blue Screen (BSOD)
blue screen of death 1010,Blue Screen (BSOD)
blue screen of death problem,Blue Screen (BSOD)
blue screen of death problem,Blue Screen (BSOD)
blue screen of death problem,Blue Screen (BSOD)
blue screen of death problem,Blue Screen (BSOD)
my blue screen of death,Blue Screen (BSOD)
blue screen of death problem,Blue Screen (BSOD)
blue screen of death problem,Blue Screen (BSOD)
blue screen of death problem,Blue Screen (BSOD)
blue screen of death problem,Blue Screen (BSOD)
blue screen of death 1020,Blue Screen (BSOD)
blue screen of death problem,Blue Screen (BSOD)
blue screen of death problem,Blue Screen (BSOD)
blue screen of death problem,Blue Screen (BSOD)
blue screen of death problem,Blue Screen (BSOD)
my blue screen of death,Blue Screen (BSOD)
blue screen of death problem,Blue Screen (BSOD)
blue screen of death problem,Blue Screen (BSOD)
blue screen of death problem,Blue Screen (BSOD)
blue screen of death problem,Blue Screen (BSOD)
blue screen of death 1030,Blue Screen (BSOD)
blue screen of death problem,Blue Screen (BSOD)
blue screen of death problem,Blue Screen (BSOD)
blue screen of death problem,Blue Screen (BSOD)
blue screen of death problem,Blue Screen (BSOD)
my blue screen of death,Blue Screen (BSOD)
blue screen of death problem,Blue Screen (BSOD)
blue screen of death problem,Blue Screen (BSOD)
blue screen of death problem,Blue Screen (BSOD)
blue screen of death problem,Blue Screen (BSOD)
blue screen of death 1040,Blue Screen (BSOD)
blue screen of death problem,Blue Screen (BSOD)
blue screen of death problem,Blue Screen (BSOD)
blue screen of death problem,Blue Screen (BSOD)
blue screen of death problem,Blue Screen (BSOD)
my blue screen of death,Blue Screen (BSOD)
blue screen of death problem,Blue Screen (BSOD)
blue screen of death problem,Blue Screen (BSOD)
blue screen of death problem,Blue Screen (BSOD)
blue screen of death problem,Blue Screen (BSOD)
blue screen of death 1050,Blue Screen (BSOD)
blue screen of death problem,Blue Screen (BSOD)
blue screen of death problem,Blue Screen (BSOD)
blue screen of death problem,Blue Screen (BSOD)
blue screen of death problem,Blue Screen (BSOD)
my blue screen of death,Blue Screen (BSOD)
blue screen of death problem,Blue Screen (BSOD)
blue screen of death problem,Blue Screen (BSOD)
blue screen of death problem,Blue Screen (BSOD)
blue screen of death problem,Blue Screen (BSOD)
blue screen of death 1060,Blue Screen (BSOD)
blue screen of death problem,Blue Screen (BSOD)
blue screen of death problem,Blue Screen (BSOD)
blue screen of death problem,Blue Screen (BSOD)
blue screen of death problem,Blue Screen (BSOD)
my blue screen of death,Blue Screen (BSOD)
blue screen of death problem,Blue Screen (BSOD)
blue screen of death problem,Blue Screen (BSOD)
blue screen of death problem,Blue Screen (BSOD)
blue screen of death problem,Blue Screen (BSOD)
blue screen of death 1070,Blue Screen (BSOD)
blue screen of death problem,Blue Screen (BSOD)
blue screen of death problem,Blue Screen (BSOD)
blue screen of death problem,Blue Screen (BSOD)
blue screen of death problem,Blue Screen (BSOD)
my blue screen of death,Blue Screen (BSOD)
blue screen of death problem,Blue Screen (BSOD)
blue screen of death problem,Blue Screen (BSOD)
blue screen of death problem,Blue Screen (BSOD)
blue screen of death problem,Blue Screen (BSOD)
blue screen of death 1080,Blue Screen (BSOD)
blue screen of death problem,Blue Screen (BSOD)
blue screen of death problem,Blue Screen (BSOD)
blue screen of death problem,Blue Screen (BSOD)
blue screen of death problem,Blue Screen (BSOD)
my blue screen of death,Blue Screen (BSOD)
blue screen of death problem,Blue Screen (BSOD)
blue screen of death problem,Blue Screen (BSOD)
blue screen of death problem,Blue Screen (BSOD)
blue screen of death problem,Blue Screen (BSOD)
blue screen of death 1090,Blue Screen (BSOD)
blue screen of death problem,Blue Screen (BSOD)
blue screen of death problem,Blue Screen (BSOD)
blue screen of death problem,Blue Screen (BSOD)
blue screen of death problem,Blue Screen (BSOD)
my blue screen of death,Blue Screen (BSOD)
blue screen of death problem,Blue Screen (BSOD)
blue screen of death problem,Blue Screen (BSOD)
blue screen of death problem,Blue Screen (BSOD)
blue screen of death problem,Blue Screen (BSOD)
blue screen of death 1100,Blue Screen (BSOD)
blue screen of death problem,Blue Screen (BSOD)
blue screen of death problem,Blue Screen (BSOD)
pc very slow,Slow Performance
computer is slow,Slow Performance
pc running slow,Slow Performance
system is sluggish,Slow Performance
pc lagging,Slow Performance
computer performance slow,Slow Performance
pc not responsive,Slow Performance
system very slow,Slow Performance
i want to speed up my pc,Slow Performance
how to speed up my computer,Slow Performance
make my pc faster,Slow Performance
pc is too slow,Slow Performance
computer running slow,Slow Performance
want to make pc faster,Slow Performance
speed up my computer,Slow Performance
make computer faster,Slow Performance
pc needs to be faster,Slow Performance
computer needs speed up,Slow Performance
pc very slow 0,Slow Performance
pc very slow problem,Slow Performance
pc very slow problem,Slow Performance
pc very slow problem,Slow Performance
pc very slow problem,Slow Performance
my pc very slow,Slow Performance
pc very slow problem,Slow Performance
pc very slow problem,Slow Performance
pc very slow problem,Slow Performance
pc very slow problem,Slow Performance
pc very slow 10,Slow Performance
pc very slow problem,Slow Performance
pc very slow problem,Slow Performance
pc very slow problem,Slow Performance
pc very slow problem,Slow Performance
my pc very slow,Slow Performance
pc very slow problem,Slow Performance
pc very slow problem,Slow Performance
pc very slow problem,Slow Performance
pc very slow problem,Slow Performance
pc very slow 20,Slow Performance
pc very slow problem,Slow Performance
pc very slow problem,Slow Performance
pc very slow problem,Slow Performance
pc very slow problem,Slow Performance
my pc very slow,Slow Performance
pc very slow problem,Slow Performance
pc very slow problem,Slow Performance
pc very slow problem,Slow Performance
pc very slow problem,Slow Performance
pc very slow 30,Slow Performance
pc very slow problem,Slow Performance
pc very slow problem,Slow Performance
pc very slow problem,Slow Performance
pc very slow problem,Slow Performance
my pc very slow,Slow Performance
pc very slow problem,Slow Performance
pc very slow problem,Slow Performance
pc very slow problem,Slow Performance
pc very slow problem,Slow Performance
pc very slow 40,Slow Performance
pc very slow problem,Slow Performance
pc very slow problem,Slow Performance
pc very slow problem,Slow Performance
pc very slow problem,Slow Performance
my pc very slow,Slow Performance
pc very slow problem,Slow Performance
pc very slow problem,Slow Performance
pc very slow problem,Slow Performance
pc very slow problem,Slow Performance
pc very slow 50,Slow Performance
pc very slow problem,Slow Performance
pc very slow problem,Slow Performance
pc very slow problem,Slow Performance
pc very slow problem,Slow Performance
my pc very slow,Slow Performance
pc very slow problem,Slow Performance
pc very slow problem,Slow Performance
pc very slow problem,Slow Performance
pc very slow problem,Slow Performance
pc very slow 60,Slow Performance
pc very slow problem,Slow Performance
pc very slow problem,Slow Performance
pc very slow problem,Slow Performance
pc very slow problem,Slow Performance
my pc very slow,Slow Performance
pc very slow problem,Slow Performance
pc very slow problem,Slow Performance
pc very slow problem,Slow Performance
pc very slow problem,Slow Performance
pc very slow 70,Slow Performance
pc very slow problem,Slow Performance
pc very slow problem,Slow Performance
pc very slow problem,Slow Performance
pc very slow problem,Slow Performance
my pc very slow,Slow Performance
pc very slow problem,Slow Performance
pc very slow problem,Slow Performance
pc very slow problem,Slow Performance
pc very slow problem,Slow Performance
pc very slow 80,Slow Performance
pc very slow problem,Slow Performance
pc very slow problem,Slow Performance
pc very slow problem,Slow Performance
pc very slow problem,Slow Performance
my pc very slow,Slow Performance
pc very slow problem,Slow Performance
pc very slow problem,Slow Performance
pc very slow problem,Slow Performance
pc very slow problem,Slow Performance
pc very slow 90,Slow Performance
pc very slow problem,Slow Performance
pc very slow problem,Slow Performance
pc very slow problem,Slow Performance
pc very slow problem,Slow Performance
my pc very slow,Slow Performance
pc very slow problem,Slow Performance
pc very slow problem,Slow Performance
pc very slow problem,Slow Performance
pc very slow problem,Slow Performance
pc very slow 100,Slow Performance
pc very slow problem,Slow Performance
pc very slow problem,Slow Performance
pc very slow problem,Slow Performance
pc very slow problem,Slow Performance
my pc very slow,Slow Performance
pc very slow problem,Slow Performance
pc very slow problem,Slow Performance
pc very slow problem,Slow Performance
pc very slow problem,Slow Performance
pc very slow 110,Slow Performance
pc very slow problem,Slow Performance
pc very slow problem,Slow Performance
pc very slow problem,Slow Performance
pc very slow problem,Slow Performance
my pc very slow,Slow Performance
pc very slow problem,Slow Performance
pc very slow problem,Slow Performance
pc very slow problem,Slow Performance
pc very slow problem,Slow Performance
pc very slow 120,Slow Performance
pc very slow problem,Slow Performance
pc very slow problem,Slow Performance
pc very slow problem,Slow Performance
pc very slow problem,Slow Performance
my pc very slow,Slow Performance
pc very slow problem,Slow Performance
pc very slow problem,Slow Performance
pc very slow problem,Slow Performance
pc very slow problem,Slow Performance
pc very slow 130,Slow Performance
pc very slow problem,Slow Performance
pc very slow problem,Slow Performance
pc very slow problem,Slow Performance
pc very slow problem,Slow Performance
my pc very slow,Slow Performance
pc very slow problem,Slow Performance
pc very slow problem,Slow Performance
pc very slow problem,Slow Performance
pc very slow problem,Slow Performance
pc very slow 140,Slow Performance
pc very slow problem,Slow Performance
pc very slow problem,Slow Performance
pc very slow problem,Slow Performance
pc very slow problem,Slow Performance
my pc very slow,Slow Performance
pc very slow problem,Slow Performance
pc very slow problem,Slow Performance
pc very slow problem,Slow Performance
pc very slow problem,Slow Performance
pc very slow 150,Slow Performance
pc very slow problem,Slow Performance
pc very slow problem,Slow Performance
pc very slow problem,Slow Performance
pc very slow problem,Slow Performance
my pc very slow,Slow Performance
pc very slow problem,Slow Performance
pc very slow problem,Slow Performance
pc very slow problem,Slow Performance
pc very slow problem,Slow Performance
pc very slow 160,Slow Performance
pc very slow problem,Slow Performance
pc very slow problem,Slow Performance
pc very slow problem,Slow Performance
pc very slow problem,Slow Performance
my pc very slow,Slow Performance
pc very slow problem,Slow Performance
pc very slow problem,Slow Performance
pc very slow problem,Slow Performance
pc very slow problem,Slow Performance
pc very slow 170,Slow Performance
pc very slow problem,Slow Performance
pc very slow problem,Slow Performance
pc very slow problem,Slow Performance
pc very slow problem,Slow Performance
my pc very slow,Slow Performance
pc very slow problem,Slow Performance
pc very slow problem,Slow Performance
pc very slow problem,Slow Performance
pc very slow problem,Slow Performance
pc very slow 180,Slow Performance
pc very slow problem,Slow Performance
pc very slow problem,Slow Performance
pc very slow problem,Slow Performance
pc very slow problem,Slow Performance
my pc very slow,Slow Performance
pc very slow problem,Slow Performance
pc very slow problem,Slow Performance
pc very slow problem,Slow Performance
pc very slow problem,Slow Performance
pc very slow 190,Slow Performance
pc very slow problem,Slow Performance
pc very slow problem,Slow Performance
pc very slow problem,Slow Performance
pc very slow problem,Slow Performance
my pc very slow,Slow Performance
pc very slow problem,Slow Performance
pc very slow problem,Slow Performance
pc very slow problem,Slow Performance
pc very slow problem,Slow Performance
pc very slow 200,Slow Performance
pc very slow problem,Slow Performance
pc very slow problem,Slow Performance
pc very slow problem,Slow Performance
pc very slow problem,Slow Performance
my pc very slow,Slow Performance
pc very slow problem,Slow Performance
pc very slow problem,Slow Performance
pc very slow problem,Slow Performance
pc very slow problem,Slow Performance
pc very slow 210,Slow Performance
pc very slow problem,Slow Performance
pc very slow problem,Slow Performance
pc very slow problem,Slow Performance
pc very slow problem,Slow Performance
my pc very slow,Slow Performance
pc very slow problem,Slow Performance
pc very slow problem,Slow Performance
pc very slow problem,Slow Performance
pc very slow problem,Slow Performance
pc very slow 220,Slow Performance
pc very slow problem,Slow Performance
pc very slow problem,Slow Performance
pc very slow problem,Slow Performance
pc very slow problem,Slow Performance
my pc very slow,Slow Performance
pc very slow problem,Slow Performance
pc very slow problem,Slow Performance
pc very slow problem,Slow Performance
pc very slow problem,Slow Performance
pc very slow 230,Slow Performance
pc very slow problem,Slow Performance
pc very slow problem,Slow Performance
pc very slow problem,Slow Performance
pc very slow problem,Slow Performance
my pc very slow,Slow Performance
pc very slow problem,Slow Performance
pc very slow problem,Slow Performance
pc very slow problem,Slow Performance
pc very slow problem,Slow Performance
pc very slow 240,Slow Performance
pc very slow problem,Slow Performance
pc very slow problem,Slow Performance
pc very slow problem,Slow Performance
pc very slow problem,Slow Performance
my pc very slow,Slow Performance
pc very slow problem,Slow Performance
pc very slow problem,Slow Performance
pc very slow problem,Slow Performance
pc very slow problem,Slow Performance
pc very slow 250,Slow Performance
pc very slow problem,Slow Performance
pc very slow problem,Slow Performance
pc very slow problem,Slow Performance
pc very slow problem,Slow Performance
my pc very slow,Slow Performance
pc very slow problem,Slow Performance
pc very slow problem,Slow Performance
pc very slow problem,Slow Performance
pc very slow problem,Slow Performance
pc very slow 260,Slow Performance
pc very slow problem,Slow Performance
pc very slow problem,Slow Performance
pc very slow problem,Slow Performance
pc very slow problem,Slow Performance
my pc very slow,Slow Performance
pc very slow problem,Slow Performance
pc very slow problem,Slow Performance
pc very slow problem,Slow Performance
pc very slow problem,Slow Performance
pc very slow 270,Slow Performance
pc very slow problem,Slow Performance
pc very slow problem,Slow Performance
pc very slow problem,Slow Performance
pc very slow problem,Slow Performance
my pc very slow,Slow Performance
pc very slow problem,Slow Performance
pc very slow problem,Slow Performance
pc very slow problem,Slow Performance
pc very slow problem,Slow Performance
pc very slow 280,Slow Performance
pc very slow problem,Slow Performance
pc very slow problem,Slow Performance
pc very slow problem,Slow Performance
pc very slow problem,Slow Performance
my pc very slow,Slow Performance
pc very slow problem,Slow Performance
pc very slow problem,Slow Performance
pc very slow problem,Slow Performance
pc very slow problem,Slow Performance
pc very slow 290,Slow Performance
pc very slow problem,Slow Performance
pc very slow problem,Slow Performance
pc very slow problem,Slow Performance
pc very slow problem,Slow Performance
my pc very slow,Slow Performance
pc very slow problem,Slow Performance
pc very slow problem,Slow Performance
pc very slow problem,Slow Performance
pc very slow problem,Slow Performance
pc very slow 300,Slow Performance
pc very slow problem,Slow Performance
pc very slow problem,Slow Performance
pc very slow problem,Slow Performance
pc very slow problem,Slow Performance
my pc very slow,Slow Performance
pc very slow problem,Slow Performance
pc very slow problem,Slow Performance
pc very slow problem,Slow Performance
pc very slow problem,Slow Performance
pc very slow 310,Slow Performance
pc very slow problem,Slow Performance
pc very slow problem,Slow Performance
pc very slow problem,Slow Performance
pc very slow problem,Slow Performance
my pc very slow,Slow Performance
pc very slow problem,Slow Performance
pc very slow problem,Slow Performance
pc very slow problem,Slow Performance
pc very slow problem,Slow Performance
pc very slow 320,Slow Performance
pc very slow problem,Slow Performance
pc very slow problem,Slow Performance
pc very slow problem,Slow Performance
pc very slow problem,Slow Performance
my pc very slow,Slow Performance
pc very slow problem,Slow Performance
pc very slow problem,Slow Performance
pc very slow problem,Slow Performance
pc very slow problem,Slow Performance
pc very slow 330,Slow Performance
pc very slow problem,Slow Performance
pc very slow problem,Slow Performance
pc very slow problem,Slow Performance
pc very slow problem,Slow Performance
my pc very slow,Slow Performance
pc very slow problem,Slow Performance
pc very slow problem,Slow Performance
pc very slow problem,Slow Performance
pc very slow problem,Slow Performance
pc very slow 340,Slow Performance
pc very slow problem,Slow Performance
pc very slow problem,Slow Performance
pc very slow problem,Slow Performance
pc very slow problem,Slow Performance
my pc very slow,Slow Performance
pc very slow problem,Slow Performance
pc very slow problem,Slow Performance
pc very slow problem,Slow Performance
pc very slow problem,Slow Performance
pc very slow 350,Slow Performance
pc very slow problem,Slow Performance
pc very slow problem,Slow Performance
pc very slow problem,Slow Performance
pc very slow problem,Slow Performance
my pc very slow,Slow Performance
pc very slow problem,Slow Performance
pc very slow problem,Slow Performance
pc very slow problem,Slow Performance
pc very slow problem,Slow Performance
pc very slow 360,Slow Performance
pc very slow problem,Slow Performance
pc very slow problem,Slow Performance
pc very slow problem,Slow Performance
pc very slow problem,Slow Performance
my pc very slow,Slow Performance
pc very slow problem,Slow Performance
pc very slow problem,Slow Performance
pc very slow problem,Slow Performance
pc very slow problem,Slow Performance
pc very slow 370,Slow Performance
pc very slow problem,Slow Performance
pc very slow problem,Slow Performance
pc very slow problem,Slow Performance
pc very slow problem,Slow Performance
my pc very slow,Slow Performance
pc very slow problem,Slow Performance
pc very slow problem,Slow Performance
pc very slow problem,Slow Performance
pc very slow problem,Slow Performance
pc very slow 380,Slow Performance
pc very slow problem,Slow Performance
pc very slow problem,Slow Performance
pc very slow problem,Slow Performance
pc very slow problem,Slow Performance
my pc very slow,Slow Performance
pc very slow problem,Slow Performance
pc very slow problem,Slow Performance
pc very slow problem,Slow Performance
pc very slow problem,Slow Performance
pc very slow 390,Slow Performance
pc very slow problem,Slow Performance
pc very slow problem,Slow Performance
pc very slow problem,Slow Performance
pc very slow problem,Slow Performance
my pc very slow,Slow Performance
pc very slow problem,Slow Performance
pc very slow problem,Slow Performance
pc very slow problem,Slow Performance
pc very slow problem,Slow Performance
pc very slow 400,Slow Performance
pc very slow problem,Slow Performance
pc very slow problem,Slow Performance
pc very slow problem,Slow Performance
pc very slow problem,Slow Performance
my pc very slow,Slow Performance
pc very slow problem,Slow Performance
pc very slow problem,Slow Performance
pc very slow problem,Slow Performance
pc very slow problem,Slow Performance
pc very slow 410,Slow Performance
pc very slow problem,Slow Performance
pc very slow problem,Slow Performance
pc very slow problem,Slow Performance
pc very slow problem,Slow Performance
my pc very slow,Slow Performance
pc very slow problem,Slow Performance
pc very slow problem,Slow Performance
pc very slow problem,Slow Performance
pc very slow problem,Slow Performance
pc very slow 420,Slow Performance
pc very slow problem,Slow Performance
pc very slow problem,Slow Performance
pc very slow problem,Slow Performance
pc very slow problem,Slow Performance
my pc very slow,Slow Performance
pc very slow problem,Slow Performance
pc very slow problem,Slow Performance
pc very slow problem,Slow Performance
pc very slow problem,Slow Performance
pc very slow 430,Slow Performance
pc very slow problem,Slow Performance
pc very slow problem,Slow Performance
pc very slow problem,Slow Performance
pc very slow problem,Slow Performance
my pc very slow,Slow Performance
pc very slow problem,Slow Performance
pc very slow problem,Slow Performance
pc very slow problem,Slow Performance
pc very slow problem,Slow Performance
pc very slow 440,Slow Performance
pc very slow problem,Slow Performance
pc very slow problem,Slow Performance
pc very slow problem,Slow Performance
pc very slow problem,Slow Performance
my pc very slow,Slow Performance
pc very slow problem,Slow Performance
pc very slow problem,Slow Performance
pc very slow problem,Slow Performance
pc very slow problem,Slow Performance
pc very slow 450,Slow Performance
pc very slow problem,Slow Performance
pc very slow problem,Slow Performance
pc very slow problem,Slow Performance
pc very slow problem,Slow Performance
my pc very slow,Slow Performance
pc very slow problem,Slow Performance
pc very slow problem,Slow Performance
pc very slow problem,Slow Performance
pc very slow problem,Slow Performance
pc very slow 460,Slow Performance
pc very slow problem,Slow Performance
pc very slow problem,Slow Performance
pc very slow problem,Slow Performance
pc very slow problem,Slow Performance
my pc very slow,Slow Performance
pc very slow problem,Slow Performance
pc very slow problem,Slow Performance
pc very slow problem,Slow Performance
pc very slow problem,Slow Performance
pc very slow 470,Slow Performance
pc very slow problem,Slow Performance
pc very slow problem,Slow Performance
pc very slow problem,Slow Performance
pc very slow problem,Slow Performance
my pc very slow,Slow Performance
pc very slow problem,Slow Performance
pc very slow problem,Slow Performance
pc very slow problem,Slow Performance
pc very slow problem,Slow Performance
pc very slow 480,Slow Performance
pc very slow problem,Slow Performance
pc very slow problem,Slow Performance
pc very slow problem,Slow Performance
pc very slow problem,Slow Performance
my pc very slow,Slow Performance
pc very slow problem,Slow Performance
pc very slow problem,Slow Performance
pc very slow problem,Slow Performance
pc very slow problem,Slow Performance
pc very slow 490,Slow Performance
pc very slow problem,Slow Performance
pc very slow problem,Slow Performance
pc very slow problem,Slow Performance
pc very slow problem,Slow Performance
my pc very slow,Slow Performance
pc very slow problem,Slow Performance
pc very slow problem,Slow Performance
pc very slow problem,Slow Performance
pc very slow problem,Slow Performance
pc very slow 500,Slow Performance
pc very slow problem,Slow Performance
pc very slow problem,Slow Performance
pc very slow problem,Slow Performance
pc very slow problem,Slow Performance
my pc very slow,Slow Performance
pc very slow problem,Slow Performance
pc very slow problem,Slow Performance
pc very slow problem,Slow Performance
pc very slow problem,Slow Performance
pc very slow 510,Slow Performance
pc very slow problem,Slow Performance
pc very slow problem,Slow Performance
pc very slow problem,Slow Performance
pc very slow problem,Slow Performance
my pc very slow,Slow Performance
pc very slow problem,Slow Performance
pc very slow problem,Slow Performance
pc very slow problem,Slow Performance
pc very slow problem,Slow Performance
pc very slow 520,Slow Performance
pc very slow problem,Slow Performance
pc very slow problem,Slow Performance
pc very slow problem,Slow Performance
pc very slow problem,Slow Performance
my pc very slow,Slow Performance
pc very slow problem,Slow Performance
pc very slow problem,Slow Performance
pc very slow problem,Slow Performance
pc very slow problem,Slow Performance
pc very slow 530,Slow Performance
pc very slow problem,Slow Performance
pc very slow problem,Slow Performance
pc very slow problem,Slow Performance
pc very slow problem,Slow Performance
my pc very slow,Slow Performance
pc very slow problem,Slow Performance
pc very slow problem,Slow Performance
pc very slow problem,Slow Performance
pc very slow problem,Slow Performance
pc very slow 540,Slow Performance
pc very slow problem,Slow Performance
pc very slow problem,Slow Performance
pc very slow problem,Slow Performance
pc very slow problem,Slow Performance
my pc very slow,Slow Performance
pc very slow problem,Slow Performance
pc very slow problem,Slow Performance
pc very slow problem,Slow Performance
pc very slow problem,Slow Performance
pc very slow 550,Slow Performance
pc very slow problem,Slow Performance
pc very slow problem,Slow Performance
pc very slow problem,Slow Performance
pc very slow problem,Slow Performance
my pc very slow,Slow Performance
pc very slow problem,Slow Performance
pc very slow problem,Slow Performance
pc very slow problem,Slow Performance
pc very slow problem,Slow Performance
pc very slow 560,Slow Performance
pc very slow problem,Slow Performance
pc very slow problem,Slow Performance
pc very slow problem,Slow Performance
pc very slow problem,Slow Performance
my pc very slow,Slow Performance
pc very slow problem,Slow Performance
pc very slow problem,Slow Performance
pc very slow problem,Slow Performance
pc very slow problem,Slow Performance
pc very slow 570,Slow Performance
pc very slow problem,Slow Performance
pc very slow problem,Slow Performance
pc very slow problem,Slow Performance
pc very slow problem,Slow Performance
my pc very slow,Slow Performance
pc very slow problem,Slow Performance
pc very slow problem,Slow Performance
pc very slow problem,Slow Performance
pc very slow problem,Slow Performance
pc very slow 580,Slow Performance
pc very slow problem,Slow Performance
pc very slow problem,Slow Performance
pc very slow problem,Slow Performance
pc very slow problem,Slow Performance
my pc very slow,Slow Performance
pc very slow problem,Slow Performance
pc very slow problem,Slow Performance
pc very slow problem,Slow Performance
pc very slow problem,Slow Performance
pc very slow 590,Slow Performance
pc very slow problem,Slow Performance
pc very slow problem,Slow Performance
pc very slow problem,Slow Performance
pc very slow problem,Slow Performance
my pc very slow,Slow Performance
pc very slow problem,Slow Performance
pc very slow problem,Slow Performance
pc very slow problem,Slow Performance
pc very slow problem,Slow Performance
pc very slow 600,Slow Performance
pc very slow problem,Slow Performance
pc very slow problem,Slow Performance
pc very slow problem,Slow Performance
pc very slow problem,Slow Performance
my pc very slow,Slow Performance
pc very slow problem,Slow Performance
pc very slow problem,Slow Performance
pc very slow problem,Slow Performance
pc very slow problem,Slow Performance
pc very slow 610,Slow Performance
pc very slow problem,Slow Performance
pc very slow problem,Slow Performance
pc very slow problem,Slow Performance
pc very slow problem,Slow Performance
my pc very slow,Slow Performance
pc very slow problem,Slow Performance
pc very slow problem,Slow Performance
pc very slow problem,Slow Performance
pc very slow problem,Slow Performance
pc very slow 620,Slow Performance
pc very slow problem,Slow Performance
pc very slow problem,Slow Performance
pc very slow problem,Slow Performance
pc very slow problem,Slow Performance
my pc very slow,Slow Performance
pc very slow problem,Slow Performance
pc very slow problem,Slow Performance
pc very slow problem,Slow Performance
pc very slow problem,Slow Performance
pc very slow 630,Slow Performance
pc very slow problem,Slow Performance
pc very slow problem,Slow Performance
pc very slow problem,Slow Performance
pc very slow problem,Slow Performance
my pc very slow,Slow Performance
pc very slow problem,Slow Performance
pc very slow problem,Slow Performance
pc very slow problem,Slow Performance
pc very slow problem,Slow Performance
pc very slow 640,Slow Performance
pc very slow problem,Slow Performance
pc very slow problem,Slow Performance
pc very slow problem,Slow Performance
pc very slow problem,Slow Performance
my pc very slow,Slow Performance
pc very slow problem,Slow Performance
pc very slow problem,Slow Performance
pc very slow problem,Slow Performance
pc very slow problem,Slow Performance
pc very slow 650,Slow Performance
pc very slow problem,Slow Performance
pc very slow problem,Slow Performance
pc very slow problem,Slow Performance
pc very slow problem,Slow Performance
my pc very slow,Slow Performance
pc very slow problem,Slow Performance
pc very slow problem,Slow Performance
pc very slow problem,Slow Performance
pc very slow problem,Slow Performance
pc very slow 660,Slow Performance
pc very slow problem,Slow Performance
pc very slow problem,Slow Performance
pc very slow problem,Slow Performance
pc very slow problem,Slow Performance
my pc very slow,Slow Performance
pc very slow problem,Slow Performance
pc very slow problem,Slow Performance
pc very slow problem,Slow Performance
pc very slow problem,Slow Performance
pc very slow 670,Slow Performance
pc very slow problem,Slow Performance
pc very slow problem,Slow Performance
pc very slow problem,Slow Performance
pc very slow problem,Slow Performance
my pc very slow,Slow Performance
pc very slow problem,Slow Performance
pc very slow problem,Slow Performance
pc very slow problem,Slow Performance
pc very slow problem,Slow Performance
pc very slow 680,Slow Performance
pc very slow problem,Slow Performance
pc very slow problem,Slow Performance
pc very slow problem,Slow Performance
pc very slow problem,Slow Performance
my pc very slow,Slow Performance
pc very slow problem,Slow Performance
pc very slow problem,Slow Performance
pc very slow problem,Slow Performance
pc very slow problem,Slow Performance
pc very slow 690,Slow Performance
pc very slow problem,Slow Performance
pc very slow problem,Slow Performance
pc very slow problem,Slow Performance
pc very slow problem,Slow Performance
my pc very slow,Slow Performance
pc very slow problem,Slow Performance
pc very slow problem,Slow Performance
pc very slow problem,Slow Performance
pc very slow problem,Slow Performance
pc very slow 700,Slow Performance
pc very slow problem,Slow Performance
pc very slow problem,Slow Performance
pc very slow problem,Slow Performance
pc very slow problem,Slow Performance
my pc very slow,Slow Performance
pc very slow problem,Slow Performance
pc very slow problem,Slow Performance
pc very slow problem,Slow Performance
pc very slow problem,Slow Performance
pc very slow 710,Slow Performance
pc very slow problem,Slow Performance
pc very slow problem,Slow Performance
pc very slow problem,Slow Performance
pc very slow problem,Slow Performance
my pc very slow,Slow Performance
pc very slow problem,Slow Performance
pc very slow problem,Slow Performance
pc very slow problem,Slow Performance
pc very slow problem,Slow Performance
pc very slow 720,Slow Performance
pc very slow problem,Slow Performance
pc very slow problem,Slow Performance
pc very slow problem,Slow Performance
pc very slow problem,Slow Performance
my pc very slow,Slow Performance
pc very slow problem,Slow Performance
pc very slow problem,Slow Performance
pc very slow problem,Slow Performance
pc very slow problem,Slow Performance
pc very slow 730,Slow Performance
pc very slow problem,Slow Performance
pc very slow problem,Slow Performance
pc very slow problem,Slow Performance
pc very slow problem,Slow Performance
my pc very slow,Slow Performance
pc very slow problem,Slow Performance
pc very slow problem,Slow Performance
pc very slow problem,Slow Performance
pc very slow problem,Slow Performance
pc very slow 740,Slow Performance
pc very slow problem,Slow Performance
pc very slow problem,Slow Performance
pc very slow problem,Slow Performance
pc very slow problem,Slow Performance
my pc very slow,Slow Performance
pc very slow problem,Slow Performance
pc very slow problem,Slow Performance
pc very slow problem,Slow Performance
pc very slow problem,Slow Performance
pc very slow 750,Slow Performance
pc very slow problem,Slow Performance
pc very slow problem,Slow Performance
pc very slow problem,Slow Performance
pc very slow problem,Slow Performance
my pc very slow,Slow Performance
pc very slow problem,Slow Performance
pc very slow problem,Slow Performance
pc very slow problem,Slow Performance
pc very slow problem,Slow Performance
pc very slow 760,Slow Performance
pc very slow problem,Slow Performance
pc very slow problem,Slow Performance
pc very slow problem,Slow Performance
pc very slow problem,Slow Performance
my pc very slow,Slow Performance
pc very slow problem,Slow Performance
pc very slow problem,Slow Performance
pc very slow problem,Slow Performance
pc very slow problem,Slow Performance
pc very slow 770,Slow Performance
pc very slow problem,Slow Performance
pc very slow problem,Slow Performance
pc very slow problem,Slow Performance
pc very slow problem,Slow Performance
my pc very slow,Slow Performance
pc very slow problem,Slow Performance
pc very slow problem,Slow Performance
pc very slow problem,Slow Performance
pc very slow problem,Slow Performance
pc very slow 780,Slow Performance
pc very slow problem,Slow Performance
pc very slow problem,Slow Performance
pc very slow problem,Slow Performance
pc very slow problem,Slow Performance
my pc very slow,Slow Performance
pc very slow problem,Slow Performance
pc very slow problem,Slow Performance
pc very slow problem,Slow Performance
pc very slow problem,Slow Performance
pc very slow 790,Slow Performance
pc very slow problem,Slow Performance
pc very slow problem,Slow Performance
pc very slow problem,Slow Performance
pc very slow problem,Slow Performance
my pc very slow,Slow Performance
pc very slow problem,Slow Performance
pc very slow problem,Slow Performance
pc very slow problem,Slow Performance
pc very slow problem,Slow Performance
pc very slow 800,Slow Performance
pc very slow problem,Slow Performance
pc very slow problem,Slow Performance
pc very slow problem,Slow Performance
pc very slow problem,Slow Performance
my pc very slow,Slow Performance
pc very slow problem,Slow Performance
pc very slow problem,Slow Performance
pc very slow problem,Slow Performance
pc very slow problem,Slow Performance
pc very slow 810,Slow Performance
pc very slow problem,Slow Performance
pc very slow problem,Slow Performance
pc very slow problem,Slow Performance
pc very slow problem,Slow Performance
my pc very slow,Slow Performance
pc very slow problem,Slow Performance
pc very slow problem,Slow Performance
pc very slow problem,Slow Performance
pc very slow problem,Slow Performance
pc very slow 820,Slow Performance
pc very slow problem,Slow Performance
pc very slow problem,Slow Performance
pc very slow problem,Slow Performance
pc very slow problem,Slow Performance
my pc very slow,Slow Performance
pc very slow problem,Slow Performance
pc very slow problem,Slow Performance
pc very slow problem,Slow Performance
pc very slow problem,Slow Performance
pc very slow 830,Slow Performance
pc very slow problem,Slow Performance
pc very slow problem,Slow Performance
pc very slow problem,Slow Performance
pc very slow problem,Slow Performance
my pc very slow,Slow Performance
pc very slow problem,Slow Performance
pc very slow problem,Slow Performance
pc very slow problem,Slow Performance
pc very slow problem,Slow Performance
pc very slow 840,Slow Performance
pc very slow problem,Slow Performance
pc very slow problem,Slow Performance
pc very slow problem,Slow Performance
pc very slow problem,Slow Performance
my pc very slow,Slow Performance
pc very slow problem,Slow Performance
pc very slow problem,Slow Performance
pc very slow problem,Slow Performance
pc very slow problem,Slow Performance
pc very slow 850,Slow Performance
pc very slow problem,Slow Performance
pc very slow problem,Slow Performance
pc very slow problem,Slow Performance
pc very slow problem,Slow Performance
my pc very slow,Slow Performance
pc very slow problem,Slow Performance
pc very slow problem,Slow Performance
pc very slow problem,Slow Performance
pc very slow problem,Slow Performance
pc very slow 860,Slow Performance
pc very slow problem,Slow Performance
pc very slow problem,Slow Performance
pc very slow problem,Slow Performance
pc very slow problem,Slow Performance
my pc very slow,Slow Performance
pc very slow problem,Slow Performance
pc very slow problem,Slow Performance
pc very slow problem,Slow Performance
pc very slow problem,Slow Performance
pc very slow 870,Slow Performance
pc very slow problem,Slow Performance
pc very slow problem,Slow Performance
pc very slow problem,Slow Performance
pc very slow problem,Slow Performance
my pc very slow,Slow Performance
pc very slow problem,Slow Performance
pc very slow problem,Slow Performance
pc very slow problem,Slow Performance
pc very slow problem,Slow Performance
pc very slow 880,Slow Performance
pc very slow problem,Slow Performance
pc very slow problem,Slow Performance
pc very slow problem,Slow Performance
pc very slow problem,Slow Performance
my pc very slow,Slow Performance
pc very slow problem,Slow Performance
pc very slow problem,Slow Performance
pc very slow problem,Slow Performance
pc very slow problem,Slow Performance
pc very slow 890,Slow Performance
pc very slow problem,Slow Performance
pc very slow problem,Slow Performance
pc very slow problem,Slow Performance
pc very slow problem,Slow Performance
my pc very slow,Slow Performance
pc very slow problem,Slow Performance
pc very slow problem,Slow Performance
pc very slow problem,Slow Performance
pc very slow problem,Slow Performance
pc very slow 900,Slow Performance
pc very slow problem,Slow Performance
pc very slow problem,Slow Performance
pc very slow problem,Slow Performance
pc very slow problem,Slow Performance
my pc very slow,Slow Performance
pc very slow problem,Slow Performance
pc very slow problem,Slow Performance
pc very slow problem,Slow Performance
pc very slow problem,Slow Performance
pc very slow 910,Slow Performance
pc very slow problem,Slow Performance
pc very slow problem,Slow Performance
pc very slow problem,Slow Performance
pc very slow problem,Slow Performance
my pc very slow,Slow Performance
pc very slow problem,Slow Performance
pc very slow problem,Slow Performance
pc very slow problem,Slow Performance
pc very slow problem,Slow Performance
pc very slow 920,Slow Performance
pc very slow problem,Slow Performance
pc very slow problem,Slow Performance
pc very slow problem,Slow Performance
pc very slow problem,Slow Performance
my pc very slow,Slow Performance
pc very slow problem,Slow Performance
pc very slow problem,Slow Performance
pc very slow problem,Slow Performance
pc very slow problem,Slow Performance
pc very slow 930,Slow Performance
pc very slow problem,Slow Performance
pc very slow problem,Slow Performance
pc very slow problem,Slow Performance
pc very slow problem,Slow Performance
my pc very slow,Slow Performance
pc very slow problem,Slow Performance
pc very slow problem,Slow Performance
pc very slow problem,Slow Performance
pc very slow problem,Slow Performance
pc very slow 940,Slow Performance
pc very slow problem,Slow Performance
pc very slow problem,Slow Performance
pc very slow problem,Slow Performance
pc very slow problem,Slow Performance
my pc very slow,Slow Performance
pc very slow problem,Slow Performance
pc very slow problem,Slow Performance
pc very slow problem,Slow Performance
pc very slow problem,Slow Performance
pc very slow 950,Slow Performance
pc very slow problem,Slow Performance
pc very slow problem,Slow Performance
pc very slow problem,Slow Performance
pc very slow problem,Slow Performance
my pc very slow,Slow Performance
pc very slow problem,Slow Performance
pc very slow problem,Slow Performance
pc very slow problem,Slow Performance
pc very slow problem,Slow Performance
pc very slow 960,Slow Performance
pc very slow problem,Slow Performance
pc very slow problem,Slow Performance
pc very slow problem,Slow Performance
pc very slow problem,Slow Performance
my pc very slow,Slow Performance
pc very slow problem,Slow Performance
pc very slow problem,Slow Performance
pc very slow problem,Slow Performance
pc very slow problem,Slow Performance
pc very slow 970,Slow Performance
pc very slow problem,Slow Performance
pc very slow problem,Slow Performance
pc very slow problem,Slow Performance
pc very slow problem,Slow Performance
my pc very slow,Slow Performance
pc very slow problem,Slow Performance
pc very slow problem,Slow Performance
pc very slow problem,Slow Performance
pc very slow problem,Slow Performance
pc very slow 980,Slow Performance
pc very slow problem,Slow Performance
pc very slow problem,Slow Performance
pc very slow problem,Slow Performance
pc very slow problem,Slow Performance
my pc very slow,Slow Performance
pc very slow problem,Slow Performance
pc very slow problem,Slow Performance
pc very slow problem,Slow Performance
pc very slow problem,Slow Performance
pc very slow 990,Slow Performance
pc very slow problem,Slow Performance
pc very slow problem,Slow Performance
pc very slow problem,Slow Performance
pc very slow problem,Slow Performance
my pc very slow,Slow Performance
pc very slow problem,Slow Performance
pc very slow problem,Slow Performance
pc very slow problem,Slow Performance
pc very slow problem,Slow Performance
pc very slow 1000,Slow Performance
pc very slow problem,Slow Performance
pc very slow problem,Slow Performance
pc very slow problem,Slow Performance
pc very slow problem,Slow Performance
my pc very slow,Slow Performance
pc very slow problem,Slow Performance
pc very slow problem,Slow Performance
pc very slow problem,Slow Performance
pc very slow problem,Slow Performance
pc very slow 1010,Slow Performance
pc very slow problem,Slow Performance
pc very slow problem,Slow Performance
pc very slow problem,Slow Performance
pc very slow problem,Slow Performance
my pc very slow,Slow Performance
pc very slow problem,Slow Performance
pc very slow problem,Slow Performance
pc very slow problem,Slow Performance
pc very slow problem,Slow Performance
pc very slow 1020,Slow Performance
pc very slow problem,Slow Performance
pc very slow problem,Slow Performance
pc very slow problem,Slow Performance
pc very slow problem,Slow Performance
my pc very slow,Slow Performance
pc very slow problem,Slow Performance
pc very slow problem,Slow Performance
pc very slow problem,Slow Performance
pc very slow problem,Slow Performance
pc very slow 1030,Slow Performance
pc very slow problem,Slow Performance
pc very slow problem,Slow Performance
pc very slow problem,Slow Performance
pc very slow problem,Slow Performance
my pc very slow,Slow Performance
pc very slow problem,Slow Performance
pc very slow problem,Slow Performance
pc very slow problem,Slow Performance
pc very slow problem,Slow Performance
pc very slow 1040,Slow Performance
pc very slow problem,Slow Performance
pc very slow problem,Slow Performance
pc very slow problem,Slow Performance
pc very slow problem,Slow Performance
my pc very slow,Slow Performance
pc very slow problem,Slow Performance
pc very slow problem,Slow Performance
pc very slow problem,Slow Performance
pc very slow problem,Slow Performance
pc very slow 1050,Slow Performance
pc very slow problem,Slow Performance
pc very slow problem,Slow Performance
pc very slow problem,Slow Performance
pc very slow problem,Slow Performance
my pc very slow,Slow Performance
pc very slow problem,Slow Performance
pc very slow problem,Slow Performance
pc very slow problem,Slow Performance
pc very slow problem,Slow Performance
pc very slow 1060,Slow Performance
pc very slow problem,Slow Performance
pc very slow problem,Slow Performance
pc very slow problem,Slow Performance
pc very slow problem,Slow Performance
my pc very slow,Slow Performance
pc very slow problem,Slow Performance
pc very slow problem,Slow Performance
pc very slow problem,Slow Performance
pc very slow problem,Slow Performance
pc very slow 1070,Slow Performance
pc very slow problem,Slow Performance
pc very slow problem,Slow Performance
pc very slow problem,Slow Performance
pc very slow problem,Slow Performance
my pc very slow,Slow Performance
pc very slow problem,Slow Performance
pc very slow problem,Slow Performance
pc very slow problem,Slow Performance
pc very slow problem,Slow Performance
pc very slow 1080,Slow Performance
pc very slow problem,Slow Performance
pc very slow problem,Slow Performance
pc very slow problem,Slow Performance
pc very slow problem,Slow Performance
my pc very slow,Slow Performance
pc very slow problem,Slow Performance
pc very slow problem,Slow Performance
pc very slow problem,Slow Performance
pc very slow problem,Slow Performance
pc very slow 1090,Slow Performance
pc very slow problem,Slow Performance
pc very slow problem,Slow Performance
gpu overheating,GPU Overheat
graphics card hot,GPU Overheat
gpu temperature high,GPU Overheat
graphics card overheating,GPU Overheat
gpu too hot,GPU Overheat
video card overheating,GPU Overheat
gpu overheating 0,GPU Overheat
gpu overheating problem,GPU Overheat
gpu overheating problem,GPU Overheat
gpu overheating problem,GPU Overheat
gpu overheating problem,GPU Overheat
my gpu overheating,GPU Overheat
gpu overheating problem,GPU Overheat
gpu overheating problem,GPU Overheat
gpu overheating problem,GPU Overheat
gpu overheating problem,GPU Overheat
gpu overheating 10,GPU Overheat
gpu overheating problem,GPU Overheat
gpu overheating problem,GPU Overheat
gpu overheating problem,GPU Overheat
gpu overheating problem,GPU Overheat
my gpu overheating,GPU Overheat
gpu overheating problem,GPU Overheat
gpu overheating problem,GPU Overheat
gpu overheating problem,GPU Overheat
gpu overheating problem,GPU Overheat
gpu overheating 20,GPU Overheat
gpu overheating problem,GPU Overheat
gpu overheating problem,GPU Overheat
gpu overheating problem,GPU Overheat
gpu overheating problem,GPU Overheat
my gpu overheating,GPU Overheat
gpu overheating problem,GPU Overheat
gpu overheating problem,GPU Overheat
gpu overheating problem,GPU Overheat
gpu overheating problem,GPU Overheat
gpu overheating 30,GPU Overheat
gpu overheating problem,GPU Overheat
gpu overheating problem,GPU Overheat
gpu overheating problem,GPU Overheat
gpu overheating problem,GPU Overheat
my gpu overheating,GPU Overheat
gpu overheating problem,GPU Overheat
gpu overheating problem,GPU Overheat
gpu overheating problem,GPU Overheat
gpu overheating problem,GPU Overheat
gpu overheating 40,GPU Overheat
gpu overheating problem,GPU Overheat
gpu overheating problem,GPU Overheat
gpu overheating problem,GPU Overheat
gpu overheating problem,GPU Overheat
my gpu overheating,GPU Overheat
gpu overheating problem,GPU Overheat
gpu overheating problem,GPU Overheat
gpu overheating problem,GPU Overheat
gpu overheating problem,GPU Overheat
gpu overheating 50,GPU Overheat
gpu overheating problem,GPU Overheat
gpu overheating problem,GPU Overheat
gpu overheating problem,GPU Overheat
gpu overheating problem,GPU Overheat
my gpu overheating,GPU Overheat
gpu overheating problem,GPU Overheat
gpu overheating problem,GPU Overheat
gpu overheating problem,GPU Overheat
gpu overheating problem,GPU Overheat
gpu overheating 60,GPU Overheat
gpu overheating problem,GPU Overheat
gpu overheating problem,GPU Overheat
gpu overheating problem,GPU Overheat
gpu overheating problem,GPU Overheat
my gpu overheating,GPU Overheat
gpu overheating problem,GPU Overheat
gpu overheating problem,GPU Overheat
gpu overheating problem,GPU Overheat
gpu overheating problem,GPU Overheat
gpu overheating 70,GPU Overheat
gpu overheating problem,GPU Overheat
gpu overheating problem,GPU Overheat
gpu overheating problem,GPU Overheat
gpu overheating problem,GPU Overheat
my gpu overheating,GPU Overheat
gpu overheating problem,GPU Overheat
gpu overheating problem,GPU Overheat
gpu overheating problem,GPU Overheat
gpu overheating problem,GPU Overheat
gpu overheating 80,GPU Overheat
gpu overheating problem,GPU Overheat
gpu overheating problem,GPU Overheat
gpu overheating problem,GPU Overheat
gpu overheating problem,GPU Overheat
my gpu overheating,GPU Overheat
gpu overheating problem,GPU Overheat
gpu overheating problem,GPU Overheat
gpu overheating problem,GPU Overheat
gpu overheating problem,GPU Overheat
gpu overheating 90,GPU Overheat
gpu overheating problem,GPU Overheat
gpu overheating problem,GPU Overheat
gpu overheating problem,GPU Overheat
gpu overheating problem,GPU Overheat
my gpu overheating,GPU Overheat
gpu overheating problem,GPU Overheat
gpu overheating problem,GPU Overheat
gpu overheating problem,GPU Overheat
gpu overheating problem,GPU Overheat
gpu overheating 100,GPU Overheat
gpu overheating problem,GPU Overheat
gpu overheating problem,GPU Overheat
gpu overheating problem,GPU Overheat
gpu overheating problem,GPU Overheat
my gpu overheating,GPU Overheat
gpu overheating problem,GPU Overheat
gpu overheating problem,GPU Overheat
gpu overheating problem,GPU Overheat
gpu overheating problem,GPU Overheat
gpu overheating 110,GPU Overheat
gpu overheating problem,GPU Overheat
gpu overheating problem,GPU Overheat
gpu overheating problem,GPU Overheat
gpu overheating problem,GPU Overheat
my gpu overheating,GPU Overheat
gpu overheating problem,GPU Overheat
gpu overheating problem,GPU Overheat
gpu overheating problem,GPU Overheat
gpu overheating problem,GPU Overheat
gpu overheating 120,GPU Overheat
gpu overheating problem,GPU Overheat
gpu overheating problem,GPU Overheat
gpu overheating problem,GPU Overheat
gpu overheating problem,GPU Overheat
my gpu overheating,GPU Overheat
gpu overheating problem,GPU Overheat
gpu overheating problem,GPU Overheat
gpu overheating problem,GPU Overheat
gpu overheating problem,GPU Overheat
gpu overheating 130,GPU Overheat
gpu overheating problem,GPU Overheat
gpu overheating problem,GPU Overheat
gpu overheating problem,GPU Overheat
gpu overheating problem,GPU Overheat
my gpu overheating,GPU Overheat
gpu overheating problem,GPU Overheat
gpu overheating problem,GPU Overheat
gpu overheating problem,GPU Overheat
gpu overheating problem,GPU Overheat
gpu overheating 140,GPU Overheat
gpu overheating problem,GPU Overheat
gpu overheating problem,GPU Overheat
gpu overheating problem,GPU Overheat
gpu overheating problem,GPU Overheat
my gpu overheating,GPU Overheat
gpu overheating problem,GPU Overheat
gpu overheating problem,GPU Overheat
gpu overheating problem,GPU Overheat
gpu overheating problem,GPU Overheat
gpu overheating 150,GPU Overheat
gpu overheating problem,GPU Overheat
gpu overheating problem,GPU Overheat
gpu overheating problem,GPU Overheat
gpu overheating problem,GPU Overheat
my gpu overheating,GPU Overheat
gpu overheating problem,GPU Overheat
gpu overheating problem,GPU Overheat
gpu overheating problem,GPU Overheat
gpu overheating problem,GPU Overheat
gpu overheating 160,GPU Overheat
gpu overheating problem,GPU Overheat
gpu overheating problem,GPU Overheat
gpu overheating problem,GPU Overheat
gpu overheating problem,GPU Overheat
my gpu overheating,GPU Overheat
gpu overheating problem,GPU Overheat
gpu overheating problem,GPU Overheat
gpu overheating problem,GPU Overheat
gpu overheating problem,GPU Overheat
gpu overheating 170,GPU Overheat
gpu overheating problem,GPU Overheat
gpu overheating problem,GPU Overheat
gpu overheating problem,GPU Overheat
gpu overheating problem,GPU Overheat
my gpu overheating,GPU Overheat
gpu overheating problem,GPU Overheat
gpu overheating problem,GPU Overheat
gpu overheating problem,GPU Overheat
gpu overheating problem,GPU Overheat
gpu overheating 180,GPU Overheat
gpu overheating problem,GPU Overheat
gpu overheating problem,GPU Overheat
gpu overheating problem,GPU Overheat
gpu overheating problem,GPU Overheat
my gpu overheating,GPU Overheat
gpu overheating problem,GPU Overheat
gpu overheating problem,GPU Overheat
gpu overheating problem,GPU Overheat
gpu overheating problem,GPU Overheat
gpu overheating 190,GPU Overheat
gpu overheating problem,GPU Overheat
gpu overheating problem,GPU Overheat
gpu overheating problem,GPU Overheat
gpu overheating problem,GPU Overheat
my gpu overheating,GPU Overheat
gpu overheating problem,GPU Overheat
gpu overheating problem,GPU Overheat
gpu overheating problem,GPU Overheat
gpu overheating problem,GPU Overheat
gpu overheating 200,GPU Overheat
gpu overheating problem,GPU Overheat
gpu overheating problem,GPU Overheat
gpu overheating problem,GPU Overheat
gpu overheating problem,GPU Overheat
my gpu overheating,GPU Overheat
gpu overheating problem,GPU Overheat
gpu overheating problem,GPU Overheat
gpu overheating problem,GPU Overheat
gpu overheating problem,GPU Overheat
gpu overheating 210,GPU Overheat
gpu overheating problem,GPU Overheat
gpu overheating problem,GPU Overheat
gpu overheating problem,GPU Overheat
gpu overheating problem,GPU Overheat
my gpu overheating,GPU Overheat
gpu overheating problem,GPU Overheat
gpu overheating problem,GPU Overheat
gpu overheating problem,GPU Overheat
gpu overheating problem,GPU Overheat
gpu overheating 220,GPU Overheat
gpu overheating problem,GPU Overheat
gpu overheating problem,GPU Overheat
gpu overheating problem,GPU Overheat
gpu overheating problem,GPU Overheat
my gpu overheating,GPU Overheat
gpu overheating problem,GPU Overheat
gpu overheating problem,GPU Overheat
gpu overheating problem,GPU Overheat
gpu overheating problem,GPU Overheat
gpu overheating 230,GPU Overheat
gpu overheating problem,GPU Overheat
gpu overheating problem,GPU Overheat
gpu overheating problem,GPU Overheat
gpu overheating problem,GPU Overheat
my gpu overheating,GPU Overheat
gpu overheating problem,GPU Overheat
gpu overheating problem,GPU Overheat
gpu overheating problem,GPU Overheat
gpu overheating problem,GPU Overheat
gpu overheating 240,GPU Overheat
gpu overheating problem,GPU Overheat
gpu overheating problem,GPU Overheat
gpu overheating problem,GPU Overheat
gpu overheating problem,GPU Overheat
my gpu overheating,GPU Overheat
gpu overheating problem,GPU Overheat
gpu overheating problem,GPU Overheat
gpu overheating problem,GPU Overheat
gpu overheating problem,GPU Overheat
gpu overheating 250,GPU Overheat
gpu overheating problem,GPU Overheat
gpu overheating problem,GPU Overheat
gpu overheating problem,GPU Overheat
gpu overheating problem,GPU Overheat
my gpu overheating,GPU Overheat
gpu overheating problem,GPU Overheat
gpu overheating problem,GPU Overheat
gpu overheating problem,GPU Overheat
gpu overheating problem,GPU Overheat
gpu overheating 260,GPU Overheat
gpu overheating problem,GPU Overheat
gpu overheating problem,GPU Overheat
gpu overheating problem,GPU Overheat
gpu overheating problem,GPU Overheat
my gpu overheating,GPU Overheat
gpu overheating problem,GPU Overheat
gpu overheating problem,GPU Overheat
gpu overheating problem,GPU Overheat
gpu overheating problem,GPU Overheat
gpu overheating 270,GPU Overheat
gpu overheating problem,GPU Overheat
gpu overheating problem,GPU Overheat
gpu overheating problem,GPU Overheat
gpu overheating problem,GPU Overheat
my gpu overheating,GPU Overheat
gpu overheating problem,GPU Overheat
gpu overheating problem,GPU Overheat
gpu overheating problem,GPU Overheat
gpu overheating problem,GPU Overheat
gpu overheating 280,GPU Overheat
gpu overheating problem,GPU Overheat
gpu overheating problem,GPU Overheat
gpu overheating problem,GPU Overheat
gpu overheating problem,GPU Overheat
my gpu overheating,GPU Overheat
gpu overheating problem,GPU Overheat
gpu overheating problem,GPU Overheat
gpu overheating problem,GPU Overheat
gpu overheating problem,GPU Overheat
gpu overheating 290,GPU Overheat
gpu overheating problem,GPU Overheat
gpu overheating problem,GPU Overheat
gpu overheating problem,GPU Overheat
gpu overheating problem,GPU Overheat
my gpu overheating,GPU Overheat
gpu overheating problem,GPU Overheat
gpu overheating problem,GPU Overheat
gpu overheating problem,GPU Overheat
gpu overheating problem,GPU Overheat
gpu overheating 300,GPU Overheat
gpu overheating problem,GPU Overheat
gpu overheating problem,GPU Overheat
gpu overheating problem,GPU Overheat
gpu overheating problem,GPU Overheat
my gpu overheating,GPU Overheat
gpu overheating problem,GPU Overheat
gpu overheating problem,GPU Overheat
gpu overheating problem,GPU Overheat
gpu overheating problem,GPU Overheat
gpu overheating 310,GPU Overheat
gpu overheating problem,GPU Overheat
gpu overheating problem,GPU Overheat
gpu overheating problem,GPU Overheat
gpu overheating problem,GPU Overheat
my gpu overheating,GPU Overheat
gpu overheating problem,GPU Overheat
gpu overheating problem,GPU Overheat
gpu overheating problem,GPU Overheat
gpu overheating problem,GPU Overheat
gpu overheating 320,GPU Overheat
gpu overheating problem,GPU Overheat
gpu overheating problem,GPU Overheat
gpu overheating problem,GPU Overheat
gpu overheating problem,GPU Overheat
my gpu overheating,GPU Overheat
gpu overheating problem,GPU Overheat
gpu overheating problem,GPU Overheat
gpu overheating problem,GPU Overheat
gpu overheating problem,GPU Overheat
gpu overheating 330,GPU Overheat
gpu overheating problem,GPU Overheat
gpu overheating problem,GPU Overheat
gpu overheating problem,GPU Overheat
gpu overheating problem,GPU Overheat
my gpu overheating,GPU Overheat
gpu overheating problem,GPU Overheat
gpu overheating problem,GPU Overheat
gpu overheating problem,GPU Overheat
gpu overheating problem,GPU Overheat
gpu overheating 340,GPU Overheat
gpu overheating problem,GPU Overheat
gpu overheating problem,GPU Overheat
gpu overheating problem,GPU Overheat
gpu overheating problem,GPU Overheat
my gpu overheating,GPU Overheat
gpu overheating problem,GPU Overheat
gpu overheating problem,GPU Overheat
gpu overheating problem,GPU Overheat
gpu overheating problem,GPU Overheat
gpu overheating 350,GPU Overheat
gpu overheating problem,GPU Overheat
gpu overheating problem,GPU Overheat
gpu overheating problem,GPU Overheat
gpu overheating problem,GPU Overheat
my gpu overheating,GPU Overheat
gpu overheating problem,GPU Overheat
gpu overheating problem,GPU Overheat
gpu overheating problem,GPU Overheat
gpu overheating problem,GPU Overheat
gpu overheating 360,GPU Overheat
gpu overheating problem,GPU Overheat
gpu overheating problem,GPU Overheat
gpu overheating problem,GPU Overheat
gpu overheating problem,GPU Overheat
my gpu overheating,GPU Overheat
gpu overheating problem,GPU Overheat
gpu overheating problem,GPU Overheat
gpu overheating problem,GPU Overheat
gpu overheating problem,GPU Overheat
gpu overheating 370,GPU Overheat
gpu overheating problem,GPU Overheat
gpu overheating problem,GPU Overheat
gpu overheating problem,GPU Overheat
gpu overheating problem,GPU Overheat
my gpu overheating,GPU Overheat
gpu overheating problem,GPU Overheat
gpu overheating problem,GPU Overheat
gpu overheating problem,GPU Overheat
gpu overheating problem,GPU Overheat
gpu overheating 380,GPU Overheat
gpu overheating problem,GPU Overheat
gpu overheating problem,GPU Overheat
gpu overheating problem,GPU Overheat
gpu overheating problem,GPU Overheat
my gpu overheating,GPU Overheat
gpu overheating problem,GPU Overheat
gpu overheating problem,GPU Overheat
gpu overheating problem,GPU Overheat
gpu overheating problem,GPU Overheat
gpu overheating 390,GPU Overheat
gpu overheating problem,GPU Overheat
gpu overheating problem,GPU Overheat
gpu overheating problem,GPU Overheat
gpu overheating problem,GPU Overheat
my gpu overheating,GPU Overheat
gpu overheating problem,GPU Overheat
gpu overheating problem,GPU Overheat
gpu overheating problem,GPU Overheat
gpu overheating problem,GPU Overheat
gpu overheating 400,GPU Overheat
gpu overheating problem,GPU Overheat
gpu overheating problem,GPU Overheat
gpu overheating problem,GPU Overheat
gpu overheating problem,GPU Overheat
my gpu overheating,GPU Overheat
gpu overheating problem,GPU Overheat
gpu overheating problem,GPU Overheat
gpu overheating problem,GPU Overheat
gpu overheating problem,GPU Overheat
gpu overheating 410,GPU Overheat
gpu overheating problem,GPU Overheat
gpu overheating problem,GPU Overheat
gpu overheating problem,GPU Overheat
gpu overheating problem,GPU Overheat
my gpu overheating,GPU Overheat
gpu overheating problem,GPU Overheat
gpu overheating problem,GPU Overheat
gpu overheating problem,GPU Overheat
gpu overheating problem,GPU Overheat
gpu overheating 420,GPU Overheat
gpu overheating problem,GPU Overheat
gpu overheating problem,GPU Overheat
gpu overheating problem,GPU Overheat
gpu overheating problem,GPU Overheat
my gpu overheating,GPU Overheat
gpu overheating problem,GPU Overheat
gpu overheating problem,GPU Overheat
gpu overheating problem,GPU Overheat
gpu overheating problem,GPU Overheat
gpu overheating 430,GPU Overheat
gpu overheating problem,GPU Overheat
gpu overheating problem,GPU Overheat
gpu overheating problem,GPU Overheat
gpu overheating problem,GPU Overheat
my gpu overheating,GPU Overheat
gpu overheating problem,GPU Overheat
gpu overheating problem,GPU Overheat
gpu overheating problem,GPU Overheat
gpu overheating problem,GPU Overheat
gpu overheating 440,GPU Overheat
gpu overheating problem,GPU Overheat
gpu overheating problem,GPU Overheat
gpu overheating problem,GPU Overheat
gpu overheating problem,GPU Overheat
my gpu overheating,GPU Overheat
gpu overheating problem,GPU Overheat
gpu overheating problem,GPU Overheat
gpu overheating problem,GPU Overheat
gpu overheating problem,GPU Overheat
gpu overheating 450,GPU Overheat
gpu overheating problem,GPU Overheat
gpu overheating problem,GPU Overheat
gpu overheating problem,GPU Overheat
gpu overheating problem,GPU Overheat
my gpu overheating,GPU Overheat
gpu overheating problem,GPU Overheat
gpu overheating problem,GPU Overheat
gpu overheating problem,GPU Overheat
gpu overheating problem,GPU Overheat
gpu overheating 460,GPU Overheat
gpu overheating problem,GPU Overheat
gpu overheating problem,GPU Overheat
gpu overheating problem,GPU Overheat
gpu overheating problem,GPU Overheat
my gpu overheating,GPU Overheat
gpu overheating problem,GPU Overheat
gpu overheating problem,GPU Overheat
gpu overheating problem,GPU Overheat
gpu overheating problem,GPU Overheat
gpu overheating 470,GPU Overheat
gpu overheating problem,GPU Overheat
gpu overheating problem,GPU Overheat
gpu overheating problem,GPU Overheat
gpu overheating problem,GPU Overheat
my gpu overheating,GPU Overheat
gpu overheating problem,GPU Overheat
gpu overheating problem,GPU Overheat
gpu overheating problem,GPU Overheat
gpu overheating problem,GPU Overheat
gpu overheating 480,GPU Overheat
gpu overheating problem,GPU Overheat
gpu overheating problem,GPU Overheat
gpu overheating problem,GPU Overheat
gpu overheating problem,GPU Overheat
my gpu overheating,GPU Overheat
gpu overheating problem,GPU Overheat
gpu overheating problem,GPU Overheat
gpu overheating problem,GPU Overheat
gpu overheating problem,GPU Overheat
gpu overheating 490,GPU Overheat
gpu overheating problem,GPU Overheat
gpu overheating problem,GPU Overheat
gpu overheating problem,GPU Overheat
gpu overheating problem,GPU Overheat
my gpu overheating,GPU Overheat
gpu overheating problem,GPU Overheat
gpu overheating problem,GPU Overheat
gpu overheating problem,GPU Overheat
gpu overheating problem,GPU Overheat
gpu overheating 500,GPU Overheat
gpu overheating problem,GPU Overheat
gpu overheating problem,GPU Overheat
gpu overheating problem,GPU Overheat
gpu overheating problem,GPU Overheat
my gpu overheating,GPU Overheat
gpu overheating problem,GPU Overheat
gpu overheating problem,GPU Overheat
gpu overheating problem,GPU Overheat
gpu overheating problem,GPU Overheat
gpu overheating 510,GPU Overheat
gpu overheating problem,GPU Overheat
gpu overheating problem,GPU Overheat
gpu overheating problem,GPU Overheat
gpu overheating problem,GPU Overheat
my gpu overheating,GPU Overheat
gpu overheating problem,GPU Overheat
gpu overheating problem,GPU Overheat
gpu overheating problem,GPU Overheat
gpu overheating problem,GPU Overheat
gpu overheating 520,GPU Overheat
gpu overheating problem,GPU Overheat
gpu overheating problem,GPU Overheat
gpu overheating problem,GPU Overheat
gpu overheating problem,GPU Overheat
my gpu overheating,GPU Overheat
gpu overheating problem,GPU Overheat
gpu overheating problem,GPU Overheat
gpu overheating problem,GPU Overheat
gpu overheating problem,GPU Overheat
gpu overheating 530,GPU Overheat
gpu overheating problem,GPU Overheat
gpu overheating problem,GPU Overheat
gpu overheating problem,GPU Overheat
gpu overheating problem,GPU Overheat
my gpu overheating,GPU Overheat
gpu overheating problem,GPU Overheat
gpu overheating problem,GPU Overheat
gpu overheating problem,GPU Overheat
gpu overheating problem,GPU Overheat
gpu overheating 540,GPU Overheat
gpu overheating problem,GPU Overheat
gpu overheating problem,GPU Overheat
gpu overheating problem,GPU Overheat
gpu overheating problem,GPU Overheat
my gpu overheating,GPU Overheat
gpu overheating problem,GPU Overheat
gpu overheating problem,GPU Overheat
gpu overheating problem,GPU Overheat
gpu overheating problem,GPU Overheat
gpu overheating 550,GPU Overheat
gpu overheating problem,GPU Overheat
gpu overheating problem,GPU Overheat
gpu overheating problem,GPU Overheat
gpu overheating problem,GPU Overheat
my gpu overheating,GPU Overheat
gpu overheating problem,GPU Overheat
gpu overheating problem,GPU Overheat
gpu overheating problem,GPU Overheat
gpu overheating problem,GPU Overheat
gpu overheating 560,GPU Overheat
gpu overheating problem,GPU Overheat
gpu overheating problem,GPU Overheat
gpu overheating problem,GPU Overheat
gpu overheating problem,GPU Overheat
my gpu overheating,GPU Overheat
gpu overheating problem,GPU Overheat
gpu overheating problem,GPU Overheat
gpu overheating problem,GPU Overheat
gpu overheating problem,GPU Overheat
gpu overheating 570,GPU Overheat
gpu overheating problem,GPU Overheat
gpu overheating problem,GPU Overheat
gpu overheating problem,GPU Overheat
gpu overheating problem,GPU Overheat
my gpu overheating,GPU Overheat
gpu overheating problem,GPU Overheat
gpu overheating problem,GPU Overheat
gpu overheating problem,GPU Overheat
gpu overheating problem,GPU Overheat
gpu overheating 580,GPU Overheat
gpu overheating problem,GPU Overheat
gpu overheating problem,GPU Overheat
gpu overheating problem,GPU Overheat
gpu overheating problem,GPU Overheat
my gpu overheating,GPU Overheat
gpu overheating problem,GPU Overheat
gpu overheating problem,GPU Overheat
gpu overheating problem,GPU Overheat
gpu overheating problem,GPU Overheat
gpu overheating 590,GPU Overheat
gpu overheating problem,GPU Overheat
gpu overheating problem,GPU Overheat
gpu overheating problem,GPU Overheat
gpu overheating problem,GPU Overheat
my gpu overheating,GPU Overheat
gpu overheating problem,GPU Overheat
gpu overheating problem,GPU Overheat
gpu overheating problem,GPU Overheat
gpu overheating problem,GPU Overheat
gpu overheating 600,GPU Overheat
gpu overheating problem,GPU Overheat
gpu overheating problem,GPU Overheat
gpu overheating problem,GPU Overheat
gpu overheating problem,GPU Overheat
my gpu overheating,GPU Overheat
gpu overheating problem,GPU Overheat
gpu overheating problem,GPU Overheat
gpu overheating problem,GPU Overheat
gpu overheating problem,GPU Overheat
gpu overheating 610,GPU Overheat
gpu overheating problem,GPU Overheat
gpu overheating problem,GPU Overheat
gpu overheating problem,GPU Overheat
gpu overheating problem,GPU Overheat
my gpu overheating,GPU Overheat
gpu overheating problem,GPU Overheat
gpu overheating problem,GPU Overheat
gpu overheating problem,GPU Overheat
gpu overheating problem,GPU Overheat
gpu overheating 620,GPU Overheat
gpu overheating problem,GPU Overheat
gpu overheating problem,GPU Overheat
gpu overheating problem,GPU Overheat
gpu overheating problem,GPU Overheat
my gpu overheating,GPU Overheat
gpu overheating problem,GPU Overheat
gpu overheating problem,GPU Overheat
gpu overheating problem,GPU Overheat
gpu overheating problem,GPU Overheat
gpu overheating 630,GPU Overheat
gpu overheating problem,GPU Overheat
gpu overheating problem,GPU Overheat
gpu overheating problem,GPU Overheat
gpu overheating problem,GPU Overheat
my gpu overheating,GPU Overheat
gpu overheating problem,GPU Overheat
gpu overheating problem,GPU Overheat
gpu overheating problem,GPU Overheat
gpu overheating problem,GPU Overheat
gpu overheating 640,GPU Overheat
gpu overheating problem,GPU Overheat
gpu overheating problem,GPU Overheat
gpu overheating problem,GPU Overheat
gpu overheating problem,GPU Overheat
my gpu overheating,GPU Overheat
gpu overheating problem,GPU Overheat
gpu overheating problem,GPU Overheat
gpu overheating problem,GPU Overheat
gpu overheating problem,GPU Overheat
gpu overheating 650,GPU Overheat
gpu overheating problem,GPU Overheat
gpu overheating problem,GPU Overheat
gpu overheating problem,GPU Overheat
gpu overheating problem,GPU Overheat
my gpu overheating,GPU Overheat
gpu overheating problem,GPU Overheat
gpu overheating problem,GPU Overheat
gpu overheating problem,GPU Overheat
gpu overheating problem,GPU Overheat
gpu overheating 660,GPU Overheat
gpu overheating problem,GPU Overheat
gpu overheating problem,GPU Overheat
gpu overheating problem,GPU Overheat
gpu overheating problem,GPU Overheat
my gpu overheating,GPU Overheat
gpu overheating problem,GPU Overheat
gpu overheating problem,GPU Overheat
gpu overheating problem,GPU Overheat
gpu overheating problem,GPU Overheat
gpu overheating 670,GPU Overheat
gpu overheating problem,GPU Overheat
gpu overheating problem,GPU Overheat
gpu overheating problem,GPU Overheat
gpu overheating problem,GPU Overheat
my gpu overheating,GPU Overheat
gpu overheating problem,GPU Overheat
gpu overheating problem,GPU Overheat
gpu overheating problem,GPU Overheat
gpu overheating problem,GPU Overheat
gpu overheating 680,GPU Overheat
gpu overheating problem,GPU Overheat
gpu overheating problem,GPU Overheat
gpu overheating problem,GPU Overheat
gpu overheating problem,GPU Overheat
my gpu overheating,GPU Overheat
gpu overheating problem,GPU Overheat
gpu overheating problem,GPU Overheat
gpu overheating problem,GPU Overheat
gpu overheating problem,GPU Overheat
gpu overheating 690,GPU Overheat
gpu overheating problem,GPU Overheat
gpu overheating problem,GPU Overheat
gpu overheating problem,GPU Overheat
gpu overheating problem,GPU Overheat
my gpu overheating,GPU Overheat
gpu overheating problem,GPU Overheat
gpu overheating problem,GPU Overheat
gpu overheating problem,GPU Overheat
gpu overheating problem,GPU Overheat
gpu overheating 700,GPU Overheat
gpu overheating problem,GPU Overheat
gpu overheating problem,GPU Overheat
gpu overheating problem,GPU Overheat
gpu overheating problem,GPU Overheat
my gpu overheating,GPU Overheat
gpu overheating problem,GPU Overheat
gpu overheating problem,GPU Overheat
gpu overheating problem,GPU Overheat
gpu overheating problem,GPU Overheat
gpu overheating 710,GPU Overheat
gpu overheating problem,GPU Overheat
gpu overheating problem,GPU Overheat
gpu overheating problem,GPU Overheat
gpu overheating problem,GPU Overheat
my gpu overheating,GPU Overheat
gpu overheating problem,GPU Overheat
gpu overheating problem,GPU Overheat
gpu overheating problem,GPU Overheat
gpu overheating problem,GPU Overheat
gpu overheating 720,GPU Overheat
gpu overheating problem,GPU Overheat
gpu overheating problem,GPU Overheat
gpu overheating problem,GPU Overheat
gpu overheating problem,GPU Overheat
my gpu overheating,GPU Overheat
gpu overheating problem,GPU Overheat
gpu overheating problem,GPU Overheat
gpu overheating problem,GPU Overheat
gpu overheating problem,GPU Overheat
gpu overheating 730,GPU Overheat
gpu overheating problem,GPU Overheat
gpu overheating problem,GPU Overheat
gpu overheating problem,GPU Overheat
gpu overheating problem,GPU Overheat
my gpu overheating,GPU Overheat
gpu overheating problem,GPU Overheat
gpu overheating problem,GPU Overheat
gpu overheating problem,GPU Overheat
gpu overheating problem,GPU Overheat
gpu overheating 740,GPU Overheat
gpu overheating problem,GPU Overheat
gpu overheating problem,GPU Overheat
gpu overheating problem,GPU Overheat
gpu overheating problem,GPU Overheat
my gpu overheating,GPU Overheat
gpu overheating problem,GPU Overheat
gpu overheating problem,GPU Overheat
gpu overheating problem,GPU Overheat
gpu overheating problem,GPU Overheat
gpu overheating 750,GPU Overheat
gpu overheating problem,GPU Overheat
gpu overheating problem,GPU Overheat
gpu overheating problem,GPU Overheat
gpu overheating problem,GPU Overheat
my gpu overheating,GPU Overheat
gpu overheating problem,GPU Overheat
gpu overheating problem,GPU Overheat
gpu overheating problem,GPU Overheat
gpu overheating problem,GPU Overheat
gpu overheating 760,GPU Overheat
gpu overheating problem,GPU Overheat
gpu overheating problem,GPU Overheat
gpu overheating problem,GPU Overheat
gpu overheating problem,GPU Overheat
my gpu overheating,GPU Overheat
gpu overheating problem,GPU Overheat
gpu overheating problem,GPU Overheat
gpu overheating problem,GPU Overheat
gpu overheating problem,GPU Overheat
gpu overheating 770,GPU Overheat
gpu overheating problem,GPU Overheat
gpu overheating problem,GPU Overheat
gpu overheating problem,GPU Overheat
gpu overheating problem,GPU Overheat
my gpu overheating,GPU Overheat
gpu overheating problem,GPU Overheat
gpu overheating problem,GPU Overheat
gpu overheating problem,GPU Overheat
gpu overheating problem,GPU Overheat
gpu overheating 780,GPU Overheat
gpu overheating problem,GPU Overheat
gpu overheating problem,GPU Overheat
gpu overheating problem,GPU Overheat
gpu overheating problem,GPU Overheat
my gpu overheating,GPU Overheat
gpu overheating problem,GPU Overheat
gpu overheating problem,GPU Overheat
gpu overheating problem,GPU Overheat
gpu overheating problem,GPU Overheat
gpu overheating 790,GPU Overheat
gpu overheating problem,GPU Overheat
gpu overheating problem,GPU Overheat
gpu overheating problem,GPU Overheat
gpu overheating problem,GPU Overheat
my gpu overheating,GPU Overheat
gpu overheating problem,GPU Overheat
gpu overheating problem,GPU Overheat
gpu overheating problem,GPU Overheat
gpu overheating problem,GPU Overheat
gpu overheating 800,GPU Overheat
gpu overheating problem,GPU Overheat
gpu overheating problem,GPU Overheat
gpu overheating problem,GPU Overheat
gpu overheating problem,GPU Overheat
my gpu overheating,GPU Overheat
gpu overheating problem,GPU Overheat
gpu overheating problem,GPU Overheat
gpu overheating problem,GPU Overheat
gpu overheating problem,GPU Overheat
gpu overheating 810,GPU Overheat
gpu overheating problem,GPU Overheat
gpu overheating problem,GPU Overheat
gpu overheating problem,GPU Overheat
gpu overheating problem,GPU Overheat
my gpu overheating,GPU Overheat
gpu overheating problem,GPU Overheat
gpu overheating problem,GPU Overheat
gpu overheating problem,GPU Overheat
gpu overheating problem,GPU Overheat
gpu overheating 820,GPU Overheat
gpu overheating problem,GPU Overheat
gpu overheating problem,GPU Overheat
gpu overheating problem,GPU Overheat
gpu overheating problem,GPU Overheat
my gpu overheating,GPU Overheat
gpu overheating problem,GPU Overheat
gpu overheating problem,GPU Overheat
gpu overheating problem,GPU Overheat
gpu overheating problem,GPU Overheat
gpu overheating 830,GPU Overheat
gpu overheating problem,GPU Overheat
gpu overheating problem,GPU Overheat
gpu overheating problem,GPU Overheat
gpu overheating problem,GPU Overheat
my gpu overheating,GPU Overheat
gpu overheating problem,GPU Overheat
gpu overheating problem,GPU Overheat
gpu overheating problem,GPU Overheat
gpu overheating problem,GPU Overheat
gpu overheating 840,GPU Overheat
gpu overheating problem,GPU Overheat
gpu overheating problem,GPU Overheat
gpu overheating problem,GPU Overheat
gpu overheating problem,GPU Overheat
my gpu overheating,GPU Overheat
gpu overheating problem,GPU Overheat
gpu overheating problem,GPU Overheat
gpu overheating problem,GPU Overheat
gpu overheating problem,GPU Overheat
gpu overheating 850,GPU Overheat
gpu overheating problem,GPU Overheat
gpu overheating problem,GPU Overheat
gpu overheating problem,GPU Overheat
gpu overheating problem,GPU Overheat
my gpu overheating,GPU Overheat
gpu overheating problem,GPU Overheat
gpu overheating problem,GPU Overheat
gpu overheating problem,GPU Overheat
gpu overheating problem,GPU Overheat
gpu overheating 860,GPU Overheat
gpu overheating problem,GPU Overheat
gpu overheating problem,GPU Overheat
gpu overheating problem,GPU Overheat
gpu overheating problem,GPU Overheat
my gpu overheating,GPU Overheat
gpu overheating problem,GPU Overheat
gpu overheating problem,GPU Overheat
gpu overheating problem,GPU Overheat
gpu overheating problem,GPU Overheat
gpu overheating 870,GPU Overheat
gpu overheating problem,GPU Overheat
gpu overheating problem,GPU Overheat
gpu overheating problem,GPU Overheat
gpu overheating problem,GPU Overheat
my gpu overheating,GPU Overheat
gpu overheating problem,GPU Overheat
gpu overheating problem,GPU Overheat
gpu overheating problem,GPU Overheat
gpu overheating problem,GPU Overheat
gpu overheating 880,GPU Overheat
gpu overheating problem,GPU Overheat
gpu overheating problem,GPU Overheat
gpu overheating problem,GPU Overheat
gpu overheating problem,GPU Overheat
my gpu overheating,GPU Overheat
gpu overheating problem,GPU Overheat
gpu overheating problem,GPU Overheat
gpu overheating problem,GPU Overheat
gpu overheating problem,GPU Overheat
gpu overheating 890,GPU Overheat
gpu overheating problem,GPU Overheat
gpu overheating problem,GPU Overheat
gpu overheating problem,GPU Overheat
gpu overheating problem,GPU Overheat
my gpu overheating,GPU Overheat
gpu overheating problem,GPU Overheat
gpu overheating problem,GPU Overheat
gpu overheating problem,GPU Overheat
gpu overheating problem,GPU Overheat
gpu overheating 900,GPU Overheat
gpu overheating problem,GPU Overheat
gpu overheating problem,GPU Overheat
gpu overheating problem,GPU Overheat
gpu overheating problem,GPU Overheat
my gpu overheating,GPU Overheat
gpu overheating problem,GPU Overheat
gpu overheating problem,GPU Overheat
gpu overheating problem,GPU Overheat
gpu overheating problem,GPU Overheat
gpu overheating 910,GPU Overheat
gpu overheating problem,GPU Overheat
gpu overheating problem,GPU Overheat
gpu overheating problem,GPU Overheat
gpu overheating problem,GPU Overheat
my gpu overheating,GPU Overheat
gpu overheating problem,GPU Overheat
gpu overheating problem,GPU Overheat
gpu overheating problem,GPU Overheat
gpu overheating problem,GPU Overheat
gpu overheating 920,GPU Overheat
gpu overheating problem,GPU Overheat
gpu overheating problem,GPU Overheat
gpu overheating problem,GPU Overheat
gpu overheating problem,GPU Overheat
my gpu overheating,GPU Overheat
gpu overheating problem,GPU Overheat
gpu overheating problem,GPU Overheat
gpu overheating problem,GPU Overheat
gpu overheating problem,GPU Overheat
gpu overheating 930,GPU Overheat
gpu overheating problem,GPU Overheat
gpu overheating problem,GPU Overheat
gpu overheating problem,GPU Overheat
gpu overheating problem,GPU Overheat
my gpu overheating,GPU Overheat
gpu overheating problem,GPU Overheat
gpu overheating problem,GPU Overheat
gpu overheating problem,GPU Overheat
gpu overheating problem,GPU Overheat
gpu overheating 940,GPU Overheat
gpu overheating problem,GPU Overheat
gpu overheating problem,GPU Overheat
gpu overheating problem,GPU Overheat
gpu overheating problem,GPU Overheat
my gpu overheating,GPU Overheat
gpu overheating problem,GPU Overheat
gpu overheating problem,GPU Overheat
gpu overheating problem,GPU Overheat
gpu overheating problem,GPU Overheat
gpu overheating 950,GPU Overheat
gpu overheating problem,GPU Overheat
gpu overheating problem,GPU Overheat
gpu overheating problem,GPU Overheat
gpu overheating problem,GPU Overheat
my gpu overheating,GPU Overheat
gpu overheating problem,GPU Overheat
gpu overheating problem,GPU Overheat
gpu overheating problem,GPU Overheat
gpu overheating problem,GPU Overheat
gpu overheating 960,GPU Overheat
gpu overheating problem,GPU Overheat
gpu overheating problem,GPU Overheat
gpu overheating problem,GPU Overheat
gpu overheating problem,GPU Overheat
my gpu overheating,GPU Overheat
gpu overheating problem,GPU Overheat
gpu overheating problem,GPU Overheat
gpu overheating problem,GPU Overheat
gpu overheating problem,GPU Overheat
gpu overheating 970,GPU Overheat
gpu overheating problem,GPU Overheat
gpu overheating problem,GPU Overheat
gpu overheating problem,GPU Overheat
gpu overheating problem,GPU Overheat
my gpu overheating,GPU Overheat
gpu overheating problem,GPU Overheat
gpu overheating problem,GPU Overheat
gpu overheating problem,GPU Overheat
gpu overheating problem,GPU Overheat
gpu overheating 980,GPU Overheat
gpu overheating problem,GPU Overheat
gpu overheating problem,GPU Overheat
gpu overheating problem,GPU Overheat
gpu overheating problem,GPU Overheat
my gpu overheating,GPU Overheat
gpu overheating problem,GPU Overheat
gpu overheating problem,GPU Overheat
gpu overheating problem,GPU Overheat
gpu overheating problem,GPU Overheat
gpu overheating 990,GPU Overheat
gpu overheating problem,GPU Overheat
gpu overheating problem,GPU Overheat
gpu overheating problem,GPU Overheat
gpu overheating problem,GPU Overheat
my gpu overheating,GPU Overheat
gpu overheating problem,GPU Overheat
gpu overheating problem,GPU Overheat
gpu overheating problem,GPU Overheat
gpu overheating problem,GPU Overheat
gpu overheating 1000,GPU Overheat
gpu overheating problem,GPU Overheat
gpu overheating problem,GPU Overheat
gpu overheating problem,GPU Overheat
gpu overheating problem,GPU Overheat
my gpu overheating,GPU Overheat
gpu overheating problem,GPU Overheat
gpu overheating problem,GPU Overheat
gpu overheating problem,GPU Overheat
gpu overheating problem,GPU Overheat
gpu overheating 1010,GPU Overheat
gpu overheating problem,GPU Overheat
gpu overheating problem,GPU Overheat
gpu overheating problem,GPU Overheat
gpu overheating problem,GPU Overheat
my gpu overheating,GPU Overheat
gpu overheating problem,GPU Overheat
gpu overheating problem,GPU Overheat
gpu overheating problem,GPU Overheat
gpu overheating problem,GPU Overheat
gpu overheating 1020,GPU Overheat
gpu overheating problem,GPU Overheat
gpu overheating problem,GPU Overheat
gpu overheating problem,GPU Overheat
gpu overheating problem,GPU Overheat
my gpu overheating,GPU Overheat
gpu overheating problem,GPU Overheat
gpu overheating problem,GPU Overheat
gpu overheating problem,GPU Overheat
gpu overheating problem,GPU Overheat
gpu overheating 1030,GPU Overheat
gpu overheating problem,GPU Overheat
gpu overheating problem,GPU Overheat
gpu overheating problem,GPU Overheat
gpu overheating problem,GPU Overheat
my gpu overheating,GPU Overheat
gpu overheating problem,GPU Overheat
gpu overheating problem,GPU Overheat
gpu overheating problem,GPU Overheat
gpu overheating problem,GPU Overheat
gpu overheating 1040,GPU Overheat
gpu overheating problem,GPU Overheat
gpu overheating problem,GPU Overheat
gpu overheating problem,GPU Overheat
gpu overheating problem,GPU Overheat
my gpu overheating,GPU Overheat
gpu overheating problem,GPU Overheat
gpu overheating problem,GPU Overheat
gpu overheating problem,GPU Overheat
gpu overheating problem,GPU Overheat
gpu overheating 1050,GPU Overheat
gpu overheating problem,GPU Overheat
gpu overheating problem,GPU Overheat
gpu overheating problem,GPU Overheat
gpu overheating problem,GPU Overheat
my gpu overheating,GPU Overheat
gpu overheating problem,GPU Overheat
gpu overheating problem,GPU Overheat
gpu overheating problem,GPU Overheat
gpu overheating problem,GPU Overheat
gpu overheating 1060,GPU Overheat
gpu overheating problem,GPU Overheat
gpu overheating problem,GPU Overheat
gpu overheating problem,GPU Overheat
gpu overheating problem,GPU Overheat
my gpu overheating,GPU Overheat
gpu overheating problem,GPU Overheat
gpu overheating problem,GPU Overheat
gpu overheating problem,GPU Overheat
gpu overheating problem,GPU Overheat
gpu overheating 1070,GPU Overheat
gpu overheating problem,GPU Overheat
gpu overheating problem,GPU Overheat
gpu overheating problem,GPU Overheat
gpu overheating problem,GPU Overheat
my gpu overheating,GPU Overheat
gpu overheating problem,GPU Overheat
gpu overheating problem,GPU Overheat
gpu overheating problem,GPU Overheat
gpu overheating problem,GPU Overheat
gpu overheating 1080,GPU Overheat
gpu overheating problem,GPU Overheat
gpu overheating problem,GPU Overheat
gpu overheating problem,GPU Overheat
gpu overheating problem,GPU Overheat
my gpu overheating,GPU Overheat
gpu overheating problem,GPU Overheat
gpu overheating problem,GPU Overheat
gpu overheating problem,GPU Overheat
gpu overheating problem,GPU Overheat
gpu overheating 1090,GPU Overheat
gpu overheating problem,GPU Overheat
gpu overheating problem,GPU Overheat
gpu overheating problem,GPU Overheat
gpu overheating problem,GPU Overheat
my gpu overheating,GPU Overheat
gpu overheating problem,GPU Overheat
gpu overheating problem,GPU Overheat
gpu overheating problem,GPU Overheat
gpu overheating problem,GPU Overheat
gpu overheating 1100,GPU Overheat
gpu overheating problem,GPU Overheat
gpu overheating problem,GPU Overheat
gpu overheating problem,GPU Overheat
gpu overheating problem,GPU Overheat
cpu overheating,CPU Overheat
processor overheating,CPU Overheat
cpu temperature high,CPU Overheat
processor too hot,CPU Overheat
cpu running hot,CPU Overheat
cpu overheating 0,CPU Overheat
cpu overheating problem,CPU Overheat
cpu overheating problem,CPU Overheat
cpu overheating problem,CPU Overheat
cpu overheating problem,CPU Overheat
my cpu overheating,CPU Overheat
cpu overheating problem,CPU Overheat
cpu overheating problem,CPU Overheat
cpu overheating problem,CPU Overheat
cpu overheating problem,CPU Overheat
cpu overheating 10,CPU Overheat
cpu overheating problem,CPU Overheat
cpu overheating problem,CPU Overheat
cpu overheating problem,CPU Overheat
cpu overheating problem,CPU Overheat
my cpu overheating,CPU Overheat
cpu overheating problem,CPU Overheat
cpu overheating problem,CPU Overheat
cpu overheating problem,CPU Overheat
cpu overheating problem,CPU Overheat
cpu overheating 20,CPU Overheat
cpu overheating problem,CPU Overheat
cpu overheating problem,CPU Overheat
cpu overheating problem,CPU Overheat
cpu overheating problem,CPU Overheat
my cpu overheating,CPU Overheat
cpu overheating problem,CPU Overheat
cpu overheating problem,CPU Overheat
cpu overheating problem,CPU Overheat
cpu overheating problem,CPU Overheat
cpu overheating 30,CPU Overheat
cpu overheating problem,CPU Overheat
cpu overheating problem,CPU Overheat
cpu overheating problem,CPU Overheat
cpu overheating problem,CPU Overheat
my cpu overheating,CPU Overheat
cpu overheating problem,CPU Overheat
cpu overheating problem,CPU Overheat
cpu overheating problem,CPU Overheat
cpu overheating problem,CPU Overheat
cpu overheating 40,CPU Overheat
cpu overheating problem,CPU Overheat
cpu overheating problem,CPU Overheat
cpu overheating problem,CPU Overheat
cpu overheating problem,CPU Overheat
my cpu overheating,CPU Overheat
cpu overheating problem,CPU Overheat
cpu overheating problem,CPU Overheat
cpu overheating problem,CPU Overheat
cpu overheating problem,CPU Overheat
cpu overheating 50,CPU Overheat
cpu overheating problem,CPU Overheat
cpu overheating problem,CPU Overheat
cpu overheating problem,CPU Overheat
cpu overheating problem,CPU Overheat
my cpu overheating,CPU Overheat
cpu overheating problem,CPU Overheat
cpu overheating problem,CPU Overheat
cpu overheating problem,CPU Overheat
cpu overheating problem,CPU Overheat
cpu overheating 60,CPU Overheat
cpu overheating problem,CPU Overheat
cpu overheating problem,CPU Overheat
cpu overheating problem,CPU Overheat
cpu overheating problem,CPU Overheat
my cpu overheating,CPU Overheat
cpu overheating problem,CPU Overheat
cpu overheating problem,CPU Overheat
cpu overheating problem,CPU Overheat
cpu overheating problem,CPU Overheat
cpu overheating 70,CPU Overheat
cpu overheating problem,CPU Overheat
cpu overheating problem,CPU Overheat
cpu overheating problem,CPU Overheat
cpu overheating problem,CPU Overheat
my cpu overheating,CPU Overheat
cpu overheating problem,CPU Overheat
cpu overheating problem,CPU Overheat
cpu overheating problem,CPU Overheat
cpu overheating problem,CPU Overheat
cpu overheating 80,CPU Overheat
cpu overheating problem,CPU Overheat
cpu overheating problem,CPU Overheat
cpu overheating problem,CPU Overheat
cpu overheating problem,CPU Overheat
my cpu overheating,CPU Overheat
cpu overheating problem,CPU Overheat
cpu overheating problem,CPU Overheat
cpu overheating problem,CPU Overheat
cpu overheating problem,CPU Overheat
cpu overheating 90,CPU Overheat
cpu overheating problem,CPU Overheat
cpu overheating problem,CPU Overheat
cpu overheating problem,CPU Overheat
cpu overheating problem,CPU Overheat
my cpu overheating,CPU Overheat
cpu overheating problem,CPU Overheat
cpu overheating problem,CPU Overheat
cpu overheating problem,CPU Overheat
cpu overheating problem,CPU Overheat
cpu overheating 100,CPU Overheat
cpu overheating problem,CPU Overheat
cpu overheating problem,CPU Overheat
cpu overheating problem,CPU Overheat
cpu overheating problem,CPU Overheat
my cpu overheating,CPU Overheat
cpu overheating problem,CPU Overheat
cpu overheating problem,CPU Overheat
cpu overheating problem,CPU Overheat
cpu overheating problem,CPU Overheat
cpu overheating 110,CPU Overheat
cpu overheating problem,CPU Overheat
cpu overheating problem,CPU Overheat
cpu overheating problem,CPU Overheat
cpu overheating problem,CPU Overheat
my cpu overheating,CPU Overheat
cpu overheating problem,CPU Overheat
cpu overheating problem,CPU Overheat
cpu overheating problem,CPU Overheat
cpu overheating problem,CPU Overheat
cpu overheating 120,CPU Overheat
cpu overheating problem,CPU Overheat
cpu overheating problem,CPU Overheat
cpu overheating problem,CPU Overheat
cpu overheating problem,CPU Overheat
my cpu overheating,CPU Overheat
cpu overheating problem,CPU Overheat
cpu overheating problem,CPU Overheat
cpu overheating problem,CPU Overheat
cpu overheating problem,CPU Overheat
cpu overheating 130,CPU Overheat
cpu overheating problem,CPU Overheat
cpu overheating problem,CPU Overheat
cpu overheating problem,CPU Overheat
cpu overheating problem,CPU Overheat
my cpu overheating,CPU Overheat
cpu overheating problem,CPU Overheat
cpu overheating problem,CPU Overheat
cpu overheating problem,CPU Overheat
cpu overheating problem,CPU Overheat
cpu overheating 140,CPU Overheat
cpu overheating problem,CPU Overheat
cpu overheating problem,CPU Overheat
cpu overheating problem,CPU Overheat
cpu overheating problem,CPU Overheat
my cpu overheating,CPU Overheat
cpu overheating problem,CPU Overheat
cpu overheating problem,CPU Overheat
cpu overheating problem,CPU Overheat
cpu overheating problem,CPU Overheat
cpu overheating 150,CPU Overheat
cpu overheating problem,CPU Overheat
cpu overheating problem,CPU Overheat
cpu overheating problem,CPU Overheat
cpu overheating problem,CPU Overheat
my cpu overheating,CPU Overheat
cpu overheating problem,CPU Overheat
cpu overheating problem,CPU Overheat
cpu overheating problem,CPU Overheat
cpu overheating problem,CPU Overheat
cpu overheating 160,CPU Overheat
cpu overheating problem,CPU Overheat
cpu overheating problem,CPU Overheat
cpu overheating problem,CPU Overheat
cpu overheating problem,CPU Overheat
my cpu overheating,CPU Overheat
cpu overheating problem,CPU Overheat
cpu overheating problem,CPU Overheat
cpu overheating problem,CPU Overheat
cpu overheating problem,CPU Overheat
cpu overheating 170,CPU Overheat
cpu overheating problem,CPU Overheat
cpu overheating problem,CPU Overheat
cpu overheating problem,CPU Overheat
cpu overheating problem,CPU Overheat
my cpu overheating,CPU Overheat
cpu overheating problem,CPU Overheat
cpu overheating problem,CPU Overheat
cpu overheating problem,CPU Overheat
cpu overheating problem,CPU Overheat
cpu overheating 180,CPU Overheat
cpu overheating problem,CPU Overheat
cpu overheating problem,CPU Overheat
cpu overheating problem,CPU Overheat
cpu overheating problem,CPU Overheat
my cpu overheating,CPU Overheat
cpu overheating problem,CPU Overheat
cpu overheating problem,CPU Overheat
cpu overheating problem,CPU Overheat
cpu overheating problem,CPU Overheat
cpu overheating 190,CPU Overheat
cpu overheating problem,CPU Overheat
cpu overheating problem,CPU Overheat
cpu overheating problem,CPU Overheat
cpu overheating problem,CPU Overheat
my cpu overheating,CPU Overheat
cpu overheating problem,CPU Overheat
cpu overheating problem,CPU Overheat
cpu overheating problem,CPU Overheat
cpu overheating problem,CPU Overheat
cpu overheating 200,CPU Overheat
cpu overheating problem,CPU Overheat
cpu overheating problem,CPU Overheat
cpu overheating problem,CPU Overheat
cpu overheating problem,CPU Overheat
my cpu overheating,CPU Overheat
cpu overheating problem,CPU Overheat
cpu overheating problem,CPU Overheat
cpu overheating problem,CPU Overheat
cpu overheating problem,CPU Overheat
cpu overheating 210,CPU Overheat
cpu overheating problem,CPU Overheat
cpu overheating problem,CPU Overheat
cpu overheating problem,CPU Overheat
cpu overheating problem,CPU Overheat
my cpu overheating,CPU Overheat
cpu overheating problem,CPU Overheat
cpu overheating problem,CPU Overheat
cpu overheating problem,CPU Overheat
cpu overheating problem,CPU Overheat
cpu overheating 220,CPU Overheat
cpu overheating problem,CPU Overheat
cpu overheating problem,CPU Overheat
cpu overheating problem,CPU Overheat
cpu overheating problem,CPU Overheat
my cpu overheating,CPU Overheat
cpu overheating problem,CPU Overheat
cpu overheating problem,CPU Overheat
cpu overheating problem,CPU Overheat
cpu overheating problem,CPU Overheat
cpu overheating 230,CPU Overheat
cpu overheating problem,CPU Overheat
cpu overheating problem,CPU Overheat
cpu overheating problem,CPU Overheat
cpu overheating problem,CPU Overheat
my cpu overheating,CPU Overheat
cpu overheating problem,CPU Overheat
cpu overheating problem,CPU Overheat
cpu overheating problem,CPU Overheat
cpu overheating problem,CPU Overheat
cpu overheating 240,CPU Overheat
cpu overheating problem,CPU Overheat
cpu overheating problem,CPU Overheat
cpu overheating problem,CPU Overheat
cpu overheating problem,CPU Overheat
my cpu overheating,CPU Overheat
cpu overheating problem,CPU Overheat
cpu overheating problem,CPU Overheat
cpu overheating problem,CPU Overheat
cpu overheating problem,CPU Overheat
cpu overheating 250,CPU Overheat
cpu overheating problem,CPU Overheat
cpu overheating problem,CPU Overheat
cpu overheating problem,CPU Overheat
cpu overheating problem,CPU Overheat
my cpu overheating,CPU Overheat
cpu overheating problem,CPU Overheat
cpu overheating problem,CPU Overheat
cpu overheating problem,CPU Overheat
cpu overheating problem,CPU Overheat
cpu overheating 260,CPU Overheat
cpu overheating problem,CPU Overheat
cpu overheating problem,CPU Overheat
cpu overheating problem,CPU Overheat
cpu overheating problem,CPU Overheat
my cpu overheating,CPU Overheat
cpu overheating problem,CPU Overheat
cpu overheating problem,CPU Overheat
cpu overheating problem,CPU Overheat
cpu overheating problem,CPU Overheat
cpu overheating 270,CPU Overheat
cpu overheating problem,CPU Overheat
cpu overheating problem,CPU Overheat
cpu overheating problem,CPU Overheat
cpu overheating problem,CPU Overheat
my cpu overheating,CPU Overheat
cpu overheating problem,CPU Overheat
cpu overheating problem,CPU Overheat
cpu overheating problem,CPU Overheat
cpu overheating problem,CPU Overheat
cpu overheating 280,CPU Overheat
cpu overheating problem,CPU Overheat
cpu overheating problem,CPU Overheat
cpu overheating problem,CPU Overheat
cpu overheating problem,CPU Overheat
my cpu overheating,CPU Overheat
cpu overheating problem,CPU Overheat
cpu overheating problem,CPU Overheat
cpu overheating problem,CPU Overheat
cpu overheating problem,CPU Overheat
cpu overheating 290,CPU Overheat
cpu overheating problem,CPU Overheat
cpu overheating problem,CPU Overheat
cpu overheating problem,CPU Overheat
cpu overheating problem,CPU Overheat
my cpu overheating,CPU Overheat
cpu overheating problem,CPU Overheat
cpu overheating problem,CPU Overheat
cpu overheating problem,CPU Overheat
cpu overheating problem,CPU Overheat
cpu overheating 300,CPU Overheat
cpu overheating problem,CPU Overheat
cpu overheating problem,CPU Overheat
cpu overheating problem,CPU Overheat
cpu overheating problem,CPU Overheat
my cpu overheating,CPU Overheat
cpu overheating problem,CPU Overheat
cpu overheating problem,CPU Overheat
cpu overheating problem,CPU Overheat
cpu overheating problem,CPU Overheat
cpu overheating 310,CPU Overheat
cpu overheating problem,CPU Overheat
cpu overheating problem,CPU Overheat
cpu overheating problem,CPU Overheat
cpu overheating problem,CPU Overheat
my cpu overheating,CPU Overheat
cpu overheating problem,CPU Overheat
cpu overheating problem,CPU Overheat
cpu overheating problem,CPU Overheat
cpu overheating problem,CPU Overheat
cpu overheating 320,CPU Overheat
cpu overheating problem,CPU Overheat
cpu overheating problem,CPU Overheat
cpu overheating problem,CPU Overheat
cpu overheating problem,CPU Overheat
my cpu overheating,CPU Overheat
cpu overheating problem,CPU Overheat
cpu overheating problem,CPU Overheat
cpu overheating problem,CPU Overheat
cpu overheating problem,CPU Overheat
cpu overheating 330,CPU Overheat
cpu overheating problem,CPU Overheat
cpu overheating problem,CPU Overheat
cpu overheating problem,CPU Overheat
cpu overheating problem,CPU Overheat
my cpu overheating,CPU Overheat
cpu overheating problem,CPU Overheat
cpu overheating problem,CPU Overheat
cpu overheating problem,CPU Overheat
cpu overheating problem,CPU Overheat
cpu overheating 340,CPU Overheat
cpu overheating problem,CPU Overheat
cpu overheating problem,CPU Overheat
cpu overheating problem,CPU Overheat
cpu overheating problem,CPU Overheat
my cpu overheating,CPU Overheat
cpu overheating problem,CPU Overheat
cpu overheating problem,CPU Overheat
cpu overheating problem,CPU Overheat
cpu overheating problem,CPU Overheat
cpu overheating 350,CPU Overheat
cpu overheating problem,CPU Overheat
cpu overheating problem,CPU Overheat
cpu overheating problem,CPU Overheat
cpu overheating problem,CPU Overheat
my cpu overheating,CPU Overheat
cpu overheating problem,CPU Overheat
cpu overheating problem,CPU Overheat
cpu overheating problem,CPU Overheat
cpu overheating problem,CPU Overheat
cpu overheating 360,CPU Overheat
cpu overheating problem,CPU Overheat
cpu overheating problem,CPU Overheat
cpu overheating problem,CPU Overheat
cpu overheating problem,CPU Overheat
my cpu overheating,CPU Overheat
cpu overheating problem,CPU Overheat
cpu overheating problem,CPU Overheat
cpu overheating problem,CPU Overheat
cpu overheating problem,CPU Overheat
cpu overheating 370,CPU Overheat
cpu overheating problem,CPU Overheat
cpu overheating problem,CPU Overheat
cpu overheating problem,CPU Overheat
cpu overheating problem,CPU Overheat
my cpu overheating,CPU Overheat
cpu overheating problem,CPU Overheat
cpu overheating problem,CPU Overheat
cpu overheating problem,CPU Overheat
cpu overheating problem,CPU Overheat
cpu overheating 380,CPU Overheat
cpu overheating problem,CPU Overheat
cpu overheating problem,CPU Overheat
cpu overheating problem,CPU Overheat
cpu overheating problem,CPU Overheat
my cpu overheating,CPU Overheat
cpu overheating problem,CPU Overheat
cpu overheating problem,CPU Overheat
cpu overheating problem,CPU Overheat
cpu overheating problem,CPU Overheat
cpu overheating 390,CPU Overheat
cpu overheating problem,CPU Overheat
cpu overheating problem,CPU Overheat
cpu overheating problem,CPU Overheat
cpu overheating problem,CPU Overheat
my cpu overheating,CPU Overheat
cpu overheating problem,CPU Overheat
cpu overheating problem,CPU Overheat
cpu overheating problem,CPU Overheat
cpu overheating problem,CPU Overheat
cpu overheating 400,CPU Overheat
cpu overheating problem,CPU Overheat
cpu overheating problem,CPU Overheat
cpu overheating problem,CPU Overheat
cpu overheating problem,CPU Overheat
my cpu overheating,CPU Overheat
cpu overheating problem,CPU Overheat
cpu overheating problem,CPU Overheat
cpu overheating problem,CPU Overheat
cpu overheating problem,CPU Overheat
cpu overheating 410,CPU Overheat
cpu overheating problem,CPU Overheat
cpu overheating problem,CPU Overheat
cpu overheating problem,CPU Overheat
cpu overheating problem,CPU Overheat
my cpu overheating,CPU Overheat
cpu overheating problem,CPU Overheat
cpu overheating problem,CPU Overheat
cpu overheating problem,CPU Overheat
cpu overheating problem,CPU Overheat
cpu overheating 420,CPU Overheat
cpu overheating problem,CPU Overheat
cpu overheating problem,CPU Overheat
cpu overheating problem,CPU Overheat
cpu overheating problem,CPU Overheat
my cpu overheating,CPU Overheat
cpu overheating problem,CPU Overheat
cpu overheating problem,CPU Overheat
cpu overheating problem,CPU Overheat
cpu overheating problem,CPU Overheat
cpu overheating 430,CPU Overheat
cpu overheating problem,CPU Overheat
cpu overheating problem,CPU Overheat
cpu overheating problem,CPU Overheat
cpu overheating problem,CPU Overheat
my cpu overheating,CPU Overheat
cpu overheating problem,CPU Overheat
cpu overheating problem,CPU Overheat
cpu overheating problem,CPU Overheat
cpu overheating problem,CPU Overheat
cpu overheating 440,CPU Overheat
cpu overheating problem,CPU Overheat
cpu overheating problem,CPU Overheat
cpu overheating problem,CPU Overheat
cpu overheating problem,CPU Overheat
my cpu overheating,CPU Overheat
cpu overheating problem,CPU Overheat
cpu overheating problem,CPU Overheat
cpu overheating problem,CPU Overheat
cpu overheating problem,CPU Overheat
cpu overheating 450,CPU Overheat
cpu overheating problem,CPU Overheat
cpu overheating problem,CPU Overheat
cpu overheating problem,CPU Overheat
cpu overheating problem,CPU Overheat
my cpu overheating,CPU Overheat
cpu overheating problem,CPU Overheat
cpu overheating problem,CPU Overheat
cpu overheating problem,CPU Overheat
cpu overheating problem,CPU Overheat
cpu overheating 460,CPU Overheat
cpu overheating problem,CPU Overheat
cpu overheating problem,CPU Overheat
cpu overheating problem,CPU Overheat
cpu overheating problem,CPU Overheat
my cpu overheating,CPU Overheat
cpu overheating problem,CPU Overheat
cpu overheating problem,CPU Overheat
cpu overheating problem,CPU Overheat
cpu overheating problem,CPU Overheat
cpu overheating 470,CPU Overheat
cpu overheating problem,CPU Overheat
cpu overheating problem,CPU Overheat
cpu overheating problem,CPU Overheat
cpu overheating problem,CPU Overheat
my cpu overheating,CPU Overheat
cpu overheating problem,CPU Overheat
cpu overheating problem,CPU Overheat
cpu overheating problem,CPU Overheat
cpu overheating problem,CPU Overheat
cpu overheating 480,CPU Overheat
cpu overheating problem,CPU Overheat
cpu overheating problem,CPU Overheat
cpu overheating problem,CPU Overheat
cpu overheating problem,CPU Overheat
my cpu overheating,CPU Overheat
cpu overheating problem,CPU Overheat
cpu overheating problem,CPU Overheat
cpu overheating problem,CPU Overheat
cpu overheating problem,CPU Overheat
cpu overheating 490,CPU Overheat
cpu overheating problem,CPU Overheat
cpu overheating problem,CPU Overheat
cpu overheating problem,CPU Overheat
cpu overheating problem,CPU Overheat
my cpu overheating,CPU Overheat
cpu overheating problem,CPU Overheat
cpu overheating problem,CPU Overheat
cpu overheating problem,CPU Overheat
cpu overheating problem,CPU Overheat
cpu overheating 500,CPU Overheat
cpu overheating problem,CPU Overheat
cpu overheating problem,CPU Overheat
cpu overheating problem,CPU Overheat
cpu overheating problem,CPU Overheat
my cpu overheating,CPU Overheat
cpu overheating problem,CPU Overheat
cpu overheating problem,CPU Overheat
cpu overheating problem,CPU Overheat
cpu overheating problem,CPU Overheat
cpu overheating 510,CPU Overheat
cpu overheating problem,CPU Overheat
cpu overheating problem,CPU Overheat
cpu overheating problem,CPU Overheat
cpu overheating problem,CPU Overheat
my cpu overheating,CPU Overheat
cpu overheating problem,CPU Overheat
cpu overheating problem,CPU Overheat
cpu overheating problem,CPU Overheat
cpu overheating problem,CPU Overheat
cpu overheating 520,CPU Overheat
cpu overheating problem,CPU Overheat
cpu overheating problem,CPU Overheat
cpu overheating problem,CPU Overheat
cpu overheating problem,CPU Overheat
my cpu overheating,CPU Overheat
cpu overheating problem,CPU Overheat
cpu overheating problem,CPU Overheat
cpu overheating problem,CPU Overheat
cpu overheating problem,CPU Overheat
cpu overheating 530,CPU Overheat
cpu overheating problem,CPU Overheat
cpu overheating problem,CPU Overheat
cpu overheating problem,CPU Overheat
cpu overheating problem,CPU Overheat
my cpu overheating,CPU Overheat
cpu overheating problem,CPU Overheat
cpu overheating problem,CPU Overheat
cpu overheating problem,CPU Overheat
cpu overheating problem,CPU Overheat
cpu overheating 540,CPU Overheat
cpu overheating problem,CPU Overheat
cpu overheating problem,CPU Overheat
cpu overheating problem,CPU Overheat
cpu overheating problem,CPU Overheat
my cpu overheating,CPU Overheat
cpu overheating problem,CPU Overheat
cpu overheating problem,CPU Overheat
cpu overheating problem,CPU Overheat
cpu overheating problem,CPU Overheat
cpu overheating 550,CPU Overheat
cpu overheating problem,CPU Overheat
cpu overheating problem,CPU Overheat
cpu overheating problem,CPU Overheat
cpu overheating problem,CPU Overheat
my cpu overheating,CPU Overheat
cpu overheating problem,CPU Overheat
cpu overheating problem,CPU Overheat
cpu overheating problem,CPU Overheat
cpu overheating problem,CPU Overheat
cpu overheating 560,CPU Overheat
cpu overheating problem,CPU Overheat
cpu overheating problem,CPU Overheat
cpu overheating problem,CPU Overheat
cpu overheating problem,CPU Overheat
my cpu overheating,CPU Overheat
cpu overheating problem,CPU Overheat
cpu overheating problem,CPU Overheat
cpu overheating problem,CPU Overheat
cpu overheating problem,CPU Overheat
cpu overheating 570,CPU Overheat
cpu overheating problem,CPU Overheat
cpu overheating problem,CPU Overheat
cpu overheating problem,CPU Overheat
cpu overheating problem,CPU Overheat
my cpu overheating,CPU Overheat
cpu overheating problem,CPU Overheat
cpu overheating problem,CPU Overheat
cpu overheating problem,CPU Overheat
cpu overheating problem,CPU Overheat
cpu overheating 580,CPU Overheat
cpu overheating problem,CPU Overheat
cpu overheating problem,CPU Overheat
cpu overheating problem,CPU Overheat
cpu overheating problem,CPU Overheat
my cpu overheating,CPU Overheat
cpu overheating problem,CPU Overheat
cpu overheating problem,CPU Overheat
cpu overheating problem,CPU Overheat
cpu overheating problem,CPU Overheat
cpu overheating 590,CPU Overheat
cpu overheating problem,CPU Overheat
cpu overheating problem,CPU Overheat
cpu overheating problem,CPU Overheat
cpu overheating problem,CPU Overheat
my cpu overheating,CPU Overheat
cpu overheating problem,CPU Overheat
cpu overheating problem,CPU Overheat
cpu overheating problem,CPU Overheat
cpu overheating problem,CPU Overheat
cpu overheating 600,CPU Overheat
cpu overheating problem,CPU Overheat
cpu overheating problem,CPU Overheat
cpu overheating problem,CPU Overheat
cpu overheating problem,CPU Overheat
my cpu overheating,CPU Overheat
cpu overheating problem,CPU Overheat
cpu overheating problem,CPU Overheat
cpu overheating problem,CPU Overheat
cpu overheating problem,CPU Overheat
cpu overheating 610,CPU Overheat
cpu overheating problem,CPU Overheat
cpu overheating problem,CPU Overheat
cpu overheating problem,CPU Overheat
cpu overheating problem,CPU Overheat
my cpu overheating,CPU Overheat
cpu overheating problem,CPU Overheat
cpu overheating problem,CPU Overheat
cpu overheating problem,CPU Overheat
cpu overheating problem,CPU Overheat
cpu overheating 620,CPU Overheat
cpu overheating problem,CPU Overheat
cpu overheating problem,CPU Overheat
cpu overheating problem,CPU Overheat
cpu overheating problem,CPU Overheat
my cpu overheating,CPU Overheat
cpu overheating problem,CPU Overheat
cpu overheating problem,CPU Overheat
cpu overheating problem,CPU Overheat
cpu overheating problem,CPU Overheat
cpu overheating 630,CPU Overheat
cpu overheating problem,CPU Overheat
cpu overheating problem,CPU Overheat
cpu overheating problem,CPU Overheat
cpu overheating problem,CPU Overheat
my cpu overheating,CPU Overheat
cpu overheating problem,CPU Overheat
cpu overheating problem,CPU Overheat
cpu overheating problem,CPU Overheat
cpu overheating problem,CPU Overheat
cpu overheating 640,CPU Overheat
cpu overheating problem,CPU Overheat
cpu overheating problem,CPU Overheat
cpu overheating problem,CPU Overheat
cpu overheating problem,CPU Overheat
my cpu overheating,CPU Overheat
cpu overheating problem,CPU Overheat
cpu overheating problem,CPU Overheat
cpu overheating problem,CPU Overheat
cpu overheating problem,CPU Overheat
cpu overheating 650,CPU Overheat
cpu overheating problem,CPU Overheat
cpu overheating problem,CPU Overheat
cpu overheating problem,CPU Overheat
cpu overheating problem,CPU Overheat
my cpu overheating,CPU Overheat
cpu overheating problem,CPU Overheat
cpu overheating problem,CPU Overheat
cpu overheating problem,CPU Overheat
cpu overheating problem,CPU Overheat
cpu overheating 660,CPU Overheat
cpu overheating problem,CPU Overheat
cpu overheating problem,CPU Overheat
cpu overheating problem,CPU Overheat
cpu overheating problem,CPU Overheat
my cpu overheating,CPU Overheat
cpu overheating problem,CPU Overheat
cpu overheating problem,CPU Overheat
cpu overheating problem,CPU Overheat
cpu overheating problem,CPU Overheat
cpu overheating 670,CPU Overheat
cpu overheating problem,CPU Overheat
cpu overheating problem,CPU Overheat
cpu overheating problem,CPU Overheat
cpu overheating problem,CPU Overheat
my cpu overheating,CPU Overheat
cpu overheating problem,CPU Overheat
cpu overheating problem,CPU Overheat
cpu overheating problem,CPU Overheat
cpu overheating problem,CPU Overheat
cpu overheating 680,CPU Overheat
cpu overheating problem,CPU Overheat
cpu overheating problem,CPU Overheat
cpu overheating problem,CPU Overheat
cpu overheating problem,CPU Overheat
my cpu overheating,CPU Overheat
cpu overheating problem,CPU Overheat
cpu overheating problem,CPU Overheat
cpu overheating problem,CPU Overheat
cpu overheating problem,CPU Overheat
cpu overheating 690,CPU Overheat
cpu overheating problem,CPU Overheat
cpu overheating problem,CPU Overheat
cpu overheating problem,CPU Overheat
cpu overheating problem,CPU Overheat
my cpu overheating,CPU Overheat
cpu overheating problem,CPU Overheat
cpu overheating problem,CPU Overheat
cpu overheating problem,CPU Overheat
cpu overheating problem,CPU Overheat
cpu overheating 700,CPU Overheat
cpu overheating problem,CPU Overheat
cpu overheating problem,CPU Overheat
cpu overheating problem,CPU Overheat
cpu overheating problem,CPU Overheat
my cpu overheating,CPU Overheat
cpu overheating problem,CPU Overheat
cpu overheating problem,CPU Overheat
cpu overheating problem,CPU Overheat
cpu overheating problem,CPU Overheat
cpu overheating 710,CPU Overheat
cpu overheating problem,CPU Overheat
cpu overheating problem,CPU Overheat
cpu overheating problem,CPU Overheat
cpu overheating problem,CPU Overheat
my cpu overheating,CPU Overheat
cpu overheating problem,CPU Overheat
cpu overheating problem,CPU Overheat
cpu overheating problem,CPU Overheat
cpu overheating problem,CPU Overheat
cpu overheating 720,CPU Overheat
cpu overheating problem,CPU Overheat
cpu overheating problem,CPU Overheat
cpu overheating problem,CPU Overheat
cpu overheating problem,CPU Overheat
my cpu overheating,CPU Overheat
cpu overheating problem,CPU Overheat
cpu overheating problem,CPU Overheat
cpu overheating problem,CPU Overheat
cpu overheating problem,CPU Overheat
cpu overheating 730,CPU Overheat
cpu overheating problem,CPU Overheat
cpu overheating problem,CPU Overheat
cpu overheating problem,CPU Overheat
cpu overheating problem,CPU Overheat
my cpu overheating,CPU Overheat
cpu overheating problem,CPU Overheat
cpu overheating problem,CPU Overheat
cpu overheating problem,CPU Overheat
cpu overheating problem,CPU Overheat
cpu overheating 740,CPU Overheat
cpu overheating problem,CPU Overheat
cpu overheating problem,CPU Overheat
cpu overheating problem,CPU Overheat
cpu overheating problem,CPU Overheat
my cpu overheating,CPU Overheat
cpu overheating problem,CPU Overheat
cpu overheating problem,CPU Overheat
cpu overheating problem,CPU Overheat
cpu overheating problem,CPU Overheat
cpu overheating 750,CPU Overheat
cpu overheating problem,CPU Overheat
cpu overheating problem,CPU Overheat
cpu overheating problem,CPU Overheat
cpu overheating problem,CPU Overheat
my cpu overheating,CPU Overheat
cpu overheating problem,CPU Overheat
cpu overheating problem,CPU Overheat
cpu overheating problem,CPU Overheat
cpu overheating problem,CPU Overheat
cpu overheating 760,CPU Overheat
cpu overheating problem,CPU Overheat
cpu overheating problem,CPU Overheat
cpu overheating problem,CPU Overheat
cpu overheating problem,CPU Overheat
my cpu overheating,CPU Overheat
cpu overheating problem,CPU Overheat
cpu overheating problem,CPU Overheat
cpu overheating problem,CPU Overheat
cpu overheating problem,CPU Overheat
cpu overheating 770,CPU Overheat
cpu overheating problem,CPU Overheat
cpu overheating problem,CPU Overheat
cpu overheating problem,CPU Overheat
cpu overheating problem,CPU Overheat
my cpu overheating,CPU Overheat
cpu overheating problem,CPU Overheat
cpu overheating problem,CPU Overheat
cpu overheating problem,CPU Overheat
cpu overheating problem,CPU Overheat
cpu overheating 780,CPU Overheat
cpu overheating problem,CPU Overheat
cpu overheating problem,CPU Overheat
cpu overheating problem,CPU Overheat
cpu overheating problem,CPU Overheat
my cpu overheating,CPU Overheat
cpu overheating problem,CPU Overheat
cpu overheating problem,CPU Overheat
cpu overheating problem,CPU Overheat
cpu overheating problem,CPU Overheat
cpu overheating 790,CPU Overheat
cpu overheating problem,CPU Overheat
cpu overheating problem,CPU Overheat
cpu overheating problem,CPU Overheat
cpu overheating problem,CPU Overheat
my cpu overheating,CPU Overheat
cpu overheating problem,CPU Overheat
cpu overheating problem,CPU Overheat
cpu overheating problem,CPU Overheat
cpu overheating problem,CPU Overheat
cpu overheating 800,CPU Overheat
cpu overheating problem,CPU Overheat
cpu overheating problem,CPU Overheat
cpu overheating problem,CPU Overheat
cpu overheating problem,CPU Overheat
my cpu overheating,CPU Overheat
cpu overheating problem,CPU Overheat
cpu overheating problem,CPU Overheat
cpu overheating problem,CPU Overheat
cpu overheating problem,CPU Overheat
cpu overheating 810,CPU Overheat
cpu overheating problem,CPU Overheat
cpu overheating problem,CPU Overheat
cpu overheating problem,CPU Overheat
cpu overheating problem,CPU Overheat
my cpu overheating,CPU Overheat
cpu overheating problem,CPU Overheat
cpu overheating problem,CPU Overheat
cpu overheating problem,CPU Overheat
cpu overheating problem,CPU Overheat
cpu overheating 820,CPU Overheat
cpu overheating problem,CPU Overheat
cpu overheating problem,CPU Overheat
cpu overheating problem,CPU Overheat
cpu overheating problem,CPU Overheat
my cpu overheating,CPU Overheat
cpu overheating problem,CPU Overheat
cpu overheating problem,CPU Overheat
cpu overheating problem,CPU Overheat
cpu overheating problem,CPU Overheat
cpu overheating 830,CPU Overheat
cpu overheating problem,CPU Overheat
cpu overheating problem,CPU Overheat
cpu overheating problem,CPU Overheat
cpu overheating problem,CPU Overheat
my cpu overheating,CPU Overheat
cpu overheating problem,CPU Overheat
cpu overheating problem,CPU Overheat
cpu overheating problem,CPU Overheat
cpu overheating problem,CPU Overheat
cpu overheating 840,CPU Overheat
cpu overheating problem,CPU Overheat
cpu overheating problem,CPU Overheat
cpu overheating problem,CPU Overheat
cpu overheating problem,CPU Overheat
my cpu overheating,CPU Overheat
cpu overheating problem,CPU Overheat
cpu overheating problem,CPU Overheat
cpu overheating problem,CPU Overheat
cpu overheating problem,CPU Overheat
cpu overheating 850,CPU Overheat
cpu overheating problem,CPU Overheat
cpu overheating problem,CPU Overheat
cpu overheating problem,CPU Overheat
cpu overheating problem,CPU Overheat
my cpu overheating,CPU Overheat
cpu overheating problem,CPU Overheat
cpu overheating problem,CPU Overheat
cpu overheating problem,CPU Overheat
cpu overheating problem,CPU Overheat
cpu overheating 860,CPU Overheat
cpu overheating problem,CPU Overheat
cpu overheating problem,CPU Overheat
cpu overheating problem,CPU Overheat
cpu overheating problem,CPU Overheat
my cpu overheating,CPU Overheat
cpu overheating problem,CPU Overheat
cpu overheating problem,CPU Overheat
cpu overheating problem,CPU Overheat
cpu overheating problem,CPU Overheat
cpu overheating 870,CPU Overheat
cpu overheating problem,CPU Overheat
cpu overheating problem,CPU Overheat
cpu overheating problem,CPU Overheat
cpu overheating problem,CPU Overheat
my cpu overheating,CPU Overheat
cpu overheating problem,CPU Overheat
cpu overheating problem,CPU Overheat
cpu overheating problem,CPU Overheat
cpu overheating problem,CPU Overheat
cpu overheating 880,CPU Overheat
cpu overheating problem,CPU Overheat
cpu overheating problem,CPU Overheat
cpu overheating problem,CPU Overheat
cpu overheating problem,CPU Overheat
my cpu overheating,CPU Overheat
cpu overheating problem,CPU Overheat
cpu overheating problem,CPU Overheat
cpu overheating problem,CPU Overheat
cpu overheating problem,CPU Overheat
cpu overheating 890,CPU Overheat
cpu overheating problem,CPU Overheat
cpu overheating problem,CPU Overheat
cpu overheating problem,CPU Overheat
cpu overheating problem,CPU Overheat
my cpu overheating,CPU Overheat
cpu overheating problem,CPU Overheat
cpu overheating problem,CPU Overheat
cpu overheating problem,CPU Overheat
cpu overheating problem,CPU Overheat
cpu overheating 900,CPU Overheat
cpu overheating problem,CPU Overheat
cpu overheating problem,CPU Overheat
cpu overheating problem,CPU Overheat
cpu overheating problem,CPU Overheat
my cpu overheating,CPU Overheat
cpu overheating problem,CPU Overheat
cpu overheating problem,CPU Overheat
cpu overheating problem,CPU Overheat
cpu overheating problem,CPU Overheat
cpu overheating 910,CPU Overheat
cpu overheating problem,CPU Overheat
cpu overheating problem,CPU Overheat
cpu overheating problem,CPU Overheat
cpu overheating problem,CPU Overheat
my cpu overheating,CPU Overheat
cpu overheating problem,CPU Overheat
cpu overheating problem,CPU Overheat
cpu overheating problem,CPU Overheat
cpu overheating problem,CPU Overheat
cpu overheating 920,CPU Overheat
cpu overheating problem,CPU Overheat
cpu overheating problem,CPU Overheat
cpu overheating problem,CPU Overheat
cpu overheating problem,CPU Overheat
my cpu overheating,CPU Overheat
cpu overheating problem,CPU Overheat
cpu overheating problem,CPU Overheat
cpu overheating problem,CPU Overheat
cpu overheating problem,CPU Overheat
cpu overheating 930,CPU Overheat
cpu overheating problem,CPU Overheat
cpu overheating problem,CPU Overheat
cpu overheating problem,CPU Overheat
cpu overheating problem,CPU Overheat
my cpu overheating,CPU Overheat
cpu overheating problem,CPU Overheat
cpu overheating problem,CPU Overheat
cpu overheating problem,CPU Overheat
cpu overheating problem,CPU Overheat
cpu overheating 940,CPU Overheat
cpu overheating problem,CPU Overheat
cpu overheating problem,CPU Overheat
cpu overheating problem,CPU Overheat
cpu overheating problem,CPU Overheat
my cpu overheating,CPU Overheat
cpu overheating problem,CPU Overheat
cpu overheating problem,CPU Overheat
cpu overheating problem,CPU Overheat
cpu overheating problem,CPU Overheat
cpu overheating 950,CPU Overheat
cpu overheating problem,CPU Overheat
cpu overheating problem,CPU Overheat
cpu overheating problem,CPU Overheat
cpu overheating problem,CPU Overheat
my cpu overheating,CPU Overheat
cpu overheating problem,CPU Overheat
cpu overheating problem,CPU Overheat
cpu overheating problem,CPU Overheat
cpu overheating problem,CPU Overheat
cpu overheating 960,CPU Overheat
cpu overheating problem,CPU Overheat
cpu overheating problem,CPU Overheat
cpu overheating problem,CPU Overheat
cpu overheating problem,CPU Overheat
my cpu overheating,CPU Overheat
cpu overheating problem,CPU Overheat
cpu overheating problem,CPU Overheat
cpu overheating problem,CPU Overheat
cpu overheating problem,CPU Overheat
cpu overheating 970,CPU Overheat
cpu overheating problem,CPU Overheat
cpu overheating problem,CPU Overheat
cpu overheating problem,CPU Overheat
cpu overheating problem,CPU Overheat
my cpu overheating,CPU Overheat
cpu overheating problem,CPU Overheat
cpu overheating problem,CPU Overheat
cpu overheating problem,CPU Overheat
cpu overheating problem,CPU Overheat
cpu overheating 980,CPU Overheat
cpu overheating problem,CPU Overheat
cpu overheating problem,CPU Overheat
cpu overheating problem,CPU Overheat
cpu overheating problem,CPU Overheat
my cpu overheating,CPU Overheat
cpu overheating problem,CPU Overheat
cpu overheating problem,CPU Overheat
cpu overheating problem,CPU Overheat
cpu overheating problem,CPU Overheat
cpu overheating 990,CPU Overheat
cpu overheating problem,CPU Overheat
cpu overheating problem,CPU Overheat
cpu overheating problem,CPU Overheat
cpu overheating problem,CPU Overheat
my cpu overheating,CPU Overheat
cpu overheating problem,CPU Overheat
cpu overheating problem,CPU Overheat
cpu overheating problem,CPU Overheat
cpu overheating problem,CPU Overheat
cpu overheating 1000,CPU Overheat
cpu overheating problem,CPU Overheat
cpu overheating problem,CPU Overheat
cpu overheating problem,CPU Overheat
cpu overheating problem,CPU Overheat
my cpu overheating,CPU Overheat
cpu overheating problem,CPU Overheat
cpu overheating problem,CPU Overheat
cpu overheating problem,CPU Overheat
cpu overheating problem,CPU Overheat
cpu overheating 1010,CPU Overheat
cpu overheating problem,CPU Overheat
cpu overheating problem,CPU Overheat
cpu overheating problem,CPU Overheat
cpu overheating problem,CPU Overheat
my cpu overheating,CPU Overheat
cpu overheating problem,CPU Overheat
cpu overheating problem,CPU Overheat
cpu overheating problem,CPU Overheat
cpu overheating problem,CPU Overheat
cpu overheating 1020,CPU Overheat
cpu overheating problem,CPU Overheat
cpu overheating problem,CPU Overheat
cpu overheating problem,CPU Overheat
cpu overheating problem,CPU Overheat
my cpu overheating,CPU Overheat
cpu overheating problem,CPU Overheat
cpu overheating problem,CPU Overheat
cpu overheating problem,CPU Overheat
cpu overheating problem,CPU Overheat
cpu overheating 1030,CPU Overheat
cpu overheating problem,CPU Overheat
cpu overheating problem,CPU Overheat
cpu overheating problem,CPU Overheat
cpu overheating problem,CPU Overheat
my cpu overheating,CPU Overheat
cpu overheating problem,CPU Overheat
cpu overheating problem,CPU Overheat
cpu overheating problem,CPU Overheat
cpu overheating problem,CPU Overheat
cpu overheating 1040,CPU Overheat
cpu overheating problem,CPU Overheat
cpu overheating problem,CPU Overheat
cpu overheating problem,CPU Overheat
cpu overheating problem,CPU Overheat
my cpu overheating,CPU Overheat
cpu overheating problem,CPU Overheat
cpu overheating problem,CPU Overheat
cpu overheating problem,CPU Overheat
cpu overheating problem,CPU Overheat
cpu overheating 1050,CPU Overheat
cpu overheating problem,CPU Overheat
cpu overheating problem,CPU Overheat
cpu overheating problem,CPU Overheat
cpu overheating problem,CPU Overheat
my cpu overheating,CPU Overheat
cpu overheating problem,CPU Overheat
cpu overheating problem,CPU Overheat
cpu overheating problem,CPU Overheat
cpu overheating problem,CPU Overheat
cpu overheating 1060,CPU Overheat
cpu overheating problem,CPU Overheat
cpu overheating problem,CPU Overheat
cpu overheating problem,CPU Overheat
cpu overheating problem,CPU Overheat
my cpu overheating,CPU Overheat
cpu overheating problem,CPU Overheat
cpu overheating problem,CPU Overheat
cpu overheating problem,CPU Overheat
cpu overheating problem,CPU Overheat
cpu overheating 1070,CPU Overheat
cpu overheating problem,CPU Overheat
cpu overheating problem,CPU Overheat
cpu overheating problem,CPU Overheat
cpu overheating problem,CPU Overheat
my cpu overheating,CPU Overheat
cpu overheating problem,CPU Overheat
cpu overheating problem,CPU Overheat
cpu overheating problem,CPU Overheat
cpu overheating problem,CPU Overheat
cpu overheating 1080,CPU Overheat
cpu overheating problem,CPU Overheat
cpu overheating problem,CPU Overheat
cpu overheating problem,CPU Overheat
cpu overheating problem,CPU Overheat
my cpu overheating,CPU Overheat
cpu overheating problem,CPU Overheat
cpu overheating problem,CPU Overheat
cpu overheating problem,CPU Overheat
cpu overheating problem,CPU Overheat
cpu overheating 1090,CPU Overheat
cpu overheating problem,CPU Overheat
cpu overheating problem,CPU Overheat
cpu overheating problem,CPU Overheat
cpu overheating problem,CPU Overheat
my cpu overheating,CPU Overheat
cpu overheating problem,CPU Overheat
cpu overheating problem,CPU Overheat
cpu overheating problem,CPU Overheat
cpu overheating problem,CPU Overheat
cpu overheating 1100,CPU Overheat
cpu overheating problem,CPU Overheat
cpu overheating problem,CPU Overheat
cpu overheating problem,CPU Overheat
cpu overheating problem,CPU Overheat
my cpu overheating,CPU Overheat
need more ram,RAM Upgrade
ram is full,RAM Upgrade
not enough memory,RAM Upgrade
low memory,RAM Upgrade
ram usage high,RAM Upgrade
need ram upgrade,RAM Upgrade
need more ram 0,RAM Upgrade
need more ram problem,RAM Upgrade
need more ram problem,RAM Upgrade
need more ram problem,RAM Upgrade
need more ram problem,RAM Upgrade
my need more ram,RAM Upgrade
need more ram problem,RAM Upgrade
need more ram problem,RAM Upgrade
need more ram problem,RAM Upgrade
need more ram problem,RAM Upgrade
need more ram 10,RAM Upgrade
need more ram problem,RAM Upgrade
need more ram problem,RAM Upgrade
need more ram problem,RAM Upgrade
need more ram problem,RAM Upgrade
my need more ram,RAM Upgrade
need more ram problem,RAM Upgrade
need more ram problem,RAM Upgrade
need more ram problem,RAM Upgrade
need more ram problem,RAM Upgrade
need more ram 20,RAM Upgrade
need more ram problem,RAM Upgrade
need more ram problem,RAM Upgrade
need more ram problem,RAM Upgrade
need more ram problem,RAM Upgrade
my need more ram,RAM Upgrade
need more ram problem,RAM Upgrade
need more ram problem,RAM Upgrade
need more ram problem,RAM Upgrade
need more ram problem,RAM Upgrade
need more ram 30,RAM Upgrade
need more ram problem,RAM Upgrade
need more ram problem,RAM Upgrade
need more ram problem,RAM Upgrade
need more ram problem,RAM Upgrade
my need more ram,RAM Upgrade
need more ram problem,RAM Upgrade
need more ram problem,RAM Upgrade
need more ram problem,RAM Upgrade
need more ram problem,RAM Upgrade
need more ram 40,RAM Upgrade
need more ram problem,RAM Upgrade
need more ram problem,RAM Upgrade
need more ram problem,RAM Upgrade
need more ram problem,RAM Upgrade
my need more ram,RAM Upgrade
need more ram problem,RAM Upgrade
need more ram problem,RAM Upgrade
need more ram problem,RAM Upgrade
need more ram problem,RAM Upgrade
need more ram 50,RAM Upgrade
need more ram problem,RAM Upgrade
need more ram problem,RAM Upgrade
need more ram problem,RAM Upgrade
need more ram problem,RAM Upgrade
my need more ram,RAM Upgrade
need more ram problem,RAM Upgrade
need more ram problem,RAM Upgrade
need more ram problem,RAM Upgrade
need more ram problem,RAM Upgrade
need more ram 60,RAM Upgrade
need more ram problem,RAM Upgrade
need more ram problem,RAM Upgrade
need more ram problem,RAM Upgrade
need more ram problem,RAM Upgrade
my need more ram,RAM Upgrade
need more ram problem,RAM Upgrade
need more ram problem,RAM Upgrade
need more ram problem,RAM Upgrade
need more ram problem,RAM Upgrade
need more ram 70,RAM Upgrade
need more ram problem,RAM Upgrade
need more ram problem,RAM Upgrade
need more ram problem,RAM Upgrade
need more ram problem,RAM Upgrade
my need more ram,RAM Upgrade
need more ram problem,RAM Upgrade
need more ram problem,RAM Upgrade
need more ram problem,RAM Upgrade
need more ram problem,RAM Upgrade
need more ram 80,RAM Upgrade
need more ram problem,RAM Upgrade
need more ram problem,RAM Upgrade
need more ram problem,RAM Upgrade
need more ram problem,RAM Upgrade
my need more ram,RAM Upgrade
need more ram problem,RAM Upgrade
need more ram problem,RAM Upgrade
need more ram problem,RAM Upgrade
need more ram problem,RAM Upgrade
need more ram 90,RAM Upgrade
need more ram problem,RAM Upgrade
need more ram problem,RAM Upgrade
need more ram problem,RAM Upgrade
need more ram problem,RAM Upgrade
my need more ram,RAM Upgrade
need more ram problem,RAM Upgrade
need more ram problem,RAM Upgrade
need more ram problem,RAM Upgrade
need more ram problem,RAM Upgrade
need more ram 100,RAM Upgrade
need more ram problem,RAM Upgrade
need more ram problem,RAM Upgrade
need more ram problem,RAM Upgrade
need more ram problem,RAM Upgrade
my need more ram,RAM Upgrade
need more ram problem,RAM Upgrade
need more ram problem,RAM Upgrade
need more ram problem,RAM Upgrade
need more ram problem,RAM Upgrade
need more ram 110,RAM Upgrade
need more ram problem,RAM Upgrade
need more ram problem,RAM Upgrade
need more ram problem,RAM Upgrade
need more ram problem,RAM Upgrade
my need more ram,RAM Upgrade
need more ram problem,RAM Upgrade
need more ram problem,RAM Upgrade
need more ram problem,RAM Upgrade
need more ram problem,RAM Upgrade
need more ram 120,RAM Upgrade
need more ram problem,RAM Upgrade
need more ram problem,RAM Upgrade
need more ram problem,RAM Upgrade
need more ram problem,RAM Upgrade
my need more ram,RAM Upgrade
need more ram problem,RAM Upgrade
need more ram problem,RAM Upgrade
need more ram problem,RAM Upgrade
need more ram problem,RAM Upgrade
need more ram 130,RAM Upgrade
need more ram problem,RAM Upgrade
need more ram problem,RAM Upgrade
need more ram problem,RAM Upgrade
need more ram problem,RAM Upgrade
my need more ram,RAM Upgrade
need more ram problem,RAM Upgrade
need more ram problem,RAM Upgrade
need more ram problem,RAM Upgrade
need more ram problem,RAM Upgrade
need more ram 140,RAM Upgrade
need more ram problem,RAM Upgrade
need more ram problem,RAM Upgrade
need more ram problem,RAM Upgrade
need more ram problem,RAM Upgrade
my need more ram,RAM Upgrade
need more ram problem,RAM Upgrade
need more ram problem,RAM Upgrade
need more ram problem,RAM Upgrade
need more ram problem,RAM Upgrade
need more ram 150,RAM Upgrade
need more ram problem,RAM Upgrade
need more ram problem,RAM Upgrade
need more ram problem,RAM Upgrade
need more ram problem,RAM Upgrade
my need more ram,RAM Upgrade
need more ram problem,RAM Upgrade
need more ram problem,RAM Upgrade
need more ram problem,RAM Upgrade
need more ram problem,RAM Upgrade
need more ram 160,RAM Upgrade
need more ram problem,RAM Upgrade
need more ram problem,RAM Upgrade
need more ram problem,RAM Upgrade
need more ram problem,RAM Upgrade
my need more ram,RAM Upgrade
need more ram problem,RAM Upgrade
need more ram problem,RAM Upgrade
need more ram problem,RAM Upgrade
need more ram problem,RAM Upgrade
need more ram 170,RAM Upgrade
need more ram problem,RAM Upgrade
need more ram problem,RAM Upgrade
need more ram problem,RAM Upgrade
need more ram problem,RAM Upgrade
my need more ram,RAM Upgrade
need more ram problem,RAM Upgrade
need more ram problem,RAM Upgrade
need more ram problem,RAM Upgrade
need more ram problem,RAM Upgrade
need more ram 180,RAM Upgrade
need more ram problem,RAM Upgrade
need more ram problem,RAM Upgrade
need more ram problem,RAM Upgrade
need more ram problem,RAM Upgrade
my need more ram,RAM Upgrade
need more ram problem,RAM Upgrade
need more ram problem,RAM Upgrade
need more ram problem,RAM Upgrade
need more ram problem,RAM Upgrade
need more ram 190,RAM Upgrade
need more ram problem,RAM Upgrade
need more ram problem,RAM Upgrade
need more ram problem,RAM Upgrade
need more ram problem,RAM Upgrade
my need more ram,RAM Upgrade
need more ram problem,RAM Upgrade
need more ram problem,RAM Upgrade
need more ram problem,RAM Upgrade
need more ram problem,RAM Upgrade
need more ram 200,RAM Upgrade
need more ram problem,RAM Upgrade
need more ram problem,RAM Upgrade
need more ram problem,RAM Upgrade
need more ram problem,RAM Upgrade
my need more ram,RAM Upgrade
need more ram problem,RAM Upgrade
need more ram problem,RAM Upgrade
need more ram problem,RAM Upgrade
need more ram problem,RAM Upgrade
need more ram 210,RAM Upgrade
need more ram problem,RAM Upgrade
need more ram problem,RAM Upgrade
need more ram problem,RAM Upgrade
need more ram problem,RAM Upgrade
my need more ram,RAM Upgrade
need more ram problem,RAM Upgrade
need more ram problem,RAM Upgrade
need more ram problem,RAM Upgrade
need more ram problem,RAM Upgrade
need more ram 220,RAM Upgrade
need more ram problem,RAM Upgrade
need more ram problem,RAM Upgrade
need more ram problem,RAM Upgrade
need more ram problem,RAM Upgrade
my need more ram,RAM Upgrade
need more ram problem,RAM Upgrade
need more ram problem,RAM Upgrade
need more ram problem,RAM Upgrade
need more ram problem,RAM Upgrade
need more ram 230,RAM Upgrade
need more ram problem,RAM Upgrade
need more ram problem,RAM Upgrade
need more ram problem,RAM Upgrade
need more ram problem,RAM Upgrade
my need more ram,RAM Upgrade
need more ram problem,RAM Upgrade
need more ram problem,RAM Upgrade
need more ram problem,RAM Upgrade
need more ram problem,RAM Upgrade
need more ram 240,RAM Upgrade
need more ram problem,RAM Upgrade
need more ram problem,RAM Upgrade
need more ram problem,RAM Upgrade
need more ram problem,RAM Upgrade
my need more ram,RAM Upgrade
need more ram problem,RAM Upgrade
need more ram problem,RAM Upgrade
need more ram problem,RAM Upgrade
need more ram problem,RAM Upgrade
need more ram 250,RAM Upgrade
need more ram problem,RAM Upgrade
need more ram problem,RAM Upgrade
need more ram problem,RAM Upgrade
need more ram problem,RAM Upgrade
my need more ram,RAM Upgrade
need more ram problem,RAM Upgrade
need more ram problem,RAM Upgrade
need more ram problem,RAM Upgrade
need more ram problem,RAM Upgrade
need more ram 260,RAM Upgrade
need more ram problem,RAM Upgrade
need more ram problem,RAM Upgrade
need more ram problem,RAM Upgrade
need more ram problem,RAM Upgrade
my need more ram,RAM Upgrade
need more ram problem,RAM Upgrade
need more ram problem,RAM Upgrade
need more ram problem,RAM Upgrade
need more ram problem,RAM Upgrade
need more ram 270,RAM Upgrade
need more ram problem,RAM Upgrade
need more ram problem,RAM Upgrade
need more ram problem,RAM Upgrade
need more ram problem,RAM Upgrade
my need more ram,RAM Upgrade
need more ram problem,RAM Upgrade
need more ram problem,RAM Upgrade
need more ram problem,RAM Upgrade
need more ram problem,RAM Upgrade
need more ram 280,RAM Upgrade
need more ram problem,RAM Upgrade
need more ram problem,RAM Upgrade
need more ram problem,RAM Upgrade
need more ram problem,RAM Upgrade
my need more ram,RAM Upgrade
need more ram problem,RAM Upgrade
need more ram problem,RAM Upgrade
need more ram problem,RAM Upgrade
need more ram problem,RAM Upgrade
need more ram 290,RAM Upgrade
need more ram problem,RAM Upgrade
need more ram problem,RAM Upgrade
need more ram problem,RAM Upgrade
need more ram problem,RAM Upgrade
my need more ram,RAM Upgrade
need more ram problem,RAM Upgrade
need more ram problem,RAM Upgrade
need more ram problem,RAM Upgrade
need more ram problem,RAM Upgrade
need more ram 300,RAM Upgrade
need more ram problem,RAM Upgrade
need more ram problem,RAM Upgrade
need more ram problem,RAM Upgrade
need more ram problem,RAM Upgrade
my need more ram,RAM Upgrade
need more ram problem,RAM Upgrade
need more ram problem,RAM Upgrade
need more ram problem,RAM Upgrade
need more ram problem,RAM Upgrade
need more ram 310,RAM Upgrade
need more ram problem,RAM Upgrade
need more ram problem,RAM Upgrade
need more ram problem,RAM Upgrade
need more ram problem,RAM Upgrade
my need more ram,RAM Upgrade
need more ram problem,RAM Upgrade
need more ram problem,RAM Upgrade
need more ram problem,RAM Upgrade
need more ram problem,RAM Upgrade
need more ram 320,RAM Upgrade
need more ram problem,RAM Upgrade
need more ram problem,RAM Upgrade
need more ram problem,RAM Upgrade
need more ram problem,RAM Upgrade
my need more ram,RAM Upgrade
need more ram problem,RAM Upgrade
need more ram problem,RAM Upgrade
need more ram problem,RAM Upgrade
need more ram problem,RAM Upgrade
need more ram 330,RAM Upgrade
need more ram problem,RAM Upgrade
need more ram problem,RAM Upgrade
need more ram problem,RAM Upgrade
need more ram problem,RAM Upgrade
my need more ram,RAM Upgrade
need more ram problem,RAM Upgrade
need more ram problem,RAM Upgrade
need more ram problem,RAM Upgrade
need more ram problem,RAM Upgrade
need more ram 340,RAM Upgrade
need more ram problem,RAM Upgrade
need more ram problem,RAM Upgrade
need more ram problem,RAM Upgrade
need more ram problem,RAM Upgrade
my need more ram,RAM Upgrade
need more ram problem,RAM Upgrade
need more ram problem,RAM Upgrade
need more ram problem,RAM Upgrade
need more ram problem,RAM Upgrade
need more ram 350,RAM Upgrade
need more ram problem,RAM Upgrade
need more ram problem,RAM Upgrade
need more ram problem,RAM Upgrade
need more ram problem,RAM Upgrade
my need more ram,RAM Upgrade
need more ram problem,RAM Upgrade
need more ram problem,RAM Upgrade
need more ram problem,RAM Upgrade
need more ram problem,RAM Upgrade
need more ram 360,RAM Upgrade
need more ram problem,RAM Upgrade
need more ram problem,RAM Upgrade
need more ram problem,RAM Upgrade
need more ram problem,RAM Upgrade
my need more ram,RAM Upgrade
need more ram problem,RAM Upgrade
need more ram problem,RAM Upgrade
need more ram problem,RAM Upgrade
need more ram problem,RAM Upgrade
need more ram 370,RAM Upgrade
need more ram problem,RAM Upgrade
need more ram problem,RAM Upgrade
need more ram problem,RAM Upgrade
need more ram problem,RAM Upgrade
my need more ram,RAM Upgrade
need more ram problem,RAM Upgrade
need more ram problem,RAM Upgrade
need more ram problem,RAM Upgrade
need more ram problem,RAM Upgrade
need more ram 380,RAM Upgrade
need more ram problem,RAM Upgrade
need more ram problem,RAM Upgrade
need more ram problem,RAM Upgrade
need more ram problem,RAM Upgrade
my need more ram,RAM Upgrade
need more ram problem,RAM Upgrade
need more ram problem,RAM Upgrade
need more ram problem,RAM Upgrade
need more ram problem,RAM Upgrade
need more ram 390,RAM Upgrade
need more ram problem,RAM Upgrade
need more ram problem,RAM Upgrade
need more ram problem,RAM Upgrade
need more ram problem,RAM Upgrade
my need more ram,RAM Upgrade
need more ram problem,RAM Upgrade
need more ram problem,RAM Upgrade
need more ram problem,RAM Upgrade
need more ram problem,RAM Upgrade
need more ram 400,RAM Upgrade
need more ram problem,RAM Upgrade
need more ram problem,RAM Upgrade
need more ram problem,RAM Upgrade
need more ram problem,RAM Upgrade
my need more ram,RAM Upgrade
need more ram problem,RAM Upgrade
need more ram problem,RAM Upgrade
need more ram problem,RAM Upgrade
need more ram problem,RAM Upgrade
need more ram 410,RAM Upgrade
need more ram problem,RAM Upgrade
need more ram problem,RAM Upgrade
need more ram problem,RAM Upgrade
need more ram problem,RAM Upgrade
my need more ram,RAM Upgrade
need more ram problem,RAM Upgrade
need more ram problem,RAM Upgrade
need more ram problem,RAM Upgrade
need more ram problem,RAM Upgrade
need more ram 420,RAM Upgrade
need more ram problem,RAM Upgrade
need more ram problem,RAM Upgrade
need more ram problem,RAM Upgrade
need more ram problem,RAM Upgrade
my need more ram,RAM Upgrade
need more ram problem,RAM Upgrade
need more ram problem,RAM Upgrade
need more ram problem,RAM Upgrade
need more ram problem,RAM Upgrade
need more ram 430,RAM Upgrade
need more ram problem,RAM Upgrade
need more ram problem,RAM Upgrade
need more ram problem,RAM Upgrade
need more ram problem,RAM Upgrade
my need more ram,RAM Upgrade
need more ram problem,RAM Upgrade
need more ram problem,RAM Upgrade
need more ram problem,RAM Upgrade
need more ram problem,RAM Upgrade
need more ram 440,RAM Upgrade
need more ram problem,RAM Upgrade
need more ram problem,RAM Upgrade
need more ram problem,RAM Upgrade
need more ram problem,RAM Upgrade
my need more ram,RAM Upgrade
need more ram problem,RAM Upgrade
need more ram problem,RAM Upgrade
need more ram problem,RAM Upgrade
need more ram problem,RAM Upgrade
need more ram 450,RAM Upgrade
need more ram problem,RAM Upgrade
need more ram problem,RAM Upgrade
need more ram problem,RAM Upgrade
need more ram problem,RAM Upgrade
my need more ram,RAM Upgrade
need more ram problem,RAM Upgrade
need more ram problem,RAM Upgrade
need more ram problem,RAM Upgrade
need more ram problem,RAM Upgrade
need more ram 460,RAM Upgrade
need more ram problem,RAM Upgrade
need more ram problem,RAM Upgrade
need more ram problem,RAM Upgrade
need more ram problem,RAM Upgrade
my need more ram,RAM Upgrade
need more ram problem,RAM Upgrade
need more ram problem,RAM Upgrade
need more ram problem,RAM Upgrade
need more ram problem,RAM Upgrade
need more ram 470,RAM Upgrade
need more ram problem,RAM Upgrade
need more ram problem,RAM Upgrade
need more ram problem,RAM Upgrade
need more ram problem,RAM Upgrade
my need more ram,RAM Upgrade
need more ram problem,RAM Upgrade
need more ram problem,RAM Upgrade
need more ram problem,RAM Upgrade
need more ram problem,RAM Upgrade
need more ram 480,RAM Upgrade
need more ram problem,RAM Upgrade
need more ram problem,RAM Upgrade
need more ram problem,RAM Upgrade
need more ram problem,RAM Upgrade
my need more ram,RAM Upgrade
need more ram problem,RAM Upgrade
need more ram problem,RAM Upgrade
need more ram problem,RAM Upgrade
need more ram problem,RAM Upgrade
need more ram 490,RAM Upgrade
need more ram problem,RAM Upgrade
need more ram problem,RAM Upgrade
need more ram problem,RAM Upgrade
need more ram problem,RAM Upgrade
my need more ram,RAM Upgrade
need more ram problem,RAM Upgrade
need more ram problem,RAM Upgrade
need more ram problem,RAM Upgrade
need more ram problem,RAM Upgrade
need more ram 500,RAM Upgrade
need more ram problem,RAM Upgrade
need more ram problem,RAM Upgrade
need more ram problem,RAM Upgrade
need more ram problem,RAM Upgrade
my need more ram,RAM Upgrade
need more ram problem,RAM Upgrade
need more ram problem,RAM Upgrade
need more ram problem,RAM Upgrade
need more ram problem,RAM Upgrade
need more ram 510,RAM Upgrade
need more ram problem,RAM Upgrade
need more ram problem,RAM Upgrade
need more ram problem,RAM Upgrade
need more ram problem,RAM Upgrade
my need more ram,RAM Upgrade
need more ram problem,RAM Upgrade
need more ram problem,RAM Upgrade
need more ram problem,RAM Upgrade
need more ram problem,RAM Upgrade
need more ram 520,RAM Upgrade
need more ram problem,RAM Upgrade
need more ram problem,RAM Upgrade
need more ram problem,RAM Upgrade
need more ram problem,RAM Upgrade
my need more ram,RAM Upgrade
need more ram problem,RAM Upgrade
need more ram problem,RAM Upgrade
need more ram problem,RAM Upgrade
need more ram problem,RAM Upgrade
need more ram 530,RAM Upgrade
need more ram problem,RAM Upgrade
need more ram problem,RAM Upgrade
need more ram problem,RAM Upgrade
need more ram problem,RAM Upgrade
my need more ram,RAM Upgrade
need more ram problem,RAM Upgrade
need more ram problem,RAM Upgrade
need more ram problem,RAM Upgrade
need more ram problem,RAM Upgrade
need more ram 540,RAM Upgrade
need more ram problem,RAM Upgrade
need more ram problem,RAM Upgrade
need more ram problem,RAM Upgrade
need more ram problem,RAM Upgrade
my need more ram,RAM Upgrade
need more ram problem,RAM Upgrade
need more ram problem,RAM Upgrade
need more ram problem,RAM Upgrade
need more ram problem,RAM Upgrade
need more ram 550,RAM Upgrade
need more ram problem,RAM Upgrade
need more ram problem,RAM Upgrade
need more ram problem,RAM Upgrade
need more ram problem,RAM Upgrade
my need more ram,RAM Upgrade
need more ram problem,RAM Upgrade
need more ram problem,RAM Upgrade
need more ram problem,RAM Upgrade
need more ram problem,RAM Upgrade
need more ram 560,RAM Upgrade
need more ram problem,RAM Upgrade
need more ram problem,RAM Upgrade
need more ram problem,RAM Upgrade
need more ram problem,RAM Upgrade
my need more ram,RAM Upgrade
need more ram problem,RAM Upgrade
need more ram problem,RAM Upgrade
need more ram problem,RAM Upgrade
need more ram problem,RAM Upgrade
need more ram 570,RAM Upgrade
need more ram problem,RAM Upgrade
need more ram problem,RAM Upgrade
need more ram problem,RAM Upgrade
need more ram problem,RAM Upgrade
my need more ram,RAM Upgrade
need more ram problem,RAM Upgrade
need more ram problem,RAM Upgrade
need more ram problem,RAM Upgrade
need more ram problem,RAM Upgrade
need more ram 580,RAM Upgrade
need more ram problem,RAM Upgrade
need more ram problem,RAM Upgrade
need more ram problem,RAM Upgrade
need more ram problem,RAM Upgrade
my need more ram,RAM Upgrade
need more ram problem,RAM Upgrade
need more ram problem,RAM Upgrade
need more ram problem,RAM Upgrade
need more ram problem,RAM Upgrade
need more ram 590,RAM Upgrade
need more ram problem,RAM Upgrade
need more ram problem,RAM Upgrade
need more ram problem,RAM Upgrade
need more ram problem,RAM Upgrade
my need more ram,RAM Upgrade
need more ram problem,RAM Upgrade
need more ram problem,RAM Upgrade
need more ram problem,RAM Upgrade
need more ram problem,RAM Upgrade
need more ram 600,RAM Upgrade
need more ram problem,RAM Upgrade
need more ram problem,RAM Upgrade
need more ram problem,RAM Upgrade
need more ram problem,RAM Upgrade
my need more ram,RAM Upgrade
need more ram problem,RAM Upgrade
need more ram problem,RAM Upgrade
need more ram problem,RAM Upgrade
need more ram problem,RAM Upgrade
need more ram 610,RAM Upgrade
need more ram problem,RAM Upgrade
need more ram problem,RAM Upgrade
need more ram problem,RAM Upgrade
need more ram problem,RAM Upgrade
my need more ram,RAM Upgrade
need more ram problem,RAM Upgrade
need more ram problem,RAM Upgrade
need more ram problem,RAM Upgrade
need more ram problem,RAM Upgrade
need more ram 620,RAM Upgrade
need more ram problem,RAM Upgrade
need more ram problem,RAM Upgrade
need more ram problem,RAM Upgrade
need more ram problem,RAM Upgrade
my need more ram,RAM Upgrade
need more ram problem,RAM Upgrade
need more ram problem,RAM Upgrade
need more ram problem,RAM Upgrade
need more ram problem,RAM Upgrade
need more ram 630,RAM Upgrade
need more ram problem,RAM Upgrade
need more ram problem,RAM Upgrade
need more ram problem,RAM Upgrade
need more ram problem,RAM Upgrade
my need more ram,RAM Upgrade
need more ram problem,RAM Upgrade
need more ram problem,RAM Upgrade
need more ram problem,RAM Upgrade
need more ram problem,RAM Upgrade
need more ram 640,RAM Upgrade
need more ram problem,RAM Upgrade
need more ram problem,RAM Upgrade
need more ram problem,RAM Upgrade
need more ram problem,RAM Upgrade
my need more ram,RAM Upgrade
need more ram problem,RAM Upgrade
need more ram problem,RAM Upgrade
need more ram problem,RAM Upgrade
need more ram problem,RAM Upgrade
need more ram 650,RAM Upgrade
need more ram problem,RAM Upgrade
need more ram problem,RAM Upgrade
need more ram problem,RAM Upgrade
need more ram problem,RAM Upgrade
my need more ram,RAM Upgrade
need more ram problem,RAM Upgrade
need more ram problem,RAM Upgrade
need more ram problem,RAM Upgrade
need more ram problem,RAM Upgrade
need more ram 660,RAM Upgrade
need more ram problem,RAM Upgrade
need more ram problem,RAM Upgrade
need more ram problem,RAM Upgrade
need more ram problem,RAM Upgrade
my need more ram,RAM Upgrade
need more ram problem,RAM Upgrade
need more ram problem,RAM Upgrade
need more ram problem,RAM Upgrade
need more ram problem,RAM Upgrade
need more ram 670,RAM Upgrade
need more ram problem,RAM Upgrade
need more ram problem,RAM Upgrade
need more ram problem,RAM Upgrade
need more ram problem,RAM Upgrade
my need more ram,RAM Upgrade
need more ram problem,RAM Upgrade
need more ram problem,RAM Upgrade
need more ram problem,RAM Upgrade
need more ram problem,RAM Upgrade
need more ram 680,RAM Upgrade
need more ram problem,RAM Upgrade
need more ram problem,RAM Upgrade
need more ram problem,RAM Upgrade
need more ram problem,RAM Upgrade
my need more ram,RAM Upgrade
need more ram problem,RAM Upgrade
need more ram problem,RAM Upgrade
need more ram problem,RAM Upgrade
need more ram problem,RAM Upgrade
need more ram 690,RAM Upgrade
need more ram problem,RAM Upgrade
need more ram problem,RAM Upgrade
need more ram problem,RAM Upgrade
need more ram problem,RAM Upgrade
my need more ram,RAM Upgrade
need more ram problem,RAM Upgrade
need more ram problem,RAM Upgrade
need more ram problem,RAM Upgrade
need more ram problem,RAM Upgrade
need more ram 700,RAM Upgrade
need more ram problem,RAM Upgrade
need more ram problem,RAM Upgrade
need more ram problem,RAM Upgrade
need more ram problem,RAM Upgrade
my need more ram,RAM Upgrade
need more ram problem,RAM Upgrade
need more ram problem,RAM Upgrade
need more ram problem,RAM Upgrade
need more ram problem,RAM Upgrade
need more ram 710,RAM Upgrade
need more ram problem,RAM Upgrade
need more ram problem,RAM Upgrade
need more ram problem,RAM Upgrade
need more ram problem,RAM Upgrade
my need more ram,RAM Upgrade
need more ram problem,RAM Upgrade
need more ram problem,RAM Upgrade
need more ram problem,RAM Upgrade
need more ram problem,RAM Upgrade
need more ram 720,RAM Upgrade
need more ram problem,RAM Upgrade
need more ram problem,RAM Upgrade
need more ram problem,RAM Upgrade
need more ram problem,RAM Upgrade
my need more ram,RAM Upgrade
need more ram problem,RAM Upgrade
need more ram problem,RAM Upgrade
need more ram problem,RAM Upgrade
need more ram problem,RAM Upgrade
need more ram 730,RAM Upgrade
need more ram problem,RAM Upgrade
need more ram problem,RAM Upgrade
need more ram problem,RAM Upgrade
need more ram problem,RAM Upgrade
my need more ram,RAM Upgrade
need more ram problem,RAM Upgrade
need more ram problem,RAM Upgrade
need more ram problem,RAM Upgrade
need more ram problem,RAM Upgrade
need more ram 740,RAM Upgrade
need more ram problem,RAM Upgrade
need more ram problem,RAM Upgrade
need more ram problem,RAM Upgrade
need more ram problem,RAM Upgrade
my need more ram,RAM Upgrade
need more ram problem,RAM Upgrade
need more ram problem,RAM Upgrade
need more ram problem,RAM Upgrade
need more ram problem,RAM Upgrade
need more ram 750,RAM Upgrade
need more ram problem,RAM Upgrade
need more ram problem,RAM Upgrade
need more ram problem,RAM Upgrade
need more ram problem,RAM Upgrade
my need more ram,RAM Upgrade
need more ram problem,RAM Upgrade
need more ram problem,RAM Upgrade
need more ram problem,RAM Upgrade
need more ram problem,RAM Upgrade
need more ram 760,RAM Upgrade
need more ram problem,RAM Upgrade
need more ram problem,RAM Upgrade
need more ram problem,RAM Upgrade
need more ram problem,RAM Upgrade
my need more ram,RAM Upgrade
need more ram problem,RAM Upgrade
need more ram problem,RAM Upgrade
need more ram problem,RAM Upgrade
need more ram problem,RAM Upgrade
need more ram 770,RAM Upgrade
need more ram problem,RAM Upgrade
need more ram problem,RAM Upgrade
need more ram problem,RAM Upgrade
need more ram problem,RAM Upgrade
my need more ram,RAM Upgrade
need more ram problem,RAM Upgrade
need more ram problem,RAM Upgrade
need more ram problem,RAM Upgrade
need more ram problem,RAM Upgrade
need more ram 780,RAM Upgrade
need more ram problem,RAM Upgrade
need more ram problem,RAM Upgrade
need more ram problem,RAM Upgrade
need more ram problem,RAM Upgrade
my need more ram,RAM Upgrade
need more ram problem,RAM Upgrade
need more ram problem,RAM Upgrade
need more ram problem,RAM Upgrade
need more ram problem,RAM Upgrade
need more ram 790,RAM Upgrade
need more ram problem,RAM Upgrade
need more ram problem,RAM Upgrade
need more ram problem,RAM Upgrade
need more ram problem,RAM Upgrade
my need more ram,RAM Upgrade
need more ram problem,RAM Upgrade
need more ram problem,RAM Upgrade
need more ram problem,RAM Upgrade
need more ram problem,RAM Upgrade
need more ram 800,RAM Upgrade
need more ram problem,RAM Upgrade
need more ram problem,RAM Upgrade
need more ram problem,RAM Upgrade
need more ram problem,RAM Upgrade
my need more ram,RAM Upgrade
need more ram problem,RAM Upgrade
need more ram problem,RAM Upgrade
need more ram problem,RAM Upgrade
need more ram problem,RAM Upgrade
need more ram 810,RAM Upgrade
need more ram problem,RAM Upgrade
need more ram problem,RAM Upgrade
need more ram problem,RAM Upgrade
need more ram problem,RAM Upgrade
my need more ram,RAM Upgrade
need more ram problem,RAM Upgrade
need more ram problem,RAM Upgrade
need more ram problem,RAM Upgrade
need more ram problem,RAM Upgrade
need more ram 820,RAM Upgrade
need more ram problem,RAM Upgrade
need more ram problem,RAM Upgrade
need more ram problem,RAM Upgrade
need more ram problem,RAM Upgrade
my need more ram,RAM Upgrade
need more ram problem,RAM Upgrade
need more ram problem,RAM Upgrade
need more ram problem,RAM Upgrade
need more ram problem,RAM Upgrade
need more ram 830,RAM Upgrade
need more ram problem,RAM Upgrade
need more ram problem,RAM Upgrade
need more ram problem,RAM Upgrade
need more ram problem,RAM Upgrade
my need more ram,RAM Upgrade
need more ram problem,RAM Upgrade
need more ram problem,RAM Upgrade
need more ram problem,RAM Upgrade
need more ram problem,RAM Upgrade
need more ram 840,RAM Upgrade
need more ram problem,RAM Upgrade
need more ram problem,RAM Upgrade
need more ram problem,RAM Upgrade
need more ram problem,RAM Upgrade
my need more ram,RAM Upgrade
need more ram problem,RAM Upgrade
need more ram problem,RAM Upgrade
need more ram problem,RAM Upgrade
need more ram problem,RAM Upgrade
need more ram 850,RAM Upgrade
need more ram problem,RAM Upgrade
need more ram problem,RAM Upgrade
need more ram problem,RAM Upgrade
need more ram problem,RAM Upgrade
my need more ram,RAM Upgrade
need more ram problem,RAM Upgrade
need more ram problem,RAM Upgrade
need more ram problem,RAM Upgrade
need more ram problem,RAM Upgrade
need more ram 860,RAM Upgrade
need more ram problem,RAM Upgrade
need more ram problem,RAM Upgrade
need more ram problem,RAM Upgrade
need more ram problem,RAM Upgrade
my need more ram,RAM Upgrade
need more ram problem,RAM Upgrade
need more ram problem,RAM Upgrade
need more ram problem,RAM Upgrade
need more ram problem,RAM Upgrade
need more ram 870,RAM Upgrade
need more ram problem,RAM Upgrade
need more ram problem,RAM Upgrade
need more ram problem,RAM Upgrade
need more ram problem,RAM Upgrade
my need more ram,RAM Upgrade
need more ram problem,RAM Upgrade
need more ram problem,RAM Upgrade
need more ram problem,RAM Upgrade
need more ram problem,RAM Upgrade
need more ram 880,RAM Upgrade
need more ram problem,RAM Upgrade
need more ram problem,RAM Upgrade
need more ram problem,RAM Upgrade
need more ram problem,RAM Upgrade
my need more ram,RAM Upgrade
need more ram problem,RAM Upgrade
need more ram problem,RAM Upgrade
need more ram problem,RAM Upgrade
need more ram problem,RAM Upgrade
need more ram 890,RAM Upgrade
need more ram problem,RAM Upgrade
need more ram problem,RAM Upgrade
need more ram problem,RAM Upgrade
need more ram problem,RAM Upgrade
my need more ram,RAM Upgrade
need more ram problem,RAM Upgrade
need more ram problem,RAM Upgrade
need more ram problem,RAM Upgrade
need more ram problem,RAM Upgrade
need more ram 900,RAM Upgrade
need more ram problem,RAM Upgrade
need more ram problem,RAM Upgrade
need more ram problem,RAM Upgrade
need more ram problem,RAM Upgrade
my need more ram,RAM Upgrade
need more ram problem,RAM Upgrade
need more ram problem,RAM Upgrade
need more ram problem,RAM Upgrade
need more ram problem,RAM Upgrade
need more ram 910,RAM Upgrade
need more ram problem,RAM Upgrade
need more ram problem,RAM Upgrade
need more ram problem,RAM Upgrade
need more ram problem,RAM Upgrade
my need more ram,RAM Upgrade
need more ram problem,RAM Upgrade
need more ram problem,RAM Upgrade
need more ram problem,RAM Upgrade
need more ram problem,RAM Upgrade
need more ram 920,RAM Upgrade
need more ram problem,RAM Upgrade
need more ram problem,RAM Upgrade
need more ram problem,RAM Upgrade
need more ram problem,RAM Upgrade
my need more ram,RAM Upgrade
need more ram problem,RAM Upgrade
need more ram problem,RAM Upgrade
need more ram problem,RAM Upgrade
need more ram problem,RAM Upgrade
need more ram 930,RAM Upgrade
need more ram problem,RAM Upgrade
need more ram problem,RAM Upgrade
need more ram problem,RAM Upgrade
need more ram problem,RAM Upgrade
my need more ram,RAM Upgrade
need more ram problem,RAM Upgrade
need more ram problem,RAM Upgrade
need more ram problem,RAM Upgrade
need more ram problem,RAM Upgrade
need more ram 940,RAM Upgrade
need more ram problem,RAM Upgrade
need more ram problem,RAM Upgrade
need more ram problem,RAM Upgrade
need more ram problem,RAM Upgrade
my need more ram,RAM Upgrade
need more ram problem,RAM Upgrade
need more ram problem,RAM Upgrade
need more ram problem,RAM Upgrade
need more ram problem,RAM Upgrade
need more ram 950,RAM Upgrade
need more ram problem,RAM Upgrade
need more ram problem,RAM Upgrade
need more ram problem,RAM Upgrade
need more ram problem,RAM Upgrade
my need more ram,RAM Upgrade
need more ram problem,RAM Upgrade
need more ram problem,RAM Upgrade
need more ram problem,RAM Upgrade
need more ram problem,RAM Upgrade
need more ram 960,RAM Upgrade
need more ram problem,RAM Upgrade
need more ram problem,RAM Upgrade
need more ram problem,RAM Upgrade
need more ram problem,RAM Upgrade
my need more ram,RAM Upgrade
need more ram problem,RAM Upgrade
need more ram problem,RAM Upgrade
need more ram problem,RAM Upgrade
need more ram problem,RAM Upgrade
need more ram 970,RAM Upgrade
need more ram problem,RAM Upgrade
need more ram problem,RAM Upgrade
need more ram problem,RAM Upgrade
need more ram problem,RAM Upgrade
my need more ram,RAM Upgrade
need more ram problem,RAM Upgrade
need more ram problem,RAM Upgrade
need more ram problem,RAM Upgrade
need more ram problem,RAM Upgrade
need more ram 980,RAM Upgrade
need more ram problem,RAM Upgrade
need more ram problem,RAM Upgrade
need more ram problem,RAM Upgrade
need more ram problem,RAM Upgrade
my need more ram,RAM Upgrade
need more ram problem,RAM Upgrade
need more ram problem,RAM Upgrade
need more ram problem,RAM Upgrade
need more ram problem,RAM Upgrade
need more ram 990,RAM Upgrade
need more ram problem,RAM Upgrade
need more ram problem,RAM Upgrade
need more ram problem,RAM Upgrade
need more ram problem,RAM Upgrade
my need more ram,RAM Upgrade
need more ram problem,RAM Upgrade
need more ram problem,RAM Upgrade
need more ram problem,RAM Upgrade
need more ram problem,RAM Upgrade
need more ram 1000,RAM Upgrade
need more ram problem,RAM Upgrade
need more ram problem,RAM Upgrade
need more ram problem,RAM Upgrade
need more ram problem,RAM Upgrade
my need more ram,RAM Upgrade
need more ram problem,RAM Upgrade
need more ram problem,RAM Upgrade
need more ram problem,RAM Upgrade
need more ram problem,RAM Upgrade
need more ram 1010,RAM Upgrade
need more ram problem,RAM Upgrade
need more ram problem,RAM Upgrade
need more ram problem,RAM Upgrade
need more ram problem,RAM Upgrade
my need more ram,RAM Upgrade
need more ram problem,RAM Upgrade
need more ram problem,RAM Upgrade
need more ram problem,RAM Upgrade
need more ram problem,RAM Upgrade
need more ram 1020,RAM Upgrade
need more ram problem,RAM Upgrade
need more ram problem,RAM Upgrade
need more ram problem,RAM Upgrade
need more ram problem,RAM Upgrade
my need more ram,RAM Upgrade
need more ram problem,RAM Upgrade
need more ram problem,RAM Upgrade
need more ram problem,RAM Upgrade
need more ram problem,RAM Upgrade
need more ram 1030,RAM Upgrade
need more ram problem,RAM Upgrade
need more ram problem,RAM Upgrade
need more ram problem,RAM Upgrade
need more ram problem,RAM Upgrade
my need more ram,RAM Upgrade
need more ram problem,RAM Upgrade
need more ram problem,RAM Upgrade
need more ram problem,RAM Upgrade
need more ram problem,RAM Upgrade
need more ram 1040,RAM Upgrade
need more ram problem,RAM Upgrade
need more ram problem,RAM Upgrade
need more ram problem,RAM Upgrade
need more ram problem,RAM Upgrade
my need more ram,RAM Upgrade
need more ram problem,RAM Upgrade
need more ram problem,RAM Upgrade
need more ram problem,RAM Upgrade
need more ram problem,RAM Upgrade
need more ram 1050,RAM Upgrade
need more ram problem,RAM Upgrade
need more ram problem,RAM Upgrade
need more ram problem,RAM Upgrade
need more ram problem,RAM Upgrade
my need more ram,RAM Upgrade
need more ram problem,RAM Upgrade
need more ram problem,RAM Upgrade
need more ram problem,RAM Upgrade
need more ram problem,RAM Upgrade
need more ram 1060,RAM Upgrade
need more ram problem,RAM Upgrade
need more ram problem,RAM Upgrade
need more ram problem,RAM Upgrade
need more ram problem,RAM Upgrade
my need more ram,RAM Upgrade
need more ram problem,RAM Upgrade
need more ram problem,RAM Upgrade
need more ram problem,RAM Upgrade
need more ram problem,RAM Upgrade
need more ram 1070,RAM Upgrade
need more ram problem,RAM Upgrade
need more ram problem,RAM Upgrade
need more ram problem,RAM Upgrade
need more ram problem,RAM Upgrade
my need more ram,RAM Upgrade
need more ram problem,RAM Upgrade
need more ram problem,RAM Upgrade
need more ram problem,RAM Upgrade
need more ram problem,RAM Upgrade
need more ram 1080,RAM Upgrade
need more ram problem,RAM Upgrade
need more ram problem,RAM Upgrade
need more ram problem,RAM Upgrade
need more ram problem,RAM Upgrade
my need more ram,RAM Upgrade
need more ram problem,RAM Upgrade
need more ram problem,RAM Upgrade
need more ram problem,RAM Upgrade
need more ram problem,RAM Upgrade
need more ram 1090,RAM Upgrade
need more ram problem,RAM Upgrade
need more ram problem,RAM Upgrade
need more ram problem,RAM Upgrade
need more ram problem,RAM Upgrade
my need more ram,RAM Upgrade
need more ram problem,RAM Upgrade
need more ram problem,RAM Upgrade
need more ram problem,RAM Upgrade
need more ram problem,RAM Upgrade
need more ram 1100,RAM Upgrade
need more ram problem,RAM Upgrade
need more ram problem,RAM Upgrade
need more ram problem,RAM Upgrade
need more ram problem,RAM Upgrade
slow boot time,SSD Upgrade
pc boots slow,SSD Upgrade
slow startup,SSD Upgrade
need ssd upgrade,SSD Upgrade
boot very slow,SSD Upgrade
slow boot time 0,SSD Upgrade
slow boot time problem,SSD Upgrade
slow boot time problem,SSD Upgrade
slow boot time problem,SSD Upgrade
slow boot time problem,SSD Upgrade
my slow boot time,SSD Upgrade
slow boot time problem,SSD Upgrade
slow boot time problem,SSD Upgrade
slow boot time problem,SSD Upgrade
slow boot time problem,SSD Upgrade
slow boot time 10,SSD Upgrade
slow boot time problem,SSD Upgrade
slow boot time problem,SSD Upgrade
slow boot time problem,SSD Upgrade
slow boot time problem,SSD Upgrade
my slow boot time,SSD Upgrade
slow boot time problem,SSD Upgrade
slow boot time problem,SSD Upgrade
slow boot time problem,SSD Upgrade
slow boot time problem,SSD Upgrade
slow boot time 20,SSD Upgrade
slow boot time problem,SSD Upgrade
slow boot time problem,SSD Upgrade
slow boot time problem,SSD Upgrade
slow boot time problem,SSD Upgrade
my slow boot time,SSD Upgrade
slow boot time problem,SSD Upgrade
slow boot time problem,SSD Upgrade
slow boot time problem,SSD Upgrade
slow boot time problem,SSD Upgrade
slow boot time 30,SSD Upgrade
slow boot time problem,SSD Upgrade
slow boot time problem,SSD Upgrade
slow boot time problem,SSD Upgrade
slow boot time problem,SSD Upgrade
my slow boot time,SSD Upgrade
slow boot time problem,SSD Upgrade
slow boot time problem,SSD Upgrade
slow boot time problem,SSD Upgrade
slow boot time problem,SSD Upgrade
slow boot time 40,SSD Upgrade
slow boot time problem,SSD Upgrade
slow boot time problem,SSD Upgrade
slow boot time problem,SSD Upgrade
slow boot time problem,SSD Upgrade
my slow boot time,SSD Upgrade
slow boot time problem,SSD Upgrade
slow boot time problem,SSD Upgrade
slow boot time problem,SSD Upgrade
slow boot time problem,SSD Upgrade
slow boot time 50,SSD Upgrade
slow boot time problem,SSD Upgrade
slow boot time problem,SSD Upgrade
slow boot time problem,SSD Upgrade
slow boot time problem,SSD Upgrade
my slow boot time,SSD Upgrade
slow boot time problem,SSD Upgrade
slow boot time problem,SSD Upgrade
slow boot time problem,SSD Upgrade
slow boot time problem,SSD Upgrade
slow boot time 60,SSD Upgrade
slow boot time problem,SSD Upgrade
slow boot time problem,SSD Upgrade
slow boot time problem,SSD Upgrade
slow boot time problem,SSD Upgrade
my slow boot time,SSD Upgrade
slow boot time problem,SSD Upgrade
slow boot time problem,SSD Upgrade
slow boot time problem,SSD Upgrade
slow boot time problem,SSD Upgrade
slow boot time 70,SSD Upgrade
slow boot time problem,SSD Upgrade
slow boot time problem,SSD Upgrade
slow boot time problem,SSD Upgrade
slow boot time problem,SSD Upgrade
my slow boot time,SSD Upgrade
slow boot time problem,SSD Upgrade
slow boot time problem,SSD Upgrade
slow boot time problem,SSD Upgrade
slow boot time problem,SSD Upgrade
slow boot time 80,SSD Upgrade
slow boot time problem,SSD Upgrade
slow boot time problem,SSD Upgrade
slow boot time problem,SSD Upgrade
slow boot time problem,SSD Upgrade
my slow boot time,SSD Upgrade
slow boot time problem,SSD Upgrade
slow boot time problem,SSD Upgrade
slow boot time problem,SSD Upgrade
slow boot time problem,SSD Upgrade
slow boot time 90,SSD Upgrade
slow boot time problem,SSD Upgrade
slow boot time problem,SSD Upgrade
slow boot time problem,SSD Upgrade
slow boot time problem,SSD Upgrade
my slow boot time,SSD Upgrade
slow boot time problem,SSD Upgrade
slow boot time problem,SSD Upgrade
slow boot time problem,SSD Upgrade
slow boot time problem,SSD Upgrade
slow boot time 100,SSD Upgrade
slow boot time problem,SSD Upgrade
slow boot time problem,SSD Upgrade
slow boot time problem,SSD Upgrade
slow boot time problem,SSD Upgrade
my slow boot time,SSD Upgrade
slow boot time problem,SSD Upgrade
slow boot time problem,SSD Upgrade
slow boot time problem,SSD Upgrade
slow boot time problem,SSD Upgrade
slow boot time 110,SSD Upgrade
slow boot time problem,SSD Upgrade
slow boot time problem,SSD Upgrade
slow boot time problem,SSD Upgrade
slow boot time problem,SSD Upgrade
my slow boot time,SSD Upgrade
slow boot time problem,SSD Upgrade
slow boot time problem,SSD Upgrade
slow boot time problem,SSD Upgrade
slow boot time problem,SSD Upgrade
slow boot time 120,SSD Upgrade
slow boot time problem,SSD Upgrade
slow boot time problem,SSD Upgrade
slow boot time problem,SSD Upgrade
slow boot time problem,SSD Upgrade
my slow boot time,SSD Upgrade
slow boot time problem,SSD Upgrade
slow boot time problem,SSD Upgrade
slow boot time problem,SSD Upgrade
slow boot time problem,SSD Upgrade
slow boot time 130,SSD Upgrade
slow boot time problem,SSD Upgrade
slow boot time problem,SSD Upgrade
slow boot time problem,SSD Upgrade
slow boot time problem,SSD Upgrade
my slow boot time,SSD Upgrade
slow boot time problem,SSD Upgrade
slow boot time problem,SSD Upgrade
slow boot time problem,SSD Upgrade
slow boot time problem,SSD Upgrade
slow boot time 140,SSD Upgrade
slow boot time problem,SSD Upgrade
slow boot time problem,SSD Upgrade
slow boot time problem,SSD Upgrade
slow boot time problem,SSD Upgrade
my slow boot time,SSD Upgrade
slow boot time problem,SSD Upgrade
slow boot time problem,SSD Upgrade
slow boot time problem,SSD Upgrade
slow boot time problem,SSD Upgrade
slow boot time 150,SSD Upgrade
slow boot time problem,SSD Upgrade
slow boot time problem,SSD Upgrade
slow boot time problem,SSD Upgrade
slow boot time problem,SSD Upgrade
my slow boot time,SSD Upgrade
slow boot time problem,SSD Upgrade
slow boot time problem,SSD Upgrade
slow boot time problem,SSD Upgrade
slow boot time problem,SSD Upgrade
slow boot time 160,SSD Upgrade
slow boot time problem,SSD Upgrade
slow boot time problem,SSD Upgrade
slow boot time problem,SSD Upgrade
slow boot time problem,SSD Upgrade
my slow boot time,SSD Upgrade
slow boot time problem,SSD Upgrade
slow boot time problem,SSD Upgrade
slow boot time problem,SSD Upgrade
slow boot time problem,SSD Upgrade
slow boot time 170,SSD Upgrade
slow boot time problem,SSD Upgrade
slow boot time problem,SSD Upgrade
slow boot time problem,SSD Upgrade
slow boot time problem,SSD Upgrade
my slow boot time,SSD Upgrade
slow boot time problem,SSD Upgrade
slow boot time problem,SSD Upgrade
slow boot time problem,SSD Upgrade
slow boot time problem,SSD Upgrade
slow boot time 180,SSD Upgrade
slow boot time problem,SSD Upgrade
slow boot time problem,SSD Upgrade
slow boot time problem,SSD Upgrade
slow boot time problem,SSD Upgrade
my slow boot time,SSD Upgrade
slow boot time problem,SSD Upgrade
slow boot time problem,SSD Upgrade
slow boot time problem,SSD Upgrade
slow boot time problem,SSD Upgrade
slow boot time 190,SSD Upgrade
slow boot time problem,SSD Upgrade
slow boot time problem,SSD Upgrade
slow boot time problem,SSD Upgrade
slow boot time problem,SSD Upgrade
my slow boot time,SSD Upgrade
slow boot time problem,SSD Upgrade
slow boot time problem,SSD Upgrade
slow boot time problem,SSD Upgrade
slow boot time problem,SSD Upgrade
slow boot time 200,SSD Upgrade
slow boot time problem,SSD Upgrade
slow boot time problem,SSD Upgrade
slow boot time problem,SSD Upgrade
slow boot time problem,SSD Upgrade
my slow boot time,SSD Upgrade
slow boot time problem,SSD Upgrade
slow boot time problem,SSD Upgrade
slow boot time problem,SSD Upgrade
slow boot time problem,SSD Upgrade
slow boot time 210,SSD Upgrade
slow boot time problem,SSD Upgrade
slow boot time problem,SSD Upgrade
slow boot time problem,SSD Upgrade
slow boot time problem,SSD Upgrade
my slow boot time,SSD Upgrade
slow boot time problem,SSD Upgrade
slow boot time problem,SSD Upgrade
slow boot time problem,SSD Upgrade
slow boot time problem,SSD Upgrade
slow boot time 220,SSD Upgrade
slow boot time problem,SSD Upgrade
slow boot time problem,SSD Upgrade
slow boot time problem,SSD Upgrade
slow boot time problem,SSD Upgrade
my slow boot time,SSD Upgrade
slow boot time problem,SSD Upgrade
slow boot time problem,SSD Upgrade
slow boot time problem,SSD Upgrade
slow boot time problem,SSD Upgrade
slow boot time 230,SSD Upgrade
slow boot time problem,SSD Upgrade
slow boot time problem,SSD Upgrade
slow boot time problem,SSD Upgrade
slow boot time problem,SSD Upgrade
my slow boot time,SSD Upgrade
slow boot time problem,SSD Upgrade
slow boot time problem,SSD Upgrade
slow boot time problem,SSD Upgrade
slow boot time problem,SSD Upgrade
slow boot time 240,SSD Upgrade
slow boot time problem,SSD Upgrade
slow boot time problem,SSD Upgrade
slow boot time problem,SSD Upgrade
slow boot time problem,SSD Upgrade
my slow boot time,SSD Upgrade
slow boot time problem,SSD Upgrade
slow boot time problem,SSD Upgrade
slow boot time problem,SSD Upgrade
slow boot time problem,SSD Upgrade
slow boot time 250,SSD Upgrade
slow boot time problem,SSD Upgrade
slow boot time problem,SSD Upgrade
slow boot time problem,SSD Upgrade
slow boot time problem,SSD Upgrade
my slow boot time,SSD Upgrade
slow boot time problem,SSD Upgrade
slow boot time problem,SSD Upgrade
slow boot time problem,SSD Upgrade
slow boot time problem,SSD Upgrade
slow boot time 260,SSD Upgrade
slow boot time problem,SSD Upgrade
slow boot time problem,SSD Upgrade
slow boot time problem,SSD Upgrade
slow boot time problem,SSD Upgrade
my slow boot time,SSD Upgrade
slow boot time problem,SSD Upgrade
slow boot time problem,SSD Upgrade
slow boot time problem,SSD Upgrade
slow boot time problem,SSD Upgrade
slow boot time 270,SSD Upgrade
slow boot time problem,SSD Upgrade
slow boot time problem,SSD Upgrade
slow boot time problem,SSD Upgrade
slow boot time problem,SSD Upgrade
my slow boot time,SSD Upgrade
slow boot time problem,SSD Upgrade
slow boot time problem,SSD Upgrade
slow boot time problem,SSD Upgrade
slow boot time problem,SSD Upgrade
slow boot time 280,SSD Upgrade
slow boot time problem,SSD Upgrade
slow boot time problem,SSD Upgrade
slow boot time problem,SSD Upgrade
slow boot time problem,SSD Upgrade
my slow boot time,SSD Upgrade
slow boot time problem,SSD Upgrade
slow boot time problem,SSD Upgrade
slow boot time problem,SSD Upgrade
slow boot time problem,SSD Upgrade
slow boot time 290,SSD Upgrade
slow boot time problem,SSD Upgrade
slow boot time problem,SSD Upgrade
slow boot time problem,SSD Upgrade
slow boot time problem,SSD Upgrade
my slow boot time,SSD Upgrade
slow boot time problem,SSD Upgrade
slow boot time problem,SSD Upgrade
slow boot time problem,SSD Upgrade
slow boot time problem,SSD Upgrade
slow boot time 300,SSD Upgrade
slow boot time problem,SSD Upgrade
slow boot time problem,SSD Upgrade
slow boot time problem,SSD Upgrade
slow boot time problem,SSD Upgrade
my slow boot time,SSD Upgrade
slow boot time problem,SSD Upgrade
slow boot time problem,SSD Upgrade
slow boot time problem,SSD Upgrade
slow boot time problem,SSD Upgrade
slow boot time 310,SSD Upgrade
slow boot time problem,SSD Upgrade
slow boot time problem,SSD Upgrade
slow boot time problem,SSD Upgrade
slow boot time problem,SSD Upgrade
my slow boot time,SSD Upgrade
slow boot time problem,SSD Upgrade
slow boot time problem,SSD Upgrade
slow boot time problem,SSD Upgrade
slow boot time problem,SSD Upgrade
slow boot time 320,SSD Upgrade
slow boot time problem,SSD Upgrade
slow boot time problem,SSD Upgrade
slow boot time problem,SSD Upgrade
slow boot time problem,SSD Upgrade
my slow boot time,SSD Upgrade
slow boot time problem,SSD Upgrade
slow boot time problem,SSD Upgrade
slow boot time problem,SSD Upgrade
slow boot time problem,SSD Upgrade
slow boot time 330,SSD Upgrade
slow boot time problem,SSD Upgrade
slow boot time problem,SSD Upgrade
slow boot time problem,SSD Upgrade
slow boot time problem,SSD Upgrade
my slow boot time,SSD Upgrade
slow boot time problem,SSD Upgrade
slow boot time problem,SSD Upgrade
slow boot time problem,SSD Upgrade
slow boot time problem,SSD Upgrade
slow boot time 340,SSD Upgrade
slow boot time problem,SSD Upgrade
slow boot time problem,SSD Upgrade
slow boot time problem,SSD Upgrade
slow boot time problem,SSD Upgrade
my slow boot time,SSD Upgrade
slow boot time problem,SSD Upgrade
slow boot time problem,SSD Upgrade
slow boot time problem,SSD Upgrade
slow boot time problem,SSD Upgrade
slow boot time 350,SSD Upgrade
slow boot time problem,SSD Upgrade
slow boot time problem,SSD Upgrade
slow boot time problem,SSD Upgrade
slow boot time problem,SSD Upgrade
my slow boot time,SSD Upgrade
slow boot time problem,SSD Upgrade
slow boot time problem,SSD Upgrade
slow boot time problem,SSD Upgrade
slow boot time problem,SSD Upgrade
slow boot time 360,SSD Upgrade
slow boot time problem,SSD Upgrade
slow boot time problem,SSD Upgrade
slow boot time problem,SSD Upgrade
slow boot time problem,SSD Upgrade
my slow boot time,SSD Upgrade
slow boot time problem,SSD Upgrade
slow boot time problem,SSD Upgrade
slow boot time problem,SSD Upgrade
slow boot time problem,SSD Upgrade
slow boot time 370,SSD Upgrade
slow boot time problem,SSD Upgrade
slow boot time problem,SSD Upgrade
slow boot time problem,SSD Upgrade
slow boot time problem,SSD Upgrade
my slow boot time,SSD Upgrade
slow boot time problem,SSD Upgrade
slow boot time problem,SSD Upgrade
slow boot time problem,SSD Upgrade
slow boot time problem,SSD Upgrade
slow boot time 380,SSD Upgrade
slow boot time problem,SSD Upgrade
slow boot time problem,SSD Upgrade
slow boot time problem,SSD Upgrade
slow boot time problem,SSD Upgrade
my slow boot time,SSD Upgrade
slow boot time problem,SSD Upgrade
slow boot time problem,SSD Upgrade
slow boot time problem,SSD Upgrade
slow boot time problem,SSD Upgrade
slow boot time 390,SSD Upgrade
slow boot time problem,SSD Upgrade
slow boot time problem,SSD Upgrade
slow boot time problem,SSD Upgrade
slow boot time problem,SSD Upgrade
my slow boot time,SSD Upgrade
slow boot time problem,SSD Upgrade
slow boot time problem,SSD Upgrade
slow boot time problem,SSD Upgrade
slow boot time problem,SSD Upgrade
slow boot time 400,SSD Upgrade
slow boot time problem,SSD Upgrade
slow boot time problem,SSD Upgrade
slow boot time problem,SSD Upgrade
slow boot time problem,SSD Upgrade
my slow boot time,SSD Upgrade
slow boot time problem,SSD Upgrade
slow boot time problem,SSD Upgrade
slow boot time problem,SSD Upgrade
slow boot time problem,SSD Upgrade
slow boot time 410,SSD Upgrade
slow boot time problem,SSD Upgrade
slow boot time problem,SSD Upgrade
slow boot time problem,SSD Upgrade
slow boot time problem,SSD Upgrade
my slow boot time,SSD Upgrade
slow boot time problem,SSD Upgrade
slow boot time problem,SSD Upgrade
slow boot time problem,SSD Upgrade
slow boot time problem,SSD Upgrade
slow boot time 420,SSD Upgrade
slow boot time problem,SSD Upgrade
slow boot time problem,SSD Upgrade
slow boot time problem,SSD Upgrade
slow boot time problem,SSD Upgrade
my slow boot time,SSD Upgrade
slow boot time problem,SSD Upgrade
slow boot time problem,SSD Upgrade
slow boot time problem,SSD Upgrade
slow boot time problem,SSD Upgrade
slow boot time 430,SSD Upgrade
slow boot time problem,SSD Upgrade
slow boot time problem,SSD Upgrade
slow boot time problem,SSD Upgrade
slow boot time problem,SSD Upgrade
my slow boot time,SSD Upgrade
slow boot time problem,SSD Upgrade
slow boot time problem,SSD Upgrade
slow boot time problem,SSD Upgrade
slow boot time problem,SSD Upgrade
slow boot time 440,SSD Upgrade
slow boot time problem,SSD Upgrade
slow boot time problem,SSD Upgrade
slow boot time problem,SSD Upgrade
slow boot time problem,SSD Upgrade
my slow boot time,SSD Upgrade
slow boot time problem,SSD Upgrade
slow boot time problem,SSD Upgrade
slow boot time problem,SSD Upgrade
slow boot time problem,SSD Upgrade
slow boot time 450,SSD Upgrade
slow boot time problem,SSD Upgrade
slow boot time problem,SSD Upgrade
slow boot time problem,SSD Upgrade
slow boot time problem,SSD Upgrade
my slow boot time,SSD Upgrade
slow boot time problem,SSD Upgrade
slow boot time problem,SSD Upgrade
slow boot time problem,SSD Upgrade
slow boot time problem,SSD Upgrade
slow boot time 460,SSD Upgrade
slow boot time problem,SSD Upgrade
slow boot time problem,SSD Upgrade
slow boot time problem,SSD Upgrade
slow boot time problem,SSD Upgrade
my slow boot time,SSD Upgrade
slow boot time problem,SSD Upgrade
slow boot time problem,SSD Upgrade
slow boot time problem,SSD Upgrade
slow boot time problem,SSD Upgrade
slow boot time 470,SSD Upgrade
slow boot time problem,SSD Upgrade
slow boot time problem,SSD Upgrade
slow boot time problem,SSD Upgrade
slow boot time problem,SSD Upgrade
my slow boot time,SSD Upgrade
slow boot time problem,SSD Upgrade
slow boot time problem,SSD Upgrade
slow boot time problem,SSD Upgrade
slow boot time problem,SSD Upgrade
slow boot time 480,SSD Upgrade
slow boot time problem,SSD Upgrade
slow boot time problem,SSD Upgrade
slow boot time problem,SSD Upgrade
slow boot time problem,SSD Upgrade
my slow boot time,SSD Upgrade
slow boot time problem,SSD Upgrade
slow boot time problem,SSD Upgrade
slow boot time problem,SSD Upgrade
slow boot time problem,SSD Upgrade
slow boot time 490,SSD Upgrade
slow boot time problem,SSD Upgrade
slow boot time problem,SSD Upgrade
slow boot time problem,SSD Upgrade
slow boot time problem,SSD Upgrade
my slow boot time,SSD Upgrade
slow boot time problem,SSD Upgrade
slow boot time problem,SSD Upgrade
slow boot time problem,SSD Upgrade
slow boot time problem,SSD Upgrade
slow boot time 500,SSD Upgrade
slow boot time problem,SSD Upgrade
slow boot time problem,SSD Upgrade
slow boot time problem,SSD Upgrade
slow boot time problem,SSD Upgrade
my slow boot time,SSD Upgrade
slow boot time problem,SSD Upgrade
slow boot time problem,SSD Upgrade
slow boot time problem,SSD Upgrade
slow boot time problem,SSD Upgrade
slow boot time 510,SSD Upgrade
slow boot time problem,SSD Upgrade
slow boot time problem,SSD Upgrade
slow boot time problem,SSD Upgrade
slow boot time problem,SSD Upgrade
my slow boot time,SSD Upgrade
slow boot time problem,SSD Upgrade
slow boot time problem,SSD Upgrade
slow boot time problem,SSD Upgrade
slow boot time problem,SSD Upgrade
slow boot time 520,SSD Upgrade
slow boot time problem,SSD Upgrade
slow boot time problem,SSD Upgrade
slow boot time problem,SSD Upgrade
slow boot time problem,SSD Upgrade
my slow boot time,SSD Upgrade
slow boot time problem,SSD Upgrade
slow boot time problem,SSD Upgrade
slow boot time problem,SSD Upgrade
slow boot time problem,SSD Upgrade
slow boot time 530,SSD Upgrade
slow boot time problem,SSD Upgrade
slow boot time problem,SSD Upgrade
slow boot time problem,SSD Upgrade
slow boot time problem,SSD Upgrade
my slow boot time,SSD Upgrade
slow boot time problem,SSD Upgrade
slow boot time problem,SSD Upgrade
slow boot time problem,SSD Upgrade
slow boot time problem,SSD Upgrade
slow boot time 540,SSD Upgrade
slow boot time problem,SSD Upgrade
slow boot time problem,SSD Upgrade
slow boot time problem,SSD Upgrade
slow boot time problem,SSD Upgrade
my slow boot time,SSD Upgrade
slow boot time problem,SSD Upgrade
slow boot time problem,SSD Upgrade
slow boot time problem,SSD Upgrade
slow boot time problem,SSD Upgrade
slow boot time 550,SSD Upgrade
slow boot time problem,SSD Upgrade
slow boot time problem,SSD Upgrade
slow boot time problem,SSD Upgrade
slow boot time problem,SSD Upgrade
my slow boot time,SSD Upgrade
slow boot time problem,SSD Upgrade
slow boot time problem,SSD Upgrade
slow boot time problem,SSD Upgrade
slow boot time problem,SSD Upgrade
slow boot time 560,SSD Upgrade
slow boot time problem,SSD Upgrade
slow boot time problem,SSD Upgrade
slow boot time problem,SSD Upgrade
slow boot time problem,SSD Upgrade
my slow boot time,SSD Upgrade
slow boot time problem,SSD Upgrade
slow boot time problem,SSD Upgrade
slow boot time problem,SSD Upgrade
slow boot time problem,SSD Upgrade
slow boot time 570,SSD Upgrade
slow boot time problem,SSD Upgrade
slow boot time problem,SSD Upgrade
slow boot time problem,SSD Upgrade
slow boot time problem,SSD Upgrade
my slow boot time,SSD Upgrade
slow boot time problem,SSD Upgrade
slow boot time problem,SSD Upgrade
slow boot time problem,SSD Upgrade
slow boot time problem,SSD Upgrade
slow boot time 580,SSD Upgrade
slow boot time problem,SSD Upgrade
slow boot time problem,SSD Upgrade
slow boot time problem,SSD Upgrade
slow boot time problem,SSD Upgrade
my slow boot time,SSD Upgrade
slow boot time problem,SSD Upgrade
slow boot time problem,SSD Upgrade
slow boot time problem,SSD Upgrade
slow boot time problem,SSD Upgrade
slow boot time 590,SSD Upgrade
slow boot time problem,SSD Upgrade
slow boot time problem,SSD Upgrade
slow boot time problem,SSD Upgrade
slow boot time problem,SSD Upgrade
my slow boot time,SSD Upgrade
slow boot time problem,SSD Upgrade
slow boot time problem,SSD Upgrade
slow boot time problem,SSD Upgrade
slow boot time problem,SSD Upgrade
slow boot time 600,SSD Upgrade
slow boot time problem,SSD Upgrade
slow boot time problem,SSD Upgrade
slow boot time problem,SSD Upgrade
slow boot time problem,SSD Upgrade
my slow boot time,SSD Upgrade
slow boot time problem,SSD Upgrade
slow boot time problem,SSD Upgrade
slow boot time problem,SSD Upgrade
slow boot time problem,SSD Upgrade
slow boot time 610,SSD Upgrade
slow boot time problem,SSD Upgrade
slow boot time problem,SSD Upgrade
slow boot time problem,SSD Upgrade
slow boot time problem,SSD Upgrade
my slow boot time,SSD Upgrade
slow boot time problem,SSD Upgrade
slow boot time problem,SSD Upgrade
slow boot time problem,SSD Upgrade
slow boot time problem,SSD Upgrade
slow boot time 620,SSD Upgrade
slow boot time problem,SSD Upgrade
slow boot time problem,SSD Upgrade
slow boot time problem,SSD Upgrade
slow boot time problem,SSD Upgrade
my slow boot time,SSD Upgrade
slow boot time problem,SSD Upgrade
slow boot time problem,SSD Upgrade
slow boot time problem,SSD Upgrade
slow boot time problem,SSD Upgrade
slow boot time 630,SSD Upgrade
slow boot time problem,SSD Upgrade
slow boot time problem,SSD Upgrade
slow boot time problem,SSD Upgrade
slow boot time problem,SSD Upgrade
my slow boot time,SSD Upgrade
slow boot time problem,SSD Upgrade
slow boot time problem,SSD Upgrade
slow boot time problem,SSD Upgrade
slow boot time problem,SSD Upgrade
slow boot time 640,SSD Upgrade
slow boot time problem,SSD Upgrade
slow boot time problem,SSD Upgrade
slow boot time problem,SSD Upgrade
slow boot time problem,SSD Upgrade
my slow boot time,SSD Upgrade
slow boot time problem,SSD Upgrade
slow boot time problem,SSD Upgrade
slow boot time problem,SSD Upgrade
slow boot time problem,SSD Upgrade
slow boot time 650,SSD Upgrade
slow boot time problem,SSD Upgrade
slow boot time problem,SSD Upgrade
slow boot time problem,SSD Upgrade
slow boot time problem,SSD Upgrade
my slow boot time,SSD Upgrade
slow boot time problem,SSD Upgrade
slow boot time problem,SSD Upgrade
slow boot time problem,SSD Upgrade
slow boot time problem,SSD Upgrade
slow boot time 660,SSD Upgrade
slow boot time problem,SSD Upgrade
slow boot time problem,SSD Upgrade
slow boot time problem,SSD Upgrade
slow boot time problem,SSD Upgrade
my slow boot time,SSD Upgrade
slow boot time problem,SSD Upgrade
slow boot time problem,SSD Upgrade
slow boot time problem,SSD Upgrade
slow boot time problem,SSD Upgrade
slow boot time 670,SSD Upgrade
slow boot time problem,SSD Upgrade
slow boot time problem,SSD Upgrade
slow boot time problem,SSD Upgrade
slow boot time problem,SSD Upgrade
my slow boot time,SSD Upgrade
slow boot time problem,SSD Upgrade
slow boot time problem,SSD Upgrade
slow boot time problem,SSD Upgrade
slow boot time problem,SSD Upgrade
slow boot time 680,SSD Upgrade
slow boot time problem,SSD Upgrade
slow boot time problem,SSD Upgrade
slow boot time problem,SSD Upgrade
slow boot time problem,SSD Upgrade
my slow boot time,SSD Upgrade
slow boot time problem,SSD Upgrade
slow boot time problem,SSD Upgrade
slow boot time problem,SSD Upgrade
slow boot time problem,SSD Upgrade
slow boot time 690,SSD Upgrade
slow boot time problem,SSD Upgrade
slow boot time problem,SSD Upgrade
slow boot time problem,SSD Upgrade
slow boot time problem,SSD Upgrade
my slow boot time,SSD Upgrade
slow boot time problem,SSD Upgrade
slow boot time problem,SSD Upgrade
slow boot time problem,SSD Upgrade
slow boot time problem,SSD Upgrade
slow boot time 700,SSD Upgrade
slow boot time problem,SSD Upgrade
slow boot time problem,SSD Upgrade
slow boot time problem,SSD Upgrade
slow boot time problem,SSD Upgrade
my slow boot time,SSD Upgrade
slow boot time problem,SSD Upgrade
slow boot time problem,SSD Upgrade
slow boot time problem,SSD Upgrade
slow boot time problem,SSD Upgrade
slow boot time 710,SSD Upgrade
slow boot time problem,SSD Upgrade
slow boot time problem,SSD Upgrade
slow boot time problem,SSD Upgrade
slow boot time problem,SSD Upgrade
my slow boot time,SSD Upgrade
slow boot time problem,SSD Upgrade
slow boot time problem,SSD Upgrade
slow boot time problem,SSD Upgrade
slow boot time problem,SSD Upgrade
slow boot time 720,SSD Upgrade
slow boot time problem,SSD Upgrade
slow boot time problem,SSD Upgrade
slow boot time problem,SSD Upgrade
slow boot time problem,SSD Upgrade
my slow boot time,SSD Upgrade
slow boot time problem,SSD Upgrade
slow boot time problem,SSD Upgrade
slow boot time problem,SSD Upgrade
slow boot time problem,SSD Upgrade
slow boot time 730,SSD Upgrade
slow boot time problem,SSD Upgrade
slow boot time problem,SSD Upgrade
slow boot time problem,SSD Upgrade
slow boot time problem,SSD Upgrade
my slow boot time,SSD Upgrade
slow boot time problem,SSD Upgrade
slow boot time problem,SSD Upgrade
slow boot time problem,SSD Upgrade
slow boot time problem,SSD Upgrade
slow boot time 740,SSD Upgrade
slow boot time problem,SSD Upgrade
slow boot time problem,SSD Upgrade
slow boot time problem,SSD Upgrade
slow boot time problem,SSD Upgrade
my slow boot time,SSD Upgrade
slow boot time problem,SSD Upgrade
slow boot time problem,SSD Upgrade
slow boot time problem,SSD Upgrade
slow boot time problem,SSD Upgrade
slow boot time 750,SSD Upgrade
slow boot time problem,SSD Upgrade
slow boot time problem,SSD Upgrade
slow boot time problem,SSD Upgrade
slow boot time problem,SSD Upgrade
my slow boot time,SSD Upgrade
slow boot time problem,SSD Upgrade
slow boot time problem,SSD Upgrade
slow boot time problem,SSD Upgrade
slow boot time problem,SSD Upgrade
slow boot time 760,SSD Upgrade
slow boot time problem,SSD Upgrade
slow boot time problem,SSD Upgrade
slow boot time problem,SSD Upgrade
slow boot time problem,SSD Upgrade
my slow boot time,SSD Upgrade
slow boot time problem,SSD Upgrade
slow boot time problem,SSD Upgrade
slow boot time problem,SSD Upgrade
slow boot time problem,SSD Upgrade
slow boot time 770,SSD Upgrade
slow boot time problem,SSD Upgrade
slow boot time problem,SSD Upgrade
slow boot time problem,SSD Upgrade
slow boot time problem,SSD Upgrade
my slow boot time,SSD Upgrade
slow boot time problem,SSD Upgrade
slow boot time problem,SSD Upgrade
slow boot time problem,SSD Upgrade
slow boot time problem,SSD Upgrade
slow boot time 780,SSD Upgrade
slow boot time problem,SSD Upgrade
slow boot time problem,SSD Upgrade
slow boot time problem,SSD Upgrade
slow boot time problem,SSD Upgrade
my slow boot time,SSD Upgrade
slow boot time problem,SSD Upgrade
slow boot time problem,SSD Upgrade
slow boot time problem,SSD Upgrade
slow boot time problem,SSD Upgrade
slow boot time 790,SSD Upgrade
slow boot time problem,SSD Upgrade
slow boot time problem,SSD Upgrade
slow boot time problem,SSD Upgrade
slow boot time problem,SSD Upgrade
my slow boot time,SSD Upgrade
slow boot time problem,SSD Upgrade
slow boot time problem,SSD Upgrade
slow boot time problem,SSD Upgrade
slow boot time problem,SSD Upgrade
slow boot time 800,SSD Upgrade
slow boot time problem,SSD Upgrade
slow boot time problem,SSD Upgrade
slow boot time problem,SSD Upgrade
slow boot time problem,SSD Upgrade
my slow boot time,SSD Upgrade
slow boot time problem,SSD Upgrade
slow boot time problem,SSD Upgrade
slow boot time problem,SSD Upgrade
slow boot time problem,SSD Upgrade
slow boot time 810,SSD Upgrade
slow boot time problem,SSD Upgrade
slow boot time problem,SSD Upgrade
slow boot time problem,SSD Upgrade
slow boot time problem,SSD Upgrade
my slow boot time,SSD Upgrade
slow boot time problem,SSD Upgrade
slow boot time problem,SSD Upgrade
slow boot time problem,SSD Upgrade
slow boot time problem,SSD Upgrade
slow boot time 820,SSD Upgrade
slow boot time problem,SSD Upgrade
slow boot time problem,SSD Upgrade
slow boot time problem,SSD Upgrade
slow boot time problem,SSD Upgrade
my slow boot time,SSD Upgrade
slow boot time problem,SSD Upgrade
slow boot time problem,SSD Upgrade
slow boot time problem,SSD Upgrade
slow boot time problem,SSD Upgrade
slow boot time 830,SSD Upgrade
slow boot time problem,SSD Upgrade
slow boot time problem,SSD Upgrade
slow boot time problem,SSD Upgrade
slow boot time problem,SSD Upgrade
my slow boot time,SSD Upgrade
slow boot time problem,SSD Upgrade
slow boot time problem,SSD Upgrade
slow boot time problem,SSD Upgrade
slow boot time problem,SSD Upgrade
slow boot time 840,SSD Upgrade
slow boot time problem,SSD Upgrade
slow boot time problem,SSD Upgrade
slow boot time problem,SSD Upgrade
slow boot time problem,SSD Upgrade
my slow boot time,SSD Upgrade
slow boot time problem,SSD Upgrade
slow boot time problem,SSD Upgrade
slow boot time problem,SSD Upgrade
slow boot time problem,SSD Upgrade
slow boot time 850,SSD Upgrade
slow boot time problem,SSD Upgrade
slow boot time problem,SSD Upgrade
slow boot time problem,SSD Upgrade
slow boot time problem,SSD Upgrade
my slow boot time,SSD Upgrade
slow boot time problem,SSD Upgrade
slow boot time problem,SSD Upgrade
slow boot time problem,SSD Upgrade
slow boot time problem,SSD Upgrade
slow boot time 860,SSD Upgrade
slow boot time problem,SSD Upgrade
slow boot time problem,SSD Upgrade
slow boot time problem,SSD Upgrade
slow boot time problem,SSD Upgrade
my slow boot time,SSD Upgrade
slow boot time problem,SSD Upgrade
slow boot time problem,SSD Upgrade
slow boot time problem,SSD Upgrade
slow boot time problem,SSD Upgrade
slow boot time 870,SSD Upgrade
slow boot time problem,SSD Upgrade
slow boot time problem,SSD Upgrade
slow boot time problem,SSD Upgrade
slow boot time problem,SSD Upgrade
my slow boot time,SSD Upgrade
slow boot time problem,SSD Upgrade
slow boot time problem,SSD Upgrade
slow boot time problem,SSD Upgrade
slow boot time problem,SSD Upgrade
slow boot time 880,SSD Upgrade
slow boot time problem,SSD Upgrade
slow boot time problem,SSD Upgrade
slow boot time problem,SSD Upgrade
slow boot time problem,SSD Upgrade
my slow boot time,SSD Upgrade
slow boot time problem,SSD Upgrade
slow boot time problem,SSD Upgrade
slow boot time problem,SSD Upgrade
slow boot time problem,SSD Upgrade
slow boot time 890,SSD Upgrade
slow boot time problem,SSD Upgrade
slow boot time problem,SSD Upgrade
slow boot time problem,SSD Upgrade
slow boot time problem,SSD Upgrade
my slow boot time,SSD Upgrade
slow boot time problem,SSD Upgrade
slow boot time problem,SSD Upgrade
slow boot time problem,SSD Upgrade
slow boot time problem,SSD Upgrade
slow boot time 900,SSD Upgrade
slow boot time problem,SSD Upgrade
slow boot time problem,SSD Upgrade
slow boot time problem,SSD Upgrade
slow boot time problem,SSD Upgrade
my slow boot time,SSD Upgrade
slow boot time problem,SSD Upgrade
slow boot time problem,SSD Upgrade
slow boot time problem,SSD Upgrade
slow boot time problem,SSD Upgrade
slow boot time 910,SSD Upgrade
slow boot time problem,SSD Upgrade
slow boot time problem,SSD Upgrade
slow boot time problem,SSD Upgrade
slow boot time problem,SSD Upgrade
my slow boot time,SSD Upgrade
slow boot time problem,SSD Upgrade
slow boot time problem,SSD Upgrade
slow boot time problem,SSD Upgrade
slow boot time problem,SSD Upgrade
slow boot time 920,SSD Upgrade
slow boot time problem,SSD Upgrade
slow boot time problem,SSD Upgrade
slow boot time problem,SSD Upgrade
slow boot time problem,SSD Upgrade
my slow boot time,SSD Upgrade
slow boot time problem,SSD Upgrade
slow boot time problem,SSD Upgrade
slow boot time problem,SSD Upgrade
slow boot time problem,SSD Upgrade
slow boot time 930,SSD Upgrade
slow boot time problem,SSD Upgrade
slow boot time problem,SSD Upgrade
slow boot time problem,SSD Upgrade
slow boot time problem,SSD Upgrade
my slow boot time,SSD Upgrade
slow boot time problem,SSD Upgrade
slow boot time problem,SSD Upgrade
slow boot time problem,SSD Upgrade
slow boot time problem,SSD Upgrade
slow boot time 940,SSD Upgrade
slow boot time problem,SSD Upgrade
slow boot time problem,SSD Upgrade
slow boot time problem,SSD Upgrade
slow boot time problem,SSD Upgrade
my slow boot time,SSD Upgrade
slow boot time problem,SSD Upgrade
slow boot time problem,SSD Upgrade
slow boot time problem,SSD Upgrade
slow boot time problem,SSD Upgrade
slow boot time 950,SSD Upgrade
slow boot time problem,SSD Upgrade
slow boot time problem,SSD Upgrade
slow boot time problem,SSD Upgrade
slow boot time problem,SSD Upgrade
my slow boot time,SSD Upgrade
slow boot time problem,SSD Upgrade
slow boot time problem,SSD Upgrade
slow boot time problem,SSD Upgrade
slow boot time problem,SSD Upgrade
slow boot time 960,SSD Upgrade
slow boot time problem,SSD Upgrade
slow boot time problem,SSD Upgrade
slow boot time problem,SSD Upgrade
slow boot time problem,SSD Upgrade
my slow boot time,SSD Upgrade
slow boot time problem,SSD Upgrade
slow boot time problem,SSD Upgrade
slow boot time problem,SSD Upgrade
slow boot time problem,SSD Upgrade
slow boot time 970,SSD Upgrade
slow boot time problem,SSD Upgrade
slow boot time problem,SSD Upgrade
slow boot time problem,SSD Upgrade
slow boot time problem,SSD Upgrade
my slow boot time,SSD Upgrade
slow boot time problem,SSD Upgrade
slow boot time problem,SSD Upgrade
slow boot time problem,SSD Upgrade
slow boot time problem,SSD Upgrade
slow boot time 980,SSD Upgrade
slow boot time problem,SSD Upgrade
slow boot time problem,SSD Upgrade
slow boot time problem,SSD Upgrade
slow boot time problem,SSD Upgrade
my slow boot time,SSD Upgrade
slow boot time problem,SSD Upgrade
slow boot time problem,SSD Upgrade
slow boot time problem,SSD Upgrade
slow boot time problem,SSD Upgrade
slow boot time 990,SSD Upgrade
slow boot time problem,SSD Upgrade
slow boot time problem,SSD Upgrade
slow boot time problem,SSD Upgrade
slow boot time problem,SSD Upgrade
my slow boot time,SSD Upgrade
slow boot time problem,SSD Upgrade
slow boot time problem,SSD Upgrade
slow boot time problem,SSD Upgrade
slow boot time problem,SSD Upgrade
slow boot time 1000,SSD Upgrade
slow boot time problem,SSD Upgrade
slow boot time problem,SSD Upgrade
slow boot time problem,SSD Upgrade
slow boot time problem,SSD Upgrade
my slow boot time,SSD Upgrade
slow boot time problem,SSD Upgrade
slow boot time problem,SSD Upgrade
slow boot time problem,SSD Upgrade
slow boot time problem,SSD Upgrade
slow boot time 1010,SSD Upgrade
slow boot time problem,SSD Upgrade
slow boot time problem,SSD Upgrade
slow boot time problem,SSD Upgrade
slow boot time problem,SSD Upgrade
my slow boot time,SSD Upgrade
slow boot time problem,SSD Upgrade
slow boot time problem,SSD Upgrade
slow boot time problem,SSD Upgrade
slow boot time problem,SSD Upgrade
slow boot time 1020,SSD Upgrade
slow boot time problem,SSD Upgrade
slow boot time problem,SSD Upgrade
slow boot time problem,SSD Upgrade
slow boot time problem,SSD Upgrade
my slow boot time,SSD Upgrade
slow boot time problem,SSD Upgrade
slow boot time problem,SSD Upgrade
slow boot time problem,SSD Upgrade
slow boot time problem,SSD Upgrade
slow boot time 1030,SSD Upgrade
slow boot time problem,SSD Upgrade
slow boot time problem,SSD Upgrade
slow boot time problem,SSD Upgrade
slow boot time problem,SSD Upgrade
my slow boot time,SSD Upgrade
slow boot time problem,SSD Upgrade
slow boot time problem,SSD Upgrade
slow boot time problem,SSD Upgrade
slow boot time problem,SSD Upgrade
slow boot time 1040,SSD Upgrade
slow boot time problem,SSD Upgrade
slow boot time problem,SSD Upgrade
slow boot time problem,SSD Upgrade
slow boot time problem,SSD Upgrade
my slow boot time,SSD Upgrade
slow boot time problem,SSD Upgrade
slow boot time problem,SSD Upgrade
slow boot time problem,SSD Upgrade
slow boot time problem,SSD Upgrade
slow boot time 1050,SSD Upgrade
slow boot time problem,SSD Upgrade
slow boot time problem,SSD Upgrade
slow boot time problem,SSD Upgrade
slow boot time problem,SSD Upgrade
my slow boot time,SSD Upgrade
slow boot time problem,SSD Upgrade
slow boot time problem,SSD Upgrade
slow boot time problem,SSD Upgrade
slow boot time problem,SSD Upgrade
slow boot time 1060,SSD Upgrade
slow boot time problem,SSD Upgrade
slow boot time problem,SSD Upgrade
slow boot time problem,SSD Upgrade
slow boot time problem,SSD Upgrade
my slow boot time,SSD Upgrade
slow boot time problem,SSD Upgrade
slow boot time problem,SSD Upgrade
slow boot time problem,SSD Upgrade
slow boot time problem,SSD Upgrade
slow boot time 1070,SSD Upgrade
slow boot time problem,SSD Upgrade
slow boot time problem,SSD Upgrade
slow boot time problem,SSD Upgrade
slow boot time problem,SSD Upgrade
my slow boot time,SSD Upgrade
slow boot time problem,SSD Upgrade
slow boot time problem,SSD Upgrade
slow boot time problem,SSD Upgrade
slow boot time problem,SSD Upgrade
slow boot time 1080,SSD Upgrade
slow boot time problem,SSD Upgrade
slow boot time problem,SSD Upgrade
slow boot time problem,SSD Upgrade
slow boot time problem,SSD Upgrade
my slow boot time,SSD Upgrade
slow boot time problem,SSD Upgrade
slow boot time problem,SSD Upgrade
slow boot time problem,SSD Upgrade
slow boot time problem,SSD Upgrade
slow boot time 1090,SSD Upgrade
slow boot time problem,SSD Upgrade
slow boot time problem,SSD Upgrade
slow boot time problem,SSD Upgrade
slow boot time problem,SSD Upgrade
my slow boot time,SSD Upgrade
slow boot time problem,SSD Upgrade
slow boot time problem,SSD Upgrade
slow boot time problem,SSD Upgrade
slow boot time problem,SSD Upgrade
slow boot time 1100,SSD Upgrade
slow boot time problem,SSD Upgrade
slow boot time problem,SSD Upgrade
slow boot time problem,SSD Upgrade
slow boot time problem,SSD Upgrade
my slow boot time,SSD Upgrade
wifi not working,Wi-Fi Adapter Upgrade
no internet connection,Wi-Fi Adapter Upgrade
wifi keeps disconnecting,Wi-Fi Adapter Upgrade
wireless not working,Wi-Fi Adapter Upgrade
wifi adapter issue,Wi-Fi Adapter Upgrade
wifi not working 0,Wi-Fi Adapter Upgrade
wifi not working problem,Wi-Fi Adapter Upgrade
wifi not working problem,Wi-Fi Adapter Upgrade
wifi not working problem,Wi-Fi Adapter Upgrade
wifi not working problem,Wi-Fi Adapter Upgrade
my wifi not working,Wi-Fi Adapter Upgrade
wifi not working problem,Wi-Fi Adapter Upgrade
wifi not working problem,Wi-Fi Adapter Upgrade
wifi not working problem,Wi-Fi Adapter Upgrade
wifi not working problem,Wi-Fi Adapter Upgrade
wifi not working 10,Wi-Fi Adapter Upgrade
wifi not working problem,Wi-Fi Adapter Upgrade
wifi not working problem,Wi-Fi Adapter Upgrade
wifi not working problem,Wi-Fi Adapter Upgrade
wifi not working problem,Wi-Fi Adapter Upgrade
my wifi not working,Wi-Fi Adapter Upgrade
wifi not working problem,Wi-Fi Adapter Upgrade
wifi not working problem,Wi-Fi Adapter Upgrade
wifi not working problem,Wi-Fi Adapter Upgrade
wifi not working problem,Wi-Fi Adapter Upgrade
wifi not working 20,Wi-Fi Adapter Upgrade
wifi not working problem,Wi-Fi Adapter Upgrade
wifi not working problem,Wi-Fi Adapter Upgrade
wifi not working problem,Wi-Fi Adapter Upgrade
wifi not working problem,Wi-Fi Adapter Upgrade
my wifi not working,Wi-Fi Adapter Upgrade
wifi not working problem,Wi-Fi Adapter Upgrade
wifi not working problem,Wi-Fi Adapter Upgrade
wifi not working problem,Wi-Fi Adapter Upgrade
wifi not working problem,Wi-Fi Adapter Upgrade
wifi not working 30,Wi-Fi Adapter Upgrade
wifi not working problem,Wi-Fi Adapter Upgrade
wifi not working problem,Wi-Fi Adapter Upgrade
wifi not working problem,Wi-Fi Adapter Upgrade
wifi not working problem,Wi-Fi Adapter Upgrade
my wifi not working,Wi-Fi Adapter Upgrade
wifi not working problem,Wi-Fi Adapter Upgrade
wifi not working problem,Wi-Fi Adapter Upgrade
wifi not working problem,Wi-Fi Adapter Upgrade
wifi not working problem,Wi-Fi Adapter Upgrade
wifi not working 40,Wi-Fi Adapter Upgrade
wifi not working problem,Wi-Fi Adapter Upgrade
wifi not working problem,Wi-Fi Adapter Upgrade
wifi not working problem,Wi-Fi Adapter Upgrade
wifi not working problem,Wi-Fi Adapter Upgrade
my wifi not working,Wi-Fi Adapter Upgrade
wifi not working problem,Wi-Fi Adapter Upgrade
wifi not working problem,Wi-Fi Adapter Upgrade
wifi not working problem,Wi-Fi Adapter Upgrade
wifi not working problem,Wi-Fi Adapter Upgrade
wifi not working 50,Wi-Fi Adapter Upgrade
wifi not working problem,Wi-Fi Adapter Upgrade
wifi not working problem,Wi-Fi Adapter Upgrade
wifi not working problem,Wi-Fi Adapter Upgrade
wifi not working problem,Wi-Fi Adapter Upgrade
my wifi not working,Wi-Fi Adapter Upgrade
wifi not working problem,Wi-Fi Adapter Upgrade
wifi not working problem,Wi-Fi Adapter Upgrade
wifi not working problem,Wi-Fi Adapter Upgrade
wifi not working problem,Wi-Fi Adapter Upgrade
wifi not working 60,Wi-Fi Adapter Upgrade
wifi not working problem,Wi-Fi Adapter Upgrade
wifi not working problem,Wi-Fi Adapter Upgrade
wifi not working problem,Wi-Fi Adapter Upgrade
wifi not working problem,Wi-Fi Adapter Upgrade
my wifi not working,Wi-Fi Adapter Upgrade
wifi not working problem,Wi-Fi Adapter Upgrade
wifi not working problem,Wi-Fi Adapter Upgrade
wifi not working problem,Wi-Fi Adapter Upgrade
wifi not working problem,Wi-Fi Adapter Upgrade
wifi not working 70,Wi-Fi Adapter Upgrade
wifi not working problem,Wi-Fi Adapter Upgrade
wifi not working problem,Wi-Fi Adapter Upgrade
wifi not working problem,Wi-Fi Adapter Upgrade
wifi not working problem,Wi-Fi Adapter Upgrade
my wifi not working,Wi-Fi Adapter Upgrade
wifi not working problem,Wi-Fi Adapter Upgrade
wifi not working problem,Wi-Fi Adapter Upgrade
wifi not working problem,Wi-Fi Adapter Upgrade
wifi not working problem,Wi-Fi Adapter Upgrade
wifi not working 80,Wi-Fi Adapter Upgrade
wifi not working problem,Wi-Fi Adapter Upgrade
wifi not working problem,Wi-Fi Adapter Upgrade
wifi not working problem,Wi-Fi Adapter Upgrade
wifi not working problem,Wi-Fi Adapter Upgrade
my wifi not working,Wi-Fi Adapter Upgrade
wifi not working problem,Wi-Fi Adapter Upgrade
wifi not working problem,Wi-Fi Adapter Upgrade
wifi not working problem,Wi-Fi Adapter Upgrade
wifi not working problem,Wi-Fi Adapter Upgrade
wifi not working 90,Wi-Fi Adapter Upgrade
wifi not working problem,Wi-Fi Adapter Upgrade
wifi not working problem,Wi-Fi Adapter Upgrade
wifi not working problem,Wi-Fi Adapter Upgrade
wifi not working problem,Wi-Fi Adapter Upgrade
my wifi not working,Wi-Fi Adapter Upgrade
wifi not working problem,Wi-Fi Adapter Upgrade
wifi not working problem,Wi-Fi Adapter Upgrade
wifi not working problem,Wi-Fi Adapter Upgrade
wifi not working problem,Wi-Fi Adapter Upgrade
wifi not working 100,Wi-Fi Adapter Upgrade
wifi not working problem,Wi-Fi Adapter Upgrade
wifi not working problem,Wi-Fi Adapter Upgrade
wifi not working problem,Wi-Fi Adapter Upgrade
wifi not working problem,Wi-Fi Adapter Upgrade
my wifi not working,Wi-Fi Adapter Upgrade
wifi not working problem,Wi-Fi Adapter Upgrade
wifi not working problem,Wi-Fi Adapter Upgrade
wifi not working problem,Wi-Fi Adapter Upgrade
wifi not working problem,Wi-Fi Adapter Upgrade
wifi not working 110,Wi-Fi Adapter Upgrade
wifi not working problem,Wi-Fi Adapter Upgrade
wifi not working problem,Wi-Fi Adapter Upgrade
wifi not working problem,Wi-Fi Adapter Upgrade
wifi not working problem,Wi-Fi Adapter Upgrade
my wifi not working,Wi-Fi Adapter Upgrade
wifi not working problem,Wi-Fi Adapter Upgrade
wifi not working problem,Wi-Fi Adapter Upgrade
wifi not working problem,Wi-Fi Adapter Upgrade
wifi not working problem,Wi-Fi Adapter Upgrade
wifi not working 120,Wi-Fi Adapter Upgrade
wifi not working problem,Wi-Fi Adapter Upgrade
wifi not working problem,Wi-Fi Adapter Upgrade
wifi not working problem,Wi-Fi Adapter Upgrade
wifi not working problem,Wi-Fi Adapter Upgrade
my wifi not working,Wi-Fi Adapter Upgrade
wifi not working problem,Wi-Fi Adapter Upgrade
wifi not working problem,Wi-Fi Adapter Upgrade
wifi not working problem,Wi-Fi Adapter Upgrade
wifi not working problem,Wi-Fi Adapter Upgrade
wifi not working 130,Wi-Fi Adapter Upgrade
wifi not working problem,Wi-Fi Adapter Upgrade
wifi not working problem,Wi-Fi Adapter Upgrade
wifi not working problem,Wi-Fi Adapter Upgrade
wifi not working problem,Wi-Fi Adapter Upgrade
my wifi not working,Wi-Fi Adapter Upgrade
wifi not working problem,Wi-Fi Adapter Upgrade
wifi not working problem,Wi-Fi Adapter Upgrade
wifi not working problem,Wi-Fi Adapter Upgrade
wifi not working problem,Wi-Fi Adapter Upgrade
wifi not working 140,Wi-Fi Adapter Upgrade
wifi not working problem,Wi-Fi Adapter Upgrade
wifi not working problem,Wi-Fi Adapter Upgrade
wifi not working problem,Wi-Fi Adapter Upgrade
wifi not working problem,Wi-Fi Adapter Upgrade
my wifi not working,Wi-Fi Adapter Upgrade
wifi not working problem,Wi-Fi Adapter Upgrade
wifi not working problem,Wi-Fi Adapter Upgrade
wifi not working problem,Wi-Fi Adapter Upgrade
wifi not working problem,Wi-Fi Adapter Upgrade
wifi not working 150,Wi-Fi Adapter Upgrade
wifi not working problem,Wi-Fi Adapter Upgrade
wifi not working problem,Wi-Fi Adapter Upgrade
wifi not working problem,Wi-Fi Adapter Upgrade
wifi not working problem,Wi-Fi Adapter Upgrade
my wifi not working,Wi-Fi Adapter Upgrade
wifi not working problem,Wi-Fi Adapter Upgrade
wifi not working problem,Wi-Fi Adapter Upgrade
wifi not working problem,Wi-Fi Adapter Upgrade
wifi not working problem,Wi-Fi Adapter Upgrade
wifi not working 160,Wi-Fi Adapter Upgrade
wifi not working problem,Wi-Fi Adapter Upgrade
wifi not working problem,Wi-Fi Adapter Upgrade
wifi not working problem,Wi-Fi Adapter Upgrade
wifi not working problem,Wi-Fi Adapter Upgrade
my wifi not working,Wi-Fi Adapter Upgrade
wifi not working problem,Wi-Fi Adapter Upgrade
wifi not working problem,Wi-Fi Adapter Upgrade
wifi not working problem,Wi-Fi Adapter Upgrade
wifi not working problem,Wi-Fi Adapter Upgrade
wifi not working 170,Wi-Fi Adapter Upgrade
wifi not working problem,Wi-Fi Adapter Upgrade
wifi not working problem,Wi-Fi Adapter Upgrade
wifi not working problem,Wi-Fi Adapter Upgrade
wifi not working problem,Wi-Fi Adapter Upgrade
my wifi not working,Wi-Fi Adapter Upgrade
wifi not working problem,Wi-Fi Adapter Upgrade
wifi not working problem,Wi-Fi Adapter Upgrade
wifi not working problem,Wi-Fi Adapter Upgrade
wifi not working problem,Wi-Fi Adapter Upgrade
wifi not working 180,Wi-Fi Adapter Upgrade
wifi not working problem,Wi-Fi Adapter Upgrade
wifi not working problem,Wi-Fi Adapter Upgrade
wifi not working problem,Wi-Fi Adapter Upgrade
wifi not working problem,Wi-Fi Adapter Upgrade
my wifi not working,Wi-Fi Adapter Upgrade
wifi not working problem,Wi-Fi Adapter Upgrade
wifi not working problem,Wi-Fi Adapter Upgrade
wifi not working problem,Wi-Fi Adapter Upgrade
wifi not working problem,Wi-Fi Adapter Upgrade
wifi not working 190,Wi-Fi Adapter Upgrade
wifi not working problem,Wi-Fi Adapter Upgrade
wifi not working problem,Wi-Fi Adapter Upgrade
wifi not working problem,Wi-Fi Adapter Upgrade
wifi not working problem,Wi-Fi Adapter Upgrade
my wifi not working,Wi-Fi Adapter Upgrade
wifi not working problem,Wi-Fi Adapter Upgrade
wifi not working problem,Wi-Fi Adapter Upgrade
wifi not working problem,Wi-Fi Adapter Upgrade
wifi not working problem,Wi-Fi Adapter Upgrade
wifi not working 200,Wi-Fi Adapter Upgrade
wifi not working problem,Wi-Fi Adapter Upgrade
wifi not working problem,Wi-Fi Adapter Upgrade
wifi not working problem,Wi-Fi Adapter Upgrade
wifi not working problem,Wi-Fi Adapter Upgrade
my wifi not working,Wi-Fi Adapter Upgrade
wifi not working problem,Wi-Fi Adapter Upgrade
wifi not working problem,Wi-Fi Adapter Upgrade
wifi not working problem,Wi-Fi Adapter Upgrade
wifi not working problem,Wi-Fi Adapter Upgrade
wifi not working 210,Wi-Fi Adapter Upgrade
wifi not working problem,Wi-Fi Adapter Upgrade
wifi not working problem,Wi-Fi Adapter Upgrade
wifi not working problem,Wi-Fi Adapter Upgrade
wifi not working problem,Wi-Fi Adapter Upgrade
my wifi not working,Wi-Fi Adapter Upgrade
wifi not working problem,Wi-Fi Adapter Upgrade
wifi not working problem,Wi-Fi Adapter Upgrade
wifi not working problem,Wi-Fi Adapter Upgrade
wifi not working problem,Wi-Fi Adapter Upgrade
wifi not working 220,Wi-Fi Adapter Upgrade
wifi not working problem,Wi-Fi Adapter Upgrade
wifi not working problem,Wi-Fi Adapter Upgrade
wifi not working problem,Wi-Fi Adapter Upgrade
wifi not working problem,Wi-Fi Adapter Upgrade
my wifi not working,Wi-Fi Adapter Upgrade
wifi not working problem,Wi-Fi Adapter Upgrade
wifi not working problem,Wi-Fi Adapter Upgrade
wifi not working problem,Wi-Fi Adapter Upgrade
wifi not working problem,Wi-Fi Adapter Upgrade
wifi not working 230,Wi-Fi Adapter Upgrade
wifi not working problem,Wi-Fi Adapter Upgrade
wifi not working problem,Wi-Fi Adapter Upgrade
wifi not working problem,Wi-Fi Adapter Upgrade
wifi not working problem,Wi-Fi Adapter Upgrade
my wifi not working,Wi-Fi Adapter Upgrade
wifi not working problem,Wi-Fi Adapter Upgrade
wifi not working problem,Wi-Fi Adapter Upgrade
wifi not working problem,Wi-Fi Adapter Upgrade
wifi not working problem,Wi-Fi Adapter Upgrade
wifi not working 240,Wi-Fi Adapter Upgrade
wifi not working problem,Wi-Fi Adapter Upgrade
wifi not working problem,Wi-Fi Adapter Upgrade
wifi not working problem,Wi-Fi Adapter Upgrade
wifi not working problem,Wi-Fi Adapter Upgrade
my wifi not working,Wi-Fi Adapter Upgrade
wifi not working problem,Wi-Fi Adapter Upgrade
wifi not working problem,Wi-Fi Adapter Upgrade
wifi not working problem,Wi-Fi Adapter Upgrade
wifi not working problem,Wi-Fi Adapter Upgrade
wifi not working 250,Wi-Fi Adapter Upgrade
wifi not working problem,Wi-Fi Adapter Upgrade
wifi not working problem,Wi-Fi Adapter Upgrade
wifi not working problem,Wi-Fi Adapter Upgrade
wifi not working problem,Wi-Fi Adapter Upgrade
my wifi not working,Wi-Fi Adapter Upgrade
wifi not working problem,Wi-Fi Adapter Upgrade
wifi not working problem,Wi-Fi Adapter Upgrade
wifi not working problem,Wi-Fi Adapter Upgrade
wifi not working problem,Wi-Fi Adapter Upgrade
wifi not working 260,Wi-Fi Adapter Upgrade
wifi not working problem,Wi-Fi Adapter Upgrade
wifi not working problem,Wi-Fi Adapter Upgrade
wifi not working problem,Wi-Fi Adapter Upgrade
wifi not working problem,Wi-Fi Adapter Upgrade
my wifi not working,Wi-Fi Adapter Upgrade
wifi not working problem,Wi-Fi Adapter Upgrade
wifi not working problem,Wi-Fi Adapter Upgrade
wifi not working problem,Wi-Fi Adapter Upgrade
wifi not working problem,Wi-Fi Adapter Upgrade
wifi not working 270,Wi-Fi Adapter Upgrade
wifi not working problem,Wi-Fi Adapter Upgrade
wifi not working problem,Wi-Fi Adapter Upgrade
wifi not working problem,Wi-Fi Adapter Upgrade
wifi not working problem,Wi-Fi Adapter Upgrade
my wifi not working,Wi-Fi Adapter Upgrade
wifi not working problem,Wi-Fi Adapter Upgrade
wifi not working problem,Wi-Fi Adapter Upgrade
wifi not working problem,Wi-Fi Adapter Upgrade
wifi not working problem,Wi-Fi Adapter Upgrade
wifi not working 280,Wi-Fi Adapter Upgrade
wifi not working problem,Wi-Fi Adapter Upgrade
wifi not working problem,Wi-Fi Adapter Upgrade
wifi not working problem,Wi-Fi Adapter Upgrade
wifi not working problem,Wi-Fi Adapter Upgrade
my wifi not working,Wi-Fi Adapter Upgrade
wifi not working problem,Wi-Fi Adapter Upgrade
wifi not working problem,Wi-Fi Adapter Upgrade
wifi not working problem,Wi-Fi Adapter Upgrade
wifi not working problem,Wi-Fi Adapter Upgrade
wifi not working 290,Wi-Fi Adapter Upgrade
wifi not working problem,Wi-Fi Adapter Upgrade
wifi not working problem,Wi-Fi Adapter Upgrade
wifi not working problem,Wi-Fi Adapter Upgrade
wifi not working problem,Wi-Fi Adapter Upgrade
my wifi not working,Wi-Fi Adapter Upgrade
wifi not working problem,Wi-Fi Adapter Upgrade
wifi not working problem,Wi-Fi Adapter Upgrade
wifi not working problem,Wi-Fi Adapter Upgrade
wifi not working problem,Wi-Fi Adapter Upgrade
wifi not working 300,Wi-Fi Adapter Upgrade
wifi not working problem,Wi-Fi Adapter Upgrade
wifi not working problem,Wi-Fi Adapter Upgrade
wifi not working problem,Wi-Fi Adapter Upgrade
wifi not working problem,Wi-Fi Adapter Upgrade
my wifi not working,Wi-Fi Adapter Upgrade
wifi not working problem,Wi-Fi Adapter Upgrade
wifi not working problem,Wi-Fi Adapter Upgrade
wifi not working problem,Wi-Fi Adapter Upgrade
wifi not working problem,Wi-Fi Adapter Upgrade
wifi not working 310,Wi-Fi Adapter Upgrade
wifi not working problem,Wi-Fi Adapter Upgrade
wifi not working problem,Wi-Fi Adapter Upgrade
wifi not working problem,Wi-Fi Adapter Upgrade
wifi not working problem,Wi-Fi Adapter Upgrade
my wifi not working,Wi-Fi Adapter Upgrade
wifi not working problem,Wi-Fi Adapter Upgrade
wifi not working problem,Wi-Fi Adapter Upgrade
wifi not working problem,Wi-Fi Adapter Upgrade
wifi not working problem,Wi-Fi Adapter Upgrade
wifi not working 320,Wi-Fi Adapter Upgrade
wifi not working problem,Wi-Fi Adapter Upgrade
wifi not working problem,Wi-Fi Adapter Upgrade
wifi not working problem,Wi-Fi Adapter Upgrade
wifi not working problem,Wi-Fi Adapter Upgrade
my wifi not working,Wi-Fi Adapter Upgrade
wifi not working problem,Wi-Fi Adapter Upgrade
wifi not working problem,Wi-Fi Adapter Upgrade
wifi not working problem,Wi-Fi Adapter Upgrade
wifi not working problem,Wi-Fi Adapter Upgrade
wifi not working 330,Wi-Fi Adapter Upgrade
wifi not working problem,Wi-Fi Adapter Upgrade
wifi not working problem,Wi-Fi Adapter Upgrade
wifi not working problem,Wi-Fi Adapter Upgrade
wifi not working problem,Wi-Fi Adapter Upgrade
my wifi not working,Wi-Fi Adapter Upgrade
wifi not working problem,Wi-Fi Adapter Upgrade
wifi not working problem,Wi-Fi Adapter Upgrade
wifi not working problem,Wi-Fi Adapter Upgrade
wifi not working problem,Wi-Fi Adapter Upgrade
wifi not working 340,Wi-Fi Adapter Upgrade
wifi not working problem,Wi-Fi Adapter Upgrade
wifi not working problem,Wi-Fi Adapter Upgrade
wifi not working problem,Wi-Fi Adapter Upgrade
wifi not working problem,Wi-Fi Adapter Upgrade
my wifi not working,Wi-Fi Adapter Upgrade
wifi not working problem,Wi-Fi Adapter Upgrade
wifi not working problem,Wi-Fi Adapter Upgrade
wifi not working problem,Wi-Fi Adapter Upgrade
wifi not working problem,Wi-Fi Adapter Upgrade
wifi not working 350,Wi-Fi Adapter Upgrade
wifi not working problem,Wi-Fi Adapter Upgrade
wifi not working problem,Wi-Fi Adapter Upgrade
wifi not working problem,Wi-Fi Adapter Upgrade
wifi not working problem,Wi-Fi Adapter Upgrade
my wifi not working,Wi-Fi Adapter Upgrade
wifi not working problem,Wi-Fi Adapter Upgrade
wifi not working problem,Wi-Fi Adapter Upgrade
wifi not working problem,Wi-Fi Adapter Upgrade
wifi not working problem,Wi-Fi Adapter Upgrade
wifi not working 360,Wi-Fi Adapter Upgrade
wifi not working problem,Wi-Fi Adapter Upgrade
wifi not working problem,Wi-Fi Adapter Upgrade
wifi not working problem,Wi-Fi Adapter Upgrade
wifi not working problem,Wi-Fi Adapter Upgrade
my wifi not working,Wi-Fi Adapter Upgrade
wifi not working problem,Wi-Fi Adapter Upgrade
wifi not working problem,Wi-Fi Adapter Upgrade
wifi not working problem,Wi-Fi Adapter Upgrade
wifi not working problem,Wi-Fi Adapter Upgrade
wifi not working 370,Wi-Fi Adapter Upgrade
wifi not working problem,Wi-Fi Adapter Upgrade
wifi not working problem,Wi-Fi Adapter Upgrade
wifi not working problem,Wi-Fi Adapter Upgrade
wifi not working problem,Wi-Fi Adapter Upgrade
my wifi not working,Wi-Fi Adapter Upgrade
wifi not working problem,Wi-Fi Adapter Upgrade
wifi not working problem,Wi-Fi Adapter Upgrade
wifi not working problem,Wi-Fi Adapter Upgrade
wifi not working problem,Wi-Fi Adapter Upgrade
wifi not working 380,Wi-Fi Adapter Upgrade
wifi not working problem,Wi-Fi Adapter Upgrade
wifi not working problem,Wi-Fi Adapter Upgrade
wifi not working problem,Wi-Fi Adapter Upgrade
wifi not working problem,Wi-Fi Adapter Upgrade
my wifi not working,Wi-Fi Adapter Upgrade
wifi not working problem,Wi-Fi Adapter Upgrade
wifi not working problem,Wi-Fi Adapter Upgrade
wifi not working problem,Wi-Fi Adapter Upgrade
wifi not working problem,Wi-Fi Adapter Upgrade
wifi not working 390,Wi-Fi Adapter Upgrade
wifi not working problem,Wi-Fi Adapter Upgrade
wifi not working problem,Wi-Fi Adapter Upgrade
wifi not working problem,Wi-Fi Adapter Upgrade
wifi not working problem,Wi-Fi Adapter Upgrade
my wifi not working,Wi-Fi Adapter Upgrade
wifi not working problem,Wi-Fi Adapter Upgrade
wifi not working problem,Wi-Fi Adapter Upgrade
wifi not working problem,Wi-Fi Adapter Upgrade
wifi not working problem,Wi-Fi Adapter Upgrade
wifi not working 400,Wi-Fi Adapter Upgrade
wifi not working problem,Wi-Fi Adapter Upgrade
wifi not working problem,Wi-Fi Adapter Upgrade
wifi not working problem,Wi-Fi Adapter Upgrade
wifi not working problem,Wi-Fi Adapter Upgrade
my wifi not working,Wi-Fi Adapter Upgrade
wifi not working problem,Wi-Fi Adapter Upgrade
wifi not working problem,Wi-Fi Adapter Upgrade
wifi not working problem,Wi-Fi Adapter Upgrade
wifi not working problem,Wi-Fi Adapter Upgrade
wifi not working 410,Wi-Fi Adapter Upgrade
wifi not working problem,Wi-Fi Adapter Upgrade
wifi not working problem,Wi-Fi Adapter Upgrade
wifi not working problem,Wi-Fi Adapter Upgrade
wifi not working problem,Wi-Fi Adapter Upgrade
my wifi not working,Wi-Fi Adapter Upgrade
wifi not working problem,Wi-Fi Adapter Upgrade
wifi not working problem,Wi-Fi Adapter Upgrade
wifi not working problem,Wi-Fi Adapter Upgrade
wifi not working problem,Wi-Fi Adapter Upgrade
wifi not working 420,Wi-Fi Adapter Upgrade
wifi not working problem,Wi-Fi Adapter Upgrade
wifi not working problem,Wi-Fi Adapter Upgrade
wifi not working problem,Wi-Fi Adapter Upgrade
wifi not working problem,Wi-Fi Adapter Upgrade
my wifi not working,Wi-Fi Adapter Upgrade
wifi not working problem,Wi-Fi Adapter Upgrade
wifi not working problem,Wi-Fi Adapter Upgrade
wifi not working problem,Wi-Fi Adapter Upgrade
wifi not working problem,Wi-Fi Adapter Upgrade
wifi not working 430,Wi-Fi Adapter Upgrade
wifi not working problem,Wi-Fi Adapter Upgrade
wifi not working problem,Wi-Fi Adapter Upgrade
wifi not working problem,Wi-Fi Adapter Upgrade
wifi not working problem,Wi-Fi Adapter Upgrade
my wifi not working,Wi-Fi Adapter Upgrade
wifi not working problem,Wi-Fi Adapter Upgrade
wifi not working problem,Wi-Fi Adapter Upgrade
wifi not working problem,Wi-Fi Adapter Upgrade
wifi not working problem,Wi-Fi Adapter Upgrade
wifi not working 440,Wi-Fi Adapter Upgrade
wifi not working problem,Wi-Fi Adapter Upgrade
wifi not working problem,Wi-Fi Adapter Upgrade
wifi not working problem,Wi-Fi Adapter Upgrade
wifi not working problem,Wi-Fi Adapter Upgrade
my wifi not working,Wi-Fi Adapter Upgrade
wifi not working problem,Wi-Fi Adapter Upgrade
wifi not working problem,Wi-Fi Adapter Upgrade
wifi not working problem,Wi-Fi Adapter Upgrade
wifi not working problem,Wi-Fi Adapter Upgrade
wifi not working 450,Wi-Fi Adapter Upgrade
wifi not working problem,Wi-Fi Adapter Upgrade
wifi not working problem,Wi-Fi Adapter Upgrade
wifi not working problem,Wi-Fi Adapter Upgrade
wifi not working problem,Wi-Fi Adapter Upgrade
my wifi not working,Wi-Fi Adapter Upgrade
wifi not working problem,Wi-Fi Adapter Upgrade
wifi not working problem,Wi-Fi Adapter Upgrade
wifi not working problem,Wi-Fi Adapter Upgrade
wifi not working problem,Wi-Fi Adapter Upgrade
wifi not working 460,Wi-Fi Adapter Upgrade
wifi not working problem,Wi-Fi Adapter Upgrade
wifi not working problem,Wi-Fi Adapter Upgrade
wifi not working problem,Wi-Fi Adapter Upgrade
wifi not working problem,Wi-Fi Adapter Upgrade
my wifi not working,Wi-Fi Adapter Upgrade
wifi not working problem,Wi-Fi Adapter Upgrade
wifi not working problem,Wi-Fi Adapter Upgrade
wifi not working problem,Wi-Fi Adapter Upgrade
wifi not working problem,Wi-Fi Adapter Upgrade
wifi not working 470,Wi-Fi Adapter Upgrade
wifi not working problem,Wi-Fi Adapter Upgrade
wifi not working problem,Wi-Fi Adapter Upgrade
wifi not working problem,Wi-Fi Adapter Upgrade
wifi not working problem,Wi-Fi Adapter Upgrade
my wifi not working,Wi-Fi Adapter Upgrade
wifi not working problem,Wi-Fi Adapter Upgrade
wifi not working problem,Wi-Fi Adapter Upgrade
wifi not working problem,Wi-Fi Adapter Upgrade
wifi not working problem,Wi-Fi Adapter Upgrade
wifi not working 480,Wi-Fi Adapter Upgrade
wifi not working problem,Wi-Fi Adapter Upgrade
wifi not working problem,Wi-Fi Adapter Upgrade
wifi not working problem,Wi-Fi Adapter Upgrade
wifi not working problem,Wi-Fi Adapter Upgrade
my wifi not working,Wi-Fi Adapter Upgrade
wifi not working problem,Wi-Fi Adapter Upgrade
wifi not working problem,Wi-Fi Adapter Upgrade
wifi not working problem,Wi-Fi Adapter Upgrade
wifi not working problem,Wi-Fi Adapter Upgrade
wifi not working 490,Wi-Fi Adapter Upgrade
wifi not working problem,Wi-Fi Adapter Upgrade
wifi not working problem,Wi-Fi Adapter Upgrade
wifi not working problem,Wi-Fi Adapter Upgrade
wifi not working problem,Wi-Fi Adapter Upgrade
my wifi not working,Wi-Fi Adapter Upgrade
wifi not working problem,Wi-Fi Adapter Upgrade
wifi not working problem,Wi-Fi Adapter Upgrade
wifi not working problem,Wi-Fi Adapter Upgrade
wifi not working problem,Wi-Fi Adapter Upgrade
wifi not working 500,Wi-Fi Adapter Upgrade
wifi not working problem,Wi-Fi Adapter Upgrade
wifi not working problem,Wi-Fi Adapter Upgrade
wifi not working problem,Wi-Fi Adapter Upgrade
wifi not working problem,Wi-Fi Adapter Upgrade
my wifi not working,Wi-Fi Adapter Upgrade
wifi not working problem,Wi-Fi Adapter Upgrade
wifi not working problem,Wi-Fi Adapter Upgrade
wifi not working problem,Wi-Fi Adapter Upgrade
wifi not working problem,Wi-Fi Adapter Upgrade
wifi not working 510,Wi-Fi Adapter Upgrade
wifi not working problem,Wi-Fi Adapter Upgrade
wifi not working problem,Wi-Fi Adapter Upgrade
wifi not working problem,Wi-Fi Adapter Upgrade
wifi not working problem,Wi-Fi Adapter Upgrade
my wifi not working,Wi-Fi Adapter Upgrade
wifi not working problem,Wi-Fi Adapter Upgrade
wifi not working problem,Wi-Fi Adapter Upgrade
wifi not working problem,Wi-Fi Adapter Upgrade
wifi not working problem,Wi-Fi Adapter Upgrade
wifi not working 520,Wi-Fi Adapter Upgrade
wifi not working problem,Wi-Fi Adapter Upgrade
wifi not working problem,Wi-Fi Adapter Upgrade
wifi not working problem,Wi-Fi Adapter Upgrade
wifi not working problem,Wi-Fi Adapter Upgrade
my wifi not working,Wi-Fi Adapter Upgrade
wifi not working problem,Wi-Fi Adapter Upgrade
wifi not working problem,Wi-Fi Adapter Upgrade
wifi not working problem,Wi-Fi Adapter Upgrade
wifi not working problem,Wi-Fi Adapter Upgrade
wifi not working 530,Wi-Fi Adapter Upgrade
wifi not working problem,Wi-Fi Adapter Upgrade
wifi not working problem,Wi-Fi Adapter Upgrade
wifi not working problem,Wi-Fi Adapter Upgrade
wifi not working problem,Wi-Fi Adapter Upgrade
my wifi not working,Wi-Fi Adapter Upgrade
wifi not working problem,Wi-Fi Adapter Upgrade
wifi not working problem,Wi-Fi Adapter Upgrade
wifi not working problem,Wi-Fi Adapter Upgrade
wifi not working problem,Wi-Fi Adapter Upgrade
wifi not working 540,Wi-Fi Adapter Upgrade
wifi not working problem,Wi-Fi Adapter Upgrade
wifi not working problem,Wi-Fi Adapter Upgrade
wifi not working problem,Wi-Fi Adapter Upgrade
wifi not working problem,Wi-Fi Adapter Upgrade
my wifi not working,Wi-Fi Adapter Upgrade
wifi not working problem,Wi-Fi Adapter Upgrade
wifi not working problem,Wi-Fi Adapter Upgrade
wifi not working problem,Wi-Fi Adapter Upgrade
wifi not working problem,Wi-Fi Adapter Upgrade
wifi not working 550,Wi-Fi Adapter Upgrade
wifi not working problem,Wi-Fi Adapter Upgrade
wifi not working problem,Wi-Fi Adapter Upgrade
wifi not working problem,Wi-Fi Adapter Upgrade
wifi not working problem,Wi-Fi Adapter Upgrade
my wifi not working,Wi-Fi Adapter Upgrade
wifi not working problem,Wi-Fi Adapter Upgrade
wifi not working problem,Wi-Fi Adapter Upgrade
wifi not working problem,Wi-Fi Adapter Upgrade
wifi not working problem,Wi-Fi Adapter Upgrade
wifi not working 560,Wi-Fi Adapter Upgrade
wifi not working problem,Wi-Fi Adapter Upgrade
wifi not working problem,Wi-Fi Adapter Upgrade
wifi not working problem,Wi-Fi Adapter Upgrade
wifi not working problem,Wi-Fi Adapter Upgrade
my wifi not working,Wi-Fi Adapter Upgrade
wifi not working problem,Wi-Fi Adapter Upgrade
wifi not working problem,Wi-Fi Adapter Upgrade
wifi not working problem,Wi-Fi Adapter Upgrade
wifi not working problem,Wi-Fi Adapter Upgrade
wifi not working 570,Wi-Fi Adapter Upgrade
wifi not working problem,Wi-Fi Adapter Upgrade
wifi not working problem,Wi-Fi Adapter Upgrade
wifi not working problem,Wi-Fi Adapter Upgrade
wifi not working problem,Wi-Fi Adapter Upgrade
my wifi not working,Wi-Fi Adapter Upgrade
wifi not working problem,Wi-Fi Adapter Upgrade
wifi not working problem,Wi-Fi Adapter Upgrade
wifi not working problem,Wi-Fi Adapter Upgrade
wifi not working problem,Wi-Fi Adapter Upgrade
wifi not working 580,Wi-Fi Adapter Upgrade
wifi not working problem,Wi-Fi Adapter Upgrade
wifi not working problem,Wi-Fi Adapter Upgrade
wifi not working problem,Wi-Fi Adapter Upgrade
wifi not working problem,Wi-Fi Adapter Upgrade
my wifi not working,Wi-Fi Adapter Upgrade
wifi not working problem,Wi-Fi Adapter Upgrade
wifi not working problem,Wi-Fi Adapter Upgrade
wifi not working problem,Wi-Fi Adapter Upgrade
wifi not working problem,Wi-Fi Adapter Upgrade
wifi not working 590,Wi-Fi Adapter Upgrade
wifi not working problem,Wi-Fi Adapter Upgrade
wifi not working problem,Wi-Fi Adapter Upgrade
wifi not working problem,Wi-Fi Adapter Upgrade
wifi not working problem,Wi-Fi Adapter Upgrade
my wifi not working,Wi-Fi Adapter Upgrade
wifi not working problem,Wi-Fi Adapter Upgrade
wifi not working problem,Wi-Fi Adapter Upgrade
wifi not working problem,Wi-Fi Adapter Upgrade
wifi not working problem,Wi-Fi Adapter Upgrade
wifi not working 600,Wi-Fi Adapter Upgrade
wifi not working problem,Wi-Fi Adapter Upgrade
wifi not working problem,Wi-Fi Adapter Upgrade
wifi not working problem,Wi-Fi Adapter Upgrade
wifi not working problem,Wi-Fi Adapter Upgrade
my wifi not working,Wi-Fi Adapter Upgrade
wifi not working problem,Wi-Fi Adapter Upgrade
wifi not working problem,Wi-Fi Adapter Upgrade
wifi not working problem,Wi-Fi Adapter Upgrade
wifi not working problem,Wi-Fi Adapter Upgrade
wifi not working 610,Wi-Fi Adapter Upgrade
wifi not working problem,Wi-Fi Adapter Upgrade
wifi not working problem,Wi-Fi Adapter Upgrade
wifi not working problem,Wi-Fi Adapter Upgrade
wifi not working problem,Wi-Fi Adapter Upgrade
my wifi not working,Wi-Fi Adapter Upgrade
wifi not working problem,Wi-Fi Adapter Upgrade
wifi not working problem,Wi-Fi Adapter Upgrade
wifi not working problem,Wi-Fi Adapter Upgrade
wifi not working problem,Wi-Fi Adapter Upgrade
wifi not working 620,Wi-Fi Adapter Upgrade
wifi not working problem,Wi-Fi Adapter Upgrade
wifi not working problem,Wi-Fi Adapter Upgrade
wifi not working problem,Wi-Fi Adapter Upgrade
wifi not working problem,Wi-Fi Adapter Upgrade
my wifi not working,Wi-Fi Adapter Upgrade
wifi not working problem,Wi-Fi Adapter Upgrade
wifi not working problem,Wi-Fi Adapter Upgrade
wifi not working problem,Wi-Fi Adapter Upgrade
wifi not working problem,Wi-Fi Adapter Upgrade
wifi not working 630,Wi-Fi Adapter Upgrade
wifi not working problem,Wi-Fi Adapter Upgrade
wifi not working problem,Wi-Fi Adapter Upgrade
wifi not working problem,Wi-Fi Adapter Upgrade
wifi not working problem,Wi-Fi Adapter Upgrade
my wifi not working,Wi-Fi Adapter Upgrade
wifi not working problem,Wi-Fi Adapter Upgrade
wifi not working problem,Wi-Fi Adapter Upgrade
wifi not working problem,Wi-Fi Adapter Upgrade
wifi not working problem,Wi-Fi Adapter Upgrade
wifi not working 640,Wi-Fi Adapter Upgrade
wifi not working problem,Wi-Fi Adapter Upgrade
wifi not working problem,Wi-Fi Adapter Upgrade
wifi not working problem,Wi-Fi Adapter Upgrade
wifi not working problem,Wi-Fi Adapter Upgrade
my wifi not working,Wi-Fi Adapter Upgrade
wifi not working problem,Wi-Fi Adapter Upgrade
wifi not working problem,Wi-Fi Adapter Upgrade
wifi not working problem,Wi-Fi Adapter Upgrade
wifi not working problem,Wi-Fi Adapter Upgrade
wifi not working 650,Wi-Fi Adapter Upgrade
wifi not working problem,Wi-Fi Adapter Upgrade
wifi not working problem,Wi-Fi Adapter Upgrade
wifi not working problem,Wi-Fi Adapter Upgrade
wifi not working problem,Wi-Fi Adapter Upgrade
my wifi not working,Wi-Fi Adapter Upgrade
wifi not working problem,Wi-Fi Adapter Upgrade
wifi not working problem,Wi-Fi Adapter Upgrade
wifi not working problem,Wi-Fi Adapter Upgrade
wifi not working problem,Wi-Fi Adapter Upgrade
wifi not working 660,Wi-Fi Adapter Upgrade
wifi not working problem,Wi-Fi Adapter Upgrade
wifi not working problem,Wi-Fi Adapter Upgrade
wifi not working problem,Wi-Fi Adapter Upgrade
wifi not working problem,Wi-Fi Adapter Upgrade
my wifi not working,Wi-Fi Adapter Upgrade
wifi not working problem,Wi-Fi Adapter Upgrade
wifi not working problem,Wi-Fi Adapter Upgrade
wifi not working problem,Wi-Fi Adapter Upgrade
wifi not working problem,Wi-Fi Adapter Upgrade
wifi not working 670,Wi-Fi Adapter Upgrade
wifi not working problem,Wi-Fi Adapter Upgrade
wifi not working problem,Wi-Fi Adapter Upgrade
wifi not working problem,Wi-Fi Adapter Upgrade
wifi not working problem,Wi-Fi Adapter Upgrade
my wifi not working,Wi-Fi Adapter Upgrade
wifi not working problem,Wi-Fi Adapter Upgrade
wifi not working problem,Wi-Fi Adapter Upgrade
wifi not working problem,Wi-Fi Adapter Upgrade
wifi not working problem,Wi-Fi Adapter Upgrade
wifi not working 680,Wi-Fi Adapter Upgrade
wifi not working problem,Wi-Fi Adapter Upgrade
wifi not working problem,Wi-Fi Adapter Upgrade
wifi not working problem,Wi-Fi Adapter Upgrade
wifi not working problem,Wi-Fi Adapter Upgrade
my wifi not working,Wi-Fi Adapter Upgrade
wifi not working problem,Wi-Fi Adapter Upgrade
wifi not working problem,Wi-Fi Adapter Upgrade
wifi not working problem,Wi-Fi Adapter Upgrade
wifi not working problem,Wi-Fi Adapter Upgrade
wifi not working 690,Wi-Fi Adapter Upgrade
wifi not working problem,Wi-Fi Adapter Upgrade
wifi not working problem,Wi-Fi Adapter Upgrade
wifi not working problem,Wi-Fi Adapter Upgrade
wifi not working problem,Wi-Fi Adapter Upgrade
my wifi not working,Wi-Fi Adapter Upgrade
wifi not working problem,Wi-Fi Adapter Upgrade
wifi not working problem,Wi-Fi Adapter Upgrade
wifi not working problem,Wi-Fi Adapter Upgrade
wifi not working problem,Wi-Fi Adapter Upgrade
wifi not working 700,Wi-Fi Adapter Upgrade
wifi not working problem,Wi-Fi Adapter Upgrade
wifi not working problem,Wi-Fi Adapter Upgrade
wifi not working problem,Wi-Fi Adapter Upgrade
wifi not working problem,Wi-Fi Adapter Upgrade
my wifi not working,Wi-Fi Adapter Upgrade
wifi not working problem,Wi-Fi Adapter Upgrade
wifi not working problem,Wi-Fi Adapter Upgrade
wifi not working problem,Wi-Fi Adapter Upgrade
wifi not working problem,Wi-Fi Adapter Upgrade
wifi not working 710,Wi-Fi Adapter Upgrade
wifi not working problem,Wi-Fi Adapter Upgrade
wifi not working problem,Wi-Fi Adapter Upgrade
wifi not working problem,Wi-Fi Adapter Upgrade
wifi not working problem,Wi-Fi Adapter Upgrade
my wifi not working,Wi-Fi Adapter Upgrade
wifi not working problem,Wi-Fi Adapter Upgrade
wifi not working problem,Wi-Fi Adapter Upgrade
wifi not working problem,Wi-Fi Adapter Upgrade
wifi not working problem,Wi-Fi Adapter Upgrade
wifi not working 720,Wi-Fi Adapter Upgrade
wifi not working problem,Wi-Fi Adapter Upgrade
wifi not working problem,Wi-Fi Adapter Upgrade
wifi not working problem,Wi-Fi Adapter Upgrade
wifi not working problem,Wi-Fi Adapter Upgrade
my wifi not working,Wi-Fi Adapter Upgrade
wifi not working problem,Wi-Fi Adapter Upgrade
wifi not working problem,Wi-Fi Adapter Upgrade
wifi not working problem,Wi-Fi Adapter Upgrade
wifi not working problem,Wi-Fi Adapter Upgrade
wifi not working 730,Wi-Fi Adapter Upgrade
wifi not working problem,Wi-Fi Adapter Upgrade
wifi not working problem,Wi-Fi Adapter Upgrade
wifi not working problem,Wi-Fi Adapter Upgrade
wifi not working problem,Wi-Fi Adapter Upgrade
my wifi not working,Wi-Fi Adapter Upgrade
wifi not working problem,Wi-Fi Adapter Upgrade
wifi not working problem,Wi-Fi Adapter Upgrade
wifi not working problem,Wi-Fi Adapter Upgrade
wifi not working problem,Wi-Fi Adapter Upgrade
wifi not working 740,Wi-Fi Adapter Upgrade
wifi not working problem,Wi-Fi Adapter Upgrade
wifi not working problem,Wi-Fi Adapter Upgrade
wifi not working problem,Wi-Fi Adapter Upgrade
wifi not working problem,Wi-Fi Adapter Upgrade
my wifi not working,Wi-Fi Adapter Upgrade
wifi not working problem,Wi-Fi Adapter Upgrade
wifi not working problem,Wi-Fi Adapter Upgrade
wifi not working problem,Wi-Fi Adapter Upgrade
wifi not working problem,Wi-Fi Adapter Upgrade
wifi not working 750,Wi-Fi Adapter Upgrade
wifi not working problem,Wi-Fi Adapter Upgrade
wifi not working problem,Wi-Fi Adapter Upgrade
wifi not working problem,Wi-Fi Adapter Upgrade
wifi not working problem,Wi-Fi Adapter Upgrade
my wifi not working,Wi-Fi Adapter Upgrade
wifi not working problem,Wi-Fi Adapter Upgrade
wifi not working problem,Wi-Fi Adapter Upgrade
wifi not working problem,Wi-Fi Adapter Upgrade
wifi not working problem,Wi-Fi Adapter Upgrade
wifi not working 760,Wi-Fi Adapter Upgrade
wifi not working problem,Wi-Fi Adapter Upgrade
wifi not working problem,Wi-Fi Adapter Upgrade
wifi not working problem,Wi-Fi Adapter Upgrade
wifi not working problem,Wi-Fi Adapter Upgrade
my wifi not working,Wi-Fi Adapter Upgrade
wifi not working problem,Wi-Fi Adapter Upgrade
wifi not working problem,Wi-Fi Adapter Upgrade
wifi not working problem,Wi-Fi Adapter Upgrade
wifi not working problem,Wi-Fi Adapter Upgrade
wifi not working 770,Wi-Fi Adapter Upgrade
wifi not working problem,Wi-Fi Adapter Upgrade
wifi not working problem,Wi-Fi Adapter Upgrade
wifi not working problem,Wi-Fi Adapter Upgrade
wifi not working problem,Wi-Fi Adapter Upgrade
my wifi not working,Wi-Fi Adapter Upgrade
wifi not working problem,Wi-Fi Adapter Upgrade
wifi not working problem,Wi-Fi Adapter Upgrade
wifi not working problem,Wi-Fi Adapter Upgrade
wifi not working problem,Wi-Fi Adapter Upgrade
wifi not working 780,Wi-Fi Adapter Upgrade
wifi not working problem,Wi-Fi Adapter Upgrade
wifi not working problem,Wi-Fi Adapter Upgrade
wifi not working problem,Wi-Fi Adapter Upgrade
wifi not working problem,Wi-Fi Adapter Upgrade
my wifi not working,Wi-Fi Adapter Upgrade
wifi not working problem,Wi-Fi Adapter Upgrade
wifi not working problem,Wi-Fi Adapter Upgrade
wifi not working problem,Wi-Fi Adapter Upgrade
wifi not working problem,Wi-Fi Adapter Upgrade
wifi not working 790,Wi-Fi Adapter Upgrade
wifi not working problem,Wi-Fi Adapter Upgrade
wifi not working problem,Wi-Fi Adapter Upgrade
wifi not working problem,Wi-Fi Adapter Upgrade
wifi not working problem,Wi-Fi Adapter Upgrade
my wifi not working,Wi-Fi Adapter Upgrade
wifi not working problem,Wi-Fi Adapter Upgrade
wifi not working problem,Wi-Fi Adapter Upgrade
wifi not working problem,Wi-Fi Adapter Upgrade
wifi not working problem,Wi-Fi Adapter Upgrade
wifi not working 800,Wi-Fi Adapter Upgrade
wifi not working problem,Wi-Fi Adapter Upgrade
wifi not working problem,Wi-Fi Adapter Upgrade
wifi not working problem,Wi-Fi Adapter Upgrade
wifi not working problem,Wi-Fi Adapter Upgrade
my wifi not working,Wi-Fi Adapter Upgrade
wifi not working problem,Wi-Fi Adapter Upgrade
wifi not working problem,Wi-Fi Adapter Upgrade
wifi not working problem,Wi-Fi Adapter Upgrade
wifi not working problem,Wi-Fi Adapter Upgrade
wifi not working 810,Wi-Fi Adapter Upgrade
wifi not working problem,Wi-Fi Adapter Upgrade
wifi not working problem,Wi-Fi Adapter Upgrade
wifi not working problem,Wi-Fi Adapter Upgrade
wifi not working problem,Wi-Fi Adapter Upgrade
my wifi not working,Wi-Fi Adapter Upgrade
wifi not working problem,Wi-Fi Adapter Upgrade
wifi not working problem,Wi-Fi Adapter Upgrade
wifi not working problem,Wi-Fi Adapter Upgrade
wifi not working problem,Wi-Fi Adapter Upgrade
wifi not working 820,Wi-Fi Adapter Upgrade
wifi not working problem,Wi-Fi Adapter Upgrade
wifi not working problem,Wi-Fi Adapter Upgrade
wifi not working problem,Wi-Fi Adapter Upgrade
wifi not working problem,Wi-Fi Adapter Upgrade
my wifi not working,Wi-Fi Adapter Upgrade
wifi not working problem,Wi-Fi Adapter Upgrade
wifi not working problem,Wi-Fi Adapter Upgrade
wifi not working problem,Wi-Fi Adapter Upgrade
wifi not working problem,Wi-Fi Adapter Upgrade
wifi not working 830,Wi-Fi Adapter Upgrade
wifi not working problem,Wi-Fi Adapter Upgrade
wifi not working problem,Wi-Fi Adapter Upgrade
wifi not working problem,Wi-Fi Adapter Upgrade
wifi not working problem,Wi-Fi Adapter Upgrade
my wifi not working,Wi-Fi Adapter Upgrade
wifi not working problem,Wi-Fi Adapter Upgrade
wifi not working problem,Wi-Fi Adapter Upgrade
wifi not working problem,Wi-Fi Adapter Upgrade
wifi not working problem,Wi-Fi Adapter Upgrade
wifi not working 840,Wi-Fi Adapter Upgrade
wifi not working problem,Wi-Fi Adapter Upgrade
wifi not working problem,Wi-Fi Adapter Upgrade
wifi not working problem,Wi-Fi Adapter Upgrade
wifi not working problem,Wi-Fi Adapter Upgrade
my wifi not working,Wi-Fi Adapter Upgrade
wifi not working problem,Wi-Fi Adapter Upgrade
wifi not working problem,Wi-Fi Adapter Upgrade
wifi not working problem,Wi-Fi Adapter Upgrade
wifi not working problem,Wi-Fi Adapter Upgrade
wifi not working 850,Wi-Fi Adapter Upgrade
wifi not working problem,Wi-Fi Adapter Upgrade
wifi not working problem,Wi-Fi Adapter Upgrade
wifi not working problem,Wi-Fi Adapter Upgrade
wifi not working problem,Wi-Fi Adapter Upgrade
my wifi not working,Wi-Fi Adapter Upgrade
wifi not working problem,Wi-Fi Adapter Upgrade
wifi not working problem,Wi-Fi Adapter Upgrade
wifi not working problem,Wi-Fi Adapter Upgrade
wifi not working problem,Wi-Fi Adapter Upgrade
wifi not working 860,Wi-Fi Adapter Upgrade
wifi not working problem,Wi-Fi Adapter Upgrade
wifi not working problem,Wi-Fi Adapter Upgrade
wifi not working problem,Wi-Fi Adapter Upgrade
wifi not working problem,Wi-Fi Adapter Upgrade
my wifi not working,Wi-Fi Adapter Upgrade
wifi not working problem,Wi-Fi Adapter Upgrade
wifi not working problem,Wi-Fi Adapter Upgrade
wifi not working problem,Wi-Fi Adapter Upgrade
wifi not working problem,Wi-Fi Adapter Upgrade
wifi not working 870,Wi-Fi Adapter Upgrade
wifi not working problem,Wi-Fi Adapter Upgrade
wifi not working problem,Wi-Fi Adapter Upgrade
wifi not working problem,Wi-Fi Adapter Upgrade
wifi not working problem,Wi-Fi Adapter Upgrade
my wifi not working,Wi-Fi Adapter Upgrade
wifi not working problem,Wi-Fi Adapter Upgrade
wifi not working problem,Wi-Fi Adapter Upgrade
wifi not working problem,Wi-Fi Adapter Upgrade
wifi not working problem,Wi-Fi Adapter Upgrade
wifi not working 880,Wi-Fi Adapter Upgrade
wifi not working problem,Wi-Fi Adapter Upgrade
wifi not working problem,Wi-Fi Adapter Upgrade
wifi not working problem,Wi-Fi Adapter Upgrade
wifi not working problem,Wi-Fi Adapter Upgrade
my wifi not working,Wi-Fi Adapter Upgrade
wifi not working problem,Wi-Fi Adapter Upgrade
wifi not working problem,Wi-Fi Adapter Upgrade
wifi not working problem,Wi-Fi Adapter Upgrade
wifi not working problem,Wi-Fi Adapter Upgrade
wifi not working 890,Wi-Fi Adapter Upgrade
wifi not working problem,Wi-Fi Adapter Upgrade
wifi not working problem,Wi-Fi Adapter Upgrade
wifi not working problem,Wi-Fi Adapter Upgrade
wifi not working problem,Wi-Fi Adapter Upgrade
my wifi not working,Wi-Fi Adapter Upgrade
wifi not working problem,Wi-Fi Adapter Upgrade
wifi not working problem,Wi-Fi Adapter Upgrade
wifi not working problem,Wi-Fi Adapter Upgrade
wifi not working problem,Wi-Fi Adapter Upgrade
wifi not working 900,Wi-Fi Adapter Upgrade
wifi not working problem,Wi-Fi Adapter Upgrade
wifi not working problem,Wi-Fi Adapter Upgrade
wifi not working problem,Wi-Fi Adapter Upgrade
wifi not working problem,Wi-Fi Adapter Upgrade
my wifi not working,Wi-Fi Adapter Upgrade
wifi not working problem,Wi-Fi Adapter Upgrade
wifi not working problem,Wi-Fi Adapter Upgrade
wifi not working problem,Wi-Fi Adapter Upgrade
wifi not working problem,Wi-Fi Adapter Upgrade
wifi not working 910,Wi-Fi Adapter Upgrade
wifi not working problem,Wi-Fi Adapter Upgrade
wifi not working problem,Wi-Fi Adapter Upgrade
wifi not working problem,Wi-Fi Adapter Upgrade
wifi not working problem,Wi-Fi Adapter Upgrade
my wifi not working,Wi-Fi Adapter Upgrade
wifi not working problem,Wi-Fi Adapter Upgrade
wifi not working problem,Wi-Fi Adapter Upgrade
wifi not working problem,Wi-Fi Adapter Upgrade
wifi not working problem,Wi-Fi Adapter Upgrade
wifi not working 920,Wi-Fi Adapter Upgrade
wifi not working problem,Wi-Fi Adapter Upgrade
wifi not working problem,Wi-Fi Adapter Upgrade
wifi not working problem,Wi-Fi Adapter Upgrade
wifi not working problem,Wi-Fi Adapter Upgrade
my wifi not working,Wi-Fi Adapter Upgrade
wifi not working problem,Wi-Fi Adapter Upgrade
wifi not working problem,Wi-Fi Adapter Upgrade
wifi not working problem,Wi-Fi Adapter Upgrade
wifi not working problem,Wi-Fi Adapter Upgrade
wifi not working 930,Wi-Fi Adapter Upgrade
wifi not working problem,Wi-Fi Adapter Upgrade
wifi not working problem,Wi-Fi Adapter Upgrade
wifi not working problem,Wi-Fi Adapter Upgrade
wifi not working problem,Wi-Fi Adapter Upgrade
my wifi not working,Wi-Fi Adapter Upgrade
wifi not working problem,Wi-Fi Adapter Upgrade
wifi not working problem,Wi-Fi Adapter Upgrade
wifi not working problem,Wi-Fi Adapter Upgrade
wifi not working problem,Wi-Fi Adapter Upgrade
wifi not working 940,Wi-Fi Adapter Upgrade
wifi not working problem,Wi-Fi Adapter Upgrade
wifi not working problem,Wi-Fi Adapter Upgrade
wifi not working problem,Wi-Fi Adapter Upgrade
wifi not working problem,Wi-Fi Adapter Upgrade
my wifi not working,Wi-Fi Adapter Upgrade
wifi not working problem,Wi-Fi Adapter Upgrade
wifi not working problem,Wi-Fi Adapter Upgrade
wifi not working problem,Wi-Fi Adapter Upgrade
wifi not working problem,Wi-Fi Adapter Upgrade
wifi not working 950,Wi-Fi Adapter Upgrade
wifi not working problem,Wi-Fi Adapter Upgrade
wifi not working problem,Wi-Fi Adapter Upgrade
wifi not working problem,Wi-Fi Adapter Upgrade
wifi not working problem,Wi-Fi Adapter Upgrade
my wifi not working,Wi-Fi Adapter Upgrade
wifi not working problem,Wi-Fi Adapter Upgrade
wifi not working problem,Wi-Fi Adapter Upgrade
wifi not working problem,Wi-Fi Adapter Upgrade
wifi not working problem,Wi-Fi Adapter Upgrade
wifi not working 960,Wi-Fi Adapter Upgrade
wifi not working problem,Wi-Fi Adapter Upgrade
wifi not working problem,Wi-Fi Adapter Upgrade
wifi not working problem,Wi-Fi Adapter Upgrade
wifi not working problem,Wi-Fi Adapter Upgrade
my wifi not working,Wi-Fi Adapter Upgrade
wifi not working problem,Wi-Fi Adapter Upgrade
wifi not working problem,Wi-Fi Adapter Upgrade
wifi not working problem,Wi-Fi Adapter Upgrade
wifi not working problem,Wi-Fi Adapter Upgrade
wifi not working 970,Wi-Fi Adapter Upgrade
wifi not working problem,Wi-Fi Adapter Upgrade
wifi not working problem,Wi-Fi Adapter Upgrade
wifi not working problem,Wi-Fi Adapter Upgrade
wifi not working problem,Wi-Fi Adapter Upgrade
my wifi not working,Wi-Fi Adapter Upgrade
wifi not working problem,Wi-Fi Adapter Upgrade
wifi not working problem,Wi-Fi Adapter Upgrade
wifi not working problem,Wi-Fi Adapter Upgrade
wifi not working problem,Wi-Fi Adapter Upgrade
wifi not working 980,Wi-Fi Adapter Upgrade
wifi not working problem,Wi-Fi Adapter Upgrade
wifi not working problem,Wi-Fi Adapter Upgrade
wifi not working problem,Wi-Fi Adapter Upgrade
wifi not working problem,Wi-Fi Adapter Upgrade
my wifi not working,Wi-Fi Adapter Upgrade
wifi not working problem,Wi-Fi Adapter Upgrade
wifi not working problem,Wi-Fi Adapter Upgrade
wifi not working problem,Wi-Fi Adapter Upgrade
wifi not working problem,Wi-Fi Adapter Upgrade
wifi not working 990,Wi-Fi Adapter Upgrade
wifi not working problem,Wi-Fi Adapter Upgrade
wifi not working problem,Wi-Fi Adapter Upgrade
wifi not working problem,Wi-Fi Adapter Upgrade
wifi not working problem,Wi-Fi Adapter Upgrade
my wifi not working,Wi-Fi Adapter Upgrade
wifi not working problem,Wi-Fi Adapter Upgrade
wifi not working problem,Wi-Fi Adapter Upgrade
wifi not working problem,Wi-Fi Adapter Upgrade
wifi not working problem,Wi-Fi Adapter Upgrade
wifi not working 1000,Wi-Fi Adapter Upgrade
wifi not working problem,Wi-Fi Adapter Upgrade
wifi not working problem,Wi-Fi Adapter Upgrade
wifi not working problem,Wi-Fi Adapter Upgrade
wifi not working problem,Wi-Fi Adapter Upgrade
my wifi not working,Wi-Fi Adapter Upgrade
wifi not working problem,Wi-Fi Adapter Upgrade
wifi not working problem,Wi-Fi Adapter Upgrade
wifi not working problem,Wi-Fi Adapter Upgrade
wifi not working problem,Wi-Fi Adapter Upgrade
wifi not working 1010,Wi-Fi Adapter Upgrade
wifi not working problem,Wi-Fi Adapter Upgrade
wifi not working problem,Wi-Fi Adapter Upgrade
wifi not working problem,Wi-Fi Adapter Upgrade
wifi not working problem,Wi-Fi Adapter Upgrade
my wifi not working,Wi-Fi Adapter Upgrade
wifi not working problem,Wi-Fi Adapter Upgrade
wifi not working problem,Wi-Fi Adapter Upgrade
wifi not working problem,Wi-Fi Adapter Upgrade
wifi not working problem,Wi-Fi Adapter Upgrade
wifi not working 1020,Wi-Fi Adapter Upgrade
wifi not working problem,Wi-Fi Adapter Upgrade
wifi not working problem,Wi-Fi Adapter Upgrade
wifi not working problem,Wi-Fi Adapter Upgrade
wifi not working problem,Wi-Fi Adapter Upgrade
my wifi not working,Wi-Fi Adapter Upgrade
wifi not working problem,Wi-Fi Adapter Upgrade
wifi not working problem,Wi-Fi Adapter Upgrade
wifi not working problem,Wi-Fi Adapter Upgrade
wifi not working problem,Wi-Fi Adapter Upgrade
wifi not working 1030,Wi-Fi Adapter Upgrade
wifi not working problem,Wi-Fi Adapter Upgrade
wifi not working problem,Wi-Fi Adapter Upgrade
wifi not working problem,Wi-Fi Adapter Upgrade
wifi not working problem,Wi-Fi Adapter Upgrade
my wifi not working,Wi-Fi Adapter Upgrade
wifi not working problem,Wi-Fi Adapter Upgrade
wifi not working problem,Wi-Fi Adapter Upgrade
wifi not working problem,Wi-Fi Adapter Upgrade
wifi not working problem,Wi-Fi Adapter Upgrade
wifi not working 1040,Wi-Fi Adapter Upgrade
wifi not working problem,Wi-Fi Adapter Upgrade
wifi not working problem,Wi-Fi Adapter Upgrade
wifi not working problem,Wi-Fi Adapter Upgrade
wifi not working problem,Wi-Fi Adapter Upgrade
my wifi not working,Wi-Fi Adapter Upgrade
wifi not working problem,Wi-Fi Adapter Upgrade
wifi not working problem,Wi-Fi Adapter Upgrade
wifi not working problem,Wi-Fi Adapter Upgrade
wifi not working problem,Wi-Fi Adapter Upgrade
wifi not working 1050,Wi-Fi Adapter Upgrade
wifi not working problem,Wi-Fi Adapter Upgrade
wifi not working problem,Wi-Fi Adapter Upgrade
wifi not working problem,Wi-Fi Adapter Upgrade
wifi not working problem,Wi-Fi Adapter Upgrade
my wifi not working,Wi-Fi Adapter Upgrade
wifi not working problem,Wi-Fi Adapter Upgrade
wifi not working problem,Wi-Fi Adapter Upgrade
wifi not working problem,Wi-Fi Adapter Upgrade
wifi not working problem,Wi-Fi Adapter Upgrade
wifi not working 1060,Wi-Fi Adapter Upgrade
wifi not working problem,Wi-Fi Adapter Upgrade
wifi not working problem,Wi-Fi Adapter Upgrade
wifi not working problem,Wi-Fi Adapter Upgrade
wifi not working problem,Wi-Fi Adapter Upgrade
my wifi not working,Wi-Fi Adapter Upgrade
wifi not working problem,Wi-Fi Adapter Upgrade
wifi not working problem,Wi-Fi Adapter Upgrade
wifi not working problem,Wi-Fi Adapter Upgrade
wifi not working problem,Wi-Fi Adapter Upgrade
wifi not working 1070,Wi-Fi Adapter Upgrade
wifi not working problem,Wi-Fi Adapter Upgrade
wifi not working problem,Wi-Fi Adapter Upgrade
wifi not working problem,Wi-Fi Adapter Upgrade
wifi not working problem,Wi-Fi Adapter Upgrade
my wifi not working,Wi-Fi Adapter Upgrade
wifi not working problem,Wi-Fi Adapter Upgrade
wifi not working problem,Wi-Fi Adapter Upgrade
wifi not working problem,Wi-Fi Adapter Upgrade
wifi not working problem,Wi-Fi Adapter Upgrade
wifi not working 1080,Wi-Fi Adapter Upgrade
wifi not working problem,Wi-Fi Adapter Upgrade
wifi not working problem,Wi-Fi Adapter Upgrade
wifi not working problem,Wi-Fi Adapter Upgrade
wifi not working problem,Wi-Fi Adapter Upgrade
my wifi not working,Wi-Fi Adapter Upgrade
wifi not working problem,Wi-Fi Adapter Upgrade
wifi not working problem,Wi-Fi Adapter Upgrade
wifi not working problem,Wi-Fi Adapter Upgrade
wifi not working problem,Wi-Fi Adapter Upgrade
wifi not working 1090,Wi-Fi Adapter Upgrade
wifi not working problem,Wi-Fi Adapter Upgrade
wifi not working problem,Wi-Fi Adapter Upgrade
wifi not working problem,Wi-Fi Adapter Upgrade
wifi not working problem,Wi-Fi Adapter Upgrade
my wifi not working,Wi-Fi Adapter Upgrade
wifi not working problem,Wi-Fi Adapter Upgrade
wifi not working problem,Wi-Fi Adapter Upgrade
wifi not working problem,Wi-Fi Adapter Upgrade
wifi not working problem,Wi-Fi Adapter Upgrade
wifi not working 1100,Wi-Fi Adapter Upgrade
wifi not working problem,Wi-Fi Adapter Upgrade
wifi not working problem,Wi-Fi Adapter Upgrade
wifi not working problem,Wi-Fi Adapter Upgrade
wifi not working problem,Wi-Fi Adapter Upgrade
my wifi not working,Wi-Fi Adapter Upgrade
driver issue,Driver Issue
driver issue 0,Driver Issue
driver issue problem,Driver Issue
driver issue problem,Driver Issue
driver issue problem,Driver Issue
driver issue problem,Driver Issue
my driver issue,Driver Issue
driver issue problem,Driver Issue
driver issue problem,Driver Issue
driver issue problem,Driver Issue
driver issue problem,Driver Issue
driver issue 10,Driver Issue
driver issue problem,Driver Issue
driver issue problem,Driver Issue
driver issue problem,Driver Issue
driver issue problem,Driver Issue
my driver issue,Driver Issue
driver issue problem,Driver Issue
driver issue problem,Driver Issue
driver issue problem,Driver Issue
driver issue problem,Driver Issue
driver issue 20,Driver Issue
driver issue problem,Driver Issue
driver issue problem,Driver Issue
driver issue problem,Driver Issue
driver issue problem,Driver Issue
my driver issue,Driver Issue
driver issue problem,Driver Issue
driver issue problem,Driver Issue
driver issue problem,Driver Issue
driver issue problem,Driver Issue
driver issue 30,Driver Issue
driver issue problem,Driver Issue
driver issue problem,Driver Issue
driver issue problem,Driver Issue
driver issue problem,Driver Issue
my driver issue,Driver Issue
driver issue problem,Driver Issue
driver issue problem,Driver Issue
driver issue problem,Driver Issue
driver issue problem,Driver Issue
driver issue 40,Driver Issue
driver issue problem,Driver Issue
driver issue problem,Driver Issue
driver issue problem,Driver Issue
driver issue problem,Driver Issue
my driver issue,Driver Issue
driver issue problem,Driver Issue
driver issue problem,Driver Issue
driver issue problem,Driver Issue
driver issue problem,Driver Issue
driver issue 50,Driver Issue
driver issue problem,Driver Issue
driver issue problem,Driver Issue
driver issue problem,Driver Issue
driver issue problem,Driver Issue
my driver issue,Driver Issue
driver issue problem,Driver Issue
driver issue problem,Driver Issue
driver issue problem,Driver Issue
driver issue problem,Driver Issue
driver issue 60,Driver Issue
driver issue problem,Driver Issue
driver issue problem,Driver Issue
driver issue problem,Driver Issue
driver issue problem,Driver Issue
my driver issue,Driver Issue
driver issue problem,Driver Issue
driver issue problem,Driver Issue
driver issue problem,Driver Issue
driver issue problem,Driver Issue
driver issue 70,Driver Issue
driver issue problem,Driver Issue
driver issue problem,Driver Issue
driver issue problem,Driver Issue
driver issue problem,Driver Issue
my driver issue,Driver Issue
driver issue problem,Driver Issue
driver issue problem,Driver Issue
driver issue problem,Driver Issue
driver issue problem,Driver Issue
driver issue 80,Driver Issue
driver issue problem,Driver Issue
driver issue problem,Driver Issue
driver issue problem,Driver Issue
driver issue problem,Driver Issue
my driver issue,Driver Issue
driver issue problem,Driver Issue
driver issue problem,Driver Issue
driver issue problem,Driver Issue
driver issue problem,Driver Issue
driver issue 90,Driver Issue
driver issue problem,Driver Issue
driver issue problem,Driver Issue
driver issue problem,Driver Issue
driver issue problem,Driver Issue
my driver issue,Driver Issue
driver issue problem,Driver Issue
driver issue problem,Driver Issue
driver issue problem,Driver Issue
driver issue problem,Driver Issue
driver issue 100,Driver Issue
driver issue problem,Driver Issue
driver issue problem,Driver Issue
driver issue problem,Driver Issue
driver issue problem,Driver Issue
my driver issue,Driver Issue
driver issue problem,Driver Issue
driver issue problem,Driver Issue
driver issue problem,Driver Issue
driver issue problem,Driver Issue
driver issue 110,Driver Issue
driver issue problem,Driver Issue
driver issue problem,Driver Issue
driver issue problem,Driver Issue
driver issue problem,Driver Issue
my driver issue,Driver Issue
driver issue problem,Driver Issue
driver issue problem,Driver Issue
driver issue problem,Driver Issue
driver issue problem,Driver Issue
driver issue 120,Driver Issue
driver issue problem,Driver Issue
driver issue problem,Driver Issue
driver issue problem,Driver Issue
driver issue problem,Driver Issue
my driver issue,Driver Issue
driver issue problem,Driver Issue
driver issue problem,Driver Issue
driver issue problem,Driver Issue
driver issue problem,Driver Issue
driver issue 130,Driver Issue
driver issue problem,Driver Issue
driver issue problem,Driver Issue
driver issue problem,Driver Issue
driver issue problem,Driver Issue
my driver issue,Driver Issue
driver issue problem,Driver Issue
driver issue problem,Driver Issue
driver issue problem,Driver Issue
driver issue problem,Driver Issue
driver issue 140,Driver Issue
driver issue problem,Driver Issue
driver issue problem,Driver Issue
driver issue problem,Driver Issue
driver issue problem,Driver Issue
my driver issue,Driver Issue
driver issue problem,Driver Issue
driver issue problem,Driver Issue
driver issue problem,Driver Issue
driver issue problem,Driver Issue
driver issue 150,Driver Issue
driver issue problem,Driver Issue
driver issue problem,Driver Issue
driver issue problem,Driver Issue
driver issue problem,Driver Issue
my driver issue,Driver Issue
driver issue problem,Driver Issue
driver issue problem,Driver Issue
driver issue problem,Driver Issue
driver issue problem,Driver Issue
driver issue 160,Driver Issue
driver issue problem,Driver Issue
driver issue problem,Driver Issue
driver issue problem,Driver Issue
driver issue problem,Driver Issue
my driver issue,Driver Issue
driver issue problem,Driver Issue
driver issue problem,Driver Issue
driver issue problem,Driver Issue
driver issue problem,Driver Issue
driver issue 170,Driver Issue
driver issue problem,Driver Issue
driver issue problem,Driver Issue
driver issue problem,Driver Issue
driver issue problem,Driver Issue
my driver issue,Driver Issue
driver issue problem,Driver Issue
driver issue problem,Driver Issue
driver issue problem,Driver Issue
driver issue problem,Driver Issue
driver issue 180,Driver Issue
driver issue problem,Driver Issue
driver issue problem,Driver Issue
driver issue problem,Driver Issue
driver issue problem,Driver Issue
my driver issue,Driver Issue
driver issue problem,Driver Issue
driver issue problem,Driver Issue
driver issue problem,Driver Issue
driver issue problem,Driver Issue
driver issue 190,Driver Issue
driver issue problem,Driver Issue
driver issue problem,Driver Issue
driver issue problem,Driver Issue
driver issue problem,Driver Issue
my driver issue,Driver Issue
driver issue problem,Driver Issue
driver issue problem,Driver Issue
driver issue problem,Driver Issue
driver issue problem,Driver Issue
driver issue 200,Driver Issue
driver issue problem,Driver Issue
driver issue problem,Driver Issue
driver issue problem,Driver Issue
driver issue problem,Driver Issue
my driver issue,Driver Issue
driver issue problem,Driver Issue
driver issue problem,Driver Issue
driver issue problem,Driver Issue
driver issue problem,Driver Issue
driver issue 210,Driver Issue
driver issue problem,Driver Issue
driver issue problem,Driver Issue
driver issue problem,Driver Issue
driver issue problem,Driver Issue
my driver issue,Driver Issue
driver issue problem,Driver Issue
driver issue problem,Driver Issue
driver issue problem,Driver Issue
driver issue problem,Driver Issue
driver issue 220,Driver Issue
driver issue problem,Driver Issue
driver issue problem,Driver Issue
driver issue problem,Driver Issue
driver issue problem,Driver Issue
my driver issue,Driver Issue
driver issue problem,Driver Issue
driver issue problem,Driver Issue
driver issue problem,Driver Issue
driver issue problem,Driver Issue
driver issue 230,Driver Issue
driver issue problem,Driver Issue
driver issue problem,Driver Issue
driver issue problem,Driver Issue
driver issue problem,Driver Issue
my driver issue,Driver Issue
driver issue problem,Driver Issue
driver issue problem,Driver Issue
driver issue problem,Driver Issue
driver issue problem,Driver Issue
driver issue 240,Driver Issue
driver issue problem,Driver Issue
driver issue problem,Driver Issue
driver issue problem,Driver Issue
driver issue problem,Driver Issue
my driver issue,Driver Issue
driver issue problem,Driver Issue
driver issue problem,Driver Issue
driver issue problem,Driver Issue
driver issue problem,Driver Issue
driver issue 250,Driver Issue
driver issue problem,Driver Issue
driver issue problem,Driver Issue
driver issue problem,Driver Issue
driver issue problem,Driver Issue
my driver issue,Driver Issue
driver issue problem,Driver Issue
driver issue problem,Driver Issue
driver issue problem,Driver Issue
driver issue problem,Driver Issue
driver issue 260,Driver Issue
driver issue problem,Driver Issue
driver issue problem,Driver Issue
driver issue problem,Driver Issue
driver issue problem,Driver Issue
my driver issue,Driver Issue
driver issue problem,Driver Issue
driver issue problem,Driver Issue
driver issue problem,Driver Issue
driver issue problem,Driver Issue
driver issue 270,Driver Issue
driver issue problem,Driver Issue
driver issue problem,Driver Issue
driver issue problem,Driver Issue
driver issue problem,Driver Issue
my driver issue,Driver Issue
driver issue problem,Driver Issue
driver issue problem,Driver Issue
driver issue problem,Driver Issue
driver issue problem,Driver Issue
driver issue 280,Driver Issue
driver issue problem,Driver Issue
driver issue problem,Driver Issue
driver issue problem,Driver Issue
driver issue problem,Driver Issue
my driver issue,Driver Issue
driver issue problem,Driver Issue
driver issue problem,Driver Issue
driver issue problem,Driver Issue
driver issue problem,Driver Issue
driver issue 290,Driver Issue
driver issue problem,Driver Issue
driver issue problem,Driver Issue
driver issue problem,Driver Issue
driver issue problem,Driver Issue
my driver issue,Driver Issue
driver issue problem,Driver Issue
driver issue problem,Driver Issue
driver issue problem,Driver Issue
driver issue problem,Driver Issue
driver issue 300,Driver Issue
driver issue problem,Driver Issue
driver issue problem,Driver Issue
driver issue problem,Driver Issue
driver issue problem,Driver Issue
my driver issue,Driver Issue
driver issue problem,Driver Issue
driver issue problem,Driver Issue
driver issue problem,Driver Issue
driver issue problem,Driver Issue
driver issue 310,Driver Issue
driver issue problem,Driver Issue
driver issue problem,Driver Issue
driver issue problem,Driver Issue
driver issue problem,Driver Issue
my driver issue,Driver Issue
driver issue problem,Driver Issue
driver issue problem,Driver Issue
driver issue problem,Driver Issue
driver issue problem,Driver Issue
driver issue 320,Driver Issue
driver issue problem,Driver Issue
driver issue problem,Driver Issue
driver issue problem,Driver Issue
driver issue problem,Driver Issue
my driver issue,Driver Issue
driver issue problem,Driver Issue
driver issue problem,Driver Issue
driver issue problem,Driver Issue
driver issue problem,Driver Issue
driver issue 330,Driver Issue
driver issue problem,Driver Issue
driver issue problem,Driver Issue
driver issue problem,Driver Issue
driver issue problem,Driver Issue
my driver issue,Driver Issue
driver issue problem,Driver Issue
driver issue problem,Driver Issue
driver issue problem,Driver Issue
driver issue problem,Driver Issue
driver issue 340,Driver Issue
driver issue problem,Driver Issue
driver issue problem,Driver Issue
driver issue problem,Driver Issue
driver issue problem,Driver Issue
my driver issue,Driver Issue
driver issue problem,Driver Issue
driver issue problem,Driver Issue
driver issue problem,Driver Issue
driver issue problem,Driver Issue
driver issue 350,Driver Issue
driver issue problem,Driver Issue
driver issue problem,Driver Issue
driver issue problem,Driver Issue
driver issue problem,Driver Issue
my driver issue,Driver Issue
driver issue problem,Driver Issue
driver issue problem,Driver Issue
driver issue problem,Driver Issue
driver issue problem,Driver Issue
driver issue 360,Driver Issue
driver issue problem,Driver Issue
driver issue problem,Driver Issue
driver issue problem,Driver Issue
driver issue problem,Driver Issue
my driver issue,Driver Issue
driver issue problem,Driver Issue
driver issue problem,Driver Issue
driver issue problem,Driver Issue
driver issue problem,Driver Issue
driver issue 370,Driver Issue
driver issue problem,Driver Issue
driver issue problem,Driver Issue
driver issue problem,Driver Issue
driver issue problem,Driver Issue
my driver issue,Driver Issue
driver issue problem,Driver Issue
driver issue problem,Driver Issue
driver issue problem,Driver Issue
driver issue problem,Driver Issue
driver issue 380,Driver Issue
driver issue problem,Driver Issue
driver issue problem,Driver Issue
driver issue problem,Driver Issue
driver issue problem,Driver Issue
my driver issue,Driver Issue
driver issue problem,Driver Issue
driver issue problem,Driver Issue
driver issue problem,Driver Issue
driver issue problem,Driver Issue
driver issue 390,Driver Issue
driver issue problem,Driver Issue
driver issue problem,Driver Issue
driver issue problem,Driver Issue
driver issue problem,Driver Issue
my driver issue,Driver Issue
driver issue problem,Driver Issue
driver issue problem,Driver Issue
driver issue problem,Driver Issue
driver issue problem,Driver Issue
driver issue 400,Driver Issue
driver issue problem,Driver Issue
driver issue problem,Driver Issue
driver issue problem,Driver Issue
driver issue problem,Driver Issue
my driver issue,Driver Issue
driver issue problem,Driver Issue
driver issue problem,Driver Issue
driver issue problem,Driver Issue
driver issue problem,Driver Issue
driver issue 410,Driver Issue
driver issue problem,Driver Issue
driver issue problem,Driver Issue
driver issue problem,Driver Issue
driver issue problem,Driver Issue
my driver issue,Driver Issue
driver issue problem,Driver Issue
driver issue problem,Driver Issue
driver issue problem,Driver Issue
driver issue problem,Driver Issue
driver issue 420,Driver Issue
driver issue problem,Driver Issue
driver issue problem,Driver Issue
driver issue problem,Driver Issue
driver issue problem,Driver Issue
my driver issue,Driver Issue
driver issue problem,Driver Issue
driver issue problem,Driver Issue
driver issue problem,Driver Issue
driver issue problem,Driver Issue
driver issue 430,Driver Issue
driver issue problem,Driver Issue
driver issue problem,Driver Issue
driver issue problem,Driver Issue
driver issue problem,Driver Issue
my driver issue,Driver Issue
driver issue problem,Driver Issue
driver issue problem,Driver Issue
driver issue problem,Driver Issue
driver issue problem,Driver Issue
driver issue 440,Driver Issue
driver issue problem,Driver Issue
driver issue problem,Driver Issue
driver issue problem,Driver Issue
driver issue problem,Driver Issue
my driver issue,Driver Issue
driver issue problem,Driver Issue
driver issue problem,Driver Issue
driver issue problem,Driver Issue
driver issue problem,Driver Issue
driver issue 450,Driver Issue
driver issue problem,Driver Issue
driver issue problem,Driver Issue
driver issue problem,Driver Issue
driver issue problem,Driver Issue
my driver issue,Driver Issue
driver issue problem,Driver Issue
driver issue problem,Driver Issue
driver issue problem,Driver Issue
driver issue problem,Driver Issue
driver issue 460,Driver Issue
driver issue problem,Driver Issue
driver issue problem,Driver Issue
driver issue problem,Driver Issue
driver issue problem,Driver Issue
my driver issue,Driver Issue
driver issue problem,Driver Issue
driver issue problem,Driver Issue
driver issue problem,Driver Issue
driver issue problem,Driver Issue
driver issue 470,Driver Issue
driver issue problem,Driver Issue
driver issue problem,Driver Issue
driver issue problem,Driver Issue
driver issue problem,Driver Issue
my driver issue,Driver Issue
driver issue problem,Driver Issue
driver issue problem,Driver Issue
driver issue problem,Driver Issue
driver issue problem,Driver Issue
driver issue 480,Driver Issue
driver issue problem,Driver Issue
driver issue problem,Driver Issue
driver issue problem,Driver Issue
driver issue problem,Driver Issue
my driver issue,Driver Issue
driver issue problem,Driver Issue
driver issue problem,Driver Issue
driver issue problem,Driver Issue
driver issue problem,Driver Issue
driver issue 490,Driver Issue
driver issue problem,Driver Issue
driver issue problem,Driver Issue
driver issue problem,Driver Issue
driver issue problem,Driver Issue
my driver issue,Driver Issue
driver issue problem,Driver Issue
driver issue problem,Driver Issue
driver issue problem,Driver Issue
driver issue problem,Driver Issue
driver issue 500,Driver Issue
driver issue problem,Driver Issue
driver issue problem,Driver Issue
driver issue problem,Driver Issue
driver issue problem,Driver Issue
my driver issue,Driver Issue
driver issue problem,Driver Issue
driver issue problem,Driver Issue
driver issue problem,Driver Issue
driver issue problem,Driver Issue
driver issue 510,Driver Issue
driver issue problem,Driver Issue
driver issue problem,Driver Issue
driver issue problem,Driver Issue
driver issue problem,Driver Issue
my driver issue,Driver Issue
driver issue problem,Driver Issue
driver issue problem,Driver Issue
driver issue problem,Driver Issue
driver issue problem,Driver Issue
driver issue 520,Driver Issue
driver issue problem,Driver Issue
driver issue problem,Driver Issue
driver issue problem,Driver Issue
driver issue problem,Driver Issue
my driver issue,Driver Issue
driver issue problem,Driver Issue
driver issue problem,Driver Issue
driver issue problem,Driver Issue
driver issue problem,Driver Issue
driver issue 530,Driver Issue
driver issue problem,Driver Issue
driver issue problem,Driver Issue
driver issue problem,Driver Issue
driver issue problem,Driver Issue
my driver issue,Driver Issue
driver issue problem,Driver Issue
driver issue problem,Driver Issue
driver issue problem,Driver Issue
driver issue problem,Driver Issue
driver issue 540,Driver Issue
driver issue problem,Driver Issue
driver issue problem,Driver Issue
driver issue problem,Driver Issue
driver issue problem,Driver Issue
my driver issue,Driver Issue
driver issue problem,Driver Issue
driver issue problem,Driver Issue
driver issue problem,Driver Issue
driver issue problem,Driver Issue
driver issue 550,Driver Issue
driver issue problem,Driver Issue
driver issue problem,Driver Issue
driver issue problem,Driver Issue
driver issue problem,Driver Issue
my driver issue,Driver Issue
driver issue problem,Driver Issue
driver issue problem,Driver Issue
driver issue problem,Driver Issue
driver issue problem,Driver Issue
driver issue 560,Driver Issue
driver issue problem,Driver Issue
driver issue problem,Driver Issue
driver issue problem,Driver Issue
driver issue problem,Driver Issue
my driver issue,Driver Issue
driver issue problem,Driver Issue
driver issue problem,Driver Issue
driver issue problem,Driver Issue
driver issue problem,Driver Issue
driver issue 570,Driver Issue
driver issue problem,Driver Issue
driver issue problem,Driver Issue
driver issue problem,Driver Issue
driver issue problem,Driver Issue
my driver issue,Driver Issue
driver issue problem,Driver Issue
driver issue problem,Driver Issue
driver issue problem,Driver Issue
driver issue problem,Driver Issue
driver issue 580,Driver Issue
driver issue problem,Driver Issue
driver issue problem,Driver Issue
driver issue problem,Driver Issue
driver issue problem,Driver Issue
my driver issue,Driver Issue
driver issue problem,Driver Issue
driver issue problem,Driver Issue
driver issue problem,Driver Issue
driver issue problem,Driver Issue
driver issue 590,Driver Issue
driver issue problem,Driver Issue
driver issue problem,Driver Issue
driver issue problem,Driver Issue
driver issue problem,Driver Issue
my driver issue,Driver Issue
driver issue problem,Driver Issue
driver issue problem,Driver Issue
driver issue problem,Driver Issue
driver issue problem,Driver Issue
driver issue 600,Driver Issue
driver issue problem,Driver Issue
driver issue problem,Driver Issue
driver issue problem,Driver Issue
driver issue problem,Driver Issue
my driver issue,Driver Issue
driver issue problem,Driver Issue
driver issue problem,Driver Issue
driver issue problem,Driver Issue
driver issue problem,Driver Issue
driver issue 610,Driver Issue
driver issue problem,Driver Issue
driver issue problem,Driver Issue
driver issue problem,Driver Issue
driver issue problem,Driver Issue
my driver issue,Driver Issue
driver issue problem,Driver Issue
driver issue problem,Driver Issue
driver issue problem,Driver Issue
driver issue problem,Driver Issue
driver issue 620,Driver Issue
driver issue problem,Driver Issue
driver issue problem,Driver Issue
driver issue problem,Driver Issue
driver issue problem,Driver Issue
my driver issue,Driver Issue
driver issue problem,Driver Issue
driver issue problem,Driver Issue
driver issue problem,Driver Issue
driver issue problem,Driver Issue
driver issue 630,Driver Issue
driver issue problem,Driver Issue
driver issue problem,Driver Issue
driver issue problem,Driver Issue
driver issue problem,Driver Issue
my driver issue,Driver Issue
driver issue problem,Driver Issue
driver issue problem,Driver Issue
driver issue problem,Driver Issue
driver issue problem,Driver Issue
driver issue 640,Driver Issue
driver issue problem,Driver Issue
driver issue problem,Driver Issue
driver issue problem,Driver Issue
driver issue problem,Driver Issue
my driver issue,Driver Issue
driver issue problem,Driver Issue
driver issue problem,Driver Issue
driver issue problem,Driver Issue
driver issue problem,Driver Issue
driver issue 650,Driver Issue
driver issue problem,Driver Issue
driver issue problem,Driver Issue
driver issue problem,Driver Issue
driver issue problem,Driver Issue
my driver issue,Driver Issue
driver issue problem,Driver Issue
driver issue problem,Driver Issue
driver issue problem,Driver Issue
driver issue problem,Driver Issue
driver issue 660,Driver Issue
driver issue problem,Driver Issue
driver issue problem,Driver Issue
driver issue problem,Driver Issue
driver issue problem,Driver Issue
my driver issue,Driver Issue
driver issue problem,Driver Issue
driver issue problem,Driver Issue
driver issue problem,Driver Issue
driver issue problem,Driver Issue
driver issue 670,Driver Issue
driver issue problem,Driver Issue
driver issue problem,Driver Issue
driver issue problem,Driver Issue
driver issue problem,Driver Issue
my driver issue,Driver Issue
driver issue problem,Driver Issue
driver issue problem,Driver Issue
driver issue problem,Driver Issue
driver issue problem,Driver Issue
driver issue 680,Driver Issue
driver issue problem,Driver Issue
driver issue problem,Driver Issue
driver issue problem,Driver Issue
driver issue problem,Driver Issue
my driver issue,Driver Issue
driver issue problem,Driver Issue
driver issue problem,Driver Issue
driver issue problem,Driver Issue
driver issue problem,Driver Issue
driver issue 690,Driver Issue
driver issue problem,Driver Issue
driver issue problem,Driver Issue
driver issue problem,Driver Issue
driver issue problem,Driver Issue
my driver issue,Driver Issue
driver issue problem,Driver Issue
driver issue problem,Driver Issue
driver issue problem,Driver Issue
driver issue problem,Driver Issue
driver issue 700,Driver Issue
driver issue problem,Driver Issue
driver issue problem,Driver Issue
driver issue problem,Driver Issue
driver issue problem,Driver Issue
my driver issue,Driver Issue
driver issue problem,Driver Issue
driver issue problem,Driver Issue
driver issue problem,Driver Issue
driver issue problem,Driver Issue
driver issue 710,Driver Issue
driver issue problem,Driver Issue
driver issue problem,Driver Issue
driver issue problem,Driver Issue
driver issue problem,Driver Issue
my driver issue,Driver Issue
driver issue problem,Driver Issue
driver issue problem,Driver Issue
driver issue problem,Driver Issue
driver issue problem,Driver Issue
driver issue 720,Driver Issue
driver issue problem,Driver Issue
driver issue problem,Driver Issue
driver issue problem,Driver Issue
driver issue problem,Driver Issue
my driver issue,Driver Issue
driver issue problem,Driver Issue
driver issue problem,Driver Issue
driver issue problem,Driver Issue
driver issue problem,Driver Issue
driver issue 730,Driver Issue
driver issue problem,Driver Issue
driver issue problem,Driver Issue
driver issue problem,Driver Issue
driver issue problem,Driver Issue
my driver issue,Driver Issue
driver issue problem,Driver Issue
driver issue problem,Driver Issue
driver issue problem,Driver Issue
driver issue problem,Driver Issue
driver issue 740,Driver Issue
driver issue problem,Driver Issue
driver issue problem,Driver Issue
driver issue problem,Driver Issue
driver issue problem,Driver Issue
my driver issue,Driver Issue
driver issue problem,Driver Issue
driver issue problem,Driver Issue
driver issue problem,Driver Issue
driver issue problem,Driver Issue
driver issue 750,Driver Issue
driver issue problem,Driver Issue
driver issue problem,Driver Issue
driver issue problem,Driver Issue
driver issue problem,Driver Issue
my driver issue,Driver Issue
driver issue problem,Driver Issue
driver issue problem,Driver Issue
driver issue problem,Driver Issue
driver issue problem,Driver Issue
driver issue 760,Driver Issue
driver issue problem,Driver Issue
driver issue problem,Driver Issue
driver issue problem,Driver Issue
driver issue problem,Driver Issue
my driver issue,Driver Issue
driver issue problem,Driver Issue
driver issue problem,Driver Issue
driver issue problem,Driver Issue
driver issue problem,Driver Issue
driver issue 770,Driver Issue
driver issue problem,Driver Issue
driver issue problem,Driver Issue
driver issue problem,Driver Issue
driver issue problem,Driver Issue
my driver issue,Driver Issue
driver issue problem,Driver Issue
driver issue problem,Driver Issue
driver issue problem,Driver Issue
driver issue problem,Driver Issue
driver issue 780,Driver Issue
driver issue problem,Driver Issue
driver issue problem,Driver Issue
driver issue problem,Driver Issue
driver issue problem,Driver Issue
my driver issue,Driver Issue
driver issue problem,Driver Issue
driver issue problem,Driver Issue
driver issue problem,Driver Issue
driver issue problem,Driver Issue
driver issue 790,Driver Issue
driver issue problem,Driver Issue
driver issue problem,Driver Issue
driver issue problem,Driver Issue
driver issue problem,Driver Issue
my driver issue,Driver Issue
driver issue problem,Driver Issue
driver issue problem,Driver Issue
driver issue problem,Driver Issue
driver issue problem,Driver Issue
driver issue 800,Driver Issue
driver issue problem,Driver Issue
driver issue problem,Driver Issue
driver issue problem,Driver Issue
driver issue problem,Driver Issue
my driver issue,Driver Issue
driver issue problem,Driver Issue
driver issue problem,Driver Issue
driver issue problem,Driver Issue
driver issue problem,Driver Issue
driver issue 810,Driver Issue
driver issue problem,Driver Issue
driver issue problem,Driver Issue
driver issue problem,Driver Issue
driver issue problem,Driver Issue
my driver issue,Driver Issue
driver issue problem,Driver Issue
driver issue problem,Driver Issue
driver issue problem,Driver Issue
driver issue problem,Driver Issue
driver issue 820,Driver Issue
driver issue problem,Driver Issue
driver issue problem,Driver Issue
driver issue problem,Driver Issue
driver issue problem,Driver Issue
my driver issue,Driver Issue
driver issue problem,Driver Issue
driver issue problem,Driver Issue
driver issue problem,Driver Issue
driver issue problem,Driver Issue
driver issue 830,Driver Issue
driver issue problem,Driver Issue
driver issue problem,Driver Issue
driver issue problem,Driver Issue
driver issue problem,Driver Issue
my driver issue,Driver Issue
driver issue problem,Driver Issue
driver issue problem,Driver Issue
driver issue problem,Driver Issue
driver issue problem,Driver Issue
driver issue 840,Driver Issue
driver issue problem,Driver Issue
driver issue problem,Driver Issue
driver issue problem,Driver Issue
driver issue problem,Driver Issue
my driver issue,Driver Issue
driver issue problem,Driver Issue
driver issue problem,Driver Issue
driver issue problem,Driver Issue
driver issue problem,Driver Issue
driver issue 850,Driver Issue
driver issue problem,Driver Issue
driver issue problem,Driver Issue
driver issue problem,Driver Issue
driver issue problem,Driver Issue
my driver issue,Driver Issue
driver issue problem,Driver Issue
driver issue problem,Driver Issue
driver issue problem,Driver Issue
driver issue problem,Driver Issue
driver issue 860,Driver Issue
driver issue problem,Driver Issue
driver issue problem,Driver Issue
driver issue problem,Driver Issue
driver issue problem,Driver Issue
my driver issue,Driver Issue
driver issue problem,Driver Issue
driver issue problem,Driver Issue
driver issue problem,Driver Issue
driver issue problem,Driver Issue
driver issue 870,Driver Issue
driver issue problem,Driver Issue
driver issue problem,Driver Issue
driver issue problem,Driver Issue
driver issue problem,Driver Issue
my driver issue,Driver Issue
driver issue problem,Driver Issue
driver issue problem,Driver Issue
driver issue problem,Driver Issue
driver issue problem,Driver Issue
driver issue 880,Driver Issue
driver issue problem,Driver Issue
driver issue problem,Driver Issue
driver issue problem,Driver Issue
driver issue problem,Driver Issue
my driver issue,Driver Issue
driver issue problem,Driver Issue
driver issue problem,Driver Issue
driver issue problem,Driver Issue
driver issue problem,Driver Issue
driver issue 890,Driver Issue
driver issue problem,Driver Issue
driver issue problem,Driver Issue
driver issue problem,Driver Issue
driver issue problem,Driver Issue
my driver issue,Driver Issue
driver issue problem,Driver Issue
driver issue problem,Driver Issue
driver issue problem,Driver Issue
driver issue problem,Driver Issue
driver issue 900,Driver Issue
driver issue problem,Driver Issue
driver issue problem,Driver Issue
driver issue problem,Driver Issue
driver issue problem,Driver Issue
my driver issue,Driver Issue
driver issue problem,Driver Issue
driver issue problem,Driver Issue
driver issue problem,Driver Issue
driver issue problem,Driver Issue
driver issue 910,Driver Issue
driver issue problem,Driver Issue
driver issue problem,Driver Issue
driver issue problem,Driver Issue
driver issue problem,Driver Issue
my driver issue,Driver Issue
driver issue problem,Driver Issue
driver issue problem,Driver Issue
driver issue problem,Driver Issue
driver issue problem,Driver Issue
driver issue 920,Driver Issue
driver issue problem,Driver Issue
driver issue problem,Driver Issue
driver issue problem,Driver Issue
driver issue problem,Driver Issue
my driver issue,Driver Issue
driver issue problem,Driver Issue
driver issue problem,Driver Issue
driver issue problem,Driver Issue
driver issue problem,Driver Issue
driver issue 930,Driver Issue
driver issue problem,Driver Issue
driver issue problem,Driver Issue
driver issue problem,Driver Issue
driver issue problem,Driver Issue
my driver issue,Driver Issue
driver issue problem,Driver Issue
driver issue problem,Driver Issue
driver issue problem,Driver Issue
driver issue problem,Driver Issue
driver issue 940,Driver Issue
driver issue problem,Driver Issue
driver issue problem,Driver Issue
driver issue problem,Driver Issue
driver issue problem,Driver Issue
my driver issue,Driver Issue
driver issue problem,Driver Issue
driver issue problem,Driver Issue
driver issue problem,Driver Issue
driver issue problem,Driver Issue
driver issue 950,Driver Issue
driver issue problem,Driver Issue
driver issue problem,Driver Issue
driver issue problem,Driver Issue
driver issue problem,Driver Issue
my driver issue,Driver Issue
driver issue problem,Driver Issue
driver issue problem,Driver Issue
driver issue problem,Driver Issue
driver issue problem,Driver Issue
driver issue 960,Driver Issue
driver issue problem,Driver Issue
driver issue problem,Driver Issue
driver issue problem,Driver Issue
driver issue problem,Driver Issue
my driver issue,Driver Issue
driver issue problem,Driver Issue
driver issue problem,Driver Issue
driver issue problem,Driver Issue
driver issue problem,Driver Issue
driver issue 970,Driver Issue
driver issue problem,Driver Issue
driver issue problem,Driver Issue
driver issue problem,Driver Issue
driver issue problem,Driver Issue
my driver issue,Driver Issue
driver issue problem,Driver Issue
driver issue problem,Driver Issue
driver issue problem,Driver Issue
driver issue problem,Driver Issue
driver issue 980,Driver Issue
driver issue problem,Driver Issue
driver issue problem,Driver Issue
driver issue problem,Driver Issue
driver issue problem,Driver Issue
my driver issue,Driver Issue
driver issue problem,Driver Issue
driver issue problem,Driver Issue
driver issue problem,Driver Issue
driver issue problem,Driver Issue
driver issue 990,Driver Issue
driver issue problem,Driver Issue
driver issue problem,Driver Issue
driver issue problem,Driver Issue
driver issue problem,Driver Issue
my driver issue,Driver Issue
driver issue problem,Driver Issue
driver issue problem,Driver Issue
driver issue problem,Driver Issue
driver issue problem,Driver Issue
driver issue 1000,Driver Issue
driver issue problem,Driver Issue
driver issue problem,Driver Issue
driver issue problem,Driver Issue
driver issue problem,Driver Issue
my driver issue,Driver Issue
driver issue problem,Driver Issue
driver issue problem,Driver Issue
driver issue problem,Driver Issue
driver issue problem,Driver Issue
driver issue 1010,Driver Issue
driver issue problem,Driver Issue
driver issue problem,Driver Issue
driver issue problem,Driver Issue
driver issue problem,Driver Issue
my driver issue,Driver Issue
driver issue problem,Driver Issue
driver issue problem,Driver Issue
driver issue problem,Driver Issue
driver issue problem,Driver Issue
driver issue 1020,Driver Issue
driver issue problem,Driver Issue
driver issue problem,Driver Issue
driver issue problem,Driver Issue
driver issue problem,Driver Issue
my driver issue,Driver Issue
driver issue problem,Driver Issue
driver issue problem,Driver Issue
driver issue problem,Driver Issue
driver issue problem,Driver Issue
driver issue 1030,Driver Issue
driver issue problem,Driver Issue
driver issue problem,Driver Issue
driver issue problem,Driver Issue
driver issue problem,Driver Issue
my driver issue,Driver Issue
driver issue problem,Driver Issue
driver issue problem,Driver Issue
driver issue problem,Driver Issue
driver issue problem,Driver Issue
driver issue 1040,Driver Issue
driver issue problem,Driver Issue
driver issue problem,Driver Issue
driver issue problem,Driver Issue
driver issue problem,Driver Issue
my driver issue,Driver Issue
driver issue problem,Driver Issue
driver issue problem,Driver Issue
driver issue problem,Driver Issue
driver issue problem,Driver Issue
driver issue 1050,Driver Issue
driver issue problem,Driver Issue
driver issue problem,Driver Issue
driver issue problem,Driver Issue
driver issue problem,Driver Issue
my driver issue,Driver Issue
driver issue problem,Driver Issue
driver issue problem,Driver Issue
driver issue problem,Driver Issue
driver issue problem,Driver Issue
driver issue 1060,Driver Issue
driver issue problem,Driver Issue
driver issue problem,Driver Issue
driver issue problem,Driver Issue
driver issue problem,Driver Issue
my driver issue,Driver Issue
driver issue problem,Driver Issue
driver issue problem,Driver Issue
driver issue problem,Driver Issue
driver issue problem,Driver Issue
driver issue 1070,Driver Issue
driver issue problem,Driver Issue
driver issue problem,Driver Issue
driver issue problem,Driver Issue
driver issue problem,Driver Issue
my driver issue,Driver Issue
driver issue problem,Driver Issue
driver issue problem,Driver Issue
driver issue problem,Driver Issue
driver issue problem,Driver Issue
driver issue 1080,Driver Issue
driver issue problem,Driver Issue
driver issue problem,Driver Issue
driver issue problem,Driver Issue
driver issue problem,Driver Issue
my driver issue,Driver Issue
driver issue problem,Driver Issue
driver issue problem,Driver Issue
driver issue problem,Driver Issue
driver issue problem,Driver Issue
driver issue 1090,Driver Issue
driver issue problem,Driver Issue
driver issue problem,Driver Issue
driver issue problem,Driver Issue
driver issue problem,Driver Issue
my driver issue,Driver Issue
driver issue problem,Driver Issue
driver issue problem,Driver Issue
driver issue problem,Driver Issue
driver issue problem,Driver Issue
driver issue 1100,Driver Issue
driver issue problem,Driver Issue
driver issue problem,Driver Issue
driver issue problem,Driver Issue
driver issue problem,Driver Issue
my driver issue,Driver Issue
driver issue problem,Driver Issue
driver issue problem,Driver Issue
driver issue problem,Driver Issue
driver issue problem,Driver Issue
virus / malware,Virus / Malware
virus / malware 0,Virus / Malware
virus / malware problem,Virus / Malware
virus / malware problem,Virus / Malware
virus / malware problem,Virus / Malware
virus / malware problem,Virus / Malware
my virus / malware,Virus / Malware
virus / malware problem,Virus / Malware
virus / malware problem,Virus / Malware
virus / malware problem,Virus / Malware
virus / malware problem,Virus / Malware
virus / malware 10,Virus / Malware
virus / malware problem,Virus / Malware
virus / malware problem,Virus / Malware
virus / malware problem,Virus / Malware
virus / malware problem,Virus / Malware
my virus / malware,Virus / Malware
virus / malware problem,Virus / Malware
virus / malware problem,Virus / Malware
virus / malware problem,Virus / Malware
virus / malware problem,Virus / Malware
virus / malware 20,Virus / Malware
virus / malware problem,Virus / Malware
virus / malware problem,Virus / Malware
virus / malware problem,Virus / Malware
virus / malware problem,Virus / Malware
my virus / malware,Virus / Malware
virus / malware problem,Virus / Malware
virus / malware problem,Virus / Malware
virus / malware problem,Virus / Malware
virus / malware problem,Virus / Malware
virus / malware 30,Virus / Malware
virus / malware problem,Virus / Malware
virus / malware problem,Virus / Malware
virus / malware problem,Virus / Malware
virus / malware problem,Virus / Malware
my virus / malware,Virus / Malware
virus / malware problem,Virus / Malware
virus / malware problem,Virus / Malware
virus / malware problem,Virus / Malware
virus / malware problem,Virus / Malware
virus / malware 40,Virus / Malware
virus / malware problem,Virus / Malware
virus / malware problem,Virus / Malware
virus / malware problem,Virus / Malware
virus / malware problem,Virus / Malware
my virus / malware,Virus / Malware
virus / malware problem,Virus / Malware
virus / malware problem,Virus / Malware
virus / malware problem,Virus / Malware
virus / malware problem,Virus / Malware
virus / malware 50,Virus / Malware
virus / malware problem,Virus / Malware
virus / malware problem,Virus / Malware
virus / malware problem,Virus / Malware
virus / malware problem,Virus / Malware
my virus / malware,Virus / Malware
virus / malware problem,Virus / Malware
virus / malware problem,Virus / Malware
virus / malware problem,Virus / Malware
virus / malware problem,Virus / Malware
virus / malware 60,Virus / Malware
virus / malware problem,Virus / Malware
virus / malware problem,Virus / Malware
virus / malware problem,Virus / Malware
virus / malware problem,Virus / Malware
my virus / malware,Virus / Malware
virus / malware problem,Virus / Malware
virus / malware problem,Virus / Malware
virus / malware problem,Virus / Malware
virus / malware problem,Virus / Malware
virus / malware 70,Virus / Malware
virus / malware problem,Virus / Malware
virus / malware problem,Virus / Malware
virus / malware problem,Virus / Malware
virus / malware problem,Virus / Malware
my virus / malware,Virus / Malware
virus / malware problem,Virus / Malware
virus / malware problem,Virus / Malware
virus / malware problem,Virus / Malware
virus / malware problem,Virus / Malware
virus / malware 80,Virus / Malware
virus / malware problem,Virus / Malware
virus / malware problem,Virus / Malware
virus / malware problem,Virus / Malware
virus / malware problem,Virus / Malware
my virus / malware,Virus / Malware
virus / malware problem,Virus / Malware
virus / malware problem,Virus / Malware
virus / malware problem,Virus / Malware
virus / malware problem,Virus / Malware
virus / malware 90,Virus / Malware
virus / malware problem,Virus / Malware
virus / malware problem,Virus / Malware
virus / malware problem,Virus / Malware
virus / malware problem,Virus / Malware
my virus / malware,Virus / Malware
virus / malware problem,Virus / Malware
virus / malware problem,Virus / Malware
virus / malware problem,Virus / Malware
virus / malware problem,Virus / Malware
virus / malware 100,Virus / Malware
virus / malware problem,Virus / Malware
virus / malware problem,Virus / Malware
virus / malware problem,Virus / Malware
virus / malware problem,Virus / Malware
my virus / malware,Virus / Malware
virus / malware problem,Virus / Malware
virus / malware problem,Virus / Malware
virus / malware problem,Virus / Malware
virus / malware problem,Virus / Malware
virus / malware 110,Virus / Malware
virus / malware problem,Virus / Malware
virus / malware problem,Virus / Malware
virus / malware problem,Virus / Malware
virus / malware problem,Virus / Malware
my virus / malware,Virus / Malware
virus / malware problem,Virus / Malware
virus / malware problem,Virus / Malware
virus / malware problem,Virus / Malware
virus / malware problem,Virus / Malware
virus / malware 120,Virus / Malware
virus / malware problem,Virus / Malware
virus / malware problem,Virus / Malware
virus / malware problem,Virus / Malware
virus / malware problem,Virus / Malware
my virus / malware,Virus / Malware
virus / malware problem,Virus / Malware
virus / malware problem,Virus / Malware
virus / malware problem,Virus / Malware
virus / malware problem,Virus / Malware
virus / malware 130,Virus / Malware
virus / malware problem,Virus / Malware
virus / malware problem,Virus / Malware
virus / malware problem,Virus / Malware
virus / malware problem,Virus / Malware
my virus / malware,Virus / Malware
virus / malware problem,Virus / Malware
virus / malware problem,Virus / Malware
virus / malware problem,Virus / Malware
virus / malware problem,Virus / Malware
virus / malware 140,Virus / Malware
virus / malware problem,Virus / Malware
virus / malware problem,Virus / Malware
virus / malware problem,Virus / Malware
virus / malware problem,Virus / Malware
my virus / malware,Virus / Malware
virus / malware problem,Virus / Malware
virus / malware problem,Virus / Malware
virus / malware problem,Virus / Malware
virus / malware problem,Virus / Malware
virus / malware 150,Virus / Malware
virus / malware problem,Virus / Malware
virus / malware problem,Virus / Malware
virus / malware problem,Virus / Malware
virus / malware problem,Virus / Malware
my virus / malware,Virus / Malware
virus / malware problem,Virus / Malware
virus / malware problem,Virus / Malware
virus / malware problem,Virus / Malware
virus / malware problem,Virus / Malware
virus / malware 160,Virus / Malware
virus / malware problem,Virus / Malware
virus / malware problem,Virus / Malware
virus / malware problem,Virus / Malware
virus / malware problem,Virus / Malware
my virus / malware,Virus / Malware
virus / malware problem,Virus / Malware
virus / malware problem,Virus / Malware
virus / malware problem,Virus / Malware
virus / malware problem,Virus / Malware
virus / malware 170,Virus / Malware
virus / malware problem,Virus / Malware
virus / malware problem,Virus / Malware
virus / malware problem,Virus / Malware
virus / malware problem,Virus / Malware
my virus / malware,Virus / Malware
virus / malware problem,Virus / Malware
virus / malware problem,Virus / Malware
virus / malware problem,Virus / Malware
virus / malware problem,Virus / Malware
virus / malware 180,Virus / Malware
virus / malware problem,Virus / Malware
virus / malware problem,Virus / Malware
virus / malware problem,Virus / Malware
virus / malware problem,Virus / Malware
my virus / malware,Virus / Malware
virus / malware problem,Virus / Malware
virus / malware problem,Virus / Malware
virus / malware problem,Virus / Malware
virus / malware problem,Virus / Malware
virus / malware 190,Virus / Malware
virus / malware problem,Virus / Malware
virus / malware problem,Virus / Malware
virus / malware problem,Virus / Malware
virus / malware problem,Virus / Malware
my virus / malware,Virus / Malware
virus / malware problem,Virus / Malware
virus / malware problem,Virus / Malware
virus / malware problem,Virus / Malware
virus / malware problem,Virus / Malware
virus / malware 200,Virus / Malware
virus / malware problem,Virus / Malware
virus / malware problem,Virus / Malware
virus / malware problem,Virus / Malware
virus / malware problem,Virus / Malware
my virus / malware,Virus / Malware
virus / malware problem,Virus / Malware
virus / malware problem,Virus / Malware
virus / malware problem,Virus / Malware
virus / malware problem,Virus / Malware
virus / malware 210,Virus / Malware
virus / malware problem,Virus / Malware
virus / malware problem,Virus / Malware
virus / malware problem,Virus / Malware
virus / malware problem,Virus / Malware
my virus / malware,Virus / Malware
virus / malware problem,Virus / Malware
virus / malware problem,Virus / Malware
virus / malware problem,Virus / Malware
virus / malware problem,Virus / Malware
virus / malware 220,Virus / Malware
virus / malware problem,Virus / Malware
virus / malware problem,Virus / Malware
virus / malware problem,Virus / Malware
virus / malware problem,Virus / Malware
my virus / malware,Virus / Malware
virus / malware problem,Virus / Malware
virus / malware problem,Virus / Malware
virus / malware problem,Virus / Malware
virus / malware problem,Virus / Malware
virus / malware 230,Virus / Malware
virus / malware problem,Virus / Malware
virus / malware problem,Virus / Malware
virus / malware problem,Virus / Malware
virus / malware problem,Virus / Malware
my virus / malware,Virus / Malware
virus / malware problem,Virus / Malware
virus / malware problem,Virus / Malware
virus / malware problem,Virus / Malware
virus / malware problem,Virus / Malware
virus / malware 240,Virus / Malware
virus / malware problem,Virus / Malware
virus / malware problem,Virus / Malware
virus / malware problem,Virus / Malware
virus / malware problem,Virus / Malware
my virus / malware,Virus / Malware
virus / malware problem,Virus / Malware
virus / malware problem,Virus / Malware
virus / malware problem,Virus / Malware
virus / malware problem,Virus / Malware
virus / malware 250,Virus / Malware
virus / malware problem,Virus / Malware
virus / malware problem,Virus / Malware
virus / malware problem,Virus / Malware
virus / malware problem,Virus / Malware
my virus / malware,Virus / Malware
virus / malware problem,Virus / Malware
virus / malware problem,Virus / Malware
virus / malware problem,Virus / Malware
virus / malware problem,Virus / Malware
virus / malware 260,Virus / Malware
virus / malware problem,Virus / Malware
virus / malware problem,Virus / Malware
virus / malware problem,Virus / Malware
virus / malware problem,Virus / Malware
my virus / malware,Virus / Malware
virus / malware problem,Virus / Malware
virus / malware problem,Virus / Malware
virus / malware problem,Virus / Malware
virus / malware problem,Virus / Malware
virus / malware 270,Virus / Malware
virus / malware problem,Virus / Malware
virus / malware problem,Virus / Malware
virus / malware problem,Virus / Malware
virus / malware problem,Virus / Malware
my virus / malware,Virus / Malware
virus / malware problem,Virus / Malware
virus / malware problem,Virus / Malware
virus / malware problem,Virus / Malware
virus / malware problem,Virus / Malware
virus / malware 280,Virus / Malware
virus / malware problem,Virus / Malware
virus / malware problem,Virus / Malware
virus / malware problem,Virus / Malware
virus / malware problem,Virus / Malware
my virus / malware,Virus / Malware
virus / malware problem,Virus / Malware
virus / malware problem,Virus / Malware
virus / malware problem,Virus / Malware
virus / malware problem,Virus / Malware
virus / malware 290,Virus / Malware
virus / malware problem,Virus / Malware
virus / malware problem,Virus / Malware
virus / malware problem,Virus / Malware
virus / malware problem,Virus / Malware
my virus / malware,Virus / Malware
virus / malware problem,Virus / Malware
virus / malware problem,Virus / Malware
virus / malware problem,Virus / Malware
virus / malware problem,Virus / Malware
virus / malware 300,Virus / Malware
virus / malware problem,Virus / Malware
virus / malware problem,Virus / Malware
virus / malware problem,Virus / Malware
virus / malware problem,Virus / Malware
my virus / malware,Virus / Malware
virus / malware problem,Virus / Malware
virus / malware problem,Virus / Malware
virus / malware problem,Virus / Malware
virus / malware problem,Virus / Malware
virus / malware 310,Virus / Malware
virus / malware problem,Virus / Malware
virus / malware problem,Virus / Malware
virus / malware problem,Virus / Malware
virus / malware problem,Virus / Malware
my virus / malware,Virus / Malware
virus / malware problem,Virus / Malware
virus / malware problem,Virus / Malware
virus / malware problem,Virus / Malware
virus / malware problem,Virus / Malware
virus / malware 320,Virus / Malware
virus / malware problem,Virus / Malware
virus / malware problem,Virus / Malware
virus / malware problem,Virus / Malware
virus / malware problem,Virus / Malware
my virus / malware,Virus / Malware
virus / malware problem,Virus / Malware
virus / malware problem,Virus / Malware
virus / malware problem,Virus / Malware
virus / malware problem,Virus / Malware
virus / malware 330,Virus / Malware
virus / malware problem,Virus / Malware
virus / malware problem,Virus / Malware
virus / malware problem,Virus / Malware
virus / malware problem,Virus / Malware
my virus / malware,Virus / Malware
virus / malware problem,Virus / Malware
virus / malware problem,Virus / Malware
virus / malware problem,Virus / Malware
virus / malware problem,Virus / Malware
virus / malware 340,Virus / Malware
virus / malware problem,Virus / Malware
virus / malware problem,Virus / Malware
virus / malware problem,Virus / Malware
virus / malware problem,Virus / Malware
my virus / malware,Virus / Malware
virus / malware problem,Virus / Malware
virus / malware problem,Virus / Malware
virus / malware problem,Virus / Malware
virus / malware problem,Virus / Malware
virus / malware 350,Virus / Malware
virus / malware problem,Virus / Malware
virus / malware problem,Virus / Malware
virus / malware problem,Virus / Malware
virus / malware problem,Virus / Malware
my virus / malware,Virus / Malware
virus / malware problem,Virus / Malware
virus / malware problem,Virus / Malware
virus / malware problem,Virus / Malware
virus / malware problem,Virus / Malware
virus / malware 360,Virus / Malware
virus / malware problem,Virus / Malware
virus / malware problem,Virus / Malware
virus / malware problem,Virus / Malware
virus / malware problem,Virus / Malware
my virus / malware,Virus / Malware
virus / malware problem,Virus / Malware
virus / malware problem,Virus / Malware
virus / malware problem,Virus / Malware
virus / malware problem,Virus / Malware
virus / malware 370,Virus / Malware
virus / malware problem,Virus / Malware
virus / malware problem,Virus / Malware
virus / malware problem,Virus / Malware
virus / malware problem,Virus / Malware
my virus / malware,Virus / Malware
virus / malware problem,Virus / Malware
virus / malware problem,Virus / Malware
virus / malware problem,Virus / Malware
virus / malware problem,Virus / Malware
virus / malware 380,Virus / Malware
virus / malware problem,Virus / Malware
virus / malware problem,Virus / Malware
virus / malware problem,Virus / Malware
virus / malware problem,Virus / Malware
my virus / malware,Virus / Malware
virus / malware problem,Virus / Malware
virus / malware problem,Virus / Malware
virus / malware problem,Virus / Malware
virus / malware problem,Virus / Malware
virus / malware 390,Virus / Malware
virus / malware problem,Virus / Malware
virus / malware problem,Virus / Malware
virus / malware problem,Virus / Malware
virus / malware problem,Virus / Malware
my virus / malware,Virus / Malware
virus / malware problem,Virus / Malware
virus / malware problem,Virus / Malware
virus / malware problem,Virus / Malware
virus / malware problem,Virus / Malware
virus / malware 400,Virus / Malware
virus / malware problem,Virus / Malware
virus / malware problem,Virus / Malware
virus / malware problem,Virus / Malware
virus / malware problem,Virus / Malware
my virus / malware,Virus / Malware
virus / malware problem,Virus / Malware
virus / malware problem,Virus / Malware
virus / malware problem,Virus / Malware
virus / malware problem,Virus / Malware
virus / malware 410,Virus / Malware
virus / malware problem,Virus / Malware
virus / malware problem,Virus / Malware
virus / malware problem,Virus / Malware
virus / malware problem,Virus / Malware
my virus / malware,Virus / Malware
virus / malware problem,Virus / Malware
virus / malware problem,Virus / Malware
virus / malware problem,Virus / Malware
virus / malware problem,Virus / Malware
virus / malware 420,Virus / Malware
virus / malware problem,Virus / Malware
virus / malware problem,Virus / Malware
virus / malware problem,Virus / Malware
virus / malware problem,Virus / Malware
my virus / malware,Virus / Malware
virus / malware problem,Virus / Malware
virus / malware problem,Virus / Malware
virus / malware problem,Virus / Malware
virus / malware problem,Virus / Malware
virus / malware 430,Virus / Malware
virus / malware problem,Virus / Malware
virus / malware problem,Virus / Malware
virus / malware problem,Virus / Malware
virus / malware problem,Virus / Malware
my virus / malware,Virus / Malware
virus / malware problem,Virus / Malware
virus / malware problem,Virus / Malware
virus / malware problem,Virus / Malware
virus / malware problem,Virus / Malware
virus / malware 440,Virus / Malware
virus / malware problem,Virus / Malware
virus / malware problem,Virus / Malware
virus / malware problem,Virus / Malware
virus / malware problem,Virus / Malware
my virus / malware,Virus / Malware
virus / malware problem,Virus / Malware
virus / malware problem,Virus / Malware
virus / malware problem,Virus / Malware
virus / malware problem,Virus / Malware
virus / malware 450,Virus / Malware
virus / malware problem,Virus / Malware
virus / malware problem,Virus / Malware
virus / malware problem,Virus / Malware
virus / malware problem,Virus / Malware
my virus / malware,Virus / Malware
virus / malware problem,Virus / Malware
virus / malware problem,Virus / Malware
virus / malware problem,Virus / Malware
virus / malware problem,Virus / Malware
virus / malware 460,Virus / Malware
virus / malware problem,Virus / Malware
virus / malware problem,Virus / Malware
virus / malware problem,Virus / Malware
virus / malware problem,Virus / Malware
my virus / malware,Virus / Malware
virus / malware problem,Virus / Malware
virus / malware problem,Virus / Malware
virus / malware problem,Virus / Malware
virus / malware problem,Virus / Malware
virus / malware 470,Virus / Malware
virus / malware problem,Virus / Malware
virus / malware problem,Virus / Malware
virus / malware problem,Virus / Malware
virus / malware problem,Virus / Malware
my virus / malware,Virus / Malware
virus / malware problem,Virus / Malware
virus / malware problem,Virus / Malware
virus / malware problem,Virus / Malware
virus / malware problem,Virus / Malware
virus / malware 480,Virus / Malware
virus / malware problem,Virus / Malware
virus / malware problem,Virus / Malware
virus / malware problem,Virus / Malware
virus / malware problem,Virus / Malware
my virus / malware,Virus / Malware
virus / malware problem,Virus / Malware
virus / malware problem,Virus / Malware
virus / malware problem,Virus / Malware
virus / malware problem,Virus / Malware
virus / malware 490,Virus / Malware
virus / malware problem,Virus / Malware
virus / malware problem,Virus / Malware
virus / malware problem,Virus / Malware
virus / malware problem,Virus / Malware
my virus / malware,Virus / Malware
virus / malware problem,Virus / Malware
virus / malware problem,Virus / Malware
virus / malware problem,Virus / Malware
virus / malware problem,Virus / Malware
virus / malware 500,Virus / Malware
virus / malware problem,Virus / Malware
virus / malware problem,Virus / Malware
virus / malware problem,Virus / Malware
virus / malware problem,Virus / Malware
my virus / malware,Virus / Malware
virus / malware problem,Virus / Malware
virus / malware problem,Virus / Malware
virus / malware problem,Virus / Malware
virus / malware problem,Virus / Malware
virus / malware 510,Virus / Malware
virus / malware problem,Virus / Malware
virus / malware problem,Virus / Malware
virus / malware problem,Virus / Malware
virus / malware problem,Virus / Malware
my virus / malware,Virus / Malware
virus / malware problem,Virus / Malware
virus / malware problem,Virus / Malware
virus / malware problem,Virus / Malware
virus / malware problem,Virus / Malware
virus / malware 520,Virus / Malware
virus / malware problem,Virus / Malware
virus / malware problem,Virus / Malware
virus / malware problem,Virus / Malware
virus / malware problem,Virus / Malware
my virus / malware,Virus / Malware
virus / malware problem,Virus / Malware
virus / malware problem,Virus / Malware
virus / malware problem,Virus / Malware
virus / malware problem,Virus / Malware
virus / malware 530,Virus / Malware
virus / malware problem,Virus / Malware
virus / malware problem,Virus / Malware
virus / malware problem,Virus / Malware
virus / malware problem,Virus / Malware
my virus / malware,Virus / Malware
virus / malware problem,Virus / Malware
virus / malware problem,Virus / Malware
virus / malware problem,Virus / Malware
virus / malware problem,Virus / Malware
virus / malware 540,Virus / Malware
virus / malware problem,Virus / Malware
virus / malware problem,Virus / Malware
virus / malware problem,Virus / Malware
virus / malware problem,Virus / Malware
my virus / malware,Virus / Malware
virus / malware problem,Virus / Malware
virus / malware problem,Virus / Malware
virus / malware problem,Virus / Malware
virus / malware problem,Virus / Malware
virus / malware 550,Virus / Malware
virus / malware problem,Virus / Malware
virus / malware problem,Virus / Malware
virus / malware problem,Virus / Malware
virus / malware problem,Virus / Malware
my virus / malware,Virus / Malware
virus / malware problem,Virus / Malware
virus / malware problem,Virus / Malware
virus / malware problem,Virus / Malware
virus / malware problem,Virus / Malware
virus / malware 560,Virus / Malware
virus / malware problem,Virus / Malware
virus / malware problem,Virus / Malware
virus / malware problem,Virus / Malware
virus / malware problem,Virus / Malware
my virus / malware,Virus / Malware
virus / malware problem,Virus / Malware
virus / malware problem,Virus / Malware
virus / malware problem,Virus / Malware
virus / malware problem,Virus / Malware
virus / malware 570,Virus / Malware
virus / malware problem,Virus / Malware
virus / malware problem,Virus / Malware
virus / malware problem,Virus / Malware
virus / malware problem,Virus / Malware
my virus / malware,Virus / Malware
virus / malware problem,Virus / Malware
virus / malware problem,Virus / Malware
virus / malware problem,Virus / Malware
virus / malware problem,Virus / Malware
virus / malware 580,Virus / Malware
virus / malware problem,Virus / Malware
virus / malware problem,Virus / Malware
virus / malware problem,Virus / Malware
virus / malware problem,Virus / Malware
my virus / malware,Virus / Malware
virus / malware problem,Virus / Malware
virus / malware problem,Virus / Malware
virus / malware problem,Virus / Malware
virus / malware problem,Virus / Malware
virus / malware 590,Virus / Malware
virus / malware problem,Virus / Malware
virus / malware problem,Virus / Malware
virus / malware problem,Virus / Malware
virus / malware problem,Virus / Malware
my virus / malware,Virus / Malware
virus / malware problem,Virus / Malware
virus / malware problem,Virus / Malware
virus / malware problem,Virus / Malware
virus / malware problem,Virus / Malware
virus / malware 600,Virus / Malware
virus / malware problem,Virus / Malware
virus / malware problem,Virus / Malware
virus / malware problem,Virus / Malware
virus / malware problem,Virus / Malware
my virus / malware,Virus / Malware
virus / malware problem,Virus / Malware
virus / malware problem,Virus / Malware
virus / malware problem,Virus / Malware
virus / malware problem,Virus / Malware
virus / malware 610,Virus / Malware
virus / malware problem,Virus / Malware
virus / malware problem,Virus / Malware
virus / malware problem,Virus / Malware
virus / malware problem,Virus / Malware
my virus / malware,Virus / Malware
virus / malware problem,Virus / Malware
virus / malware problem,Virus / Malware
virus / malware problem,Virus / Malware
virus / malware problem,Virus / Malware
virus / malware 620,Virus / Malware
virus / malware problem,Virus / Malware
virus / malware problem,Virus / Malware
virus / malware problem,Virus / Malware
virus / malware problem,Virus / Malware
my virus / malware,Virus / Malware
virus / malware problem,Virus / Malware
virus / malware problem,Virus / Malware
virus / malware problem,Virus / Malware
virus / malware problem,Virus / Malware
virus / malware 630,Virus / Malware
virus / malware problem,Virus / Malware
virus / malware problem,Virus / Malware
virus / malware problem,Virus / Malware
virus / malware problem,Virus / Malware
my virus / malware,Virus / Malware
virus / malware problem,Virus / Malware
virus / malware problem,Virus / Malware
virus / malware problem,Virus / Malware
virus / malware problem,Virus / Malware
virus / malware 640,Virus / Malware
virus / malware problem,Virus / Malware
virus / malware problem,Virus / Malware
virus / malware problem,Virus / Malware
virus / malware problem,Virus / Malware
my virus / malware,Virus / Malware
virus / malware problem,Virus / Malware
virus / malware problem,Virus / Malware
virus / malware problem,Virus / Malware
virus / malware problem,Virus / Malware
virus / malware 650,Virus / Malware
virus / malware problem,Virus / Malware
virus / malware problem,Virus / Malware
virus / malware problem,Virus / Malware
virus / malware problem,Virus / Malware
my virus / malware,Virus / Malware
virus / malware problem,Virus / Malware
virus / malware problem,Virus / Malware
virus / malware problem,Virus / Malware
virus / malware problem,Virus / Malware
virus / malware 660,Virus / Malware
virus / malware problem,Virus / Malware
virus / malware problem,Virus / Malware
virus / malware problem,Virus / Malware
virus / malware problem,Virus / Malware
my virus / malware,Virus / Malware
virus / malware problem,Virus / Malware
virus / malware problem,Virus / Malware
virus / malware problem,Virus / Malware
virus / malware problem,Virus / Malware
virus / malware 670,Virus / Malware
virus / malware problem,Virus / Malware
virus / malware problem,Virus / Malware
virus / malware problem,Virus / Malware
virus / malware problem,Virus / Malware
my virus / malware,Virus / Malware
virus / malware problem,Virus / Malware
virus / malware problem,Virus / Malware
virus / malware problem,Virus / Malware
virus / malware problem,Virus / Malware
virus / malware 680,Virus / Malware
virus / malware problem,Virus / Malware
virus / malware problem,Virus / Malware
virus / malware problem,Virus / Malware
virus / malware problem,Virus / Malware
my virus / malware,Virus / Malware
virus / malware problem,Virus / Malware
virus / malware problem,Virus / Malware
virus / malware problem,Virus / Malware
virus / malware problem,Virus / Malware
virus / malware 690,Virus / Malware
virus / malware problem,Virus / Malware
virus / malware problem,Virus / Malware
virus / malware problem,Virus / Malware
virus / malware problem,Virus / Malware
my virus / malware,Virus / Malware
virus / malware problem,Virus / Malware
virus / malware problem,Virus / Malware
virus / malware problem,Virus / Malware
virus / malware problem,Virus / Malware
virus / malware 700,Virus / Malware
virus / malware problem,Virus / Malware
virus / malware problem,Virus / Malware
virus / malware problem,Virus / Malware
virus / malware problem,Virus / Malware
my virus / malware,Virus / Malware
virus / malware problem,Virus / Malware
virus / malware problem,Virus / Malware
virus / malware problem,Virus / Malware
virus / malware problem,Virus / Malware
virus / malware 710,Virus / Malware
virus / malware problem,Virus / Malware
virus / malware problem,Virus / Malware
virus / malware problem,Virus / Malware
virus / malware problem,Virus / Malware
my virus / malware,Virus / Malware
virus / malware problem,Virus / Malware
virus / malware problem,Virus / Malware
virus / malware problem,Virus / Malware
virus / malware problem,Virus / Malware
virus / malware 720,Virus / Malware
virus / malware problem,Virus / Malware
virus / malware problem,Virus / Malware
virus / malware problem,Virus / Malware
virus / malware problem,Virus / Malware
my virus / malware,Virus / Malware
virus / malware problem,Virus / Malware
virus / malware problem,Virus / Malware
virus / malware problem,Virus / Malware
virus / malware problem,Virus / Malware
virus / malware 730,Virus / Malware
virus / malware problem,Virus / Malware
virus / malware problem,Virus / Malware
virus / malware problem,Virus / Malware
virus / malware problem,Virus / Malware
my virus / malware,Virus / Malware
virus / malware problem,Virus / Malware
virus / malware problem,Virus / Malware
virus / malware problem,Virus / Malware
virus / malware problem,Virus / Malware
virus / malware 740,Virus / Malware
virus / malware problem,Virus / Malware
virus / malware problem,Virus / Malware
virus / malware problem,Virus / Malware
virus / malware problem,Virus / Malware
my virus / malware,Virus / Malware
virus / malware problem,Virus / Malware
virus / malware problem,Virus / Malware
virus / malware problem,Virus / Malware
virus / malware problem,Virus / Malware
virus / malware 750,Virus / Malware
virus / malware problem,Virus / Malware
virus / malware problem,Virus / Malware
virus / malware problem,Virus / Malware
virus / malware problem,Virus / Malware
my virus / malware,Virus / Malware
virus / malware problem,Virus / Malware
virus / malware problem,Virus / Malware
virus / malware problem,Virus / Malware
virus / malware problem,Virus / Malware
virus / malware 760,Virus / Malware
virus / malware problem,Virus / Malware
virus / malware problem,Virus / Malware
virus / malware problem,Virus / Malware
virus / malware problem,Virus / Malware
my virus / malware,Virus / Malware
virus / malware problem,Virus / Malware
virus / malware problem,Virus / Malware
virus / malware problem,Virus / Malware
virus / malware problem,Virus / Malware
virus / malware 770,Virus / Malware
virus / malware problem,Virus / Malware
virus / malware problem,Virus / Malware
virus / malware problem,Virus / Malware
virus / malware problem,Virus / Malware
my virus / malware,Virus / Malware
virus / malware problem,Virus / Malware
virus / malware problem,Virus / Malware
virus / malware problem,Virus / Malware
virus / malware problem,Virus / Malware
virus / malware 780,Virus / Malware
virus / malware problem,Virus / Malware
virus / malware problem,Virus / Malware
virus / malware problem,Virus / Malware
virus / malware problem,Virus / Malware
my virus / malware,Virus / Malware
virus / malware problem,Virus / Malware
virus / malware problem,Virus / Malware
virus / malware problem,Virus / Malware
virus / malware problem,Virus / Malware
virus / malware 790,Virus / Malware
virus / malware problem,Virus / Malware
virus / malware problem,Virus / Malware
virus / malware problem,Virus / Malware
virus / malware problem,Virus / Malware
my virus / malware,Virus / Malware
virus / malware problem,Virus / Malware
virus / malware problem,Virus / Malware
virus / malware problem,Virus / Malware
virus / malware problem,Virus / Malware
virus / malware 800,Virus / Malware
virus / malware problem,Virus / Malware
virus / malware problem,Virus / Malware
virus / malware problem,Virus / Malware
virus / malware problem,Virus / Malware
my virus / malware,Virus / Malware
virus / malware problem,Virus / Malware
virus / malware problem,Virus / Malware
virus / malware problem,Virus / Malware
virus / malware problem,Virus / Malware
virus / malware 810,Virus / Malware
virus / malware problem,Virus / Malware
virus / malware problem,Virus / Malware
virus / malware problem,Virus / Malware
virus / malware problem,Virus / Malware
my virus / malware,Virus / Malware
virus / malware problem,Virus / Malware
virus / malware problem,Virus / Malware
virus / malware problem,Virus / Malware
virus / malware problem,Virus / Malware
virus / malware 820,Virus / Malware
virus / malware problem,Virus / Malware
virus / malware problem,Virus / Malware
virus / malware problem,Virus / Malware
virus / malware problem,Virus / Malware
my virus / malware,Virus / Malware
virus / malware problem,Virus / Malware
virus / malware problem,Virus / Malware
virus / malware problem,Virus / Malware
virus / malware problem,Virus / Malware
virus / malware 830,Virus / Malware
virus / malware problem,Virus / Malware
virus / malware problem,Virus / Malware
virus / malware problem,Virus / Malware
virus / malware problem,Virus / Malware
my virus / malware,Virus / Malware
virus / malware problem,Virus / Malware
virus / malware problem,Virus / Malware
virus / malware problem,Virus / Malware
virus / malware problem,Virus / Malware
virus / malware 840,Virus / Malware
virus / malware problem,Virus / Malware
virus / malware problem,Virus / Malware
virus / malware problem,Virus / Malware
virus / malware problem,Virus / Malware
my virus / malware,Virus / Malware
virus / malware problem,Virus / Malware
virus / malware problem,Virus / Malware
virus / malware problem,Virus / Malware
virus / malware problem,Virus / Malware
virus / malware 850,Virus / Malware
virus / malware problem,Virus / Malware
virus / malware problem,Virus / Malware
virus / malware problem,Virus / Malware
virus / malware problem,Virus / Malware
my virus / malware,Virus / Malware
virus / malware problem,Virus / Malware
virus / malware problem,Virus / Malware
virus / malware problem,Virus / Malware
virus / malware problem,Virus / Malware
virus / malware 860,Virus / Malware
virus / malware problem,Virus / Malware
virus / malware problem,Virus / Malware
virus / malware problem,Virus / Malware
virus / malware problem,Virus / Malware
my virus / malware,Virus / Malware
virus / malware problem,Virus / Malware
virus / malware problem,Virus / Malware
virus / malware problem,Virus / Malware
virus / malware problem,Virus / Malware
virus / malware 870,Virus / Malware
virus / malware problem,Virus / Malware
virus / malware problem,Virus / Malware
virus / malware problem,Virus / Malware
virus / malware problem,Virus / Malware
my virus / malware,Virus / Malware
virus / malware problem,Virus / Malware
virus / malware problem,Virus / Malware
virus / malware problem,Virus / Malware
virus / malware problem,Virus / Malware
virus / malware 880,Virus / Malware
virus / malware problem,Virus / Malware
virus / malware problem,Virus / Malware
virus / malware problem,Virus / Malware
virus / malware problem,Virus / Malware
my virus / malware,Virus / Malware
virus / malware problem,Virus / Malware
virus / malware problem,Virus / Malware
virus / malware problem,Virus / Malware
virus / malware problem,Virus / Malware
virus / malware 890,Virus / Malware
virus / malware problem,Virus / Malware
virus / malware problem,Virus / Malware
virus / malware problem,Virus / Malware
virus / malware problem,Virus / Malware
my virus / malware,Virus / Malware
virus / malware problem,Virus / Malware
virus / malware problem,Virus / Malware
virus / malware problem,Virus / Malware
virus / malware problem,Virus / Malware
virus / malware 900,Virus / Malware
virus / malware problem,Virus / Malware
virus / malware problem,Virus / Malware
virus / malware problem,Virus / Malware
virus / malware problem,Virus / Malware
my virus / malware,Virus / Malware
virus / malware problem,Virus / Malware
virus / malware problem,Virus / Malware
virus / malware problem,Virus / Malware
virus / malware problem,Virus / Malware
virus / malware 910,Virus / Malware
virus / malware problem,Virus / Malware
virus / malware problem,Virus / Malware
virus / malware problem,Virus / Malware
virus / malware problem,Virus / Malware
my virus / malware,Virus / Malware
virus / malware problem,Virus / Malware
virus / malware problem,Virus / Malware
virus / malware problem,Virus / Malware
virus / malware problem,Virus / Malware
virus / malware 920,Virus / Malware
virus / malware problem,Virus / Malware
virus / malware problem,Virus / Malware
virus / malware problem,Virus / Malware
virus / malware problem,Virus / Malware
my virus / malware,Virus / Malware
virus / malware problem,Virus / Malware
virus / malware problem,Virus / Malware
virus / malware problem,Virus / Malware
virus / malware problem,Virus / Malware
virus / malware 930,Virus / Malware
virus / malware problem,Virus / Malware
virus / malware problem,Virus / Malware
virus / malware problem,Virus / Malware
virus / malware problem,Virus / Malware
my virus / malware,Virus / Malware
virus / malware problem,Virus / Malware
virus / malware problem,Virus / Malware
virus / malware problem,Virus / Malware
virus / malware problem,Virus / Malware
virus / malware 940,Virus / Malware
virus / malware problem,Virus / Malware
virus / malware problem,Virus / Malware
virus / malware problem,Virus / Malware
virus / malware problem,Virus / Malware
my virus / malware,Virus / Malware
virus / malware problem,Virus / Malware
virus / malware problem,Virus / Malware
virus / malware problem,Virus / Malware
virus / malware problem,Virus / Malware
virus / malware 950,Virus / Malware
virus / malware problem,Virus / Malware
virus / malware problem,Virus / Malware
virus / malware problem,Virus / Malware
virus / malware problem,Virus / Malware
my virus / malware,Virus / Malware
virus / malware problem,Virus / Malware
virus / malware problem,Virus / Malware
virus / malware problem,Virus / Malware
virus / malware problem,Virus / Malware
virus / malware 960,Virus / Malware
virus / malware problem,Virus / Malware
virus / malware problem,Virus / Malware
virus / malware problem,Virus / Malware
virus / malware problem,Virus / Malware
my virus / malware,Virus / Malware
virus / malware problem,Virus / Malware
virus / malware problem,Virus / Malware
virus / malware problem,Virus / Malware
virus / malware problem,Virus / Malware
virus / malware 970,Virus / Malware
virus / malware problem,Virus / Malware
virus / malware problem,Virus / Malware
virus / malware problem,Virus / Malware
virus / malware problem,Virus / Malware
my virus / malware,Virus / Malware
virus / malware problem,Virus / Malware
virus / malware problem,Virus / Malware
virus / malware problem,Virus / Malware
virus / malware problem,Virus / Malware
virus / malware 980,Virus / Malware
virus / malware problem,Virus / Malware
virus / malware problem,Virus / Malware
virus / malware problem,Virus / Malware
virus / malware problem,Virus / Malware
my virus / malware,Virus / Malware
virus / malware problem,Virus / Malware
virus / malware problem,Virus / Malware
virus / malware problem,Virus / Malware
virus / malware problem,Virus / Malware
virus / malware 990,Virus / Malware
virus / malware problem,Virus / Malware
virus / malware problem,Virus / Malware
virus / malware problem,Virus / Malware
virus / malware problem,Virus / Malware
my virus / malware,Virus / Malware
virus / malware problem,Virus / Malware
virus / malware problem,Virus / Malware
virus / malware problem,Virus / Malware
virus / malware problem,Virus / Malware
virus / malware 1000,Virus / Malware
virus / malware problem,Virus / Malware
virus / malware problem,Virus / Malware
virus / malware problem,Virus / Malware
virus / malware problem,Virus / Malware
my virus / malware,Virus / Malware
virus / malware problem,Virus / Malware
virus / malware problem,Virus / Malware
virus / malware problem,Virus / Malware
virus / malware problem,Virus / Malware
virus / malware 1010,Virus / Malware
virus / malware problem,Virus / Malware
virus / malware problem,Virus / Malware
virus / malware problem,Virus / Malware
virus / malware problem,Virus / Malware
my virus / malware,Virus / Malware
virus / malware problem,Virus / Malware
virus / malware problem,Virus / Malware
virus / malware problem,Virus / Malware
virus / malware problem,Virus / Malware
virus / malware 1020,Virus / Malware
virus / malware problem,Virus / Malware
virus / malware problem,Virus / Malware
virus / malware problem,Virus / Malware
virus / malware problem,Virus / Malware
my virus / malware,Virus / Malware
virus / malware problem,Virus / Malware
virus / malware problem,Virus / Malware
virus / malware problem,Virus / Malware
virus / malware problem,Virus / Malware
virus / malware 1030,Virus / Malware
virus / malware problem,Virus / Malware
virus / malware problem,Virus / Malware
virus / malware problem,Virus / Malware
virus / malware problem,Virus / Malware
my virus / malware,Virus / Malware
virus / malware problem,Virus / Malware
virus / malware problem,Virus / Malware
virus / malware problem,Virus / Malware
virus / malware problem,Virus / Malware
virus / malware 1040,Virus / Malware
virus / malware problem,Virus / Malware
virus / malware problem,Virus / Malware
virus / malware problem,Virus / Malware
virus / malware problem,Virus / Malware
my virus / malware,Virus / Malware
virus / malware problem,Virus / Malware
virus / malware problem,Virus / Malware
virus / malware problem,Virus / Malware
virus / malware problem,Virus / Malware
virus / malware 1050,Virus / Malware
virus / malware problem,Virus / Malware
virus / malware problem,Virus / Malware
virus / malware problem,Virus / Malware
virus / malware problem,Virus / Malware
my virus / malware,Virus / Malware
virus / malware problem,Virus / Malware
virus / malware problem,Virus / Malware
virus / malware problem,Virus / Malware
virus / malware problem,Virus / Malware
virus / malware 1060,Virus / Malware
virus / malware problem,Virus / Malware
virus / malware problem,Virus / Malware
virus / malware problem,Virus / Malware
virus / malware problem,Virus / Malware
my virus / malware,Virus / Malware
virus / malware problem,Virus / Malware
virus / malware problem,Virus / Malware
virus / malware problem,Virus / Malware
virus / malware problem,Virus / Malware
virus / malware 1070,Virus / Malware
virus / malware problem,Virus / Malware
virus / malware problem,Virus / Malware
virus / malware problem,Virus / Malware
virus / malware problem,Virus / Malware
my virus / malware,Virus / Malware
virus / malware problem,Virus / Malware
virus / malware problem,Virus / Malware
virus / malware problem,Virus / Malware
virus / malware problem,Virus / Malware
virus / malware 1080,Virus / Malware
virus / malware problem,Virus / Malware
virus / malware problem,Virus / Malware
virus / malware problem,Virus / Malware
virus / malware problem,Virus / Malware
my virus / malware,Virus / Malware
virus / malware problem,Virus / Malware
virus / malware problem,Virus / Malware
virus / malware problem,Virus / Malware
virus / malware problem,Virus / Malware
virus / malware 1090,Virus / Malware
virus / malware problem,Virus / Malware
virus / malware problem,Virus / Malware
virus / malware problem,Virus / Malware
virus / malware problem,Virus / Malware
my virus / malware,Virus / Malware
virus / malware problem,Virus / Malware
virus / malware problem,Virus / Malware
virus / malware problem,Virus / Malware
virus / malware problem,Virus / Malware
virus / malware 1100,Virus / Malware
virus / malware problem,Virus / Malware
virus / malware problem,Virus / Malware
virus / malware problem,Virus / Malware
virus / malware problem,Virus / Malware
my virus / malware,Virus / Malware
virus / malware problem,Virus / Malware
virus / malware problem,Virus / Malware
virus / malware problem,Virus / Malware
virus / malware problem,Virus / Malware
os reinstall / corrupted,OS Reinstall / Corrupted
os reinstall / corrupted 0,OS Reinstall / Corrupted
os reinstall / corrupted problem,OS Reinstall / Corrupted
os reinstall / corrupted problem,OS Reinstall / Corrupted
os reinstall / corrupted problem,OS Reinstall / Corrupted
os reinstall / corrupted problem,OS Reinstall / Corrupted
my os reinstall / corrupted,OS Reinstall / Corrupted
os reinstall / corrupted problem,OS Reinstall / Corrupted
os reinstall / corrupted problem,OS Reinstall / Corrupted
os reinstall / corrupted problem,OS Reinstall / Corrupted
os reinstall / corrupted problem,OS Reinstall / Corrupted
os reinstall / corrupted 10,OS Reinstall / Corrupted
os reinstall / corrupted problem,OS Reinstall / Corrupted
os reinstall / corrupted problem,OS Reinstall / Corrupted
os reinstall / corrupted problem,OS Reinstall / Corrupted
os reinstall / corrupted problem,OS Reinstall / Corrupted
my os reinstall / corrupted,OS Reinstall / Corrupted
os reinstall / corrupted problem,OS Reinstall / Corrupted
os reinstall / corrupted problem,OS Reinstall / Corrupted
os reinstall / corrupted problem,OS Reinstall / Corrupted
os reinstall / corrupted problem,OS Reinstall / Corrupted
os reinstall / corrupted 20,OS Reinstall / Corrupted
os reinstall / corrupted problem,OS Reinstall / Corrupted
os reinstall / corrupted problem,OS Reinstall / Corrupted
os reinstall / corrupted problem,OS Reinstall / Corrupted
os reinstall / corrupted problem,OS Reinstall / Corrupted
my os reinstall / corrupted,OS Reinstall / Corrupted
os reinstall / corrupted problem,OS Reinstall / Corrupted
os reinstall / corrupted problem,OS Reinstall / Corrupted
os reinstall / corrupted problem,OS Reinstall / Corrupted
os reinstall / corrupted problem,OS Reinstall / Corrupted
os reinstall / corrupted 30,OS Reinstall / Corrupted
os reinstall / corrupted problem,OS Reinstall / Corrupted
os reinstall / corrupted problem,OS Reinstall / Corrupted
os reinstall / corrupted problem,OS Reinstall / Corrupted
os reinstall / corrupted problem,OS Reinstall / Corrupted
my os reinstall / corrupted,OS Reinstall / Corrupted
os reinstall / corrupted problem,OS Reinstall / Corrupted
os reinstall / corrupted problem,OS Reinstall / Corrupted
os reinstall / corrupted problem,OS Reinstall / Corrupted
os reinstall / corrupted problem,OS Reinstall / Corrupted
os reinstall / corrupted 40,OS Reinstall / Corrupted
os reinstall / corrupted problem,OS Reinstall / Corrupted
os reinstall / corrupted problem,OS Reinstall / Corrupted
os reinstall / corrupted problem,OS Reinstall / Corrupted
os reinstall / corrupted problem,OS Reinstall / Corrupted
my os reinstall / corrupted,OS Reinstall / Corrupted
os reinstall / corrupted problem,OS Reinstall / Corrupted
os reinstall / corrupted problem,OS Reinstall / Corrupted
os reinstall / corrupted problem,OS Reinstall / Corrupted
os reinstall / corrupted problem,OS Reinstall / Corrupted
os reinstall / corrupted 50,OS Reinstall / Corrupted
os reinstall / corrupted problem,OS Reinstall / Corrupted
os reinstall / corrupted problem,OS Reinstall / Corrupted
os reinstall / corrupted problem,OS Reinstall / Corrupted
os reinstall / corrupted problem,OS Reinstall / Corrupted
my os reinstall / corrupted,OS Reinstall / Corrupted
os reinstall / corrupted problem,OS Reinstall / Corrupted
os reinstall / corrupted problem,OS Reinstall / Corrupted
os reinstall / corrupted problem,OS Reinstall / Corrupted
os reinstall / corrupted problem,OS Reinstall / Corrupted
os reinstall / corrupted 60,OS Reinstall / Corrupted
os reinstall / corrupted problem,OS Reinstall / Corrupted
os reinstall / corrupted problem,OS Reinstall / Corrupted
os reinstall / corrupted problem,OS Reinstall / Corrupted
os reinstall / corrupted problem,OS Reinstall / Corrupted
my os reinstall / corrupted,OS Reinstall / Corrupted
os reinstall / corrupted problem,OS Reinstall / Corrupted
os reinstall / corrupted problem,OS Reinstall / Corrupted
os reinstall / corrupted problem,OS Reinstall / Corrupted
os reinstall / corrupted problem,OS Reinstall / Corrupted
os reinstall / corrupted 70,OS Reinstall / Corrupted
os reinstall / corrupted problem,OS Reinstall / Corrupted
os reinstall / corrupted problem,OS Reinstall / Corrupted
os reinstall / corrupted problem,OS Reinstall / Corrupted
os reinstall / corrupted problem,OS Reinstall / Corrupted
my os reinstall / corrupted,OS Reinstall / Corrupted
os reinstall / corrupted problem,OS Reinstall / Corrupted
os reinstall / corrupted problem,OS Reinstall / Corrupted
os reinstall / corrupted problem,OS Reinstall / Corrupted
os reinstall / corrupted problem,OS Reinstall / Corrupted
os reinstall / corrupted 80,OS Reinstall / Corrupted
os reinstall / corrupted problem,OS Reinstall / Corrupted
os reinstall / corrupted problem,OS Reinstall / Corrupted
os reinstall / corrupted problem,OS Reinstall / Corrupted
os reinstall / corrupted problem,OS Reinstall / Corrupted
my os reinstall / corrupted,OS Reinstall / Corrupted
os reinstall / corrupted problem,OS Reinstall / Corrupted
os reinstall / corrupted problem,OS Reinstall / Corrupted
os reinstall / corrupted problem,OS Reinstall / Corrupted
os reinstall / corrupted problem,OS Reinstall / Corrupted
os reinstall / corrupted 90,OS Reinstall / Corrupted
os reinstall / corrupted problem,OS Reinstall / Corrupted
os reinstall / corrupted problem,OS Reinstall / Corrupted
os reinstall / corrupted problem,OS Reinstall / Corrupted
os reinstall / corrupted problem,OS Reinstall / Corrupted
my os reinstall / corrupted,OS Reinstall / Corrupted
os reinstall / corrupted problem,OS Reinstall / Corrupted
os reinstall / corrupted problem,OS Reinstall / Corrupted
os reinstall / corrupted problem,OS Reinstall / Corrupted
os reinstall / corrupted problem,OS Reinstall / Corrupted
os reinstall / corrupted 100,OS Reinstall / Corrupted
os reinstall / corrupted problem,OS Reinstall / Corrupted
os reinstall / corrupted problem,OS Reinstall / Corrupted
os reinstall / corrupted problem,OS Reinstall / Corrupted
os reinstall / corrupted problem,OS Reinstall / Corrupted
my os reinstall / corrupted,OS Reinstall / Corrupted
os reinstall / corrupted problem,OS Reinstall / Corrupted
os reinstall / corrupted problem,OS Reinstall / Corrupted
os reinstall / corrupted problem,OS Reinstall / Corrupted
os reinstall / corrupted problem,OS Reinstall / Corrupted
os reinstall / corrupted 110,OS Reinstall / Corrupted
os reinstall / corrupted problem,OS Reinstall / Corrupted
os reinstall / corrupted problem,OS Reinstall / Corrupted
os reinstall / corrupted problem,OS Reinstall / Corrupted
os reinstall / corrupted problem,OS Reinstall / Corrupted
my os reinstall / corrupted,OS Reinstall / Corrupted
os reinstall / corrupted problem,OS Reinstall / Corrupted
os reinstall / corrupted problem,OS Reinstall / Corrupted
os reinstall / corrupted problem,OS Reinstall / Corrupted
os reinstall / corrupted problem,OS Reinstall / Corrupted
os reinstall / corrupted 120,OS Reinstall / Corrupted
os reinstall / corrupted problem,OS Reinstall / Corrupted
os reinstall / corrupted problem,OS Reinstall / Corrupted
os reinstall / corrupted problem,OS Reinstall / Corrupted
os reinstall / corrupted problem,OS Reinstall / Corrupted
my os reinstall / corrupted,OS Reinstall / Corrupted
os reinstall / corrupted problem,OS Reinstall / Corrupted
os reinstall / corrupted problem,OS Reinstall / Corrupted
os reinstall / corrupted problem,OS Reinstall / Corrupted
os reinstall / corrupted problem,OS Reinstall / Corrupted
os reinstall / corrupted 130,OS Reinstall / Corrupted
os reinstall / corrupted problem,OS Reinstall / Corrupted
os reinstall / corrupted problem,OS Reinstall / Corrupted
os reinstall / corrupted problem,OS Reinstall / Corrupted
os reinstall / corrupted problem,OS Reinstall / Corrupted
my os reinstall / corrupted,OS Reinstall / Corrupted
os reinstall / corrupted problem,OS Reinstall / Corrupted
os reinstall / corrupted problem,OS Reinstall / Corrupted
os reinstall / corrupted problem,OS Reinstall / Corrupted
os reinstall / corrupted problem,OS Reinstall / Corrupted
os reinstall / corrupted 140,OS Reinstall / Corrupted
os reinstall / corrupted problem,OS Reinstall / Corrupted
os reinstall / corrupted problem,OS Reinstall / Corrupted
os reinstall / corrupted problem,OS Reinstall / Corrupted
os reinstall / corrupted problem,OS Reinstall / Corrupted
my os reinstall / corrupted,OS Reinstall / Corrupted
os reinstall / corrupted problem,OS Reinstall / Corrupted
os reinstall / corrupted problem,OS Reinstall / Corrupted
os reinstall / corrupted problem,OS Reinstall / Corrupted
os reinstall / corrupted problem,OS Reinstall / Corrupted
os reinstall / corrupted 150,OS Reinstall / Corrupted
os reinstall / corrupted problem,OS Reinstall / Corrupted
os reinstall / corrupted problem,OS Reinstall / Corrupted
os reinstall / corrupted problem,OS Reinstall / Corrupted
os reinstall / corrupted problem,OS Reinstall / Corrupted
my os reinstall / corrupted,OS Reinstall / Corrupted
os reinstall / corrupted problem,OS Reinstall / Corrupted
os reinstall / corrupted problem,OS Reinstall / Corrupted
os reinstall / corrupted problem,OS Reinstall / Corrupted
os reinstall / corrupted problem,OS Reinstall / Corrupted
os reinstall / corrupted 160,OS Reinstall / Corrupted
os reinstall / corrupted problem,OS Reinstall / Corrupted
os reinstall / corrupted problem,OS Reinstall / Corrupted
os reinstall / corrupted problem,OS Reinstall / Corrupted
os reinstall / corrupted problem,OS Reinstall / Corrupted
my os reinstall / corrupted,OS Reinstall / Corrupted
os reinstall / corrupted problem,OS Reinstall / Corrupted
os reinstall / corrupted problem,OS Reinstall / Corrupted
os reinstall / corrupted problem,OS Reinstall / Corrupted
os reinstall / corrupted problem,OS Reinstall / Corrupted
os reinstall / corrupted 170,OS Reinstall / Corrupted
os reinstall / corrupted problem,OS Reinstall / Corrupted
os reinstall / corrupted problem,OS Reinstall / Corrupted
os reinstall / corrupted problem,OS Reinstall / Corrupted
os reinstall / corrupted problem,OS Reinstall / Corrupted
my os reinstall / corrupted,OS Reinstall / Corrupted
os reinstall / corrupted problem,OS Reinstall / Corrupted
os reinstall / corrupted problem,OS Reinstall / Corrupted
os reinstall / corrupted problem,OS Reinstall / Corrupted
os reinstall / corrupted problem,OS Reinstall / Corrupted
os reinstall / corrupted 180,OS Reinstall / Corrupted
os reinstall / corrupted problem,OS Reinstall / Corrupted
os reinstall / corrupted problem,OS Reinstall / Corrupted
os reinstall / corrupted problem,OS Reinstall / Corrupted
os reinstall / corrupted problem,OS Reinstall / Corrupted
my os reinstall / corrupted,OS Reinstall / Corrupted
os reinstall / corrupted problem,OS Reinstall / Corrupted
os reinstall / corrupted problem,OS Reinstall / Corrupted
os reinstall / corrupted problem,OS Reinstall / Corrupted
os reinstall / corrupted problem,OS Reinstall / Corrupted
os reinstall / corrupted 190,OS Reinstall / Corrupted
os reinstall / corrupted problem,OS Reinstall / Corrupted
os reinstall / corrupted problem,OS Reinstall / Corrupted
os reinstall / corrupted problem,OS Reinstall / Corrupted
os reinstall / corrupted problem,OS Reinstall / Corrupted
my os reinstall / corrupted,OS Reinstall / Corrupted
os reinstall / corrupted problem,OS Reinstall / Corrupted
os reinstall / corrupted problem,OS Reinstall / Corrupted
os reinstall / corrupted problem,OS Reinstall / Corrupted
os reinstall / corrupted problem,OS Reinstall / Corrupted
os reinstall / corrupted 200,OS Reinstall / Corrupted
os reinstall / corrupted problem,OS Reinstall / Corrupted
os reinstall / corrupted problem,OS Reinstall / Corrupted
os reinstall / corrupted problem,OS Reinstall / Corrupted
os reinstall / corrupted problem,OS Reinstall / Corrupted
my os reinstall / corrupted,OS Reinstall / Corrupted
os reinstall / corrupted problem,OS Reinstall / Corrupted
os reinstall / corrupted problem,OS Reinstall / Corrupted
os reinstall / corrupted problem,OS Reinstall / Corrupted
os reinstall / corrupted problem,OS Reinstall / Corrupted
os reinstall / corrupted 210,OS Reinstall / Corrupted
os reinstall / corrupted problem,OS Reinstall / Corrupted
os reinstall / corrupted problem,OS Reinstall / Corrupted
os reinstall / corrupted problem,OS Reinstall / Corrupted
os reinstall / corrupted problem,OS Reinstall / Corrupted
my os reinstall / corrupted,OS Reinstall / Corrupted
os reinstall / corrupted problem,OS Reinstall / Corrupted
os reinstall / corrupted problem,OS Reinstall / Corrupted
os reinstall / corrupted problem,OS Reinstall / Corrupted
os reinstall / corrupted problem,OS Reinstall / Corrupted
os reinstall / corrupted 220,OS Reinstall / Corrupted
os reinstall / corrupted problem,OS Reinstall / Corrupted
os reinstall / corrupted problem,OS Reinstall / Corrupted
os reinstall / corrupted problem,OS Reinstall / Corrupted
os reinstall / corrupted problem,OS Reinstall / Corrupted
my os reinstall / corrupted,OS Reinstall / Corrupted
os reinstall / corrupted problem,OS Reinstall / Corrupted
os reinstall / corrupted problem,OS Reinstall / Corrupted
os reinstall / corrupted problem,OS Reinstall / Corrupted
os reinstall / corrupted problem,OS Reinstall / Corrupted
os reinstall / corrupted 230,OS Reinstall / Corrupted
os reinstall / corrupted problem,OS Reinstall / Corrupted
os reinstall / corrupted problem,OS Reinstall / Corrupted
os reinstall / corrupted problem,OS Reinstall / Corrupted
os reinstall / corrupted problem,OS Reinstall / Corrupted
my os reinstall / corrupted,OS Reinstall / Corrupted
os reinstall / corrupted problem,OS Reinstall / Corrupted
os reinstall / corrupted problem,OS Reinstall / Corrupted
os reinstall / corrupted problem,OS Reinstall / Corrupted
os reinstall / corrupted problem,OS Reinstall / Corrupted
os reinstall / corrupted 240,OS Reinstall / Corrupted
os reinstall / corrupted problem,OS Reinstall / Corrupted
os reinstall / corrupted problem,OS Reinstall / Corrupted
os reinstall / corrupted problem,OS Reinstall / Corrupted
os reinstall / corrupted problem,OS Reinstall / Corrupted
my os reinstall / corrupted,OS Reinstall / Corrupted
os reinstall / corrupted problem,OS Reinstall / Corrupted
os reinstall / corrupted problem,OS Reinstall / Corrupted
os reinstall / corrupted problem,OS Reinstall / Corrupted
os reinstall / corrupted problem,OS Reinstall / Corrupted
os reinstall / corrupted 250,OS Reinstall / Corrupted
os reinstall / corrupted problem,OS Reinstall / Corrupted
os reinstall / corrupted problem,OS Reinstall / Corrupted
os reinstall / corrupted problem,OS Reinstall / Corrupted
os reinstall / corrupted problem,OS Reinstall / Corrupted
my os reinstall / corrupted,OS Reinstall / Corrupted
os reinstall / corrupted problem,OS Reinstall / Corrupted
os reinstall / corrupted problem,OS Reinstall / Corrupted
os reinstall / corrupted problem,OS Reinstall / Corrupted
os reinstall / corrupted problem,OS Reinstall / Corrupted
os reinstall / corrupted 260,OS Reinstall / Corrupted
os reinstall / corrupted problem,OS Reinstall / Corrupted
os reinstall / corrupted problem,OS Reinstall / Corrupted
os reinstall / corrupted problem,OS Reinstall / Corrupted
os reinstall / corrupted problem,OS Reinstall / Corrupted
my os reinstall / corrupted,OS Reinstall / Corrupted
os reinstall / corrupted problem,OS Reinstall / Corrupted
os reinstall / corrupted problem,OS Reinstall / Corrupted
os reinstall / corrupted problem,OS Reinstall / Corrupted
os reinstall / corrupted problem,OS Reinstall / Corrupted
os reinstall / corrupted 270,OS Reinstall / Corrupted
os reinstall / corrupted problem,OS Reinstall / Corrupted
os reinstall / corrupted problem,OS Reinstall / Corrupted
os reinstall / corrupted problem,OS Reinstall / Corrupted
os reinstall / corrupted problem,OS Reinstall / Corrupted
my os reinstall / corrupted,OS Reinstall / Corrupted
os reinstall / corrupted problem,OS Reinstall / Corrupted
os reinstall / corrupted problem,OS Reinstall / Corrupted
os reinstall / corrupted problem,OS Reinstall / Corrupted
os reinstall / corrupted problem,OS Reinstall / Corrupted
os reinstall / corrupted 280,OS Reinstall / Corrupted
os reinstall / corrupted problem,OS Reinstall / Corrupted
os reinstall / corrupted problem,OS Reinstall / Corrupted
os reinstall / corrupted problem,OS Reinstall / Corrupted
os reinstall / corrupted problem,OS Reinstall / Corrupted
my os reinstall / corrupted,OS Reinstall / Corrupted
os reinstall / corrupted problem,OS Reinstall / Corrupted
os reinstall / corrupted problem,OS Reinstall / Corrupted
os reinstall / corrupted problem,OS Reinstall / Corrupted
os reinstall / corrupted problem,OS Reinstall / Corrupted
os reinstall / corrupted 290,OS Reinstall / Corrupted
os reinstall / corrupted problem,OS Reinstall / Corrupted
os reinstall / corrupted problem,OS Reinstall / Corrupted
os reinstall / corrupted problem,OS Reinstall / Corrupted
os reinstall / corrupted problem,OS Reinstall / Corrupted
my os reinstall / corrupted,OS Reinstall / Corrupted
os reinstall / corrupted problem,OS Reinstall / Corrupted
os reinstall / corrupted problem,OS Reinstall / Corrupted
os reinstall / corrupted problem,OS Reinstall / Corrupted
os reinstall / corrupted problem,OS Reinstall / Corrupted
os reinstall / corrupted 300,OS Reinstall / Corrupted
os reinstall / corrupted problem,OS Reinstall / Corrupted
os reinstall / corrupted problem,OS Reinstall / Corrupted
os reinstall / corrupted problem,OS Reinstall / Corrupted
os reinstall / corrupted problem,OS Reinstall / Corrupted
my os reinstall / corrupted,OS Reinstall / Corrupted
os reinstall / corrupted problem,OS Reinstall / Corrupted
os reinstall / corrupted problem,OS Reinstall / Corrupted
os reinstall / corrupted problem,OS Reinstall / Corrupted
os reinstall / corrupted problem,OS Reinstall / Corrupted
os reinstall / corrupted 310,OS Reinstall / Corrupted
os reinstall / corrupted problem,OS Reinstall / Corrupted
os reinstall / corrupted problem,OS Reinstall / Corrupted
os reinstall / corrupted problem,OS Reinstall / Corrupted
os reinstall / corrupted problem,OS Reinstall / Corrupted
my os reinstall / corrupted,OS Reinstall / Corrupted
os reinstall / corrupted problem,OS Reinstall / Corrupted
os reinstall / corrupted problem,OS Reinstall / Corrupted
os reinstall / corrupted problem,OS Reinstall / Corrupted
os reinstall / corrupted problem,OS Reinstall / Corrupted
os reinstall / corrupted 320,OS Reinstall / Corrupted
os reinstall / corrupted problem,OS Reinstall / Corrupted
os reinstall / corrupted problem,OS Reinstall / Corrupted
os reinstall / corrupted problem,OS Reinstall / Corrupted
os reinstall / corrupted problem,OS Reinstall / Corrupted
my os reinstall / corrupted,OS Reinstall / Corrupted
os reinstall / corrupted problem,OS Reinstall / Corrupted
os reinstall / corrupted problem,OS Reinstall / Corrupted
os reinstall / corrupted problem,OS Reinstall / Corrupted
os reinstall / corrupted problem,OS Reinstall / Corrupted
os reinstall / corrupted 330,OS Reinstall / Corrupted
os reinstall / corrupted problem,OS Reinstall / Corrupted
os reinstall / corrupted problem,OS Reinstall / Corrupted
os reinstall / corrupted problem,OS Reinstall / Corrupted
os reinstall / corrupted problem,OS Reinstall / Corrupted
my os reinstall / corrupted,OS Reinstall / Corrupted
os reinstall / corrupted problem,OS Reinstall / Corrupted
os reinstall / corrupted problem,OS Reinstall / Corrupted
os reinstall / corrupted problem,OS Reinstall / Corrupted
os reinstall / corrupted problem,OS Reinstall / Corrupted
os reinstall / corrupted 340,OS Reinstall / Corrupted
os reinstall / corrupted problem,OS Reinstall / Corrupted
os reinstall / corrupted problem,OS Reinstall / Corrupted
os reinstall / corrupted problem,OS Reinstall / Corrupted
os reinstall / corrupted problem,OS Reinstall / Corrupted
my os reinstall / corrupted,OS Reinstall / Corrupted
os reinstall / corrupted problem,OS Reinstall / Corrupted
os reinstall / corrupted problem,OS Reinstall / Corrupted
os reinstall / corrupted problem,OS Reinstall / Corrupted
os reinstall / corrupted problem,OS Reinstall / Corrupted
os reinstall / corrupted 350,OS Reinstall / Corrupted
os reinstall / corrupted problem,OS Reinstall / Corrupted
os reinstall / corrupted problem,OS Reinstall / Corrupted
os reinstall / corrupted problem,OS Reinstall / Corrupted
os reinstall / corrupted problem,OS Reinstall / Corrupted
my os reinstall / corrupted,OS Reinstall / Corrupted
os reinstall / corrupted problem,OS Reinstall / Corrupted
os reinstall / corrupted problem,OS Reinstall / Corrupted
os reinstall / corrupted problem,OS Reinstall / Corrupted
os reinstall / corrupted problem,OS Reinstall / Corrupted
os reinstall / corrupted 360,OS Reinstall / Corrupted
os reinstall / corrupted problem,OS Reinstall / Corrupted
os reinstall / corrupted problem,OS Reinstall / Corrupted
os reinstall / corrupted problem,OS Reinstall / Corrupted
os reinstall / corrupted problem,OS Reinstall / Corrupted
my os reinstall / corrupted,OS Reinstall / Corrupted
os reinstall / corrupted problem,OS Reinstall / Corrupted
os reinstall / corrupted problem,OS Reinstall / Corrupted
os reinstall / corrupted problem,OS Reinstall / Corrupted
os reinstall / corrupted problem,OS Reinstall / Corrupted
os reinstall / corrupted 370,OS Reinstall / Corrupted
os reinstall / corrupted problem,OS Reinstall / Corrupted
os reinstall / corrupted problem,OS Reinstall / Corrupted
os reinstall / corrupted problem,OS Reinstall / Corrupted
os reinstall / corrupted problem,OS Reinstall / Corrupted
my os reinstall / corrupted,OS Reinstall / Corrupted
os reinstall / corrupted problem,OS Reinstall / Corrupted
os reinstall / corrupted problem,OS Reinstall / Corrupted
os reinstall / corrupted problem,OS Reinstall / Corrupted
os reinstall / corrupted problem,OS Reinstall / Corrupted
os reinstall / corrupted 380,OS Reinstall / Corrupted
os reinstall / corrupted problem,OS Reinstall / Corrupted
os reinstall / corrupted problem,OS Reinstall / Corrupted
os reinstall / corrupted problem,OS Reinstall / Corrupted
os reinstall / corrupted problem,OS Reinstall / Corrupted
my os reinstall / corrupted,OS Reinstall / Corrupted
os reinstall / corrupted problem,OS Reinstall / Corrupted
os reinstall / corrupted problem,OS Reinstall / Corrupted
os reinstall / corrupted problem,OS Reinstall / Corrupted
os reinstall / corrupted problem,OS Reinstall / Corrupted
os reinstall / corrupted 390,OS Reinstall / Corrupted
os reinstall / corrupted problem,OS Reinstall / Corrupted
os reinstall / corrupted problem,OS Reinstall / Corrupted
os reinstall / corrupted problem,OS Reinstall / Corrupted
os reinstall / corrupted problem,OS Reinstall / Corrupted
my os reinstall / corrupted,OS Reinstall / Corrupted
os reinstall / corrupted problem,OS Reinstall / Corrupted
os reinstall / corrupted problem,OS Reinstall / Corrupted
os reinstall / corrupted problem,OS Reinstall / Corrupted
os reinstall / corrupted problem,OS Reinstall / Corrupted
os reinstall / corrupted 400,OS Reinstall / Corrupted
os reinstall / corrupted problem,OS Reinstall / Corrupted
os reinstall / corrupted problem,OS Reinstall / Corrupted
os reinstall / corrupted problem,OS Reinstall / Corrupted
os reinstall / corrupted problem,OS Reinstall / Corrupted
my os reinstall / corrupted,OS Reinstall / Corrupted
os reinstall / corrupted problem,OS Reinstall / Corrupted
os reinstall / corrupted problem,OS Reinstall / Corrupted
os reinstall / corrupted problem,OS Reinstall / Corrupted
os reinstall / corrupted problem,OS Reinstall / Corrupted
os reinstall / corrupted 410,OS Reinstall / Corrupted
os reinstall / corrupted problem,OS Reinstall / Corrupted
os reinstall / corrupted problem,OS Reinstall / Corrupted
os reinstall / corrupted problem,OS Reinstall / Corrupted
os reinstall / corrupted problem,OS Reinstall / Corrupted
my os reinstall / corrupted,OS Reinstall / Corrupted
os reinstall / corrupted problem,OS Reinstall / Corrupted
os reinstall / corrupted problem,OS Reinstall / Corrupted
os reinstall / corrupted problem,OS Reinstall / Corrupted
os reinstall / corrupted problem,OS Reinstall / Corrupted
os reinstall / corrupted 420,OS Reinstall / Corrupted
os reinstall / corrupted problem,OS Reinstall / Corrupted
os reinstall / corrupted problem,OS Reinstall / Corrupted
os reinstall / corrupted problem,OS Reinstall / Corrupted
os reinstall / corrupted problem,OS Reinstall / Corrupted
my os reinstall / corrupted,OS Reinstall / Corrupted
os reinstall / corrupted problem,OS Reinstall / Corrupted
os reinstall / corrupted problem,OS Reinstall / Corrupted
os reinstall / corrupted problem,OS Reinstall / Corrupted
os reinstall / corrupted problem,OS Reinstall / Corrupted
os reinstall / corrupted 430,OS Reinstall / Corrupted
os reinstall / corrupted problem,OS Reinstall / Corrupted
os reinstall / corrupted problem,OS Reinstall / Corrupted
os reinstall / corrupted problem,OS Reinstall / Corrupted
os reinstall / corrupted problem,OS Reinstall / Corrupted
my os reinstall / corrupted,OS Reinstall / Corrupted
os reinstall / corrupted problem,OS Reinstall / Corrupted
os reinstall / corrupted problem,OS Reinstall / Corrupted
os reinstall / corrupted problem,OS Reinstall / Corrupted
os reinstall / corrupted problem,OS Reinstall / Corrupted
os reinstall / corrupted 440,OS Reinstall / Corrupted
os reinstall / corrupted problem,OS Reinstall / Corrupted
os reinstall / corrupted problem,OS Reinstall / Corrupted
os reinstall / corrupted problem,OS Reinstall / Corrupted
os reinstall / corrupted problem,OS Reinstall / Corrupted
my os reinstall / corrupted,OS Reinstall / Corrupted
os reinstall / corrupted problem,OS Reinstall / Corrupted
os reinstall / corrupted problem,OS Reinstall / Corrupted
os reinstall / corrupted problem,OS Reinstall / Corrupted
os reinstall / corrupted problem,OS Reinstall / Corrupted
os reinstall / corrupted 450,OS Reinstall / Corrupted
os reinstall / corrupted problem,OS Reinstall / Corrupted
os reinstall / corrupted problem,OS Reinstall / Corrupted
os reinstall / corrupted problem,OS Reinstall / Corrupted
os reinstall / corrupted problem,OS Reinstall / Corrupted
my os reinstall / corrupted,OS Reinstall / Corrupted
os reinstall / corrupted problem,OS Reinstall / Corrupted
os reinstall / corrupted problem,OS Reinstall / Corrupted
os reinstall / corrupted problem,OS Reinstall / Corrupted
os reinstall / corrupted problem,OS Reinstall / Corrupted
os reinstall / corrupted 460,OS Reinstall / Corrupted
os reinstall / corrupted problem,OS Reinstall / Corrupted
os reinstall / corrupted problem,OS Reinstall / Corrupted
os reinstall / corrupted problem,OS Reinstall / Corrupted
os reinstall / corrupted problem,OS Reinstall / Corrupted
my os reinstall / corrupted,OS Reinstall / Corrupted
os reinstall / corrupted problem,OS Reinstall / Corrupted
os reinstall / corrupted problem,OS Reinstall / Corrupted
os reinstall / corrupted problem,OS Reinstall / Corrupted
os reinstall / corrupted problem,OS Reinstall / Corrupted
os reinstall / corrupted 470,OS Reinstall / Corrupted
os reinstall / corrupted problem,OS Reinstall / Corrupted
os reinstall / corrupted problem,OS Reinstall / Corrupted
os reinstall / corrupted problem,OS Reinstall / Corrupted
os reinstall / corrupted problem,OS Reinstall / Corrupted
my os reinstall / corrupted,OS Reinstall / Corrupted
os reinstall / corrupted problem,OS Reinstall / Corrupted
os reinstall / corrupted problem,OS Reinstall / Corrupted
os reinstall / corrupted problem,OS Reinstall / Corrupted
os reinstall / corrupted problem,OS Reinstall / Corrupted
os reinstall / corrupted 480,OS Reinstall / Corrupted
os reinstall / corrupted problem,OS Reinstall / Corrupted
os reinstall / corrupted problem,OS Reinstall / Corrupted
os reinstall / corrupted problem,OS Reinstall / Corrupted
os reinstall / corrupted problem,OS Reinstall / Corrupted
my os reinstall / corrupted,OS Reinstall / Corrupted
os reinstall / corrupted problem,OS Reinstall / Corrupted
os reinstall / corrupted problem,OS Reinstall / Corrupted
os reinstall / corrupted problem,OS Reinstall / Corrupted
os reinstall / corrupted problem,OS Reinstall / Corrupted
os reinstall / corrupted 490,OS Reinstall / Corrupted
os reinstall / corrupted problem,OS Reinstall / Corrupted
os reinstall / corrupted problem,OS Reinstall / Corrupted
os reinstall / corrupted problem,OS Reinstall / Corrupted
os reinstall / corrupted problem,OS Reinstall / Corrupted
my os reinstall / corrupted,OS Reinstall / Corrupted
os reinstall / corrupted problem,OS Reinstall / Corrupted
os reinstall / corrupted problem,OS Reinstall / Corrupted
os reinstall / corrupted problem,OS Reinstall / Corrupted
os reinstall / corrupted problem,OS Reinstall / Corrupted
os reinstall / corrupted 500,OS Reinstall / Corrupted
os reinstall / corrupted problem,OS Reinstall / Corrupted
os reinstall / corrupted problem,OS Reinstall / Corrupted
os reinstall / corrupted problem,OS Reinstall / Corrupted
os reinstall / corrupted problem,OS Reinstall / Corrupted
my os reinstall / corrupted,OS Reinstall / Corrupted
os reinstall / corrupted problem,OS Reinstall / Corrupted
os reinstall / corrupted problem,OS Reinstall / Corrupted
os reinstall / corrupted problem,OS Reinstall / Corrupted
os reinstall / corrupted problem,OS Reinstall / Corrupted
os reinstall / corrupted 510,OS Reinstall / Corrupted
os reinstall / corrupted problem,OS Reinstall / Corrupted
os reinstall / corrupted problem,OS Reinstall / Corrupted
os reinstall / corrupted problem,OS Reinstall / Corrupted
os reinstall / corrupted problem,OS Reinstall / Corrupted
my os reinstall / corrupted,OS Reinstall / Corrupted
os reinstall / corrupted problem,OS Reinstall / Corrupted
os reinstall / corrupted problem,OS Reinstall / Corrupted
os reinstall / corrupted problem,OS Reinstall / Corrupted
os reinstall / corrupted problem,OS Reinstall / Corrupted
os reinstall / corrupted 520,OS Reinstall / Corrupted
os reinstall / corrupted problem,OS Reinstall / Corrupted
os reinstall / corrupted problem,OS Reinstall / Corrupted
os reinstall / corrupted problem,OS Reinstall / Corrupted
os reinstall / corrupted problem,OS Reinstall / Corrupted
my os reinstall / corrupted,OS Reinstall / Corrupted
os reinstall / corrupted problem,OS Reinstall / Corrupted
os reinstall / corrupted problem,OS Reinstall / Corrupted
os reinstall / corrupted problem,OS Reinstall / Corrupted
os reinstall / corrupted problem,OS Reinstall / Corrupted
os reinstall / corrupted 530,OS Reinstall / Corrupted
os reinstall / corrupted problem,OS Reinstall / Corrupted
os reinstall / corrupted problem,OS Reinstall / Corrupted
os reinstall / corrupted problem,OS Reinstall / Corrupted
os reinstall / corrupted problem,OS Reinstall / Corrupted
my os reinstall / corrupted,OS Reinstall / Corrupted
os reinstall / corrupted problem,OS Reinstall / Corrupted
os reinstall / corrupted problem,OS Reinstall / Corrupted
os reinstall / corrupted problem,OS Reinstall / Corrupted
os reinstall / corrupted problem,OS Reinstall / Corrupted
os reinstall / corrupted 540,OS Reinstall / Corrupted
os reinstall / corrupted problem,OS Reinstall / Corrupted
os reinstall / corrupted problem,OS Reinstall / Corrupted
os reinstall / corrupted problem,OS Reinstall / Corrupted
os reinstall / corrupted problem,OS Reinstall / Corrupted
my os reinstall / corrupted,OS Reinstall / Corrupted
os reinstall / corrupted problem,OS Reinstall / Corrupted
os reinstall / corrupted problem,OS Reinstall / Corrupted
os reinstall / corrupted problem,OS Reinstall / Corrupted
os reinstall / corrupted problem,OS Reinstall / Corrupted
os reinstall / corrupted 550,OS Reinstall / Corrupted
os reinstall / corrupted problem,OS Reinstall / Corrupted
os reinstall / corrupted problem,OS Reinstall / Corrupted
os reinstall / corrupted problem,OS Reinstall / Corrupted
os reinstall / corrupted problem,OS Reinstall / Corrupted
my os reinstall / corrupted,OS Reinstall / Corrupted
os reinstall / corrupted problem,OS Reinstall / Corrupted
os reinstall / corrupted problem,OS Reinstall / Corrupted
os reinstall / corrupted problem,OS Reinstall / Corrupted
os reinstall / corrupted problem,OS Reinstall / Corrupted
os reinstall / corrupted 560,OS Reinstall / Corrupted
os reinstall / corrupted problem,OS Reinstall / Corrupted
os reinstall / corrupted problem,OS Reinstall / Corrupted
os reinstall / corrupted problem,OS Reinstall / Corrupted
os reinstall / corrupted problem,OS Reinstall / Corrupted
my os reinstall / corrupted,OS Reinstall / Corrupted
os reinstall / corrupted problem,OS Reinstall / Corrupted
os reinstall / corrupted problem,OS Reinstall / Corrupted
os reinstall / corrupted problem,OS Reinstall / Corrupted
os reinstall / corrupted problem,OS Reinstall / Corrupted
os reinstall / corrupted 570,OS Reinstall / Corrupted
os reinstall / corrupted problem,OS Reinstall / Corrupted
os reinstall / corrupted problem,OS Reinstall / Corrupted
os reinstall / corrupted problem,OS Reinstall / Corrupted
os reinstall / corrupted problem,OS Reinstall / Corrupted
my os reinstall / corrupted,OS Reinstall / Corrupted
os reinstall / corrupted problem,OS Reinstall / Corrupted
os reinstall / corrupted problem,OS Reinstall / Corrupted
os reinstall / corrupted problem,OS Reinstall / Corrupted
os reinstall / corrupted problem,OS Reinstall / Corrupted
os reinstall / corrupted 580,OS Reinstall / Corrupted
os reinstall / corrupted problem,OS Reinstall / Corrupted
os reinstall / corrupted problem,OS Reinstall / Corrupted
os reinstall / corrupted problem,OS Reinstall / Corrupted
os reinstall / corrupted problem,OS Reinstall / Corrupted
my os reinstall / corrupted,OS Reinstall / Corrupted
os reinstall / corrupted problem,OS Reinstall / Corrupted
os reinstall / corrupted problem,OS Reinstall / Corrupted
os reinstall / corrupted problem,OS Reinstall / Corrupted
os reinstall / corrupted problem,OS Reinstall / Corrupted
os reinstall / corrupted 590,OS Reinstall / Corrupted
os reinstall / corrupted problem,OS Reinstall / Corrupted
os reinstall / corrupted problem,OS Reinstall / Corrupted
os reinstall / corrupted problem,OS Reinstall / Corrupted
os reinstall / corrupted problem,OS Reinstall / Corrupted
my os reinstall / corrupted,OS Reinstall / Corrupted
os reinstall / corrupted problem,OS Reinstall / Corrupted
os reinstall / corrupted problem,OS Reinstall / Corrupted
os reinstall / corrupted problem,OS Reinstall / Corrupted
os reinstall / corrupted problem,OS Reinstall / Corrupted
os reinstall / corrupted 600,OS Reinstall / Corrupted
os reinstall / corrupted problem,OS Reinstall / Corrupted
os reinstall / corrupted problem,OS Reinstall / Corrupted
os reinstall / corrupted problem,OS Reinstall / Corrupted
os reinstall / corrupted problem,OS Reinstall / Corrupted
my os reinstall / corrupted,OS Reinstall / Corrupted
os reinstall / corrupted problem,OS Reinstall / Corrupted
os reinstall / corrupted problem,OS Reinstall / Corrupted
os reinstall / corrupted problem,OS Reinstall / Corrupted
os reinstall / corrupted problem,OS Reinstall / Corrupted
os reinstall / corrupted 610,OS Reinstall / Corrupted
os reinstall / corrupted problem,OS Reinstall / Corrupted
os reinstall / corrupted problem,OS Reinstall / Corrupted
os reinstall / corrupted problem,OS Reinstall / Corrupted
os reinstall / corrupted problem,OS Reinstall / Corrupted
my os reinstall / corrupted,OS Reinstall / Corrupted
os reinstall / corrupted problem,OS Reinstall / Corrupted
os reinstall / corrupted problem,OS Reinstall / Corrupted
os reinstall / corrupted problem,OS Reinstall / Corrupted
os reinstall / corrupted problem,OS Reinstall / Corrupted
os reinstall / corrupted 620,OS Reinstall / Corrupted
os reinstall / corrupted problem,OS Reinstall / Corrupted
os reinstall / corrupted problem,OS Reinstall / Corrupted
os reinstall / corrupted problem,OS Reinstall / Corrupted
os reinstall / corrupted problem,OS Reinstall / Corrupted
my os reinstall / corrupted,OS Reinstall / Corrupted
os reinstall / corrupted problem,OS Reinstall / Corrupted
os reinstall / corrupted problem,OS Reinstall / Corrupted
os reinstall / corrupted problem,OS Reinstall / Corrupted
os reinstall / corrupted problem,OS Reinstall / Corrupted
os reinstall / corrupted 630,OS Reinstall / Corrupted
os reinstall / corrupted problem,OS Reinstall / Corrupted
os reinstall / corrupted problem,OS Reinstall / Corrupted
os reinstall / corrupted problem,OS Reinstall / Corrupted
os reinstall / corrupted problem,OS Reinstall / Corrupted
my os reinstall / corrupted,OS Reinstall / Corrupted
os reinstall / corrupted problem,OS Reinstall / Corrupted
os reinstall / corrupted problem,OS Reinstall / Corrupted
os reinstall / corrupted problem,OS Reinstall / Corrupted
os reinstall / corrupted problem,OS Reinstall / Corrupted
os reinstall / corrupted 640,OS Reinstall / Corrupted
os reinstall / corrupted problem,OS Reinstall / Corrupted
os reinstall / corrupted problem,OS Reinstall / Corrupted
os reinstall / corrupted problem,OS Reinstall / Corrupted
os reinstall / corrupted problem,OS Reinstall / Corrupted
my os reinstall / corrupted,OS Reinstall / Corrupted
os reinstall / corrupted problem,OS Reinstall / Corrupted
os reinstall / corrupted problem,OS Reinstall / Corrupted
os reinstall / corrupted problem,OS Reinstall / Corrupted
os reinstall / corrupted problem,OS Reinstall / Corrupted
os reinstall / corrupted 650,OS Reinstall / Corrupted
os reinstall / corrupted problem,OS Reinstall / Corrupted
os reinstall / corrupted problem,OS Reinstall / Corrupted
os reinstall / corrupted problem,OS Reinstall / Corrupted
os reinstall / corrupted problem,OS Reinstall / Corrupted
my os reinstall / corrupted,OS Reinstall / Corrupted
os reinstall / corrupted problem,OS Reinstall / Corrupted
os reinstall / corrupted problem,OS Reinstall / Corrupted
os reinstall / corrupted problem,OS Reinstall / Corrupted
os reinstall / corrupted problem,OS Reinstall / Corrupted
os reinstall / corrupted 660,OS Reinstall / Corrupted
os reinstall / corrupted problem,OS Reinstall / Corrupted
os reinstall / corrupted problem,OS Reinstall / Corrupted
os reinstall / corrupted problem,OS Reinstall / Corrupted
os reinstall / corrupted problem,OS Reinstall / Corrupted
my os reinstall / corrupted,OS Reinstall / Corrupted
os reinstall / corrupted problem,OS Reinstall / Corrupted
os reinstall / corrupted problem,OS Reinstall / Corrupted
os reinstall / corrupted problem,OS Reinstall / Corrupted
os reinstall / corrupted problem,OS Reinstall / Corrupted
os reinstall / corrupted 670,OS Reinstall / Corrupted
os reinstall / corrupted problem,OS Reinstall / Corrupted
os reinstall / corrupted problem,OS Reinstall / Corrupted
os reinstall / corrupted problem,OS Reinstall / Corrupted
os reinstall / corrupted problem,OS Reinstall / Corrupted
my os reinstall / corrupted,OS Reinstall / Corrupted
os reinstall / corrupted problem,OS Reinstall / Corrupted
os reinstall / corrupted problem,OS Reinstall / Corrupted
os reinstall / corrupted problem,OS Reinstall / Corrupted
os reinstall / corrupted problem,OS Reinstall / Corrupted
os reinstall / corrupted 680,OS Reinstall / Corrupted
os reinstall / corrupted problem,OS Reinstall / Corrupted
os reinstall / corrupted problem,OS Reinstall / Corrupted
os reinstall / corrupted problem,OS Reinstall / Corrupted
os reinstall / corrupted problem,OS Reinstall / Corrupted
my os reinstall / corrupted,OS Reinstall / Corrupted
os reinstall / corrupted problem,OS Reinstall / Corrupted
os reinstall / corrupted problem,OS Reinstall / Corrupted
os reinstall / corrupted problem,OS Reinstall / Corrupted
os reinstall / corrupted problem,OS Reinstall / Corrupted
os reinstall / corrupted 690,OS Reinstall / Corrupted
os reinstall / corrupted problem,OS Reinstall / Corrupted
os reinstall / corrupted problem,OS Reinstall / Corrupted
os reinstall / corrupted problem,OS Reinstall / Corrupted
os reinstall / corrupted problem,OS Reinstall / Corrupted
my os reinstall / corrupted,OS Reinstall / Corrupted
os reinstall / corrupted problem,OS Reinstall / Corrupted
os reinstall / corrupted problem,OS Reinstall / Corrupted
os reinstall / corrupted problem,OS Reinstall / Corrupted
os reinstall / corrupted problem,OS Reinstall / Corrupted
os reinstall / corrupted 700,OS Reinstall / Corrupted
os reinstall / corrupted problem,OS Reinstall / Corrupted
os reinstall / corrupted problem,OS Reinstall / Corrupted
os reinstall / corrupted problem,OS Reinstall / Corrupted
os reinstall / corrupted problem,OS Reinstall / Corrupted
my os reinstall / corrupted,OS Reinstall / Corrupted
os reinstall / corrupted problem,OS Reinstall / Corrupted
os reinstall / corrupted problem,OS Reinstall / Corrupted
os reinstall / corrupted problem,OS Reinstall / Corrupted
os reinstall / corrupted problem,OS Reinstall / Corrupted
os reinstall / corrupted 710,OS Reinstall / Corrupted
os reinstall / corrupted problem,OS Reinstall / Corrupted
os reinstall / corrupted problem,OS Reinstall / Corrupted
os reinstall / corrupted problem,OS Reinstall / Corrupted
os reinstall / corrupted problem,OS Reinstall / Corrupted
my os reinstall / corrupted,OS Reinstall / Corrupted
os reinstall / corrupted problem,OS Reinstall / Corrupted
os reinstall / corrupted problem,OS Reinstall / Corrupted
os reinstall / corrupted problem,OS Reinstall / Corrupted
os reinstall / corrupted problem,OS Reinstall / Corrupted
os reinstall / corrupted 720,OS Reinstall / Corrupted
os reinstall / corrupted problem,OS Reinstall / Corrupted
os reinstall / corrupted problem,OS Reinstall / Corrupted
os reinstall / corrupted problem,OS Reinstall / Corrupted
os reinstall / corrupted problem,OS Reinstall / Corrupted
my os reinstall / corrupted,OS Reinstall / Corrupted
os reinstall / corrupted problem,OS Reinstall / Corrupted
os reinstall / corrupted problem,OS Reinstall / Corrupted
os reinstall / corrupted problem,OS Reinstall / Corrupted
os reinstall / corrupted problem,OS Reinstall / Corrupted
os reinstall / corrupted 730,OS Reinstall / Corrupted
os reinstall / corrupted problem,OS Reinstall / Corrupted
os reinstall / corrupted problem,OS Reinstall / Corrupted
os reinstall / corrupted problem,OS Reinstall / Corrupted
os reinstall / corrupted problem,OS Reinstall / Corrupted
my os reinstall / corrupted,OS Reinstall / Corrupted
os reinstall / corrupted problem,OS Reinstall / Corrupted
os reinstall / corrupted problem,OS Reinstall / Corrupted
os reinstall / corrupted problem,OS Reinstall / Corrupted
os reinstall / corrupted problem,OS Reinstall / Corrupted
os reinstall / corrupted 740,OS Reinstall / Corrupted
os reinstall / corrupted problem,OS Reinstall / Corrupted
os reinstall / corrupted problem,OS Reinstall / Corrupted
os reinstall / corrupted problem,OS Reinstall / Corrupted
os reinstall / corrupted problem,OS Reinstall / Corrupted
my os reinstall / corrupted,OS Reinstall / Corrupted
os reinstall / corrupted problem,OS Reinstall / Corrupted
os reinstall / corrupted problem,OS Reinstall / Corrupted
os reinstall / corrupted problem,OS Reinstall / Corrupted
os reinstall / corrupted problem,OS Reinstall / Corrupted
os reinstall / corrupted 750,OS Reinstall / Corrupted
os reinstall / corrupted problem,OS Reinstall / Corrupted
os reinstall / corrupted problem,OS Reinstall / Corrupted
os reinstall / corrupted problem,OS Reinstall / Corrupted
os reinstall / corrupted problem,OS Reinstall / Corrupted
my os reinstall / corrupted,OS Reinstall / Corrupted
os reinstall / corrupted problem,OS Reinstall / Corrupted
os reinstall / corrupted problem,OS Reinstall / Corrupted
os reinstall / corrupted problem,OS Reinstall / Corrupted
os reinstall / corrupted problem,OS Reinstall / Corrupted
os reinstall / corrupted 760,OS Reinstall / Corrupted
os reinstall / corrupted problem,OS Reinstall / Corrupted
os reinstall / corrupted problem,OS Reinstall / Corrupted
os reinstall / corrupted problem,OS Reinstall / Corrupted
os reinstall / corrupted problem,OS Reinstall / Corrupted
my os reinstall / corrupted,OS Reinstall / Corrupted
os reinstall / corrupted problem,OS Reinstall / Corrupted
os reinstall / corrupted problem,OS Reinstall / Corrupted
os reinstall / corrupted problem,OS Reinstall / Corrupted
os reinstall / corrupted problem,OS Reinstall / Corrupted
os reinstall / corrupted 770,OS Reinstall / Corrupted
os reinstall / corrupted problem,OS Reinstall / Corrupted
os reinstall / corrupted problem,OS Reinstall / Corrupted
os reinstall / corrupted problem,OS Reinstall / Corrupted
os reinstall / corrupted problem,OS Reinstall / Corrupted
my os reinstall / corrupted,OS Reinstall / Corrupted
os reinstall / corrupted problem,OS Reinstall / Corrupted
os reinstall / corrupted problem,OS Reinstall / Corrupted
os reinstall / corrupted problem,OS Reinstall / Corrupted
os reinstall / corrupted problem,OS Reinstall / Corrupted
os reinstall / corrupted 780,OS Reinstall / Corrupted
os reinstall / corrupted problem,OS Reinstall / Corrupted
os reinstall / corrupted problem,OS Reinstall / Corrupted
os reinstall / corrupted problem,OS Reinstall / Corrupted
os reinstall / corrupted problem,OS Reinstall / Corrupted
my os reinstall / corrupted,OS Reinstall / Corrupted
os reinstall / corrupted problem,OS Reinstall / Corrupted
os reinstall / corrupted problem,OS Reinstall / Corrupted
os reinstall / corrupted problem,OS Reinstall / Corrupted
os reinstall / corrupted problem,OS Reinstall / Corrupted
os reinstall / corrupted 790,OS Reinstall / Corrupted
os reinstall / corrupted problem,OS Reinstall / Corrupted
os reinstall / corrupted problem,OS Reinstall / Corrupted
os reinstall / corrupted problem,OS Reinstall / Corrupted
os reinstall / corrupted problem,OS Reinstall / Corrupted
my os reinstall / corrupted,OS Reinstall / Corrupted
os reinstall / corrupted problem,OS Reinstall / Corrupted
os reinstall / corrupted problem,OS Reinstall / Corrupted
os reinstall / corrupted problem,OS Reinstall / Corrupted
os reinstall / corrupted problem,OS Reinstall / Corrupted
os reinstall / corrupted 800,OS Reinstall / Corrupted
os reinstall / corrupted problem,OS Reinstall / Corrupted
os reinstall / corrupted problem,OS Reinstall / Corrupted
os reinstall / corrupted problem,OS Reinstall / Corrupted
os reinstall / corrupted problem,OS Reinstall / Corrupted
my os reinstall / corrupted,OS Reinstall / Corrupted
os reinstall / corrupted problem,OS Reinstall / Corrupted
os reinstall / corrupted problem,OS Reinstall / Corrupted
os reinstall / corrupted problem,OS Reinstall / Corrupted
os reinstall / corrupted problem,OS Reinstall / Corrupted
os reinstall / corrupted 810,OS Reinstall / Corrupted
os reinstall / corrupted problem,OS Reinstall / Corrupted
os reinstall / corrupted problem,OS Reinstall / Corrupted
os reinstall / corrupted problem,OS Reinstall / Corrupted
os reinstall / corrupted problem,OS Reinstall / Corrupted
my os reinstall / corrupted,OS Reinstall / Corrupted
os reinstall / corrupted problem,OS Reinstall / Corrupted
os reinstall / corrupted problem,OS Reinstall / Corrupted
os reinstall / corrupted problem,OS Reinstall / Corrupted
os reinstall / corrupted problem,OS Reinstall / Corrupted
os reinstall / corrupted 820,OS Reinstall / Corrupted
os reinstall / corrupted problem,OS Reinstall / Corrupted
os reinstall / corrupted problem,OS Reinstall / Corrupted
os reinstall / corrupted problem,OS Reinstall / Corrupted
os reinstall / corrupted problem,OS Reinstall / Corrupted
my os reinstall / corrupted,OS Reinstall / Corrupted
os reinstall / corrupted problem,OS Reinstall / Corrupted
os reinstall / corrupted problem,OS Reinstall / Corrupted
os reinstall / corrupted problem,OS Reinstall / Corrupted
os reinstall / corrupted problem,OS Reinstall / Corrupted
os reinstall / corrupted 830,OS Reinstall / Corrupted
os reinstall / corrupted problem,OS Reinstall / Corrupted
os reinstall / corrupted problem,OS Reinstall / Corrupted
os reinstall / corrupted problem,OS Reinstall / Corrupted
os reinstall / corrupted problem,OS Reinstall / Corrupted
my os reinstall / corrupted,OS Reinstall / Corrupted
os reinstall / corrupted problem,OS Reinstall / Corrupted
os reinstall / corrupted problem,OS Reinstall / Corrupted
os reinstall / corrupted problem,OS Reinstall / Corrupted
os reinstall / corrupted problem,OS Reinstall / Corrupted
os reinstall / corrupted 840,OS Reinstall / Corrupted
os reinstall / corrupted problem,OS Reinstall / Corrupted
os reinstall / corrupted problem,OS Reinstall / Corrupted
os reinstall / corrupted problem,OS Reinstall / Corrupted
os reinstall / corrupted problem,OS Reinstall / Corrupted
my os reinstall / corrupted,OS Reinstall / Corrupted
os reinstall / corrupted problem,OS Reinstall / Corrupted
os reinstall / corrupted problem,OS Reinstall / Corrupted
os reinstall / corrupted problem,OS Reinstall / Corrupted
os reinstall / corrupted problem,OS Reinstall / Corrupted
os reinstall / corrupted 850,OS Reinstall / Corrupted
os reinstall / corrupted problem,OS Reinstall / Corrupted
os reinstall / corrupted problem,OS Reinstall / Corrupted
os reinstall / corrupted problem,OS Reinstall / Corrupted
os reinstall / corrupted problem,OS Reinstall / Corrupted
my os reinstall / corrupted,OS Reinstall / Corrupted
os reinstall / corrupted problem,OS Reinstall / Corrupted
os reinstall / corrupted problem,OS Reinstall / Corrupted
os reinstall / corrupted problem,OS Reinstall / Corrupted
os reinstall / corrupted problem,OS Reinstall / Corrupted
os reinstall / corrupted 860,OS Reinstall / Corrupted
os reinstall / corrupted problem,OS Reinstall / Corrupted
os reinstall / corrupted problem,OS Reinstall / Corrupted
os reinstall / corrupted problem,OS Reinstall / Corrupted
os reinstall / corrupted problem,OS Reinstall / Corrupted
my os reinstall / corrupted,OS Reinstall / Corrupted
os reinstall / corrupted problem,OS Reinstall / Corrupted
os reinstall / corrupted problem,OS Reinstall / Corrupted
os reinstall / corrupted problem,OS Reinstall / Corrupted
os reinstall / corrupted problem,OS Reinstall / Corrupted
os reinstall / corrupted 870,OS Reinstall / Corrupted
os reinstall / corrupted problem,OS Reinstall / Corrupted
os reinstall / corrupted problem,OS Reinstall / Corrupted
os reinstall / corrupted problem,OS Reinstall / Corrupted
os reinstall / corrupted problem,OS Reinstall / Corrupted
my os reinstall / corrupted,OS Reinstall / Corrupted
os reinstall / corrupted problem,OS Reinstall / Corrupted
os reinstall / corrupted problem,OS Reinstall / Corrupted
os reinstall / corrupted problem,OS Reinstall / Corrupted
os reinstall / corrupted problem,OS Reinstall / Corrupted
os reinstall / corrupted 880,OS Reinstall / Corrupted
os reinstall / corrupted problem,OS Reinstall / Corrupted
os reinstall / corrupted problem,OS Reinstall / Corrupted
os reinstall / corrupted problem,OS Reinstall / Corrupted
os reinstall / corrupted problem,OS Reinstall / Corrupted
my os reinstall / corrupted,OS Reinstall / Corrupted
os reinstall / corrupted problem,OS Reinstall / Corrupted
os reinstall / corrupted problem,OS Reinstall / Corrupted
os reinstall / corrupted problem,OS Reinstall / Corrupted
os reinstall / corrupted problem,OS Reinstall / Corrupted
os reinstall / corrupted 890,OS Reinstall / Corrupted
os reinstall / corrupted problem,OS Reinstall / Corrupted
os reinstall / corrupted problem,OS Reinstall / Corrupted
os reinstall / corrupted problem,OS Reinstall / Corrupted
os reinstall / corrupted problem,OS Reinstall / Corrupted
my os reinstall / corrupted,OS Reinstall / Corrupted
os reinstall / corrupted problem,OS Reinstall / Corrupted
os reinstall / corrupted problem,OS Reinstall / Corrupted
os reinstall / corrupted problem,OS Reinstall / Corrupted
os reinstall / corrupted problem,OS Reinstall / Corrupted
os reinstall / corrupted 900,OS Reinstall / Corrupted
os reinstall / corrupted problem,OS Reinstall / Corrupted
os reinstall / corrupted problem,OS Reinstall / Corrupted
os reinstall / corrupted problem,OS Reinstall / Corrupted
os reinstall / corrupted problem,OS Reinstall / Corrupted
my os reinstall / corrupted,OS Reinstall / Corrupted
os reinstall / corrupted problem,OS Reinstall / Corrupted
os reinstall / corrupted problem,OS Reinstall / Corrupted
os reinstall / corrupted problem,OS Reinstall / Corrupted
os reinstall / corrupted problem,OS Reinstall / Corrupted
os reinstall / corrupted 910,OS Reinstall / Corrupted
os reinstall / corrupted problem,OS Reinstall / Corrupted
os reinstall / corrupted problem,OS Reinstall / Corrupted
os reinstall / corrupted problem,OS Reinstall / Corrupted
os reinstall / corrupted problem,OS Reinstall / Corrupted
my os reinstall / corrupted,OS Reinstall / Corrupted
os reinstall / corrupted problem,OS Reinstall / Corrupted
os reinstall / corrupted problem,OS Reinstall / Corrupted
os reinstall / corrupted problem,OS Reinstall / Corrupted
os reinstall / corrupted problem,OS Reinstall / Corrupted
os reinstall / corrupted 920,OS Reinstall / Corrupted
os reinstall / corrupted problem,OS Reinstall / Corrupted
os reinstall / corrupted problem,OS Reinstall / Corrupted
os reinstall / corrupted problem,OS Reinstall / Corrupted
os reinstall / corrupted problem,OS Reinstall / Corrupted
my os reinstall / corrupted,OS Reinstall / Corrupted
os reinstall / corrupted problem,OS Reinstall / Corrupted
os reinstall / corrupted problem,OS Reinstall / Corrupted
os reinstall / corrupted problem,OS Reinstall / Corrupted
os reinstall / corrupted problem,OS Reinstall / Corrupted
os reinstall / corrupted 930,OS Reinstall / Corrupted
os reinstall / corrupted problem,OS Reinstall / Corrupted
os reinstall / corrupted problem,OS Reinstall / Corrupted
os reinstall / corrupted problem,OS Reinstall / Corrupted
os reinstall / corrupted problem,OS Reinstall / Corrupted
my os reinstall / corrupted,OS Reinstall / Corrupted
os reinstall / corrupted problem,OS Reinstall / Corrupted
os reinstall / corrupted problem,OS Reinstall / Corrupted
os reinstall / corrupted problem,OS Reinstall / Corrupted
os reinstall / corrupted problem,OS Reinstall / Corrupted
os reinstall / corrupted 940,OS Reinstall / Corrupted
os reinstall / corrupted problem,OS Reinstall / Corrupted
os reinstall / corrupted problem,OS Reinstall / Corrupted
os reinstall / corrupted problem,OS Reinstall / Corrupted
os reinstall / corrupted problem,OS Reinstall / Corrupted
my os reinstall / corrupted,OS Reinstall / Corrupted
os reinstall / corrupted problem,OS Reinstall / Corrupted
os reinstall / corrupted problem,OS Reinstall / Corrupted
os reinstall / corrupted problem,OS Reinstall / Corrupted
os reinstall / corrupted problem,OS Reinstall / Corrupted
os reinstall / corrupted 950,OS Reinstall / Corrupted
os reinstall / corrupted problem,OS Reinstall / Corrupted
os reinstall / corrupted problem,OS Reinstall / Corrupted
os reinstall / corrupted problem,OS Reinstall / Corrupted
os reinstall / corrupted problem,OS Reinstall / Corrupted
my os reinstall / corrupted,OS Reinstall / Corrupted
os reinstall / corrupted problem,OS Reinstall / Corrupted
os reinstall / corrupted problem,OS Reinstall / Corrupted
os reinstall / corrupted problem,OS Reinstall / Corrupted
os reinstall / corrupted problem,OS Reinstall / Corrupted
os reinstall / corrupted 960,OS Reinstall / Corrupted
os reinstall / corrupted problem,OS Reinstall / Corrupted
os reinstall / corrupted problem,OS Reinstall / Corrupted
os reinstall / corrupted problem,OS Reinstall / Corrupted
os reinstall / corrupted problem,OS Reinstall / Corrupted
my os reinstall / corrupted,OS Reinstall / Corrupted
os reinstall / corrupted problem,OS Reinstall / Corrupted
os reinstall / corrupted problem,OS Reinstall / Corrupted
os reinstall / corrupted problem,OS Reinstall / Corrupted
os reinstall / corrupted problem,OS Reinstall / Corrupted
os reinstall / corrupted 970,OS Reinstall / Corrupted
os reinstall / corrupted problem,OS Reinstall / Corrupted
os reinstall / corrupted problem,OS Reinstall / Corrupted
os reinstall / corrupted problem,OS Reinstall / Corrupted
os reinstall / corrupted problem,OS Reinstall / Corrupted
my os reinstall / corrupted,OS Reinstall / Corrupted
os reinstall / corrupted problem,OS Reinstall / Corrupted
os reinstall / corrupted problem,OS Reinstall / Corrupted
os reinstall / corrupted problem,OS Reinstall / Corrupted
os reinstall / corrupted problem,OS Reinstall / Corrupted
os reinstall / corrupted 980,OS Reinstall / Corrupted
os reinstall / corrupted problem,OS Reinstall / Corrupted
os reinstall / corrupted problem,OS Reinstall / Corrupted
os reinstall / corrupted problem,OS Reinstall / Corrupted
os reinstall / corrupted problem,OS Reinstall / Corrupted
my os reinstall / corrupted,OS Reinstall / Corrupted
os reinstall / corrupted problem,OS Reinstall / Corrupted
os reinstall / corrupted problem,OS Reinstall / Corrupted
os reinstall / corrupted problem,OS Reinstall / Corrupted
os reinstall / corrupted problem,OS Reinstall / Corrupted
os reinstall / corrupted 990,OS Reinstall / Corrupted
os reinstall / corrupted problem,OS Reinstall / Corrupted
os reinstall / corrupted problem,OS Reinstall / Corrupted
os reinstall / corrupted problem,OS Reinstall / Corrupted
os reinstall / corrupted problem,OS Reinstall / Corrupted
my os reinstall / corrupted,OS Reinstall / Corrupted
os reinstall / corrupted problem,OS Reinstall / Corrupted
os reinstall / corrupted problem,OS Reinstall / Corrupted
os reinstall / corrupted problem,OS Reinstall / Corrupted
os reinstall / corrupted problem,OS Reinstall / Corrupted
os reinstall / corrupted 1000,OS Reinstall / Corrupted
os reinstall / corrupted problem,OS Reinstall / Corrupted
os reinstall / corrupted problem,OS Reinstall / Corrupted
os reinstall / corrupted problem,OS Reinstall / Corrupted
os reinstall / corrupted problem,OS Reinstall / Corrupted
my os reinstall / corrupted,OS Reinstall / Corrupted
os reinstall / corrupted problem,OS Reinstall / Corrupted
os reinstall / corrupted problem,OS Reinstall / Corrupted
os reinstall / corrupted problem,OS Reinstall / Corrupted
os reinstall / corrupted problem,OS Reinstall / Corrupted
os reinstall / corrupted 1010,OS Reinstall / Corrupted
os reinstall / corrupted problem,OS Reinstall / Corrupted
os reinstall / corrupted problem,OS Reinstall / Corrupted
os reinstall / corrupted problem,OS Reinstall / Corrupted
os reinstall / corrupted problem,OS Reinstall / Corrupted
my os reinstall / corrupted,OS Reinstall / Corrupted
os reinstall / corrupted problem,OS Reinstall / Corrupted
os reinstall / corrupted problem,OS Reinstall / Corrupted
os reinstall / corrupted problem,OS Reinstall / Corrupted
os reinstall / corrupted problem,OS Reinstall / Corrupted
os reinstall / corrupted 1020,OS Reinstall / Corrupted
os reinstall / corrupted problem,OS Reinstall / Corrupted
os reinstall / corrupted problem,OS Reinstall / Corrupted
os reinstall / corrupted problem,OS Reinstall / Corrupted
os reinstall / corrupted problem,OS Reinstall / Corrupted
my os reinstall / corrupted,OS Reinstall / Corrupted
os reinstall / corrupted problem,OS Reinstall / Corrupted
os reinstall / corrupted problem,OS Reinstall / Corrupted
os reinstall / corrupted problem,OS Reinstall / Corrupted
os reinstall / corrupted problem,OS Reinstall / Corrupted
os reinstall / corrupted 1030,OS Reinstall / Corrupted
os reinstall / corrupted problem,OS Reinstall / Corrupted
os reinstall / corrupted problem,OS Reinstall / Corrupted
os reinstall / corrupted problem,OS Reinstall / Corrupted
os reinstall / corrupted problem,OS Reinstall / Corrupted
my os reinstall / corrupted,OS Reinstall / Corrupted
os reinstall / corrupted problem,OS Reinstall / Corrupted
os reinstall / corrupted problem,OS Reinstall / Corrupted
os reinstall / corrupted problem,OS Reinstall / Corrupted
os reinstall / corrupted problem,OS Reinstall / Corrupted
os reinstall / corrupted 1040,OS Reinstall / Corrupted
os reinstall / corrupted problem,OS Reinstall / Corrupted
os reinstall / corrupted problem,OS Reinstall / Corrupted
os reinstall / corrupted problem,OS Reinstall / Corrupted
os reinstall / corrupted problem,OS Reinstall / Corrupted
my os reinstall / corrupted,OS Reinstall / Corrupted
os reinstall / corrupted problem,OS Reinstall / Corrupted
os reinstall / corrupted problem,OS Reinstall / Corrupted
os reinstall / corrupted problem,OS Reinstall / Corrupted
os reinstall / corrupted problem,OS Reinstall / Corrupted
os reinstall / corrupted 1050,OS Reinstall / Corrupted
os reinstall / corrupted problem,OS Reinstall / Corrupted
os reinstall / corrupted problem,OS Reinstall / Corrupted
os reinstall / corrupted problem,OS Reinstall / Corrupted
os reinstall / corrupted problem,OS Reinstall / Corrupted
my os reinstall / corrupted,OS Reinstall / Corrupted
os reinstall / corrupted problem,OS Reinstall / Corrupted
os reinstall / corrupted problem,OS Reinstall / Corrupted
os reinstall / corrupted problem,OS Reinstall / Corrupted
os reinstall / corrupted problem,OS Reinstall / Corrupted
os reinstall / corrupted 1060,OS Reinstall / Corrupted
os reinstall / corrupted problem,OS Reinstall / Corrupted
os reinstall / corrupted problem,OS Reinstall / Corrupted
os reinstall / corrupted problem,OS Reinstall / Corrupted
os reinstall / corrupted problem,OS Reinstall / Corrupted
my os reinstall / corrupted,OS Reinstall / Corrupted
os reinstall / corrupted problem,OS Reinstall / Corrupted
os reinstall / corrupted problem,OS Reinstall / Corrupted
os reinstall / corrupted problem,OS Reinstall / Corrupted
os reinstall / corrupted problem,OS Reinstall / Corrupted
os reinstall / corrupted 1070,OS Reinstall / Corrupted
os reinstall / corrupted problem,OS Reinstall / Corrupted
os reinstall / corrupted problem,OS Reinstall / Corrupted
os reinstall / corrupted problem,OS Reinstall / Corrupted
os reinstall / corrupted problem,OS Reinstall / Corrupted
my os reinstall / corrupted,OS Reinstall / Corrupted
os reinstall / corrupted problem,OS Reinstall / Corrupted
os reinstall / corrupted problem,OS Reinstall / Corrupted
os reinstall / corrupted problem,OS Reinstall / Corrupted
os reinstall / corrupted problem,OS Reinstall / Corrupted
os reinstall / corrupted 1080,OS Reinstall / Corrupted
os reinstall / corrupted problem,OS Reinstall / Corrupted
os reinstall / corrupted problem,OS Reinstall / Corrupted
os reinstall / corrupted problem,OS Reinstall / Corrupted
os reinstall / corrupted problem,OS Reinstall / Corrupted
my os reinstall / corrupted,OS Reinstall / Corrupted
os reinstall / corrupted problem,OS Reinstall / Corrupted
os reinstall / corrupted problem,OS Reinstall / Corrupted
os reinstall / corrupted problem,OS Reinstall / Corrupted
os reinstall / corrupted problem,OS Reinstall / Corrupted
os reinstall / corrupted 1090,OS Reinstall / Corrupted
os reinstall / corrupted problem,OS Reinstall / Corrupted
os reinstall / corrupted problem,OS Reinstall / Corrupted
os reinstall / corrupted problem,OS Reinstall / Corrupted
os reinstall / corrupted problem,OS Reinstall / Corrupted
my os reinstall / corrupted,OS Reinstall / Corrupted
os reinstall / corrupted problem,OS Reinstall / Corrupted
os reinstall / corrupted problem,OS Reinstall / Corrupted
os reinstall / corrupted problem,OS Reinstall / Corrupted
os reinstall / corrupted problem,OS Reinstall / Corrupted
os reinstall / corrupted 1100,OS Reinstall / Corrupted
os reinstall / corrupted problem,OS Reinstall / Corrupted
os reinstall / corrupted problem,OS Reinstall / Corrupted
os reinstall / corrupted problem,OS Reinstall / Corrupted
os reinstall / corrupted problem,OS Reinstall / Corrupted
my os reinstall / corrupted,OS Reinstall / Corrupted
os reinstall / corrupted problem,OS Reinstall / Corrupted
os reinstall / corrupted problem,OS Reinstall / Corrupted
os reinstall / corrupted problem,OS Reinstall / Corrupted
os reinstall / corrupted problem,OS Reinstall / Corrupted
bios issue,BIOS Issue
bios issue 0,BIOS Issue
bios issue problem,BIOS Issue
bios issue problem,BIOS Issue
bios issue problem,BIOS Issue
bios issue problem,BIOS Issue
my bios issue,BIOS Issue
bios issue problem,BIOS Issue
bios issue problem,BIOS Issue
bios issue problem,BIOS Issue
bios issue problem,BIOS Issue
bios issue 10,BIOS Issue
bios issue problem,BIOS Issue
bios issue problem,BIOS Issue
bios issue problem,BIOS Issue
bios issue problem,BIOS Issue
my bios issue,BIOS Issue
bios issue problem,BIOS Issue
bios issue problem,BIOS Issue
bios issue problem,BIOS Issue
bios issue problem,BIOS Issue
bios issue 20,BIOS Issue
bios issue problem,BIOS Issue
bios issue problem,BIOS Issue
bios issue problem,BIOS Issue
bios issue problem,BIOS Issue
my bios issue,BIOS Issue
bios issue problem,BIOS Issue
bios issue problem,BIOS Issue
bios issue problem,BIOS Issue
bios issue problem,BIOS Issue
bios issue 30,BIOS Issue
bios issue problem,BIOS Issue
bios issue problem,BIOS Issue
bios issue problem,BIOS Issue
bios issue problem,BIOS Issue
my bios issue,BIOS Issue
bios issue problem,BIOS Issue
bios issue problem,BIOS Issue
bios issue problem,BIOS Issue
bios issue problem,BIOS Issue
bios issue 40,BIOS Issue
bios issue problem,BIOS Issue
bios issue problem,BIOS Issue
bios issue problem,BIOS Issue
bios issue problem,BIOS Issue
my bios issue,BIOS Issue
bios issue problem,BIOS Issue
bios issue problem,BIOS Issue
bios issue problem,BIOS Issue
bios issue problem,BIOS Issue
bios issue 50,BIOS Issue
bios issue problem,BIOS Issue
bios issue problem,BIOS Issue
bios issue problem,BIOS Issue
bios issue problem,BIOS Issue
my bios issue,BIOS Issue
bios issue problem,BIOS Issue
bios issue problem,BIOS Issue
bios issue problem,BIOS Issue
bios issue problem,BIOS Issue
bios issue 60,BIOS Issue
bios issue problem,BIOS Issue
bios issue problem,BIOS Issue
bios issue problem,BIOS Issue
bios issue problem,BIOS Issue
my bios issue,BIOS Issue
bios issue problem,BIOS Issue
bios issue problem,BIOS Issue
bios issue problem,BIOS Issue
bios issue problem,BIOS Issue
bios issue 70,BIOS Issue
bios issue problem,BIOS Issue
bios issue problem,BIOS Issue
bios issue problem,BIOS Issue
bios issue problem,BIOS Issue
my bios issue,BIOS Issue
bios issue problem,BIOS Issue
bios issue problem,BIOS Issue
bios issue problem,BIOS Issue
bios issue problem,BIOS Issue
bios issue 80,BIOS Issue
bios issue problem,BIOS Issue
bios issue problem,BIOS Issue
bios issue problem,BIOS Issue
bios issue problem,BIOS Issue
my bios issue,BIOS Issue
bios issue problem,BIOS Issue
bios issue problem,BIOS Issue
bios issue problem,BIOS Issue
bios issue problem,BIOS Issue
bios issue 90,BIOS Issue
bios issue problem,BIOS Issue
bios issue problem,BIOS Issue
bios issue problem,BIOS Issue
bios issue problem,BIOS Issue
my bios issue,BIOS Issue
bios issue problem,BIOS Issue
bios issue problem,BIOS Issue
bios issue problem,BIOS Issue
bios issue problem,BIOS Issue
bios issue 100,BIOS Issue
bios issue problem,BIOS Issue
bios issue problem,BIOS Issue
bios issue problem,BIOS Issue
bios issue problem,BIOS Issue
my bios issue,BIOS Issue
bios issue problem,BIOS Issue
bios issue problem,BIOS Issue
bios issue problem,BIOS Issue
bios issue problem,BIOS Issue
bios issue 110,BIOS Issue
bios issue problem,BIOS Issue
bios issue problem,BIOS Issue
bios issue problem,BIOS Issue
bios issue problem,BIOS Issue
my bios issue,BIOS Issue
bios issue problem,BIOS Issue
bios issue problem,BIOS Issue
bios issue problem,BIOS Issue
bios issue problem,BIOS Issue
bios issue 120,BIOS Issue
bios issue problem,BIOS Issue
bios issue problem,BIOS Issue
bios issue problem,BIOS Issue
bios issue problem,BIOS Issue
my bios issue,BIOS Issue
bios issue problem,BIOS Issue
bios issue problem,BIOS Issue
bios issue problem,BIOS Issue
bios issue problem,BIOS Issue
bios issue 130,BIOS Issue
bios issue problem,BIOS Issue
bios issue problem,BIOS Issue
bios issue problem,BIOS Issue
bios issue problem,BIOS Issue
my bios issue,BIOS Issue
bios issue problem,BIOS Issue
bios issue problem,BIOS Issue
bios issue problem,BIOS Issue
bios issue problem,BIOS Issue
bios issue 140,BIOS Issue
bios issue problem,BIOS Issue
bios issue problem,BIOS Issue
bios issue problem,BIOS Issue
bios issue problem,BIOS Issue
my bios issue,BIOS Issue
bios issue problem,BIOS Issue
bios issue problem,BIOS Issue
bios issue problem,BIOS Issue
bios issue problem,BIOS Issue
bios issue 150,BIOS Issue
bios issue problem,BIOS Issue
bios issue problem,BIOS Issue
bios issue problem,BIOS Issue
bios issue problem,BIOS Issue
my bios issue,BIOS Issue
bios issue problem,BIOS Issue
bios issue problem,BIOS Issue
bios issue problem,BIOS Issue
bios issue problem,BIOS Issue
bios issue 160,BIOS Issue
bios issue problem,BIOS Issue
bios issue problem,BIOS Issue
bios issue problem,BIOS Issue
bios issue problem,BIOS Issue
my bios issue,BIOS Issue
bios issue problem,BIOS Issue
bios issue problem,BIOS Issue
bios issue problem,BIOS Issue
bios issue problem,BIOS Issue
bios issue 170,BIOS Issue
bios issue problem,BIOS Issue
bios issue problem,BIOS Issue
bios issue problem,BIOS Issue
bios issue problem,BIOS Issue
my bios issue,BIOS Issue
bios issue problem,BIOS Issue
bios issue problem,BIOS Issue
bios issue problem,BIOS Issue
bios issue problem,BIOS Issue
bios issue 180,BIOS Issue
bios issue problem,BIOS Issue
bios issue problem,BIOS Issue
bios issue problem,BIOS Issue
bios issue problem,BIOS Issue
my bios issue,BIOS Issue
bios issue problem,BIOS Issue
bios issue problem,BIOS Issue
bios issue problem,BIOS Issue
bios issue problem,BIOS Issue
bios issue 190,BIOS Issue
bios issue problem,BIOS Issue
bios issue problem,BIOS Issue
bios issue problem,BIOS Issue
bios issue problem,BIOS Issue
my bios issue,BIOS Issue
bios issue problem,BIOS Issue
bios issue problem,BIOS Issue
bios issue problem,BIOS Issue
bios issue problem,BIOS Issue
bios issue 200,BIOS Issue
bios issue problem,BIOS Issue
bios issue problem,BIOS Issue
bios issue problem,BIOS Issue
bios issue problem,BIOS Issue
my bios issue,BIOS Issue
bios issue problem,BIOS Issue
bios issue problem,BIOS Issue
bios issue problem,BIOS Issue
bios issue problem,BIOS Issue
bios issue 210,BIOS Issue
bios issue problem,BIOS Issue
bios issue problem,BIOS Issue
bios issue problem,BIOS Issue
bios issue problem,BIOS Issue
my bios issue,BIOS Issue
bios issue problem,BIOS Issue
bios issue problem,BIOS Issue
bios issue problem,BIOS Issue
bios issue problem,BIOS Issue
bios issue 220,BIOS Issue
bios issue problem,BIOS Issue
bios issue problem,BIOS Issue
bios issue problem,BIOS Issue
bios issue problem,BIOS Issue
my bios issue,BIOS Issue
bios issue problem,BIOS Issue
bios issue problem,BIOS Issue
bios issue problem,BIOS Issue
bios issue problem,BIOS Issue
bios issue 230,BIOS Issue
bios issue problem,BIOS Issue
bios issue problem,BIOS Issue
bios issue problem,BIOS Issue
bios issue problem,BIOS Issue
my bios issue,BIOS Issue
bios issue problem,BIOS Issue
bios issue problem,BIOS Issue
bios issue problem,BIOS Issue
bios issue problem,BIOS Issue
bios issue 240,BIOS Issue
bios issue problem,BIOS Issue
bios issue problem,BIOS Issue
bios issue problem,BIOS Issue
bios issue problem,BIOS Issue
my bios issue,BIOS Issue
bios issue problem,BIOS Issue
bios issue problem,BIOS Issue
bios issue problem,BIOS Issue
bios issue problem,BIOS Issue
bios issue 250,BIOS Issue
bios issue problem,BIOS Issue
bios issue problem,BIOS Issue
bios issue problem,BIOS Issue
bios issue problem,BIOS Issue
my bios issue,BIOS Issue
bios issue problem,BIOS Issue
bios issue problem,BIOS Issue
bios issue problem,BIOS Issue
bios issue problem,BIOS Issue
bios issue 260,BIOS Issue
bios issue problem,BIOS Issue
bios issue problem,BIOS Issue
bios issue problem,BIOS Issue
bios issue problem,BIOS Issue
my bios issue,BIOS Issue
bios issue problem,BIOS Issue
bios issue problem,BIOS Issue
bios issue problem,BIOS Issue
bios issue problem,BIOS Issue
bios issue 270,BIOS Issue
bios issue problem,BIOS Issue
bios issue problem,BIOS Issue
bios issue problem,BIOS Issue
bios issue problem,BIOS Issue
my bios issue,BIOS Issue
bios issue problem,BIOS Issue
bios issue problem,BIOS Issue
bios issue problem,BIOS Issue
bios issue problem,BIOS Issue
bios issue 280,BIOS Issue
bios issue problem,BIOS Issue
bios issue problem,BIOS Issue
bios issue problem,BIOS Issue
bios issue problem,BIOS Issue
my bios issue,BIOS Issue
bios issue problem,BIOS Issue
bios issue problem,BIOS Issue
bios issue problem,BIOS Issue
bios issue problem,BIOS Issue
bios issue 290,BIOS Issue
bios issue problem,BIOS Issue
bios issue problem,BIOS Issue
bios issue problem,BIOS Issue
bios issue problem,BIOS Issue
my bios issue,BIOS Issue
bios issue problem,BIOS Issue
bios issue problem,BIOS Issue
bios issue problem,BIOS Issue
bios issue problem,BIOS Issue
bios issue 300,BIOS Issue
bios issue problem,BIOS Issue
bios issue problem,BIOS Issue
bios issue problem,BIOS Issue
bios issue problem,BIOS Issue
my bios issue,BIOS Issue
bios issue problem,BIOS Issue
bios issue problem,BIOS Issue
bios issue problem,BIOS Issue
bios issue problem,BIOS Issue
bios issue 310,BIOS Issue
bios issue problem,BIOS Issue
bios issue problem,BIOS Issue
bios issue problem,BIOS Issue
bios issue problem,BIOS Issue
my bios issue,BIOS Issue
bios issue problem,BIOS Issue
bios issue problem,BIOS Issue
bios issue problem,BIOS Issue
bios issue problem,BIOS Issue
bios issue 320,BIOS Issue
bios issue problem,BIOS Issue
bios issue problem,BIOS Issue
bios issue problem,BIOS Issue
bios issue problem,BIOS Issue
my bios issue,BIOS Issue
bios issue problem,BIOS Issue
bios issue problem,BIOS Issue
bios issue problem,BIOS Issue
bios issue problem,BIOS Issue
bios issue 330,BIOS Issue
bios issue problem,BIOS Issue
bios issue problem,BIOS Issue
bios issue problem,BIOS Issue
bios issue problem,BIOS Issue
my bios issue,BIOS Issue
bios issue problem,BIOS Issue
bios issue problem,BIOS Issue
bios issue problem,BIOS Issue
bios issue problem,BIOS Issue
bios issue 340,BIOS Issue
bios issue problem,BIOS Issue
bios issue problem,BIOS Issue
bios issue problem,BIOS Issue
bios issue problem,BIOS Issue
my bios issue,BIOS Issue
bios issue problem,BIOS Issue
bios issue problem,BIOS Issue
bios issue problem,BIOS Issue
bios issue problem,BIOS Issue
bios issue 350,BIOS Issue
bios issue problem,BIOS Issue
bios issue problem,BIOS Issue
bios issue problem,BIOS Issue
bios issue problem,BIOS Issue
my bios issue,BIOS Issue
bios issue problem,BIOS Issue
bios issue problem,BIOS Issue
bios issue problem,BIOS Issue
bios issue problem,BIOS Issue
bios issue 360,BIOS Issue
bios issue problem,BIOS Issue
bios issue problem,BIOS Issue
bios issue problem,BIOS Issue
bios issue problem,BIOS Issue
my bios issue,BIOS Issue
bios issue problem,BIOS Issue
bios issue problem,BIOS Issue
bios issue problem,BIOS Issue
bios issue problem,BIOS Issue
bios issue 370,BIOS Issue
bios issue problem,BIOS Issue
bios issue problem,BIOS Issue
bios issue problem,BIOS Issue
bios issue problem,BIOS Issue
my bios issue,BIOS Issue
bios issue problem,BIOS Issue
bios issue problem,BIOS Issue
bios issue problem,BIOS Issue
bios issue problem,BIOS Issue
bios issue 380,BIOS Issue
bios issue problem,BIOS Issue
bios issue problem,BIOS Issue
bios issue problem,BIOS Issue
bios issue problem,BIOS Issue
my bios issue,BIOS Issue
bios issue problem,BIOS Issue
bios issue problem,BIOS Issue
bios issue problem,BIOS Issue
bios issue problem,BIOS Issue
bios issue 390,BIOS Issue
bios issue problem,BIOS Issue
bios issue problem,BIOS Issue
bios issue problem,BIOS Issue
bios issue problem,BIOS Issue
my bios issue,BIOS Issue
bios issue problem,BIOS Issue
bios issue problem,BIOS Issue
bios issue problem,BIOS Issue
bios issue problem,BIOS Issue
bios issue 400,BIOS Issue
bios issue problem,BIOS Issue
bios issue problem,BIOS Issue
bios issue problem,BIOS Issue
bios issue problem,BIOS Issue
my bios issue,BIOS Issue
bios issue problem,BIOS Issue
bios issue problem,BIOS Issue
bios issue problem,BIOS Issue
bios issue problem,BIOS Issue
bios issue 410,BIOS Issue
bios issue problem,BIOS Issue
bios issue problem,BIOS Issue
bios issue problem,BIOS Issue
bios issue problem,BIOS Issue
my bios issue,BIOS Issue
bios issue problem,BIOS Issue
bios issue problem,BIOS Issue
bios issue problem,BIOS Issue
bios issue problem,BIOS Issue
bios issue 420,BIOS Issue
bios issue problem,BIOS Issue
bios issue problem,BIOS Issue
bios issue problem,BIOS Issue
bios issue problem,BIOS Issue
my bios issue,BIOS Issue
bios issue problem,BIOS Issue
bios issue problem,BIOS Issue
bios issue problem,BIOS Issue
bios issue problem,BIOS Issue
bios issue 430,BIOS Issue
bios issue problem,BIOS Issue
bios issue problem,BIOS Issue
bios issue problem,BIOS Issue
bios issue problem,BIOS Issue
my bios issue,BIOS Issue
bios issue problem,BIOS Issue
bios issue problem,BIOS Issue
bios issue problem,BIOS Issue
bios issue problem,BIOS Issue
bios issue 440,BIOS Issue
bios issue problem,BIOS Issue
bios issue problem,BIOS Issue
bios issue problem,BIOS Issue
bios issue problem,BIOS Issue
my bios issue,BIOS Issue
bios issue problem,BIOS Issue
bios issue problem,BIOS Issue
bios issue problem,BIOS Issue
bios issue problem,BIOS Issue
bios issue 450,BIOS Issue
bios issue problem,BIOS Issue
bios issue problem,BIOS Issue
bios issue problem,BIOS Issue
bios issue problem,BIOS Issue
my bios issue,BIOS Issue
bios issue problem,BIOS Issue
bios issue problem,BIOS Issue
bios issue problem,BIOS Issue
bios issue problem,BIOS Issue
bios issue 460,BIOS Issue
bios issue problem,BIOS Issue
bios issue problem,BIOS Issue
bios issue problem,BIOS Issue
bios issue problem,BIOS Issue
my bios issue,BIOS Issue
bios issue problem,BIOS Issue
bios issue problem,BIOS Issue
bios issue problem,BIOS Issue
bios issue problem,BIOS Issue
bios issue 470,BIOS Issue
bios issue problem,BIOS Issue
bios issue problem,BIOS Issue
bios issue problem,BIOS Issue
bios issue problem,BIOS Issue
my bios issue,BIOS Issue
bios issue problem,BIOS Issue
bios issue problem,BIOS Issue
bios issue problem,BIOS Issue
bios issue problem,BIOS Issue
bios issue 480,BIOS Issue
bios issue problem,BIOS Issue
bios issue problem,BIOS Issue
bios issue problem,BIOS Issue
bios issue problem,BIOS Issue
my bios issue,BIOS Issue
bios issue problem,BIOS Issue
bios issue problem,BIOS Issue
bios issue problem,BIOS Issue
bios issue problem,BIOS Issue
bios issue 490,BIOS Issue
bios issue problem,BIOS Issue
bios issue problem,BIOS Issue
bios issue problem,BIOS Issue
bios issue problem,BIOS Issue
my bios issue,BIOS Issue
bios issue problem,BIOS Issue
bios issue problem,BIOS Issue
bios issue problem,BIOS Issue
bios issue problem,BIOS Issue
bios issue 500,BIOS Issue
bios issue problem,BIOS Issue
bios issue problem,BIOS Issue
bios issue problem,BIOS Issue
bios issue problem,BIOS Issue
my bios issue,BIOS Issue
bios issue problem,BIOS Issue
bios issue problem,BIOS Issue
bios issue problem,BIOS Issue
bios issue problem,BIOS Issue
bios issue 510,BIOS Issue
bios issue problem,BIOS Issue
bios issue problem,BIOS Issue
bios issue problem,BIOS Issue
bios issue problem,BIOS Issue
my bios issue,BIOS Issue
bios issue problem,BIOS Issue
bios issue problem,BIOS Issue
bios issue problem,BIOS Issue
bios issue problem,BIOS Issue
bios issue 520,BIOS Issue
bios issue problem,BIOS Issue
bios issue problem,BIOS Issue
bios issue problem,BIOS Issue
bios issue problem,BIOS Issue
my bios issue,BIOS Issue
bios issue problem,BIOS Issue
bios issue problem,BIOS Issue
bios issue problem,BIOS Issue
bios issue problem,BIOS Issue
bios issue 530,BIOS Issue
bios issue problem,BIOS Issue
bios issue problem,BIOS Issue
bios issue problem,BIOS Issue
bios issue problem,BIOS Issue
my bios issue,BIOS Issue
bios issue problem,BIOS Issue
bios issue problem,BIOS Issue
bios issue problem,BIOS Issue
bios issue problem,BIOS Issue
bios issue 540,BIOS Issue
bios issue problem,BIOS Issue
bios issue problem,BIOS Issue
bios issue problem,BIOS Issue
bios issue problem,BIOS Issue
my bios issue,BIOS Issue
bios issue problem,BIOS Issue
bios issue problem,BIOS Issue
bios issue problem,BIOS Issue
bios issue problem,BIOS Issue
bios issue 550,BIOS Issue
bios issue problem,BIOS Issue
bios issue problem,BIOS Issue
bios issue problem,BIOS Issue
bios issue problem,BIOS Issue
my bios issue,BIOS Issue
bios issue problem,BIOS Issue
bios issue problem,BIOS Issue
bios issue problem,BIOS Issue
bios issue problem,BIOS Issue
bios issue 560,BIOS Issue
bios issue problem,BIOS Issue
bios issue problem,BIOS Issue
bios issue problem,BIOS Issue
bios issue problem,BIOS Issue
my bios issue,BIOS Issue
bios issue problem,BIOS Issue
bios issue problem,BIOS Issue
bios issue problem,BIOS Issue
bios issue problem,BIOS Issue
bios issue 570,BIOS Issue
bios issue problem,BIOS Issue
bios issue problem,BIOS Issue
bios issue problem,BIOS Issue
bios issue problem,BIOS Issue
my bios issue,BIOS Issue
bios issue problem,BIOS Issue
bios issue problem,BIOS Issue
bios issue problem,BIOS Issue
bios issue problem,BIOS Issue
bios issue 580,BIOS Issue
bios issue problem,BIOS Issue
bios issue problem,BIOS Issue
bios issue problem,BIOS Issue
bios issue problem,BIOS Issue
my bios issue,BIOS Issue
bios issue problem,BIOS Issue
bios issue problem,BIOS Issue
bios issue problem,BIOS Issue
bios issue problem,BIOS Issue
bios issue 590,BIOS Issue
bios issue problem,BIOS Issue
bios issue problem,BIOS Issue
bios issue problem,BIOS Issue
bios issue problem,BIOS Issue
my bios issue,BIOS Issue
bios issue problem,BIOS Issue
bios issue problem,BIOS Issue
bios issue problem,BIOS Issue
bios issue problem,BIOS Issue
bios issue 600,BIOS Issue
bios issue problem,BIOS Issue
bios issue problem,BIOS Issue
bios issue problem,BIOS Issue
bios issue problem,BIOS Issue
my bios issue,BIOS Issue
bios issue problem,BIOS Issue
bios issue problem,BIOS Issue
bios issue problem,BIOS Issue
bios issue problem,BIOS Issue
bios issue 610,BIOS Issue
bios issue problem,BIOS Issue
bios issue problem,BIOS Issue
bios issue problem,BIOS Issue
bios issue problem,BIOS Issue
my bios issue,BIOS Issue
bios issue problem,BIOS Issue
bios issue problem,BIOS Issue
bios issue problem,BIOS Issue
bios issue problem,BIOS Issue
bios issue 620,BIOS Issue
bios issue problem,BIOS Issue
bios issue problem,BIOS Issue
bios issue problem,BIOS Issue
bios issue problem,BIOS Issue
my bios issue,BIOS Issue
bios issue problem,BIOS Issue
bios issue problem,BIOS Issue
bios issue problem,BIOS Issue
bios issue problem,BIOS Issue
bios issue 630,BIOS Issue
bios issue problem,BIOS Issue
bios issue problem,BIOS Issue
bios issue problem,BIOS Issue
bios issue problem,BIOS Issue
my bios issue,BIOS Issue
bios issue problem,BIOS Issue
bios issue problem,BIOS Issue
bios issue problem,BIOS Issue
bios issue problem,BIOS Issue
bios issue 640,BIOS Issue
bios issue problem,BIOS Issue
bios issue problem,BIOS Issue
bios issue problem,BIOS Issue
bios issue problem,BIOS Issue
my bios issue,BIOS Issue
bios issue problem,BIOS Issue
bios issue problem,BIOS Issue
bios issue problem,BIOS Issue
bios issue problem,BIOS Issue
bios issue 650,BIOS Issue
bios issue problem,BIOS Issue
bios issue problem,BIOS Issue
bios issue problem,BIOS Issue
bios issue problem,BIOS Issue
my bios issue,BIOS Issue
bios issue problem,BIOS Issue
bios issue problem,BIOS Issue
bios issue problem,BIOS Issue
bios issue problem,BIOS Issue
bios issue 660,BIOS Issue
bios issue problem,BIOS Issue
bios issue problem,BIOS Issue
bios issue problem,BIOS Issue
bios issue problem,BIOS Issue
my bios issue,BIOS Issue
bios issue problem,BIOS Issue
bios issue problem,BIOS Issue
bios issue problem,BIOS Issue
bios issue problem,BIOS Issue
bios issue 670,BIOS Issue
bios issue problem,BIOS Issue
bios issue problem,BIOS Issue
bios issue problem,BIOS Issue
bios issue problem,BIOS Issue
my bios issue,BIOS Issue
bios issue problem,BIOS Issue
bios issue problem,BIOS Issue
bios issue problem,BIOS Issue
bios issue problem,BIOS Issue
bios issue 680,BIOS Issue
bios issue problem,BIOS Issue
bios issue problem,BIOS Issue
bios issue problem,BIOS Issue
bios issue problem,BIOS Issue
my bios issue,BIOS Issue
bios issue problem,BIOS Issue
bios issue problem,BIOS Issue
bios issue problem,BIOS Issue
bios issue problem,BIOS Issue
bios issue 690,BIOS Issue
bios issue problem,BIOS Issue
bios issue problem,BIOS Issue
bios issue problem,BIOS Issue
bios issue problem,BIOS Issue
my bios issue,BIOS Issue
bios issue problem,BIOS Issue
bios issue problem,BIOS Issue
bios issue problem,BIOS Issue
bios issue problem,BIOS Issue
bios issue 700,BIOS Issue
bios issue problem,BIOS Issue
bios issue problem,BIOS Issue
bios issue problem,BIOS Issue
bios issue problem,BIOS Issue
my bios issue,BIOS Issue
bios issue problem,BIOS Issue
bios issue problem,BIOS Issue
bios issue problem,BIOS Issue
bios issue problem,BIOS Issue
bios issue 710,BIOS Issue
bios issue problem,BIOS Issue
bios issue problem,BIOS Issue
bios issue problem,BIOS Issue
bios issue problem,BIOS Issue
my bios issue,BIOS Issue
bios issue problem,BIOS Issue
bios issue problem,BIOS Issue
bios issue problem,BIOS Issue
bios issue problem,BIOS Issue
bios issue 720,BIOS Issue
bios issue problem,BIOS Issue
bios issue problem,BIOS Issue
bios issue problem,BIOS Issue
bios issue problem,BIOS Issue
my bios issue,BIOS Issue
bios issue problem,BIOS Issue
bios issue problem,BIOS Issue
bios issue problem,BIOS Issue
bios issue problem,BIOS Issue
bios issue 730,BIOS Issue
bios issue problem,BIOS Issue
bios issue problem,BIOS Issue
bios issue problem,BIOS Issue
bios issue problem,BIOS Issue
my bios issue,BIOS Issue
bios issue problem,BIOS Issue
bios issue problem,BIOS Issue
bios issue problem,BIOS Issue
bios issue problem,BIOS Issue
bios issue 740,BIOS Issue
bios issue problem,BIOS Issue
bios issue problem,BIOS Issue
bios issue problem,BIOS Issue
bios issue problem,BIOS Issue
my bios issue,BIOS Issue
bios issue problem,BIOS Issue
bios issue problem,BIOS Issue
bios issue problem,BIOS Issue
bios issue problem,BIOS Issue
bios issue 750,BIOS Issue
bios issue problem,BIOS Issue
bios issue problem,BIOS Issue
bios issue problem,BIOS Issue
bios issue problem,BIOS Issue
my bios issue,BIOS Issue
bios issue problem,BIOS Issue
bios issue problem,BIOS Issue
bios issue problem,BIOS Issue
bios issue problem,BIOS Issue
bios issue 760,BIOS Issue
bios issue problem,BIOS Issue
bios issue problem,BIOS Issue
bios issue problem,BIOS Issue
bios issue problem,BIOS Issue
my bios issue,BIOS Issue
bios issue problem,BIOS Issue
bios issue problem,BIOS Issue
bios issue problem,BIOS Issue
bios issue problem,BIOS Issue
bios issue 770,BIOS Issue
bios issue problem,BIOS Issue
bios issue problem,BIOS Issue
bios issue problem,BIOS Issue
bios issue problem,BIOS Issue
my bios issue,BIOS Issue
bios issue problem,BIOS Issue
bios issue problem,BIOS Issue
bios issue problem,BIOS Issue
bios issue problem,BIOS Issue
bios issue 780,BIOS Issue
bios issue problem,BIOS Issue
bios issue problem,BIOS Issue
bios issue problem,BIOS Issue
bios issue problem,BIOS Issue
my bios issue,BIOS Issue
bios issue problem,BIOS Issue
bios issue problem,BIOS Issue
bios issue problem,BIOS Issue
bios issue problem,BIOS Issue
bios issue 790,BIOS Issue
bios issue problem,BIOS Issue
bios issue problem,BIOS Issue
bios issue problem,BIOS Issue
bios issue problem,BIOS Issue
my bios issue,BIOS Issue
bios issue problem,BIOS Issue
bios issue problem,BIOS Issue
bios issue problem,BIOS Issue
bios issue problem,BIOS Issue
bios issue 800,BIOS Issue
bios issue problem,BIOS Issue
bios issue problem,BIOS Issue
bios issue problem,BIOS Issue
bios issue problem,BIOS Issue
my bios issue,BIOS Issue
bios issue problem,BIOS Issue
bios issue problem,BIOS Issue
bios issue problem,BIOS Issue
bios issue problem,BIOS Issue
bios issue 810,BIOS Issue
bios issue problem,BIOS Issue
bios issue problem,BIOS Issue
bios issue problem,BIOS Issue
bios issue problem,BIOS Issue
my bios issue,BIOS Issue
bios issue problem,BIOS Issue
bios issue problem,BIOS Issue
bios issue problem,BIOS Issue
bios issue problem,BIOS Issue
bios issue 820,BIOS Issue
bios issue problem,BIOS Issue
bios issue problem,BIOS Issue
bios issue problem,BIOS Issue
bios issue problem,BIOS Issue
my bios issue,BIOS Issue
bios issue problem,BIOS Issue
bios issue problem,BIOS Issue
bios issue problem,BIOS Issue
bios issue problem,BIOS Issue
bios issue 830,BIOS Issue
bios issue problem,BIOS Issue
bios issue problem,BIOS Issue
bios issue problem,BIOS Issue
bios issue problem,BIOS Issue
my bios issue,BIOS Issue
bios issue problem,BIOS Issue
bios issue problem,BIOS Issue
bios issue problem,BIOS Issue
bios issue problem,BIOS Issue
bios issue 840,BIOS Issue
bios issue problem,BIOS Issue
bios issue problem,BIOS Issue
bios issue problem,BIOS Issue
bios issue problem,BIOS Issue
my bios issue,BIOS Issue
bios issue problem,BIOS Issue
bios issue problem,BIOS Issue
bios issue problem,BIOS Issue
bios issue problem,BIOS Issue
bios issue 850,BIOS Issue
bios issue problem,BIOS Issue
bios issue problem,BIOS Issue
bios issue problem,BIOS Issue
bios issue problem,BIOS Issue
my bios issue,BIOS Issue
bios issue problem,BIOS Issue
bios issue problem,BIOS Issue
bios issue problem,BIOS Issue
bios issue problem,BIOS Issue
bios issue 860,BIOS Issue
bios issue problem,BIOS Issue
bios issue problem,BIOS Issue
bios issue problem,BIOS Issue
bios issue problem,BIOS Issue
my bios issue,BIOS Issue
bios issue problem,BIOS Issue
bios issue problem,BIOS Issue
bios issue problem,BIOS Issue
bios issue problem,BIOS Issue
bios issue 870,BIOS Issue
bios issue problem,BIOS Issue
bios issue problem,BIOS Issue
bios issue problem,BIOS Issue
bios issue problem,BIOS Issue
my bios issue,BIOS Issue
bios issue problem,BIOS Issue
bios issue problem,BIOS Issue
bios issue problem,BIOS Issue
bios issue problem,BIOS Issue
bios issue 880,BIOS Issue
bios issue problem,BIOS Issue
bios issue problem,BIOS Issue
bios issue problem,BIOS Issue
bios issue problem,BIOS Issue
my bios issue,BIOS Issue
bios issue problem,BIOS Issue
bios issue problem,BIOS Issue
bios issue problem,BIOS Issue
bios issue problem,BIOS Issue
bios issue 890,BIOS Issue
bios issue problem,BIOS Issue
bios issue problem,BIOS Issue
bios issue problem,BIOS Issue
bios issue problem,BIOS Issue
my bios issue,BIOS Issue
bios issue problem,BIOS Issue
bios issue problem,BIOS Issue
bios issue problem,BIOS Issue
bios issue problem,BIOS Issue
bios issue 900,BIOS Issue
bios issue problem,BIOS Issue
bios issue problem,BIOS Issue
bios issue problem,BIOS Issue
bios issue problem,BIOS Issue
my bios issue,BIOS Issue
bios issue problem,BIOS Issue
bios issue problem,BIOS Issue
bios issue problem,BIOS Issue
bios issue problem,BIOS Issue
bios issue 910,BIOS Issue
bios issue problem,BIOS Issue
bios issue problem,BIOS Issue
bios issue problem,BIOS Issue
bios issue problem,BIOS Issue
my bios issue,BIOS Issue
bios issue problem,BIOS Issue
bios issue problem,BIOS Issue
bios issue problem,BIOS Issue
bios issue problem,BIOS Issue
bios issue 920,BIOS Issue
bios issue problem,BIOS Issue
bios issue problem,BIOS Issue
bios issue problem,BIOS Issue
bios issue problem,BIOS Issue
my bios issue,BIOS Issue
bios issue problem,BIOS Issue
bios issue problem,BIOS Issue
bios issue problem,BIOS Issue
bios issue problem,BIOS Issue
bios issue 930,BIOS Issue
bios issue problem,BIOS Issue
bios issue problem,BIOS Issue
bios issue problem,BIOS Issue
bios issue problem,BIOS Issue
my bios issue,BIOS Issue
bios issue problem,BIOS Issue
bios issue problem,BIOS Issue
bios issue problem,BIOS Issue
bios issue problem,BIOS Issue
bios issue 940,BIOS Issue
bios issue problem,BIOS Issue
bios issue problem,BIOS Issue
bios issue problem,BIOS Issue
bios issue problem,BIOS Issue
my bios issue,BIOS Issue
bios issue problem,BIOS Issue
bios issue problem,BIOS Issue
bios issue problem,BIOS Issue
bios issue problem,BIOS Issue
bios issue 950,BIOS Issue
bios issue problem,BIOS Issue
bios issue problem,BIOS Issue
bios issue problem,BIOS Issue
bios issue problem,BIOS Issue
my bios issue,BIOS Issue
bios issue problem,BIOS Issue
bios issue problem,BIOS Issue
bios issue problem,BIOS Issue
bios issue problem,BIOS Issue
bios issue 960,BIOS Issue
bios issue problem,BIOS Issue
bios issue problem,BIOS Issue
bios issue problem,BIOS Issue
bios issue problem,BIOS Issue
my bios issue,BIOS Issue
bios issue problem,BIOS Issue
bios issue problem,BIOS Issue
bios issue problem,BIOS Issue
bios issue problem,BIOS Issue
bios issue 970,BIOS Issue
bios issue problem,BIOS Issue
bios issue problem,BIOS Issue
bios issue problem,BIOS Issue
bios issue problem,BIOS Issue
my bios issue,BIOS Issue
bios issue problem,BIOS Issue
bios issue problem,BIOS Issue
bios issue problem,BIOS Issue
bios issue problem,BIOS Issue
bios issue 980,BIOS Issue
bios issue problem,BIOS Issue
bios issue problem,BIOS Issue
bios issue problem,BIOS Issue
bios issue problem,BIOS Issue
my bios issue,BIOS Issue
bios issue problem,BIOS Issue
bios issue problem,BIOS Issue
bios issue problem,BIOS Issue
bios issue problem,BIOS Issue
bios issue 990,BIOS Issue
bios issue problem,BIOS Issue
bios issue problem,BIOS Issue
bios issue problem,BIOS Issue
bios issue problem,BIOS Issue
my bios issue,BIOS Issue
bios issue problem,BIOS Issue
bios issue problem,BIOS Issue
bios issue problem,BIOS Issue
bios issue problem,BIOS Issue
bios issue 1000,BIOS Issue
bios issue problem,BIOS Issue
bios issue problem,BIOS Issue
bios issue problem,BIOS Issue
bios issue problem,BIOS Issue
my bios issue,BIOS Issue
bios issue problem,BIOS Issue
bios issue problem,BIOS Issue
bios issue problem,BIOS Issue
bios issue problem,BIOS Issue
bios issue 1010,BIOS Issue
bios issue problem,BIOS Issue
bios issue problem,BIOS Issue
bios issue problem,BIOS Issue
bios issue problem,BIOS Issue
my bios issue,BIOS Issue
bios issue problem,BIOS Issue
bios issue problem,BIOS Issue
bios issue problem,BIOS Issue
bios issue problem,BIOS Issue
bios issue 1020,BIOS Issue
bios issue problem,BIOS Issue
bios issue problem,BIOS Issue
bios issue problem,BIOS Issue
bios issue problem,BIOS Issue
my bios issue,BIOS Issue
bios issue problem,BIOS Issue
bios issue problem,BIOS Issue
bios issue problem,BIOS Issue
bios issue problem,BIOS Issue
bios issue 1030,BIOS Issue
bios issue problem,BIOS Issue
bios issue problem,BIOS Issue
bios issue problem,BIOS Issue
bios issue problem,BIOS Issue
my bios issue,BIOS Issue
bios issue problem,BIOS Issue
bios issue problem,BIOS Issue
bios issue problem,BIOS Issue
bios issue problem,BIOS Issue
bios issue 1040,BIOS Issue
bios issue problem,BIOS Issue
bios issue problem,BIOS Issue
bios issue problem,BIOS Issue
bios issue problem,BIOS Issue
my bios issue,BIOS Issue
bios issue problem,BIOS Issue
bios issue problem,BIOS Issue
bios issue problem,BIOS Issue
bios issue problem,BIOS Issue
bios issue 1050,BIOS Issue
bios issue problem,BIOS Issue
bios issue problem,BIOS Issue
bios issue problem,BIOS Issue
bios issue problem,BIOS Issue
my bios issue,BIOS Issue
bios issue problem,BIOS Issue
bios issue problem,BIOS Issue
bios issue problem,BIOS Issue
bios issue problem,BIOS Issue
bios issue 1060,BIOS Issue
bios issue problem,BIOS Issue
bios issue problem,BIOS Issue
bios issue problem,BIOS Issue
bios issue problem,BIOS Issue
my bios issue,BIOS Issue
bios issue problem,BIOS Issue
bios issue problem,BIOS Issue
bios issue problem,BIOS Issue
bios issue problem,BIOS Issue
bios issue 1070,BIOS Issue
bios issue problem,BIOS Issue
bios issue problem,BIOS Issue
bios issue problem,BIOS Issue
bios issue problem,BIOS Issue
my bios issue,BIOS Issue
bios issue problem,BIOS Issue
bios issue problem,BIOS Issue
bios issue problem,BIOS Issue
bios issue problem,BIOS Issue
bios issue 1080,BIOS Issue
bios issue problem,BIOS Issue
bios issue problem,BIOS Issue
bios issue problem,BIOS Issue
bios issue problem,BIOS Issue
my bios issue,BIOS Issue
bios issue problem,BIOS Issue
bios issue problem,BIOS Issue
bios issue problem,BIOS Issue
bios issue problem,BIOS Issue
bios issue 1090,BIOS Issue
bios issue problem,BIOS Issue
bios issue problem,BIOS Issue
bios issue problem,BIOS Issue
bios issue problem,BIOS Issue
my bios issue,BIOS Issue
bios issue problem,BIOS Issue
bios issue problem,BIOS Issue
bios issue problem,BIOS Issue
bios issue problem,BIOS Issue
bios issue 1100,BIOS Issue
bios issue problem,BIOS Issue
bios issue problem,BIOS Issue
bios issue problem,BIOS Issue
bios issue problem,BIOS Issue
my bios issue,BIOS Issue
bios issue problem,BIOS Issue
bios issue problem,BIOS Issue
bios issue problem,BIOS Issue
bios issue problem,BIOS Issue
boot device error,Boot Device Error
boot device error 0,Boot Device Error
boot device error problem,Boot Device Error
boot device error problem,Boot Device Error
boot device error problem,Boot Device Error
boot device error problem,Boot Device Error
my boot device error,Boot Device Error
boot device error problem,Boot Device Error
boot device error problem,Boot Device Error
boot device error problem,Boot Device Error
boot device error problem,Boot Device Error
boot device error 10,Boot Device Error
boot device error problem,Boot Device Error
boot device error problem,Boot Device Error
boot device error problem,Boot Device Error
boot device error problem,Boot Device Error
my boot device error,Boot Device Error
boot device error problem,Boot Device Error
boot device error problem,Boot Device Error
boot device error problem,Boot Device Error
boot device error problem,Boot Device Error
boot device error 20,Boot Device Error
boot device error problem,Boot Device Error
boot device error problem,Boot Device Error
boot device error problem,Boot Device Error
boot device error problem,Boot Device Error
my boot device error,Boot Device Error
boot device error problem,Boot Device Error
boot device error problem,Boot Device Error
boot device error problem,Boot Device Error
boot device error problem,Boot Device Error
boot device error 30,Boot Device Error
boot device error problem,Boot Device Error
boot device error problem,Boot Device Error
boot device error problem,Boot Device Error
boot device error problem,Boot Device Error
my boot device error,Boot Device Error
boot device error problem,Boot Device Error
boot device error problem,Boot Device Error
boot device error problem,Boot Device Error
boot device error problem,Boot Device Error
boot device error 40,Boot Device Error
boot device error problem,Boot Device Error
boot device error problem,Boot Device Error
boot device error problem,Boot Device Error
boot device error problem,Boot Device Error
my boot device error,Boot Device Error
boot device error problem,Boot Device Error
boot device error problem,Boot Device Error
boot device error problem,Boot Device Error
boot device error problem,Boot Device Error
boot device error 50,Boot Device Error
boot device error problem,Boot Device Error
boot device error problem,Boot Device Error
boot device error problem,Boot Device Error
boot device error problem,Boot Device Error
my boot device error,Boot Device Error
boot device error problem,Boot Device Error
boot device error problem,Boot Device Error
boot device error problem,Boot Device Error
boot device error problem,Boot Device Error
boot device error 60,Boot Device Error
boot device error problem,Boot Device Error
boot device error problem,Boot Device Error
boot device error problem,Boot Device Error
boot device error problem,Boot Device Error
my boot device error,Boot Device Error
boot device error problem,Boot Device Error
boot device error problem,Boot Device Error
boot device error problem,Boot Device Error
boot device error problem,Boot Device Error
boot device error 70,Boot Device Error
boot device error problem,Boot Device Error
boot device error problem,Boot Device Error
boot device error problem,Boot Device Error
boot device error problem,Boot Device Error
my boot device error,Boot Device Error
boot device error problem,Boot Device Error
boot device error problem,Boot Device Error
boot device error problem,Boot Device Error
boot device error problem,Boot Device Error
boot device error 80,Boot Device Error
boot device error problem,Boot Device Error
boot device error problem,Boot Device Error
boot device error problem,Boot Device Error
boot device error problem,Boot Device Error
my boot device error,Boot Device Error
boot device error problem,Boot Device Error
boot device error problem,Boot Device Error
boot device error problem,Boot Device Error
boot device error problem,Boot Device Error
boot device error 90,Boot Device Error
boot device error problem,Boot Device Error
boot device error problem,Boot Device Error
boot device error problem,Boot Device Error
boot device error problem,Boot Device Error
my boot device error,Boot Device Error
boot device error problem,Boot Device Error
boot device error problem,Boot Device Error
boot device error problem,Boot Device Error
boot device error problem,Boot Device Error
boot device error 100,Boot Device Error
boot device error problem,Boot Device Error
boot device error problem,Boot Device Error
boot device error problem,Boot Device Error
boot device error problem,Boot Device Error
my boot device error,Boot Device Error
boot device error problem,Boot Device Error
boot device error problem,Boot Device Error
boot device error problem,Boot Device Error
boot device error problem,Boot Device Error
boot device error 110,Boot Device Error
boot device error problem,Boot Device Error
boot device error problem,Boot Device Error
boot device error problem,Boot Device Error
boot device error problem,Boot Device Error
my boot device error,Boot Device Error
boot device error problem,Boot Device Error
boot device error problem,Boot Device Error
boot device error problem,Boot Device Error
boot device error problem,Boot Device Error
boot device error 120,Boot Device Error
boot device error problem,Boot Device Error
boot device error problem,Boot Device Error
boot device error problem,Boot Device Error
boot device error problem,Boot Device Error
my boot device error,Boot Device Error
boot device error problem,Boot Device Error
boot device error problem,Boot Device Error
boot device error problem,Boot Device Error
boot device error problem,Boot Device Error
boot device error 130,Boot Device Error
boot device error problem,Boot Device Error
boot device error problem,Boot Device Error
boot device error problem,Boot Device Error
boot device error problem,Boot Device Error
my boot device error,Boot Device Error
boot device error problem,Boot Device Error
boot device error problem,Boot Device Error
boot device error problem,Boot Device Error
boot device error problem,Boot Device Error
boot device error 140,Boot Device Error
boot device error problem,Boot Device Error
boot device error problem,Boot Device Error
boot device error problem,Boot Device Error
boot device error problem,Boot Device Error
my boot device error,Boot Device Error
boot device error problem,Boot Device Error
boot device error problem,Boot Device Error
boot device error problem,Boot Device Error
boot device error problem,Boot Device Error
boot device error 150,Boot Device Error
boot device error problem,Boot Device Error
boot device error problem,Boot Device Error
boot device error problem,Boot Device Error
boot device error problem,Boot Device Error
my boot device error,Boot Device Error
boot device error problem,Boot Device Error
boot device error problem,Boot Device Error
boot device error problem,Boot Device Error
boot device error problem,Boot Device Error
boot device error 160,Boot Device Error
boot device error problem,Boot Device Error
boot device error problem,Boot Device Error
boot device error problem,Boot Device Error
boot device error problem,Boot Device Error
my boot device error,Boot Device Error
boot device error problem,Boot Device Error
boot device error problem,Boot Device Error
boot device error problem,Boot Device Error
boot device error problem,Boot Device Error
boot device error 170,Boot Device Error
boot device error problem,Boot Device Error
boot device error problem,Boot Device Error
boot device error problem,Boot Device Error
boot device error problem,Boot Device Error
my boot device error,Boot Device Error
boot device error problem,Boot Device Error
boot device error problem,Boot Device Error
boot device error problem,Boot Device Error
boot device error problem,Boot Device Error
boot device error 180,Boot Device Error
boot device error problem,Boot Device Error
boot device error problem,Boot Device Error
boot device error problem,Boot Device Error
boot device error problem,Boot Device Error
my boot device error,Boot Device Error
boot device error problem,Boot Device Error
boot device error problem,Boot Device Error
boot device error problem,Boot Device Error
boot device error problem,Boot Device Error
boot device error 190,Boot Device Error
boot device error problem,Boot Device Error
boot device error problem,Boot Device Error
boot device error problem,Boot Device Error
boot device error problem,Boot Device Error
my boot device error,Boot Device Error
boot device error problem,Boot Device Error
boot device error problem,Boot Device Error
boot device error problem,Boot Device Error
boot device error problem,Boot Device Error
boot device error 200,Boot Device Error
boot device error problem,Boot Device Error
boot device error problem,Boot Device Error
boot device error problem,Boot Device Error
boot device error problem,Boot Device Error
my boot device error,Boot Device Error
boot device error problem,Boot Device Error
boot device error problem,Boot Device Error
boot device error problem,Boot Device Error
boot device error problem,Boot Device Error
boot device error 210,Boot Device Error
boot device error problem,Boot Device Error
boot device error problem,Boot Device Error
boot device error problem,Boot Device Error
boot device error problem,Boot Device Error
my boot device error,Boot Device Error
boot device error problem,Boot Device Error
boot device error problem,Boot Device Error
boot device error problem,Boot Device Error
boot device error problem,Boot Device Error
boot device error 220,Boot Device Error
boot device error problem,Boot Device Error
boot device error problem,Boot Device Error
boot device error problem,Boot Device Error
boot device error problem,Boot Device Error
my boot device error,Boot Device Error
boot device error problem,Boot Device Error
boot device error problem,Boot Device Error
boot device error problem,Boot Device Error
boot device error problem,Boot Device Error
boot device error 230,Boot Device Error
boot device error problem,Boot Device Error
boot device error problem,Boot Device Error
boot device error problem,Boot Device Error
boot device error problem,Boot Device Error
my boot device error,Boot Device Error
boot device error problem,Boot Device Error
boot device error problem,Boot Device Error
boot device error problem,Boot Device Error
boot device error problem,Boot Device Error
boot device error 240,Boot Device Error
boot device error problem,Boot Device Error
boot device error problem,Boot Device Error
boot device error problem,Boot Device Error
boot device error problem,Boot Device Error
my boot device error,Boot Device Error
boot device error problem,Boot Device Error
boot device error problem,Boot Device Error
boot device error problem,Boot Device Error
boot device error problem,Boot Device Error
boot device error 250,Boot Device Error
boot device error problem,Boot Device Error
boot device error problem,Boot Device Error
boot device error problem,Boot Device Error
boot device error problem,Boot Device Error
my boot device error,Boot Device Error
boot device error problem,Boot Device Error
boot device error problem,Boot Device Error
boot device error problem,Boot Device Error
boot device error problem,Boot Device Error
boot device error 260,Boot Device Error
boot device error problem,Boot Device Error
boot device error problem,Boot Device Error
boot device error problem,Boot Device Error
boot device error problem,Boot Device Error
my boot device error,Boot Device Error
boot device error problem,Boot Device Error
boot device error problem,Boot Device Error
boot device error problem,Boot Device Error
boot device error problem,Boot Device Error
boot device error 270,Boot Device Error
boot device error problem,Boot Device Error
boot device error problem,Boot Device Error
boot device error problem,Boot Device Error
boot device error problem,Boot Device Error
my boot device error,Boot Device Error
boot device error problem,Boot Device Error
boot device error problem,Boot Device Error
boot device error problem,Boot Device Error
boot device error problem,Boot Device Error
boot device error 280,Boot Device Error
boot device error problem,Boot Device Error
boot device error problem,Boot Device Error
boot device error problem,Boot Device Error
boot device error problem,Boot Device Error
my boot device error,Boot Device Error
boot device error problem,Boot Device Error
boot device error problem,Boot Device Error
boot device error problem,Boot Device Error
boot device error problem,Boot Device Error
boot device error 290,Boot Device Error
boot device error problem,Boot Device Error
boot device error problem,Boot Device Error
boot device error problem,Boot Device Error
boot device error problem,Boot Device Error
my boot device error,Boot Device Error
boot device error problem,Boot Device Error
boot device error problem,Boot Device Error
boot device error problem,Boot Device Error
boot device error problem,Boot Device Error
boot device error 300,Boot Device Error
boot device error problem,Boot Device Error
boot device error problem,Boot Device Error
boot device error problem,Boot Device Error
boot device error problem,Boot Device Error
my boot device error,Boot Device Error
boot device error problem,Boot Device Error
boot device error problem,Boot Device Error
boot device error problem,Boot Device Error
boot device error problem,Boot Device Error
boot device error 310,Boot Device Error
boot device error problem,Boot Device Error
boot device error problem,Boot Device Error
boot device error problem,Boot Device Error
boot device error problem,Boot Device Error
my boot device error,Boot Device Error
boot device error problem,Boot Device Error
boot device error problem,Boot Device Error
boot device error problem,Boot Device Error
boot device error problem,Boot Device Error
boot device error 320,Boot Device Error
boot device error problem,Boot Device Error
boot device error problem,Boot Device Error
boot device error problem,Boot Device Error
boot device error problem,Boot Device Error
my boot device error,Boot Device Error
boot device error problem,Boot Device Error
boot device error problem,Boot Device Error
boot device error problem,Boot Device Error
boot device error problem,Boot Device Error
boot device error 330,Boot Device Error
boot device error problem,Boot Device Error
boot device error problem,Boot Device Error
boot device error problem,Boot Device Error
boot device error problem,Boot Device Error
my boot device error,Boot Device Error
boot device error problem,Boot Device Error
boot device error problem,Boot Device Error
boot device error problem,Boot Device Error
boot device error problem,Boot Device Error
boot device error 340,Boot Device Error
boot device error problem,Boot Device Error
boot device error problem,Boot Device Error
boot device error problem,Boot Device Error
boot device error problem,Boot Device Error
my boot device error,Boot Device Error
boot device error problem,Boot Device Error
boot device error problem,Boot Device Error
boot device error problem,Boot Device Error
boot device error problem,Boot Device Error
boot device error 350,Boot Device Error
boot device error problem,Boot Device Error
boot device error problem,Boot Device Error
boot device error problem,Boot Device Error
boot device error problem,Boot Device Error
my boot device error,Boot Device Error
boot device error problem,Boot Device Error
boot device error problem,Boot Device Error
boot device error problem,Boot Device Error
boot device error problem,Boot Device Error
boot device error 360,Boot Device Error
boot device error problem,Boot Device Error
boot device error problem,Boot Device Error
boot device error problem,Boot Device Error
boot device error problem,Boot Device Error
my boot device error,Boot Device Error
boot device error problem,Boot Device Error
boot device error problem,Boot Device Error
boot device error problem,Boot Device Error
boot device error problem,Boot Device Error
boot device error 370,Boot Device Error
boot device error problem,Boot Device Error
boot device error problem,Boot Device Error
boot device error problem,Boot Device Error
boot device error problem,Boot Device Error
my boot device error,Boot Device Error
boot device error problem,Boot Device Error
boot device error problem,Boot Device Error
boot device error problem,Boot Device Error
boot device error problem,Boot Device Error
boot device error 380,Boot Device Error
boot device error problem,Boot Device Error
boot device error problem,Boot Device Error
boot device error problem,Boot Device Error
boot device error problem,Boot Device Error
my boot device error,Boot Device Error
boot device error problem,Boot Device Error
boot device error problem,Boot Device Error
boot device error problem,Boot Device Error
boot device error problem,Boot Device Error
boot device error 390,Boot Device Error
boot device error problem,Boot Device Error
boot device error problem,Boot Device Error
boot device error problem,Boot Device Error
boot device error problem,Boot Device Error
my boot device error,Boot Device Error
boot device error problem,Boot Device Error
boot device error problem,Boot Device Error
boot device error problem,Boot Device Error
boot device error problem,Boot Device Error
boot device error 400,Boot Device Error
boot device error problem,Boot Device Error
boot device error problem,Boot Device Error
boot device error problem,Boot Device Error
boot device error problem,Boot Device Error
my boot device error,Boot Device Error
boot device error problem,Boot Device Error
boot device error problem,Boot Device Error
boot device error problem,Boot Device Error
boot device error problem,Boot Device Error
boot device error 410,Boot Device Error
boot device error problem,Boot Device Error
boot device error problem,Boot Device Error
boot device error problem,Boot Device Error
boot device error problem,Boot Device Error
my boot device error,Boot Device Error
boot device error problem,Boot Device Error
boot device error problem,Boot Device Error
boot device error problem,Boot Device Error
boot device error problem,Boot Device Error
boot device error 420,Boot Device Error
boot device error problem,Boot Device Error
boot device error problem,Boot Device Error
boot device error problem,Boot Device Error
boot device error problem,Boot Device Error
my boot device error,Boot Device Error
boot device error problem,Boot Device Error
boot device error problem,Boot Device Error
boot device error problem,Boot Device Error
boot device error problem,Boot Device Error
boot device error 430,Boot Device Error
boot device error problem,Boot Device Error
boot device error problem,Boot Device Error
boot device error problem,Boot Device Error
boot device error problem,Boot Device Error
my boot device error,Boot Device Error
boot device error problem,Boot Device Error
boot device error problem,Boot Device Error
boot device error problem,Boot Device Error
boot device error problem,Boot Device Error
boot device error 440,Boot Device Error
boot device error problem,Boot Device Error
boot device error problem,Boot Device Error
boot device error problem,Boot Device Error
boot device error problem,Boot Device Error
my boot device error,Boot Device Error
boot device error problem,Boot Device Error
boot device error problem,Boot Device Error
boot device error problem,Boot Device Error
boot device error problem,Boot Device Error
boot device error 450,Boot Device Error
boot device error problem,Boot Device Error
boot device error problem,Boot Device Error
boot device error problem,Boot Device Error
boot device error problem,Boot Device Error
my boot device error,Boot Device Error
boot device error problem,Boot Device Error
boot device error problem,Boot Device Error
boot device error problem,Boot Device Error
boot device error problem,Boot Device Error
boot device error 460,Boot Device Error
boot device error problem,Boot Device Error
boot device error problem,Boot Device Error
boot device error problem,Boot Device Error
boot device error problem,Boot Device Error
my boot device error,Boot Device Error
boot device error problem,Boot Device Error
boot device error problem,Boot Device Error
boot device error problem,Boot Device Error
boot device error problem,Boot Device Error
boot device error 470,Boot Device Error
boot device error problem,Boot Device Error
boot device error problem,Boot Device Error
boot device error problem,Boot Device Error
boot device error problem,Boot Device Error
my boot device error,Boot Device Error
boot device error problem,Boot Device Error
boot device error problem,Boot Device Error
boot device error problem,Boot Device Error
boot device error problem,Boot Device Error
boot device error 480,Boot Device Error
boot device error problem,Boot Device Error
boot device error problem,Boot Device Error
boot device error problem,Boot Device Error
boot device error problem,Boot Device Error
my boot device error,Boot Device Error
boot device error problem,Boot Device Error
boot device error problem,Boot Device Error
boot device error problem,Boot Device Error
boot device error problem,Boot Device Error
boot device error 490,Boot Device Error
boot device error problem,Boot Device Error
boot device error problem,Boot Device Error
boot device error problem,Boot Device Error
boot device error problem,Boot Device Error
my boot device error,Boot Device Error
boot device error problem,Boot Device Error
boot device error problem,Boot Device Error
boot device error problem,Boot Device Error
boot device error problem,Boot Device Error
boot device error 500,Boot Device Error
boot device error problem,Boot Device Error
boot device error problem,Boot Device Error
boot device error problem,Boot Device Error
boot device error problem,Boot Device Error
my boot device error,Boot Device Error
boot device error problem,Boot Device Error
boot device error problem,Boot Device Error
boot device error problem,Boot Device Error
boot device error problem,Boot Device Error
boot device error 510,Boot Device Error
boot device error problem,Boot Device Error
boot device error problem,Boot Device Error
boot device error problem,Boot Device Error
boot device error problem,Boot Device Error
my boot device error,Boot Device Error
boot device error problem,Boot Device Error
boot device error problem,Boot Device Error
boot device error problem,Boot Device Error
boot device error problem,Boot Device Error
boot device error 520,Boot Device Error
boot device error problem,Boot Device Error
boot device error problem,Boot Device Error
boot device error problem,Boot Device Error
boot device error problem,Boot Device Error
my boot device error,Boot Device Error
boot device error problem,Boot Device Error
boot device error problem,Boot Device Error
boot device error problem,Boot Device Error
boot device error problem,Boot Device Error
boot device error 530,Boot Device Error
boot device error problem,Boot Device Error
boot device error problem,Boot Device Error
boot device error problem,Boot Device Error
boot device error problem,Boot Device Error
my boot device error,Boot Device Error
boot device error problem,Boot Device Error
boot device error problem,Boot Device Error
boot device error problem,Boot Device Error
boot device error problem,Boot Device Error
boot device error 540,Boot Device Error
boot device error problem,Boot Device Error
boot device error problem,Boot Device Error
boot device error problem,Boot Device Error
boot device error problem,Boot Device Error
my boot device error,Boot Device Error
boot device error problem,Boot Device Error
boot device error problem,Boot Device Error
boot device error problem,Boot Device Error
boot device error problem,Boot Device Error
boot device error 550,Boot Device Error
boot device error problem,Boot Device Error
boot device error problem,Boot Device Error
boot device error problem,Boot Device Error
boot device error problem,Boot Device Error
my boot device error,Boot Device Error
boot device error problem,Boot Device Error
boot device error problem,Boot Device Error
boot device error problem,Boot Device Error
boot device error problem,Boot Device Error
boot device error 560,Boot Device Error
boot device error problem,Boot Device Error
boot device error problem,Boot Device Error
boot device error problem,Boot Device Error
boot device error problem,Boot Device Error
my boot device error,Boot Device Error
boot device error problem,Boot Device Error
boot device error problem,Boot Device Error
boot device error problem,Boot Device Error
boot device error problem,Boot Device Error
boot device error 570,Boot Device Error
boot device error problem,Boot Device Error
boot device error problem,Boot Device Error
boot device error problem,Boot Device Error
boot device error problem,Boot Device Error
my boot device error,Boot Device Error
boot device error problem,Boot Device Error
boot device error problem,Boot Device Error
boot device error problem,Boot Device Error
boot device error problem,Boot Device Error
boot device error 580,Boot Device Error
boot device error problem,Boot Device Error
boot device error problem,Boot Device Error
boot device error problem,Boot Device Error
boot device error problem,Boot Device Error
my boot device error,Boot Device Error
boot device error problem,Boot Device Error
boot device error problem,Boot Device Error
boot device error problem,Boot Device Error
boot device error problem,Boot Device Error
boot device error 590,Boot Device Error
boot device error problem,Boot Device Error
boot device error problem,Boot Device Error
boot device error problem,Boot Device Error
boot device error problem,Boot Device Error
my boot device error,Boot Device Error
boot device error problem,Boot Device Error
boot device error problem,Boot Device Error
boot device error problem,Boot Device Error
boot device error problem,Boot Device Error
boot device error 600,Boot Device Error
boot device error problem,Boot Device Error
boot device error problem,Boot Device Error
boot device error problem,Boot Device Error
boot device error problem,Boot Device Error
my boot device error,Boot Device Error
boot device error problem,Boot Device Error
boot device error problem,Boot Device Error
boot device error problem,Boot Device Error
boot device error problem,Boot Device Error
boot device error 610,Boot Device Error
boot device error problem,Boot Device Error
boot device error problem,Boot Device Error
boot device error problem,Boot Device Error
boot device error problem,Boot Device Error
my boot device error,Boot Device Error
boot device error problem,Boot Device Error
boot device error problem,Boot Device Error
boot device error problem,Boot Device Error
boot device error problem,Boot Device Error
boot device error 620,Boot Device Error
boot device error problem,Boot Device Error
boot device error problem,Boot Device Error
boot device error problem,Boot Device Error
boot device error problem,Boot Device Error
my boot device error,Boot Device Error
boot device error problem,Boot Device Error
boot device error problem,Boot Device Error
boot device error problem,Boot Device Error
boot device error problem,Boot Device Error
boot device error 630,Boot Device Error
boot device error problem,Boot Device Error
boot device error problem,Boot Device Error
boot device error problem,Boot Device Error
boot device error problem,Boot Device Error
my boot device error,Boot Device Error
boot device error problem,Boot Device Error
boot device error problem,Boot Device Error
boot device error problem,Boot Device Error
boot device error problem,Boot Device Error
boot device error 640,Boot Device Error
boot device error problem,Boot Device Error
boot device error problem,Boot Device Error
boot device error problem,Boot Device Error
boot device error problem,Boot Device Error
my boot device error,Boot Device Error
boot device error problem,Boot Device Error
boot device error problem,Boot Device Error
boot device error problem,Boot Device Error
boot device error problem,Boot Device Error
boot device error 650,Boot Device Error
boot device error problem,Boot Device Error
boot device error problem,Boot Device Error
boot device error problem,Boot Device Error
boot device error problem,Boot Device Error
my boot device error,Boot Device Error
boot device error problem,Boot Device Error
boot device error problem,Boot Device Error
boot device error problem,Boot Device Error
boot device error problem,Boot Device Error
boot device error 660,Boot Device Error
boot device error problem,Boot Device Error
boot device error problem,Boot Device Error
boot device error problem,Boot Device Error
boot device error problem,Boot Device Error
my boot device error,Boot Device Error
boot device error problem,Boot Device Error
boot device error problem,Boot Device Error
boot device error problem,Boot Device Error
boot device error problem,Boot Device Error
boot device error 670,Boot Device Error
boot device error problem,Boot Device Error
boot device error problem,Boot Device Error
boot device error problem,Boot Device Error
boot device error problem,Boot Device Error
my boot device error,Boot Device Error
boot device error problem,Boot Device Error
boot device error problem,Boot Device Error
boot device error problem,Boot Device Error
boot device error problem,Boot Device Error
boot device error 680,Boot Device Error
boot device error problem,Boot Device Error
boot device error problem,Boot Device Error
boot device error problem,Boot Device Error
boot device error problem,Boot Device Error
my boot device error,Boot Device Error
boot device error problem,Boot Device Error
boot device error problem,Boot Device Error
boot device error problem,Boot Device Error
boot device error problem,Boot Device Error
boot device error 690,Boot Device Error
boot device error problem,Boot Device Error
boot device error problem,Boot Device Error
boot device error problem,Boot Device Error
boot device error problem,Boot Device Error
my boot device error,Boot Device Error
boot device error problem,Boot Device Error
boot device error problem,Boot Device Error
boot device error problem,Boot Device Error
boot device error problem,Boot Device Error
boot device error 700,Boot Device Error
boot device error problem,Boot Device Error
boot device error problem,Boot Device Error
boot device error problem,Boot Device Error
boot device error problem,Boot Device Error
my boot device error,Boot Device Error
boot device error problem,Boot Device Error
boot device error problem,Boot Device Error
boot device error problem,Boot Device Error
boot device error problem,Boot Device Error
boot device error 710,Boot Device Error
boot device error problem,Boot Device Error
boot device error problem,Boot Device Error
boot device error problem,Boot Device Error
boot device error problem,Boot Device Error
my boot device error,Boot Device Error
boot device error problem,Boot Device Error
boot device error problem,Boot Device Error
boot device error problem,Boot Device Error
boot device error problem,Boot Device Error
boot device error 720,Boot Device Error
boot device error problem,Boot Device Error
boot device error problem,Boot Device Error
boot device error problem,Boot Device Error
boot device error problem,Boot Device Error
my boot device error,Boot Device Error
boot device error problem,Boot Device Error
boot device error problem,Boot Device Error
boot device error problem,Boot Device Error
boot device error problem,Boot Device Error
boot device error 730,Boot Device Error
boot device error problem,Boot Device Error
boot device error problem,Boot Device Error
boot device error problem,Boot Device Error
boot device error problem,Boot Device Error
my boot device error,Boot Device Error
boot device error problem,Boot Device Error
boot device error problem,Boot Device Error
boot device error problem,Boot Device Error
boot device error problem,Boot Device Error
boot device error 740,Boot Device Error
boot device error problem,Boot Device Error
boot device error problem,Boot Device Error
boot device error problem,Boot Device Error
boot device error problem,Boot Device Error
my boot device error,Boot Device Error
boot device error problem,Boot Device Error
boot device error problem,Boot Device Error
boot device error problem,Boot Device Error
boot device error problem,Boot Device Error
boot device error 750,Boot Device Error
boot device error problem,Boot Device Error
boot device error problem,Boot Device Error
boot device error problem,Boot Device Error
boot device error problem,Boot Device Error
my boot device error,Boot Device Error
boot device error problem,Boot Device Error
boot device error problem,Boot Device Error
boot device error problem,Boot Device Error
boot device error problem,Boot Device Error
boot device error 760,Boot Device Error
boot device error problem,Boot Device Error
boot device error problem,Boot Device Error
boot device error problem,Boot Device Error
boot device error problem,Boot Device Error
my boot device error,Boot Device Error
boot device error problem,Boot Device Error
boot device error problem,Boot Device Error
boot device error problem,Boot Device Error
boot device error problem,Boot Device Error
boot device error 770,Boot Device Error
boot device error problem,Boot Device Error
boot device error problem,Boot Device Error
boot device error problem,Boot Device Error
boot device error problem,Boot Device Error
my boot device error,Boot Device Error
boot device error problem,Boot Device Error
boot device error problem,Boot Device Error
boot device error problem,Boot Device Error
boot device error problem,Boot Device Error
boot device error 780,Boot Device Error
boot device error problem,Boot Device Error
boot device error problem,Boot Device Error
boot device error problem,Boot Device Error
boot device error problem,Boot Device Error
my boot device error,Boot Device Error
boot device error problem,Boot Device Error
boot device error problem,Boot Device Error
boot device error problem,Boot Device Error
boot device error problem,Boot Device Error
boot device error 790,Boot Device Error
boot device error problem,Boot Device Error
boot device error problem,Boot Device Error
boot device error problem,Boot Device Error
boot device error problem,Boot Device Error
my boot device error,Boot Device Error
boot device error problem,Boot Device Error
boot device error problem,Boot Device Error
boot device error problem,Boot Device Error
boot device error problem,Boot Device Error
boot device error 800,Boot Device Error
boot device error problem,Boot Device Error
boot device error problem,Boot Device Error
boot device error problem,Boot Device Error
boot device error problem,Boot Device Error
my boot device error,Boot Device Error
boot device error problem,Boot Device Error
boot device error problem,Boot Device Error
boot device error problem,Boot Device Error
boot device error problem,Boot Device Error
boot device error 810,Boot Device Error
boot device error problem,Boot Device Error
boot device error problem,Boot Device Error
boot device error problem,Boot Device Error
boot device error problem,Boot Device Error
my boot device error,Boot Device Error
boot device error problem,Boot Device Error
boot device error problem,Boot Device Error
boot device error problem,Boot Device Error
boot device error problem,Boot Device Error
boot device error 820,Boot Device Error
boot device error problem,Boot Device Error
boot device error problem,Boot Device Error
boot device error problem,Boot Device Error
boot device error problem,Boot Device Error
my boot device error,Boot Device Error
boot device error problem,Boot Device Error
boot device error problem,Boot Device Error
boot device error problem,Boot Device Error
boot device error problem,Boot Device Error
boot device error 830,Boot Device Error
boot device error problem,Boot Device Error
boot device error problem,Boot Device Error
boot device error problem,Boot Device Error
boot device error problem,Boot Device Error
my boot device error,Boot Device Error
boot device error problem,Boot Device Error
boot device error problem,Boot Device Error
boot device error problem,Boot Device Error
boot device error problem,Boot Device Error
boot device error 840,Boot Device Error
boot device error problem,Boot Device Error
boot device error problem,Boot Device Error
boot device error problem,Boot Device Error
boot device error problem,Boot Device Error
my boot device error,Boot Device Error
boot device error problem,Boot Device Error
boot device error problem,Boot Device Error
boot device error problem,Boot Device Error
boot device error problem,Boot Device Error
boot device error 850,Boot Device Error
boot device error problem,Boot Device Error
boot device error problem,Boot Device Error
boot device error problem,Boot Device Error
boot device error problem,Boot Device Error
my boot device error,Boot Device Error
boot device error problem,Boot Device Error
boot device error problem,Boot Device Error
boot device error problem,Boot Device Error
boot device error problem,Boot Device Error
boot device error 860,Boot Device Error
boot device error problem,Boot Device Error
boot device error problem,Boot Device Error
boot device error problem,Boot Device Error
boot device error problem,Boot Device Error
my boot device error,Boot Device Error
boot device error problem,Boot Device Error
boot device error problem,Boot Device Error
boot device error problem,Boot Device Error
boot device error problem,Boot Device Error
boot device error 870,Boot Device Error
boot device error problem,Boot Device Error
boot device error problem,Boot Device Error
boot device error problem,Boot Device Error
boot device error problem,Boot Device Error
my boot device error,Boot Device Error
boot device error problem,Boot Device Error
boot device error problem,Boot Device Error
boot device error problem,Boot Device Error
boot device error problem,Boot Device Error
boot device error 880,Boot Device Error
boot device error problem,Boot Device Error
boot device error problem,Boot Device Error
boot device error problem,Boot Device Error
boot device error problem,Boot Device Error
my boot device error,Boot Device Error
boot device error problem,Boot Device Error
boot device error problem,Boot Device Error
boot device error problem,Boot Device Error
boot device error problem,Boot Device Error
boot device error 890,Boot Device Error
boot device error problem,Boot Device Error
boot device error problem,Boot Device Error
boot device error problem,Boot Device Error
boot device error problem,Boot Device Error
my boot device error,Boot Device Error
boot device error problem,Boot Device Error
boot device error problem,Boot Device Error
boot device error problem,Boot Device Error
boot device error problem,Boot Device Error
boot device error 900,Boot Device Error
boot device error problem,Boot Device Error
boot device error problem,Boot Device Error
boot device error problem,Boot Device Error
boot device error problem,Boot Device Error
my boot device error,Boot Device Error
boot device error problem,Boot Device Error
boot device error problem,Boot Device Error
boot device error problem,Boot Device Error
boot device error problem,Boot Device Error
boot device error 910,Boot Device Error
boot device error problem,Boot Device Error
boot device error problem,Boot Device Error
boot device error problem,Boot Device Error
boot device error problem,Boot Device Error
my boot device error,Boot Device Error
boot device error problem,Boot Device Error
boot device error problem,Boot Device Error
boot device error problem,Boot Device Error
boot device error problem,Boot Device Error
boot device error 920,Boot Device Error
boot device error problem,Boot Device Error
boot device error problem,Boot Device Error
boot device error problem,Boot Device Error
boot device error problem,Boot Device Error
my boot device error,Boot Device Error
boot device error problem,Boot Device Error
boot device error problem,Boot Device Error
boot device error problem,Boot Device Error
boot device error problem,Boot Device Error
boot device error 930,Boot Device Error
boot device error problem,Boot Device Error
boot device error problem,Boot Device Error
boot device error problem,Boot Device Error
boot device error problem,Boot Device Error
my boot device error,Boot Device Error
boot device error problem,Boot Device Error
boot device error problem,Boot Device Error
boot device error problem,Boot Device Error
boot device error problem,Boot Device Error
boot device error 940,Boot Device Error
boot device error problem,Boot Device Error
boot device error problem,Boot Device Error
boot device error problem,Boot Device Error
boot device error problem,Boot Device Error
my boot device error,Boot Device Error
boot device error problem,Boot Device Error
boot device error problem,Boot Device Error
boot device error problem,Boot Device Error
boot device error problem,Boot Device Error
boot device error 950,Boot Device Error
boot device error problem,Boot Device Error
boot device error problem,Boot Device Error
boot device error problem,Boot Device Error
boot device error problem,Boot Device Error
my boot device error,Boot Device Error
boot device error problem,Boot Device Error
boot device error problem,Boot Device Error
boot device error problem,Boot Device Error
boot device error problem,Boot Device Error
boot device error 960,Boot Device Error
boot device error problem,Boot Device Error
boot device error problem,Boot Device Error
boot device error problem,Boot Device Error
boot device error problem,Boot Device Error
my boot device error,Boot Device Error
boot device error problem,Boot Device Error
boot device error problem,Boot Device Error
boot device error problem,Boot Device Error
boot device error problem,Boot Device Error
boot device error 970,Boot Device Error
boot device error problem,Boot Device Error
boot device error problem,Boot Device Error
boot device error problem,Boot Device Error
boot device error problem,Boot Device Error
my boot device error,Boot Device Error
boot device error problem,Boot Device Error
boot device error problem,Boot Device Error
boot device error problem,Boot Device Error
boot device error problem,Boot Device Error
boot device error 980,Boot Device Error
boot device error problem,Boot Device Error
boot device error problem,Boot Device Error
boot device error problem,Boot Device Error
boot device error problem,Boot Device Error
my boot device error,Boot Device Error
boot device error problem,Boot Device Error
boot device error problem,Boot Device Error
boot device error problem,Boot Device Error
boot device error problem,Boot Device Error
boot device error 990,Boot Device Error
boot device error problem,Boot Device Error
boot device error problem,Boot Device Error
boot device error problem,Boot Device Error
boot device error problem,Boot Device Error
my boot device error,Boot Device Error
boot device error problem,Boot Device Error
boot device error problem,Boot Device Error
boot device error problem,Boot Device Error
boot device error problem,Boot Device Error
boot device error 1000,Boot Device Error
boot device error problem,Boot Device Error
boot device error problem,Boot Device Error
boot device error problem,Boot Device Error
boot device error problem,Boot Device Error
my boot device error,Boot Device Error
boot device error problem,Boot Device Error
boot device error problem,Boot Device Error
boot device error problem,Boot Device Error
boot device error problem,Boot Device Error
boot device error 1010,Boot Device Error
boot device error problem,Boot Device Error
boot device error problem,Boot Device Error
boot device error problem,Boot Device Error
boot device error problem,Boot Device Error
my boot device error,Boot Device Error
boot device error problem,Boot Device Error
boot device error problem,Boot Device Error
boot device error problem,Boot Device Error
boot device error problem,Boot Device Error
boot device error 1020,Boot Device Error
boot device error problem,Boot Device Error
boot device error problem,Boot Device Error
boot device error problem,Boot Device Error
boot device error problem,Boot Device Error
my boot device error,Boot Device Error
boot device error problem,Boot Device Error
boot device error problem,Boot Device Error
boot device error problem,Boot Device Error
boot device error problem,Boot Device Error
boot device error 1030,Boot Device Error
boot device error problem,Boot Device Error
boot device error problem,Boot Device Error
boot device error problem,Boot Device Error
boot device error problem,Boot Device Error
my boot device error,Boot Device Error
boot device error problem,Boot Device Error
boot device error problem,Boot Device Error
boot device error problem,Boot Device Error
boot device error problem,Boot Device Error
boot device error 1040,Boot Device Error
boot device error problem,Boot Device Error
boot device error problem,Boot Device Error
boot device error problem,Boot Device Error
boot device error problem,Boot Device Error
my boot device error,Boot Device Error
boot device error problem,Boot Device Error
boot device error problem,Boot Device Error
boot device error problem,Boot Device Error
boot device error problem,Boot Device Error
boot device error 1050,Boot Device Error
boot device error problem,Boot Device Error
boot device error problem,Boot Device Error
boot device error problem,Boot Device Error
boot device error problem,Boot Device Error
my boot device error,Boot Device Error
boot device error problem,Boot Device Error
boot device error problem,Boot Device Error
boot device error problem,Boot Device Error
boot device error problem,Boot Device Error
boot device error 1060,Boot Device Error
boot device error problem,Boot Device Error
boot device error problem,Boot Device Error
boot device error problem,Boot Device Error
boot device error problem,Boot Device Error
my boot device error,Boot Device Error
boot device error problem,Boot Device Error
boot device error problem,Boot Device Error
boot device error problem,Boot Device Error
boot device error problem,Boot Device Error
boot device error 1070,Boot Device Error
boot device error problem,Boot Device Error
boot device error problem,Boot Device Error
boot device error problem,Boot Device Error
boot device error problem,Boot Device Error
my boot device error,Boot Device Error
boot device error problem,Boot Device Error
boot device error problem,Boot Device Error
boot device error problem,Boot Device Error
boot device error problem,Boot Device Error
boot device error 1080,Boot Device Error
boot device error problem,Boot Device Error
boot device error problem,Boot Device Error
boot device error problem,Boot Device Error
boot device error problem,Boot Device Error
my boot device error,Boot Device Error
boot device error problem,Boot Device Error
boot device error problem,Boot Device Error
boot device error problem,Boot Device Error
boot device error problem,Boot Device Error
boot device error 1090,Boot Device Error
boot device error problem,Boot Device Error
boot device error problem,Boot Device Error
boot device error problem,Boot Device Error
boot device error problem,Boot Device Error
my boot device error,Boot Device Error
boot device error problem,Boot Device Error
boot device error problem,Boot Device Error
boot device error problem,Boot Device Error
boot device error problem,Boot Device Error
boot device error 1100,Boot Device Error
boot device error problem,Boot Device Error
boot device error problem,Boot Device Error
boot device error problem,Boot Device Error
boot device error problem,Boot Device Error
my boot device error,Boot Device Error
boot device error problem,Boot Device Error
boot device error problem,Boot Device Error
boot device error problem,Boot Device Error
boot device error problem,Boot Device Error
general repair,General Repair
general repair 0,General Repair
general repair problem,General Repair
general repair problem,General Repair
general repair problem,General Repair
general repair problem,General Repair
my general repair,General Repair
general repair problem,General Repair
general repair problem,General Repair
general repair problem,General Repair
general repair problem,General Repair
general repair 10,General Repair
general repair problem,General Repair
general repair problem,General Repair
general repair problem,General Repair
general repair problem,General Repair
my general repair,General Repair
general repair problem,General Repair
general repair problem,General Repair
general repair problem,General Repair
general repair problem,General Repair
general repair 20,General Repair
general repair problem,General Repair
general repair problem,General Repair
general repair problem,General Repair
general repair problem,General Repair
my general repair,General Repair
general repair problem,General Repair
general repair problem,General Repair
general repair problem,General Repair
general repair problem,General Repair
general repair 30,General Repair
general repair problem,General Repair
general repair problem,General Repair
general repair problem,General Repair
general repair problem,General Repair
my general repair,General Repair
general repair problem,General Repair
general repair problem,General Repair
general repair problem,General Repair
general repair problem,General Repair
general repair 40,General Repair
general repair problem,General Repair
general repair problem,General Repair
general repair problem,General Repair
general repair problem,General Repair
my general repair,General Repair
general repair problem,General Repair
general repair problem,General Repair
general repair problem,General Repair
general repair problem,General Repair
general repair 50,General Repair
general repair problem,General Repair
general repair problem,General Repair
general repair problem,General Repair
general repair problem,General Repair
my general repair,General Repair
general repair problem,General Repair
general repair problem,General Repair
general repair problem,General Repair
general repair problem,General Repair
general repair 60,General Repair
general repair problem,General Repair
general repair problem,General Repair
general repair problem,General Repair
general repair problem,General Repair
my general repair,General Repair
general repair problem,General Repair
general repair problem,General Repair
general repair problem,General Repair
general repair problem,General Repair
general repair 70,General Repair
general repair problem,General Repair
general repair problem,General Repair
general repair problem,General Repair
general repair problem,General Repair
my general repair,General Repair
general repair problem,General Repair
general repair problem,General Repair
general repair problem,General Repair
general repair problem,General Repair
general repair 80,General Repair
general repair problem,General Repair
general repair problem,General Repair
general repair problem,General Repair
general repair problem,General Repair
my general repair,General Repair
general repair problem,General Repair
general repair problem,General Repair
general repair problem,General Repair
general repair problem,General Repair
general repair 90,General Repair
general repair problem,General Repair
general repair problem,General Repair
general repair problem,General Repair
general repair problem,General Repair
my general repair,General Repair
general repair problem,General Repair
general repair problem,General Repair
general repair problem,General Repair
general repair problem,General Repair
general repair 100,General Repair
general repair problem,General Repair
general repair problem,General Repair
general repair problem,General Repair
general repair problem,General Repair
my general repair,General Repair
general repair problem,General Repair
general repair problem,General Repair
general repair problem,General Repair
general repair problem,General Repair
general repair 110,General Repair
general repair problem,General Repair
general repair problem,General Repair
general repair problem,General Repair
general repair problem,General Repair
my general repair,General Repair
general repair problem,General Repair
general repair problem,General Repair
general repair problem,General Repair
general repair problem,General Repair
general repair 120,General Repair
general repair problem,General Repair
general repair problem,General Repair
general repair problem,General Repair
general repair problem,General Repair
my general repair,General Repair
general repair problem,General Repair
general repair problem,General Repair
general repair problem,General Repair
general repair problem,General Repair
general repair 130,General Repair
general repair problem,General Repair
general repair problem,General Repair
general repair problem,General Repair
general repair problem,General Repair
my general repair,General Repair
general repair problem,General Repair
general repair problem,General Repair
general repair problem,General Repair
general repair problem,General Repair
general repair 140,General Repair
general repair problem,General Repair
general repair problem,General Repair
general repair problem,General Repair
general repair problem,General Repair
my general repair,General Repair
general repair problem,General Repair
general repair problem,General Repair
general repair problem,General Repair
general repair problem,General Repair
general repair 150,General Repair
general repair problem,General Repair
general repair problem,General Repair
general repair problem,General Repair
general repair problem,General Repair
my general repair,General Repair
general repair problem,General Repair
general repair problem,General Repair
general repair problem,General Repair
general repair problem,General Repair
general repair 160,General Repair
general repair problem,General Repair
general repair problem,General Repair
general repair problem,General Repair
general repair problem,General Repair
my general repair,General Repair
general repair problem,General Repair
general repair problem,General Repair
general repair problem,General Repair
general repair problem,General Repair
general repair 170,General Repair
general repair problem,General Repair
general repair problem,General Repair
general repair problem,General Repair
general repair problem,General Repair
my general repair,General Repair
general repair problem,General Repair
general repair problem,General Repair
general repair problem,General Repair
general repair problem,General Repair
general repair 180,General Repair
general repair problem,General Repair
general repair problem,General Repair
general repair problem,General Repair
general repair problem,General Repair
my general repair,General Repair
general repair problem,General Repair
general repair problem,General Repair
general repair problem,General Repair
general repair problem,General Repair
general repair 190,General Repair
general repair problem,General Repair
general repair problem,General Repair
general repair problem,General Repair
general repair problem,General Repair
my general repair,General Repair
general repair problem,General Repair
general repair problem,General Repair
general repair problem,General Repair
general repair problem,General Repair
general repair 200,General Repair
general repair problem,General Repair
general repair problem,General Repair
general repair problem,General Repair
general repair problem,General Repair
my general repair,General Repair
general repair problem,General Repair
general repair problem,General Repair
general repair problem,General Repair
general repair problem,General Repair
general repair 210,General Repair
general repair problem,General Repair
general repair problem,General Repair
general repair problem,General Repair
general repair problem,General Repair
my general repair,General Repair
general repair problem,General Repair
general repair problem,General Repair
general repair problem,General Repair
general repair problem,General Repair
general repair 220,General Repair
general repair problem,General Repair
general repair problem,General Repair
general repair problem,General Repair
general repair problem,General Repair
my general repair,General Repair
general repair problem,General Repair
general repair problem,General Repair
general repair problem,General Repair
general repair problem,General Repair
general repair 230,General Repair
general repair problem,General Repair
general repair problem,General Repair
general repair problem,General Repair
general repair problem,General Repair
my general repair,General Repair
general repair problem,General Repair
general repair problem,General Repair
general repair problem,General Repair
general repair problem,General Repair
general repair 240,General Repair
general repair problem,General Repair
general repair problem,General Repair
general repair problem,General Repair
general repair problem,General Repair
my general repair,General Repair
general repair problem,General Repair
general repair problem,General Repair
general repair problem,General Repair
general repair problem,General Repair
general repair 250,General Repair
general repair problem,General Repair
general repair problem,General Repair
general repair problem,General Repair
general repair problem,General Repair
my general repair,General Repair
general repair problem,General Repair
general repair problem,General Repair
general repair problem,General Repair
general repair problem,General Repair
general repair 260,General Repair
general repair problem,General Repair
general repair problem,General Repair
general repair problem,General Repair
general repair problem,General Repair
my general repair,General Repair
general repair problem,General Repair
general repair problem,General Repair
general repair problem,General Repair
general repair problem,General Repair
general repair 270,General Repair
general repair problem,General Repair
general repair problem,General Repair
general repair problem,General Repair
general repair problem,General Repair
my general repair,General Repair
general repair problem,General Repair
general repair problem,General Repair
general repair problem,General Repair
general repair problem,General Repair
general repair 280,General Repair
general repair problem,General Repair
general repair problem,General Repair
general repair problem,General Repair
general repair problem,General Repair
my general repair,General Repair
general repair problem,General Repair
general repair problem,General Repair
general repair problem,General Repair
general repair problem,General Repair
general repair 290,General Repair
general repair problem,General Repair
general repair problem,General Repair
general repair problem,General Repair
general repair problem,General Repair
my general repair,General Repair
general repair problem,General Repair
general repair problem,General Repair
general repair problem,General Repair
general repair problem,General Repair
general repair 300,General Repair
general repair problem,General Repair
general repair problem,General Repair
general repair problem,General Repair
general repair problem,General Repair
my general repair,General Repair
general repair problem,General Repair
general repair problem,General Repair
general repair problem,General Repair
general repair problem,General Repair
general repair 310,General Repair
general repair problem,General Repair
general repair problem,General Repair
general repair problem,General Repair
general repair problem,General Repair
my general repair,General Repair
general repair problem,General Repair
general repair problem,General Repair
general repair problem,General Repair
general repair problem,General Repair
general repair 320,General Repair
general repair problem,General Repair
general repair problem,General Repair
general repair problem,General Repair
general repair problem,General Repair
my general repair,General Repair
general repair problem,General Repair
general repair problem,General Repair
general repair problem,General Repair
general repair problem,General Repair
general repair 330,General Repair
general repair problem,General Repair
general repair problem,General Repair
general repair problem,General Repair
general repair problem,General Repair
my general repair,General Repair
general repair problem,General Repair
general repair problem,General Repair
general repair problem,General Repair
general repair problem,General Repair
general repair 340,General Repair
general repair problem,General Repair
general repair problem,General Repair
general repair problem,General Repair
general repair problem,General Repair
my general repair,General Repair
general repair problem,General Repair
general repair problem,General Repair
general repair problem,General Repair
general repair problem,General Repair
general repair 350,General Repair
general repair problem,General Repair
general repair problem,General Repair
general repair problem,General Repair
general repair problem,General Repair
my general repair,General Repair
general repair problem,General Repair
general repair problem,General Repair
general repair problem,General Repair
general repair problem,General Repair
general repair 360,General Repair
general repair problem,General Repair
general repair problem,General Repair
general repair problem,General Repair
general repair problem,General Repair
my general repair,General Repair
general repair problem,General Repair
general repair problem,General Repair
general repair problem,General Repair
general repair problem,General Repair
general repair 370,General Repair
general repair problem,General Repair
general repair problem,General Repair
general repair problem,General Repair
general repair problem,General Repair
my general repair,General Repair
general repair problem,General Repair
general repair problem,General Repair
general repair problem,General Repair
general repair problem,General Repair
general repair 380,General Repair
general repair problem,General Repair
general repair problem,General Repair
general repair problem,General Repair
general repair problem,General Repair
my general repair,General Repair
general repair problem,General Repair
general repair problem,General Repair
general repair problem,General Repair
general repair problem,General Repair
general repair 390,General Repair
general repair problem,General Repair
general repair problem,General Repair
general repair problem,General Repair
general repair problem,General Repair
my general repair,General Repair
general repair problem,General Repair
general repair problem,General Repair
general repair problem,General Repair
general repair problem,General Repair
general repair 400,General Repair
general repair problem,General Repair
general repair problem,General Repair
general repair problem,General Repair
general repair problem,General Repair
my general repair,General Repair
general repair problem,General Repair
general repair problem,General Repair
general repair problem,General Repair
general repair problem,General Repair
general repair 410,General Repair
general repair problem,General Repair
general repair problem,General Repair
general repair problem,General Repair
general repair problem,General Repair
my general repair,General Repair
general repair problem,General Repair
general repair problem,General Repair
general repair problem,General Repair
general repair problem,General Repair
general repair 420,General Repair
general repair problem,General Repair
general repair problem,General Repair
general repair problem,General Repair
general repair problem,General Repair
my general repair,General Repair
general repair problem,General Repair
general repair problem,General Repair
general repair problem,General Repair
general repair problem,General Repair
general repair 430,General Repair
general repair problem,General Repair
general repair problem,General Repair
general repair problem,General Repair
general repair problem,General Repair
my general repair,General Repair
general repair problem,General Repair
general repair problem,General Repair
general repair problem,General Repair
general repair problem,General Repair
general repair 440,General Repair
general repair problem,General Repair
general repair problem,General Repair
general repair problem,General Repair
general repair problem,General Repair
my general repair,General Repair
general repair problem,General Repair
general repair problem,General Repair
general repair problem,General Repair
general repair problem,General Repair
general repair 450,General Repair
general repair problem,General Repair
general repair problem,General Repair
general repair problem,General Repair
general repair problem,General Repair
my general repair,General Repair
general repair problem,General Repair
general repair problem,General Repair
general repair problem,General Repair
general repair problem,General Repair
general repair 460,General Repair
general repair problem,General Repair
general repair problem,General Repair
general repair problem,General Repair
general repair problem,General Repair
my general repair,General Repair
general repair problem,General Repair
general repair problem,General Repair
general repair problem,General Repair
general repair problem,General Repair
general repair 470,General Repair
general repair problem,General Repair
general repair problem,General Repair
general repair problem,General Repair
general repair problem,General Repair
my general repair,General Repair
general repair problem,General Repair
general repair problem,General Repair
general repair problem,General Repair
general repair problem,General Repair
general repair 480,General Repair
general repair problem,General Repair
general repair problem,General Repair
general repair problem,General Repair
general repair problem,General Repair
my general repair,General Repair
general repair problem,General Repair
general repair problem,General Repair
general repair problem,General Repair
general repair problem,General Repair
general repair 490,General Repair
general repair problem,General Repair
general repair problem,General Repair
general repair problem,General Repair
general repair problem,General Repair
my general repair,General Repair
general repair problem,General Repair
general repair problem,General Repair
general repair problem,General Repair
general repair problem,General Repair
general repair 500,General Repair
general repair problem,General Repair
general repair problem,General Repair
general repair problem,General Repair
general repair problem,General Repair
my general repair,General Repair
general repair problem,General Repair
general repair problem,General Repair
general repair problem,General Repair
general repair problem,General Repair
general repair 510,General Repair
general repair problem,General Repair
general repair problem,General Repair
general repair problem,General Repair
general repair problem,General Repair
my general repair,General Repair
general repair problem,General Repair
general repair problem,General Repair
general repair problem,General Repair
general repair problem,General Repair
general repair 520,General Repair
general repair problem,General Repair
general repair problem,General Repair
general repair problem,General Repair
general repair problem,General Repair
my general repair,General Repair
general repair problem,General Repair
general repair problem,General Repair
general repair problem,General Repair
general repair problem,General Repair
general repair 530,General Repair
general repair problem,General Repair
general repair problem,General Repair
general repair problem,General Repair
general repair problem,General Repair
my general repair,General Repair
general repair problem,General Repair
general repair problem,General Repair
general repair problem,General Repair
general repair problem,General Repair
general repair 540,General Repair
general repair problem,General Repair
general repair problem,General Repair
general repair problem,General Repair
general repair problem,General Repair
my general repair,General Repair
general repair problem,General Repair
general repair problem,General Repair
general repair problem,General Repair
general repair problem,General Repair
general repair 550,General Repair
general repair problem,General Repair
general repair problem,General Repair
general repair problem,General Repair
general repair problem,General Repair
my general repair,General Repair
general repair problem,General Repair
general repair problem,General Repair
general repair problem,General Repair
general repair problem,General Repair
general repair 560,General Repair
general repair problem,General Repair
general repair problem,General Repair
general repair problem,General Repair
general repair problem,General Repair
my general repair,General Repair
general repair problem,General Repair
general repair problem,General Repair
general repair problem,General Repair
general repair problem,General Repair
general repair 570,General Repair
general repair problem,General Repair
general repair problem,General Repair
general repair problem,General Repair
general repair problem,General Repair
my general repair,General Repair
general repair problem,General Repair
general repair problem,General Repair
general repair problem,General Repair
general repair problem,General Repair
general repair 580,General Repair
general repair problem,General Repair
general repair problem,General Repair
general repair problem,General Repair
general repair problem,General Repair
my general repair,General Repair
general repair problem,General Repair
general repair problem,General Repair
general repair problem,General Repair
general repair problem,General Repair
general repair 590,General Repair
general repair problem,General Repair
general repair problem,General Repair
general repair problem,General Repair
general repair problem,General Repair
my general repair,General Repair
general repair problem,General Repair
general repair problem,General Repair
general repair problem,General Repair
general repair problem,General Repair
general repair 600,General Repair
general repair problem,General Repair
general repair problem,General Repair
general repair problem,General Repair
general repair problem,General Repair
my general repair,General Repair
general repair problem,General Repair
general repair problem,General Repair
general repair problem,General Repair
general repair problem,General Repair
general repair 610,General Repair
general repair problem,General Repair
general repair problem,General Repair
general repair problem,General Repair
general repair problem,General Repair
my general repair,General Repair
general repair problem,General Repair
general repair problem,General Repair
general repair problem,General Repair
general repair problem,General Repair
general repair 620,General Repair
general repair problem,General Repair
general repair problem,General Repair
general repair problem,General Repair
general repair problem,General Repair
my general repair,General Repair
general repair problem,General Repair
general repair problem,General Repair
general repair problem,General Repair
general repair problem,General Repair
general repair 630,General Repair
general repair problem,General Repair
general repair problem,General Repair
general repair problem,General Repair
general repair problem,General Repair
my general repair,General Repair
general repair problem,General Repair
general repair problem,General Repair
general repair problem,General Repair
general repair problem,General Repair
general repair 640,General Repair
general repair problem,General Repair
general repair problem,General Repair
general repair problem,General Repair
general repair problem,General Repair
my general repair,General Repair
general repair problem,General Repair
general repair problem,General Repair
general repair problem,General Repair
general repair problem,General Repair
general repair 650,General Repair
general repair problem,General Repair
general repair problem,General Repair
general repair problem,General Repair
general repair problem,General Repair
my general repair,General Repair
general repair problem,General Repair
general repair problem,General Repair
general repair problem,General Repair
general repair problem,General Repair
general repair 660,General Repair
general repair problem,General Repair
general repair problem,General Repair
general repair problem,General Repair
general repair problem,General Repair
my general repair,General Repair
general repair problem,General Repair
general repair problem,General Repair
general repair problem,General Repair
general repair problem,General Repair
general repair 670,General Repair
general repair problem,General Repair
general repair problem,General Repair
general repair problem,General Repair
general repair problem,General Repair
my general repair,General Repair
general repair problem,General Repair
general repair problem,General Repair
general repair problem,General Repair
general repair problem,General Repair
general repair 680,General Repair
general repair problem,General Repair
general repair problem,General Repair
general repair problem,General Repair
general repair problem,General Repair
my general repair,General Repair
general repair problem,General Repair
general repair problem,General Repair
general repair problem,General Repair
general repair problem,General Repair
general repair 690,General Repair
general repair problem,General Repair
general repair problem,General Repair
general repair problem,General Repair
general repair problem,General Repair
my general repair,General Repair
general repair problem,General Repair
general repair problem,General Repair
general repair problem,General Repair
general repair problem,General Repair
general repair 700,General Repair
general repair problem,General Repair
general repair problem,General Repair
general repair problem,General Repair
general repair problem,General Repair
my general repair,General Repair
general repair problem,General Repair
general repair problem,General Repair
general repair problem,General Repair
general repair problem,General Repair
general repair 710,General Repair
general repair problem,General Repair
general repair problem,General Repair
general repair problem,General Repair
general repair problem,General Repair
my general repair,General Repair
general repair problem,General Repair
general repair problem,General Repair
general repair problem,General Repair
general repair problem,General Repair
general repair 720,General Repair
general repair problem,General Repair
general repair problem,General Repair
general repair problem,General Repair
general repair problem,General Repair
my general repair,General Repair
general repair problem,General Repair
general repair problem,General Repair
general repair problem,General Repair
general repair problem,General Repair
general repair 730,General Repair
general repair problem,General Repair
general repair problem,General Repair
general repair problem,General Repair
general repair problem,General Repair
my general repair,General Repair
general repair problem,General Repair
general repair problem,General Repair
general repair problem,General Repair
general repair problem,General Repair
general repair 740,General Repair
general repair problem,General Repair
general repair problem,General Repair
general repair problem,General Repair
general repair problem,General Repair
my general repair,General Repair
general repair problem,General Repair
general repair problem,General Repair
general repair problem,General Repair
general repair problem,General Repair
general repair 750,General Repair
general repair problem,General Repair
general repair problem,General Repair
general repair problem,General Repair
general repair problem,General Repair
my general repair,General Repair
general repair problem,General Repair
general repair problem,General Repair
general repair problem,General Repair
general repair problem,General Repair
general repair 760,General Repair
general repair problem,General Repair
general repair problem,General Repair
general repair problem,General Repair
general repair problem,General Repair
my general repair,General Repair
general repair problem,General Repair
general repair problem,General Repair
general repair problem,General Repair
general repair problem,General Repair
general repair 770,General Repair
general repair problem,General Repair
general repair problem,General Repair
general repair problem,General Repair
general repair problem,General Repair
my general repair,General Repair
general repair problem,General Repair
general repair problem,General Repair
general repair problem,General Repair
general repair problem,General Repair
general repair 780,General Repair
general repair problem,General Repair
general repair problem,General Repair
general repair problem,General Repair
general repair problem,General Repair
my general repair,General Repair
general repair problem,General Repair
general repair problem,General Repair
general repair problem,General Repair
general repair problem,General Repair
general repair 790,General Repair
general repair problem,General Repair
general repair problem,General Repair
general repair problem,General Repair
general repair problem,General Repair
my general repair,General Repair
general repair problem,General Repair
general repair problem,General Repair
general repair problem,General Repair
general repair problem,General Repair
general repair 800,General Repair
general repair problem,General Repair
general repair problem,General Repair
general repair problem,General Repair
general repair problem,General Repair
my general repair,General Repair
general repair problem,General Repair
general repair problem,General Repair
general repair problem,General Repair
general repair problem,General Repair
general repair 810,General Repair
general repair problem,General Repair
general repair problem,General Repair
general repair problem,General Repair
general repair problem,General Repair
my general repair,General Repair
general repair problem,General Repair
general repair problem,General Repair
general repair problem,General Repair
general repair problem,General Repair
general repair 820,General Repair
general repair problem,General Repair
general repair problem,General Repair
general repair problem,General Repair
general repair problem,General Repair
my general repair,General Repair
general repair problem,General Repair
general repair problem,General Repair
general repair problem,General Repair
general repair problem,General Repair
general repair 830,General Repair
general repair problem,General Repair
general repair problem,General Repair
general repair problem,General Repair
general repair problem,General Repair
my general repair,General Repair
general repair problem,General Repair
general repair problem,General Repair
general repair problem,General Repair
general repair problem,General Repair
general repair 840,General Repair
general repair problem,General Repair
general repair problem,General Repair
general repair problem,General Repair
general repair problem,General Repair
my general repair,General Repair
general repair problem,General Repair
general repair problem,General Repair
general repair problem,General Repair
general repair problem,General Repair
general repair 850,General Repair
general repair problem,General Repair
general repair problem,General Repair
general repair problem,General Repair
general repair problem,General Repair
my general repair,General Repair
general repair problem,General Repair
general repair problem,General Repair
general repair problem,General Repair
general repair problem,General Repair
general repair 860,General Repair
general repair problem,General Repair
general repair problem,General Repair
general repair problem,General Repair
general repair problem,General Repair
my general repair,General Repair
general repair problem,General Repair
general repair problem,General Repair
general repair problem,General Repair
general repair problem,General Repair
general repair 870,General Repair
general repair problem,General Repair
general repair problem,General Repair
general repair problem,General Repair
general repair problem,General Repair
my general repair,General Repair
general repair problem,General Repair
general repair problem,General Repair
general repair problem,General Repair
general repair problem,General Repair
general repair 880,General Repair
general repair problem,General Repair
general repair problem,General Repair
general repair problem,General Repair
general repair problem,General Repair
my general repair,General Repair
general repair problem,General Repair
general repair problem,General Repair
general repair problem,General Repair
general repair problem,General Repair
general repair 890,General Repair
general repair problem,General Repair
general repair problem,General Repair
general repair problem,General Repair
general repair problem,General Repair
my general repair,General Repair
general repair problem,General Repair
general repair problem,General Repair
general repair problem,General Repair
general repair problem,General Repair
general repair 900,General Repair
general repair problem,General Repair
general repair problem,General Repair
general repair problem,General Repair
general repair problem,General Repair
my general repair,General Repair
general repair problem,General Repair
general repair problem,General Repair
general repair problem,General Repair
general repair problem,General Repair
general repair 910,General Repair
general repair problem,General Repair
general repair problem,General Repair
general repair problem,General Repair
general repair problem,General Repair
my general repair,General Repair
general repair problem,General Repair
general repair problem,General Repair
general repair problem,General Repair
general repair problem,General Repair
general repair 920,General Repair
general repair problem,General Repair
general repair problem,General Repair
general repair problem,General Repair
general repair problem,General Repair
my general repair,General Repair
general repair problem,General Repair
general repair problem,General Repair
general repair problem,General Repair
general repair problem,General Repair
general repair 930,General Repair
general repair problem,General Repair
general repair problem,General Repair
general repair problem,General Repair
general repair problem,General Repair
my general repair,General Repair
general repair problem,General Repair
general repair problem,General Repair
general repair problem,General Repair
general repair problem,General Repair
general repair 940,General Repair
general repair problem,General Repair
general repair problem,General Repair
general repair problem,General Repair
general repair problem,General Repair
my general repair,General Repair
general repair problem,General Repair
general repair problem,General Repair
general repair problem,General Repair
general repair problem,General Repair
general repair 950,General Repair
general repair problem,General Repair
general repair problem,General Repair
general repair problem,General Repair
general repair problem,General Repair
my general repair,General Repair
general repair problem,General Repair
general repair problem,General Repair
general repair problem,General Repair
general repair problem,General Repair
general repair 960,General Repair
general repair problem,General Repair
general repair problem,General Repair
general repair problem,General Repair
general repair problem,General Repair
my general repair,General Repair
general repair problem,General Repair
general repair problem,General Repair
general repair problem,General Repair
general repair problem,General Repair
general repair 970,General Repair
general repair problem,General Repair
general repair problem,General Repair
general repair problem,General Repair
general repair problem,General Repair
my general repair,General Repair
general repair problem,General Repair
general repair problem,General Repair
general repair problem,General Repair
general repair problem,General Repair
general repair 980,General Repair
general repair problem,General Repair
general repair problem,General Repair
general repair problem,General Repair
general repair problem,General Repair
my general repair,General Repair
general repair problem,General Repair
general repair problem,General Repair
general repair problem,General Repair
general repair problem,General Repair
general repair 990,General Repair
general repair problem,General Repair
general repair problem,General Repair
general repair problem,General Repair
general repair problem,General Repair
my general repair,General Repair
general repair problem,General Repair
general repair problem,General Repair
general repair problem,General Repair
general repair problem,General Repair
general repair 1000,General Repair
general repair problem,General Repair
general repair problem,General Repair
general repair problem,General Repair
general repair problem,General Repair
my general repair,General Repair
general repair problem,General Repair
general repair problem,General Repair
general repair problem,General Repair
general repair problem,General Repair
general repair 1010,General Repair
general repair problem,General Repair
general repair problem,General Repair
general repair problem,General Repair
general repair problem,General Repair
my general repair,General Repair
general repair problem,General Repair
general repair problem,General Repair
general repair problem,General Repair
general repair problem,General Repair
general repair 1020,General Repair
general repair problem,General Repair
general repair problem,General Repair
general repair problem,General Repair
general repair problem,General Repair
my general repair,General Repair
general repair problem,General Repair
general repair problem,General Repair
general repair problem,General Repair
general repair problem,General Repair
general repair 1030,General Repair
general repair problem,General Repair
general repair problem,General Repair
general repair problem,General Repair
general repair problem,General Repair
my general repair,General Repair
general repair problem,General Repair
general repair problem,General Repair
general repair problem,General Repair
general repair problem,General Repair
general repair 1040,General Repair
general repair problem,General Repair
general repair problem,General Repair
general repair problem,General Repair
general repair problem,General Repair
my general repair,General Repair
general repair problem,General Repair
general repair problem,General Repair
general repair problem,General Repair
general repair problem,General Repair
general repair 1050,General Repair
general repair problem,General Repair
general repair problem,General Repair
general repair problem,General Repair
general repair problem,General Repair
my general repair,General Repair
general repair problem,General Repair
general repair problem,General Repair
general repair problem,General Repair
general repair problem,General Repair
general repair 1060,General Repair
general repair problem,General Repair
general repair problem,General Repair
general repair problem,General Repair
general repair problem,General Repair
my general repair,General Repair
general repair problem,General Repair
general repair problem,General Repair
general repair problem,General Repair
general repair problem,General Repair
general repair 1070,General Repair
general repair problem,General Repair
general repair problem,General Repair
general repair problem,General Repair
general repair problem,General Repair
my general repair,General Repair
general repair problem,General Repair
general repair problem,General Repair
general repair problem,General Repair
general repair problem,General Repair
general repair 1080,General Repair
general repair problem,General Repair
general repair problem,General Repair
general repair problem,General Repair
general repair problem,General Repair
my general repair,General Repair
general repair problem,General Repair
general repair problem,General Repair
general repair problem,General Repair
general repair problem,General Repair
general repair 1090,General Repair
general repair problem,General Repair
general repair problem,General Repair
general repair problem,General Repair
general repair problem,General Repair
my general repair,General Repair
general repair problem,General Repair
general repair problem,General Repair
general repair problem,General Repair
general repair problem,General Repair
general repair 1100,General Repair
general repair problem,General Repair
general repair problem,General Repair
general repair problem,General Repair
general repair problem,General Repair
my general repair,General Repair
general repair problem,General Repair
general repair problem,General Repair
general repair problem,General Repair
general repair problem,General Repair
monitor is black but pc is running issue number 19998,No Display / No Signal
screen flickering issue number 19999,Monitor Issue
