user_text,error_type
monitor is black but pc is running,No Display / No Signal
screen says no signal,No Display / No Signal
screen turns on then goes black,No Display / No Signal
no display on monitor,No Display / No Signal
monitor black but computer running,No Display / No Signal
screen black but pc on,No Display / No Signal
no signal on monitor,No Display / No Signal
monitor shows no signal,No Display / No Signal
display black but system running,No Display / No Signal
screen displays no signal,No Display / No Signal
monitor no signal error,No Display / No Signal
no signal message on screen,No Display / No Signal
black screen but pc running,No Display / No Signal
monitor lights up then black,No Display / No Signal
screen flashes then black,No Display / No Signal
monitor is black but pc is running 0,No Display / No Signal
monitor is black but pc is running problem,No Display / No Signal
my monitor is black but pc is running,No Display / No Signal
monitor is black but pc is running 10,No Display / No Signal
monitor is black but pc is running 20,No Display / No Signal
monitor is black but pc is running 30,No Display / No Signal
monitor is black but pc is running 40,No Display / No Signal
monitor is black but pc is running 50,No Display / No Signal
monitor is black but pc is running 60,No Display / No Signal
monitor is black but pc is running 70,No Display / No Signal
monitor is black but pc is running 80,No Display / No Signal
monitor is black but pc is running 90,No Display / No Signal
monitor is black but pc is running 100,No Display / No Signal
monitor is black but pc is running 110,No Display / No Signal
monitor is black but pc is running 120,No Display / No Signal
monitor is black but pc is running 130,No Display / No Signal
monitor is black but pc is running 140,No Display / No Signal
monitor is black but pc is running 150,No Display / No Signal
monitor is black but pc is running 160,No Display / No Signal
monitor is black but pc is running 170,No Display / No Signal
monitor is black but pc is running 180,No Display / No Signal
monitor is black but pc is running 190,No Display / No Signal
monitor is black but pc is running 200,No Display / No Signal
monitor is black but pc is running 210,No Display / No Signal
monitor is black but pc is running 220,No Display / No Signal
monitor is black but pc is running 230,No Display / No Signal
monitor is black but pc is running 240,No Display / No Signal
monitor is black but pc is running 250,No Display / No Signal
monitor is black but pc is running 260,No Display / No Signal
monitor is black but pc is running 270,No Display / No Signal
monitor is black but pc is running 280,No Display / No Signal
monitor is black but pc is running 290,No Display / No Signal
monitor is black but pc is running 300,No Display / No Signal
monitor is black but pc is running 310,No Display / No Signal
monitor is black but pc is running 320,No Display / No Signal
monitor is black but pc is running 330,No Display / No Signal
monitor is black but pc is running 340,No Display / No Signal
monitor is black but pc is running 350,No Display / No Signal
monitor is black but pc is running 360,No Display / No Signal
monitor is black but pc is running 370,No Display / No Signal
monitor is black but pc is running 380,No Display / No Signal
monitor is black but pc is running 390,No Display / No Signal
monitor is black but pc is running 400,No Display / No Signal
monitor is black but pc is running 410,No Display / No Signal
monitor is black but pc is running 420,No Display / No Signal
monitor is black but pc is running 430,No Display / No Signal
monitor is black but pc is running 440,No Display / No Signal
monitor is black but pc is running 450,No Display / No Signal
monitor is black but pc is running 460,No Display / No Signal
monitor is black but pc is running 470,No Display / No Signal
monitor is black but pc is running 480,No Display / No Signal
monitor is black but pc is running 490,No Display / No Signal
monitor is black but pc is running 500,No Display / No Signal
monitor is black but pc is running 510,No Display / No Signal
monitor is black but pc is running 520,No Display / No Signal
monitor is black but pc is running 530,No Display / No Signal
monitor is black but pc is running 540,No Display / No Signal
monitor is black but pc is running 550,No Display / No Signal
monitor is black but pc is running 560,No Display / No Signal
monitor is black but pc is running 570,No Display / No Signal
monitor is black but pc is running 580,No Display / No Signal
monitor is black but pc is running 590,No Display / No Signal
monitor is black but pc is running 600,No Display / No Signal
monitor is black but pc is running 610,No Display / No Signal
monitor is black but pc is running 620,No Display / No Signal
monitor is black but pc is running 630,No Display / No Signal
monitor is black but pc is running 640,No Display / No Signal
monitor is black but pc is running 650,No Display / No Signal
monitor is black but pc is running 660,No Display / No Signal
monitor is black but pc is running 670,No Display / No Signal
monitor is black but pc is running 680,No Display / No Signal
monitor is black but pc is running 690,No Display / No Signal
monitor is black but pc is running 700,No Display / No Signal
monitor is black but pc is running 710,No Display / No Signal
monitor is black but pc is running 720,No Display / No Signal
monitor is black but pc is running 730,No Display / No Signal
monitor is black but pc is running 740,No Display / No Signal
monitor is black but pc is running 750,No Display / No Signal
monitor is black but pc is running 760,No Display / No Signal
monitor is black but pc is running 770,No Display / No Signal
monitor is black but pc is running 780,No Display / No Signal
monitor is black but pc is running 790,No Display / No Signal
monitor is black but pc is running 800,No Display / No Signal
monitor is black but pc is running 810,No Display / No Signal
monitor is black but pc is running 820,No Display / No Signal
monitor is black but pc is running 830,No Display / No Signal
monitor is black but pc is running 840,No Display / No Signal
monitor is black but pc is running 850,No Display / No Signal
monitor is black but pc is running 860,No Display / No Signal
monitor is black but pc is running 870,No Display / No Signal
monitor is black but pc is running 880,No Display / No Signal
monitor is black but pc is running 890,No Display / No Signal
monitor is black but pc is running 900,No Display / No Signal
monitor is black but pc is running 910,No Display / No Signal
monitor is black but pc is running 920,No Display / No Signal
monitor is black but pc is running 930,No Display / No Signal
monitor is black but pc is running 940,No Display / No Signal
monitor is black but pc is running 950,No Display / No Signal
monitor is black but pc is running 960,No Display / No Signal
monitor is black but pc is running 970,No Display / No Signal
monitor is black but pc is running 980,No Display / No Signal
monitor is black but pc is running 990,No Display / No Signal
monitor is black but pc is running 1000,No Display / No Signal
monitor is black but pc is running 1010,No Display / No Signal
monitor is black but pc is running 1020,No Display / No Signal
monitor is black but pc is running 1030,No Display / No Signal
monitor is black but pc is running 1040,No Display / No Signal
monitor is black but pc is running 1050,No Display / No Signal
monitor is black but pc is running 1060,No Display / No Signal
monitor is black but pc is running 1070,No Display / No Signal
monitor is black but pc is running 1080,No Display / No Signal
monitor is black but pc is running 1090,No Display / No Signal
screen flickering,Monitor Issue
screen has lines,Monitor Issue
screen is too dark,Monitor Issue
screen is too bright,Monitor Issue
screen shows wrong colors,Monitor Issue
screen resolution looks bad,Monitor Issue
monitor flickering,Monitor Issue
display flickering,Monitor Issue
screen keeps flickering,Monitor Issue
monitor showing lines,Monitor Issue
display has vertical lines,Monitor Issue
screen brightness too low,Monitor Issue
monitor screen too dark,Monitor Issue
screen colors wrong,Monitor Issue
monitor resolution looks bad,Monitor Issue
screen flickering 0,Monitor Issue
screen flickering problem,Monitor Issue
my screen flickering,Monitor Issue
screen flickering 10,Monitor Issue
screen flickering 20,Monitor Issue
screen flickering 30,Monitor Issue
screen flickering 40,Monitor Issue
screen flickering 50,Monitor Issue
screen flickering 60,Monitor Issue
screen flickering 70,Monitor Issue
screen flickering 80,Monitor Issue
screen flickering 90,Monitor Issue
screen flickering 100,Monitor Issue
screen flickering 110,Monitor Issue
screen flickering 120,Monitor Issue
screen flickering 130,Monitor Issue
screen flickering 140,Monitor Issue
screen flickering 150,Monitor Issue
screen flickering 160,Monitor Issue
screen flickering 170,Monitor Issue
screen flickering 180,Monitor Issue
screen flickering 190,Monitor Issue
screen flickering 200,Monitor Issue
screen flickering 210,Monitor Issue
screen flickering 220,Monitor Issue
screen flickering 230,Monitor Issue
screen flickering 240,Monitor Issue
screen flickering 250,Monitor Issue
screen flickering 260,Monitor Issue
screen flickering 270,Monitor Issue
screen flickering 280,Monitor Issue
screen flickering 290,Monitor Issue
screen flickering 300,Monitor Issue
screen flickering 310,Monitor Issue
screen flickering 320,Monitor Issue
screen flickering 330,Monitor Issue
screen flickering 340,Monitor Issue
screen flickering 350,Monitor Issue
screen flickering 360,Monitor Issue
screen flickering 370,Monitor Issue
screen flickering 380,Monitor Issue
screen flickering 390,Monitor Issue
screen flickering 400,Monitor Issue
screen flickering 410,Monitor Issue
screen flickering 420,Monitor Issue
screen flickering 430,Monitor Issue
screen flickering 440,Monitor Issue
screen flickering 450,Monitor Issue
screen flickering 460,Monitor Issue
screen flickering 470,Monitor Issue
screen flickering 480,Monitor Issue
screen flickering 490,Monitor Issue
screen flickering 500,Monitor Issue
screen flickering 510,Monitor Issue
screen flickering 520,Monitor Issue
screen flickering 530,Monitor Issue
screen flickering 540,Monitor Issue
screen flickering 550,Monitor Issue
screen flickering 560,Monitor Issue
screen flickering 570,Monitor Issue
screen flickering 580,Monitor Issue
screen flickering 590,Monitor Issue
screen flickering 600,Monitor Issue
screen flickering 610,Monitor Issue
screen flickering 620,Monitor Issue
screen flickering 630,Monitor Issue
screen flickering 640,Monitor Issue
screen flickering 650,Monitor Issue
screen flickering 660,Monitor Issue
screen flickering 670,Monitor Issue
screen flickering 680,Monitor Issue
screen flickering 690,Monitor Issue
screen flickering 700,Monitor Issue
screen flickering 710,Monitor Issue
screen flickering 720,Monitor Issue
screen flickering 730,Monitor Issue
screen flickering 740,Monitor Issue
screen flickering 750,Monitor Issue
screen flickering 760,Monitor Issue
screen flickering 770,Monitor Issue
screen flickering 780,Monitor Issue
screen flickering 790,Monitor Issue
screen flickering 800,Monitor Issue
screen flickering 810,Monitor Issue
screen flickering 820,Monitor Issue
screen flickering 830,Monitor Issue
screen flickering 840,Monitor Issue
screen flickering 850,Monitor Issue
screen flickering 860,Monitor Issue
screen flickering 870,Monitor Issue
screen flickering 880,Monitor Issue
screen flickering 890,Monitor Issue
screen flickering 900,Monitor Issue
screen flickering 910,Monitor Issue
screen flickering 920,Monitor Issue
screen flickering 930,Monitor Issue
screen flickering 940,Monitor Issue
screen flickering 950,Monitor Issue
screen flickering 960,Monitor Issue
screen flickering 970,Monitor Issue
screen flickering 980,Monitor Issue
screen flickering 990,Monitor Issue
screen flickering 1000,Monitor Issue
screen flickering 1010,Monitor Issue
screen flickering 1020,Monitor Issue
screen flickering 1030,Monitor Issue
screen flickering 1040,Monitor Issue
screen flickering 1050,Monitor Issue
screen flickering 1060,Monitor Issue
screen flickering 1070,Monitor Issue
screen flickering 1080,Monitor Issue
screen flickering 1090,Monitor Issue
pc not turning on,PSU / Power Issue
pc turns on then turns off,PSU / Power Issue
power light is on but nothing happens,PSU / Power Issue
pc shuts down suddenly,PSU / Power Issue
pc makes beeping sound on start,PSU / Power Issue
pc only starts after many tries,PSU / Power Issue
computer not turning on,PSU / Power Issue
pc won't turn on,PSU / Power Issue
computer won't start,PSU / Power Issue
pc not starting,PSU / Power Issue
pc won't power on,PSU / Power Issue
pc turns on then off,PSU / Power Issue
computer starts then off,PSU / Power Issue
pc powers on then off,PSU / Power Issue
no power to pc,PSU / Power Issue
pc not turning on 0,PSU / Power Issue
pc not turning on problem,PSU / Power Issue
my pc not turning on,PSU / Power Issue
pc not turning on 10,PSU / Power Issue
pc not turning on 20,PSU / Power Issue
pc not turning on 30,PSU / Power Issue
pc not turning on 40,PSU / Power Issue
pc not turning on 50,PSU / Power Issue
pc not turning on 60,PSU / Power Issue
pc not turning on 70,PSU / Power Issue
pc not turning on 80,PSU / Power Issue
pc not turning on 90,PSU / Power Issue
pc not turning on 100,PSU / Power Issue
pc not turning on 110,PSU / Power Issue
pc not turning on 120,PSU / Power Issue
pc not turning on 130,PSU / Power Issue
pc not turning on 140,PSU / Power Issue
pc not turning on 150,PSU / Power Issue
pc not turning on 160,PSU / Power Issue
pc not turning on 170,PSU / Power Issue
pc not turning on 180,PSU / Power Issue
pc not turning on 190,PSU / Power Issue
pc not turning on 200,PSU / Power Issue
pc not turning on 210,PSU / Power Issue
pc not turning on 220,PSU / Power Issue
pc not turning on 230,PSU / Power Issue
pc not turning on 240,PSU / Power Issue
pc not turning on 250,PSU / Power Issue
pc not turning on 260,PSU / Power Issue
pc not turning on 270,PSU / Power Issue
pc not turning on 280,PSU / Power Issue
pc not turning on 290,PSU / Power Issue
pc not turning on 300,PSU / Power Issue
pc not turning on 310,PSU / Power Issue
pc not turning on 320,PSU / Power Issue
pc not turning on 330,PSU / Power Issue
pc not turning on 340,PSU / Power Issue
pc not turning on 350,PSU / Power Issue
pc not turning on 360,PSU / Power Issue
pc not turning on 370,PSU / Power Issue
pc not turning on 380,PSU / Power Issue
pc not turning on 390,PSU / Power Issue
pc not turning on 400,PSU / Power Issue
pc not turning on 410,PSU / Power Issue
pc not turning on 420,PSU / Power Issue
pc not turning on 430,PSU / Power Issue
pc not turning on 440,PSU / Power Issue
pc not turning on 450,PSU / Power Issue
pc not turning on 460,PSU / Power Issue
pc not turning on 470,PSU / Power Issue
pc not turning on 480,PSU / Power Issue
pc not turning on 490,PSU / Power Issue
pc not turning on 500,PSU / Power Issue
pc not turning on 510,PSU / Power Issue
pc not turning on 520,PSU / Power Issue
pc not turning on 530,PSU / Power Issue
pc not turning on 540,PSU / Power Issue
pc not turning on 550,PSU / Power Issue
pc not turning on 560,PSU / Power Issue
pc not turning on 570,PSU / Power Issue
pc not turning on 580,PSU / Power Issue
pc not turning on 590,PSU / Power Issue
pc not turning on 600,PSU / Power Issue
pc not turning on 610,PSU / Power Issue
pc not turning on 620,PSU / Power Issue
pc not turning on 630,PSU / Power Issue
pc not turning on 640,PSU / Power Issue
pc not turning on 650,PSU / Power Issue
pc not turning on 660,PSU / Power Issue
pc not turning on 670,PSU / Power Issue
pc not turning on 680,PSU / Power Issue
pc not turning on 690,PSU / Power Issue
pc not turning on 700,PSU / Power Issue
pc not turning on 710,PSU / Power Issue
pc not turning on 720,PSU / Power Issue
pc not turning on 730,PSU / Power Issue
pc not turning on 740,PSU / Power Issue
pc not turning on 750,PSU / Power Issue
pc not turning on 760,PSU / Power Issue
pc not turning on 770,PSU / Power Issue
pc not turning on 780,PSU / Power Issue
pc not turning on 790,PSU / Power Issue
pc not turning on 800,PSU / Power Issue
pc not turning on 810,PSU / Power Issue
pc not turning on 820,PSU / Power Issue
pc not turning on 830,PSU / Power Issue
pc not turning on 840,PSU / Power Issue
pc not turning on 850,PSU / Power Issue
pc not turning on 860,PSU / Power Issue
pc not turning on 870,PSU / Power Issue
pc not turning on 880,PSU / Power Issue
pc not turning on 890,PSU / Power Issue
pc not turning on 900,PSU / Power Issue
pc not turning on 910,PSU / Power Issue
pc not turning on 920,PSU / Power Issue
pc not turning on 930,PSU / Power Issue
pc not turning on 940,PSU / Power Issue
pc not turning on 950,PSU / Power Issue
pc not turning on 960,PSU / Power Issue
pc not turning on 970,PSU / Power Issue
pc not turning on 980,PSU / Power Issue
pc not turning on 990,PSU / Power Issue
pc not turning on 1000,PSU / Power Issue
pc not turning on 1010,PSU / Power Issue
pc not turning on 1020,PSU / Power Issue
pc not turning on 1030,PSU / Power Issue
pc not turning on 1040,PSU / Power Issue
pc not turning on 1050,PSU / Power Issue
pc not turning on 1060,PSU / Power Issue
pc not turning on 1070,PSU / Power Issue
pc not turning on 1080,PSU / Power Issue
pc not turning on 1090,PSU / Power Issue
pc restarts again and again,Windows Boot Failure
pc starts very slowly,Windows Boot Failure
pc stuck on boot screen,Windows Boot Failure
computer stuck on boot screen,Windows Boot Failure
pc restart loop,Windows Boot Failure
computer keeps restarting,Windows Boot Failure
pc stuck at boot screen,Windows Boot Failure
pc hangs on boot screen,Windows Boot Failure
computer frozen on boot screen,Windows Boot Failure
boot failure windows,Windows Boot Failure
windows won't boot,Windows Boot Failure
pc stuck on startup screen,Windows Boot Failure
boot error windows,Windows Boot Failure
pc restarts again and again 0,Windows Boot Failure
pc restarts again and again problem,Windows Boot Failure
my pc restarts again and again,Windows Boot Failure
pc restarts again and again 10,Windows Boot Failure
pc restarts again and again 20,Windows Boot Failure
pc restarts again and again 30,Windows Boot Failure
pc restarts again and again 40,Windows Boot Failure
pc restarts again and again 50,Windows Boot Failure
pc restarts again and again 60,Windows Boot Failure
pc restarts again and again 70,Windows Boot Failure
pc restarts again and again 80,Windows Boot Failure
pc restarts again and again 90,Windows Boot Failure
pc restarts again and again 100,Windows Boot Failure
pc restarts again and again 110,Windows Boot Failure
pc restarts again and again 120,Windows Boot Failure
pc restarts again and again 130,Windows Boot Failure
pc restarts again and again 140,Windows Boot Failure
pc restarts again and again 150,Windows Boot Failure
pc restarts again and again 160,Windows Boot Failure
pc restarts again and again 170,Windows Boot Failure
pc restarts again and again 180,Windows Boot Failure
pc restarts again and again 190,Windows Boot Failure
pc restarts again and again 200,Windows Boot Failure
pc restarts again and again 210,Windows Boot Failure
pc restarts again and again 220,Windows Boot Failure
pc restarts again and again 230,Windows Boot Failure
pc restarts again and again 240,Windows Boot Failure
pc restarts again and again 250,Windows Boot Failure
pc restarts again and again 260,Windows Boot Failure
pc restarts again and again 270,Windows Boot Failure
pc restarts again and again 280,Windows Boot Failure
pc restarts again and again 290,Windows Boot Failure
pc restarts again and again 300,Windows Boot Failure
pc restarts again and again 310,Windows Boot Failure
pc restarts again and again 320,Windows Boot Failure
pc restarts again and again 330,Windows Boot Failure
pc restarts again and again 340,Windows Boot Failure
pc restarts again and again 350,Windows Boot Failure
pc restarts again and again 360,Windows Boot Failure
pc restarts again and again 370,Windows Boot Failure
pc restarts again and again 380,Windows Boot Failure
pc restarts again and again 390,Windows Boot Failure
pc restarts again and again 400,Windows Boot Failure
pc restarts again and again 410,Windows Boot Failure
pc restarts again and again 420,Windows Boot Failure
pc restarts again and again 430,Windows Boot Failure
pc restarts again and again 440,Windows Boot Failure
pc restarts again and again 450,Windows Boot Failure
pc restarts again and again 460,Windows Boot Failure
pc restarts again and again 470,Windows Boot Failure
pc restarts again and again 480,Windows Boot Failure
pc restarts again and again 490,Windows Boot Failure
pc restarts again and again 500,Windows Boot Failure
pc restarts again and again 510,Windows Boot Failure
pc restarts again and again 520,Windows Boot Failure
pc restarts again and again 530,Windows Boot Failure
pc restarts again and again 540,Windows Boot Failure
pc restarts again and again 550,Windows Boot Failure
pc restarts again and again 560,Windows Boot Failure
pc restarts again and again 570,Windows Boot Failure
pc restarts again and again 580,Windows Boot Failure
pc restarts again and again 590,Windows Boot Failure
pc restarts again and again 600,Windows Boot Failure
pc restarts again and again 610,Windows Boot Failure
pc restarts again and again 620,Windows Boot Failure
pc restarts again and again 630,Windows Boot Failure
pc restarts again and again 640,Windows Boot Failure
pc restarts again and again 650,Windows Boot Failure
pc restarts again and again 660,Windows Boot Failure
pc restarts again and again 670,Windows Boot Failure
pc restarts again and again 680,Windows Boot Failure
pc restarts again and again 690,Windows Boot Failure
pc restarts again and again 700,Windows Boot Failure
pc restarts again and again 710,Windows Boot Failure
pc restarts again and again 720,Windows Boot Failure
pc restarts again and again 730,Windows Boot Failure
pc restarts again and again 740,Windows Boot Failure
pc restarts again and again 750,Windows Boot Failure
pc restarts again and again 760,Windows Boot Failure
pc restarts again and again 770,Windows Boot Failure
pc restarts again and again 780,Windows Boot Failure
pc restarts again and again 790,Windows Boot Failure
pc restarts again and again 800,Windows Boot Failure
pc restarts again and again 810,Windows Boot Failure
pc restarts again and again 820,Windows Boot Failure
pc restarts again and again 830,Windows Boot Failure
pc restarts again and again 840,Windows Boot Failure
pc restarts again and again 850,Windows Boot Failure
pc restarts again and again 860,Windows Boot Failure
pc restarts again and again 870,Windows Boot Failure
pc restarts again and again 880,Windows Boot Failure
pc restarts again and again 890,Windows Boot Failure
pc restarts again and again 900,Windows Boot Failure
pc restarts again and again 910,Windows Boot Failure
pc restarts again and again 920,Windows Boot Failure
pc restarts again and again 930,Windows Boot Failure
pc restarts again and again 940,Windows Boot Failure
pc restarts again and again 950,Windows Boot Failure
pc restarts again and again 960,Windows Boot Failure
pc restarts again and again 970,Windows Boot Failure
pc restarts again and again 980,Windows Boot Failure
pc restarts again and again 990,Windows Boot Failure
pc restarts again and again 1000,Windows Boot Failure
pc restarts again and again 1010,Windows Boot Failure
pc restarts again and again 1020,Windows Boot Failure
pc restarts again and again 1030,Windows Boot Failure
pc restarts again and again 1040,Windows Boot Failure
pc restarts again and again 1050,Windows Boot Failure
pc restarts again and again 1060,Windows Boot Failure
pc restarts again and again 1070,Windows Boot Failure
pc restarts again and again 1080,Windows Boot Failure
pc restarts again and again 1090,Windows Boot Failure
monitor or gpu check,Monitor or GPU Check
monitor or gpu check 0,Monitor or GPU Check
monitor or gpu check problem,Monitor or GPU Check
my monitor or gpu check,Monitor or GPU Check
monitor or gpu check 10,Monitor or GPU Check
monitor or gpu check 20,Monitor or GPU Check
monitor or gpu check 30,Monitor or GPU Check
monitor or gpu check 40,Monitor or GPU Check
monitor or gpu check 50,Monitor or GPU Check
monitor or gpu check 60,Monitor or GPU Check
monitor or gpu check 70,Monitor or GPU Check
monitor or gpu check 80,Monitor or GPU Check
monitor or gpu check 90,Monitor or GPU Check
monitor or gpu check 100,Monitor or GPU Check
monitor or gpu check 110,Monitor or GPU Check
monitor or gpu check 120,Monitor or GPU Check
monitor or gpu check 130,Monitor or GPU Check
monitor or gpu check 140,Monitor or GPU Check
monitor or gpu check 150,Monitor or GPU Check
monitor or gpu check 160,Monitor or GPU Check
monitor or gpu check 170,Monitor or GPU Check
monitor or gpu check 180,Monitor or GPU Check
monitor or gpu check 190,Monitor or GPU Check
monitor or gpu check 200,Monitor or GPU Check
monitor or gpu check 210,Monitor or GPU Check
monitor or gpu check 220,Monitor or GPU Check
monitor or gpu check 230,Monitor or GPU Check
monitor or gpu check 240,Monitor or GPU Check
monitor or gpu check 250,Monitor or GPU Check
monitor or gpu check 260,Monitor or GPU Check
monitor or gpu check 270,Monitor or GPU Check
monitor or gpu check 280,Monitor or GPU Check
monitor or gpu check 290,Monitor or GPU Check
monitor or gpu check 300,Monitor or GPU Check
monitor or gpu check 310,Monitor or GPU Check
monitor or gpu check 320,Monitor or GPU Check
monitor or gpu check 330,Monitor or GPU Check
monitor or gpu check 340,Monitor or GPU Check
monitor or gpu check 350,Monitor or GPU Check
monitor or gpu check 360,Monitor or GPU Check
monitor or gpu check 370,Monitor or GPU Check
monitor or gpu check 380,Monitor or GPU Check
monitor or gpu check 390,Monitor or GPU Check
monitor or gpu check 400,Monitor or GPU Check
monitor or gpu check 410,Monitor or GPU Check
monitor or gpu check 420,Monitor or GPU Check
monitor or gpu check 430,Monitor or GPU Check
monitor or gpu check 440,Monitor or GPU Check
monitor or gpu check 450,Monitor or GPU Check
monitor or gpu check 460,Monitor or GPU Check
monitor or gpu check 470,Monitor or GPU Check
monitor or gpu check 480,Monitor or GPU Check
monitor or gpu check 490,Monitor or GPU Check
monitor or gpu check 500,Monitor or GPU Check
monitor or gpu check 510,Monitor or GPU Check
monitor or gpu check 520,Monitor or GPU Check
monitor or gpu check 530,Monitor or GPU Check
monitor or gpu check 540,Monitor or GPU Check
monitor or gpu check 550,Monitor or GPU Check
monitor or gpu check 560,Monitor or GPU Check
monitor or gpu check 570,Monitor or GPU Check
monitor or gpu check 580,Monitor or GPU Check
monitor or gpu check 590,Monitor or GPU Check
monitor or gpu check 600,Monitor or GPU Check
monitor or gpu check 610,Monitor or GPU Check
monitor or gpu check 620,Monitor or GPU Check
monitor or gpu check 630,Monitor or GPU Check
monitor or gpu check 640,Monitor or GPU Check
monitor or gpu check 650,Monitor or GPU Check
monitor or gpu check 660,Monitor or GPU Check
monitor or gpu check 670,Monitor or GPU Check
monitor or gpu check 680,Monitor or GPU Check
monitor or gpu check 690,Monitor or GPU Check
monitor or gpu check 700,Monitor or GPU Check
monitor or gpu check 710,Monitor or GPU Check
monitor or gpu check 720,Monitor or GPU Check
monitor or gpu check 730,Monitor or GPU Check
monitor or gpu check 740,Monitor or GPU Check
monitor or gpu check 750,Monitor or GPU Check
monitor or gpu check 760,Monitor or GPU Check
monitor or gpu check 770,Monitor or GPU Check
monitor or gpu check 780,Monitor or GPU Check
monitor or gpu check 790,Monitor or GPU Check
monitor or gpu check 800,Monitor or GPU Check
monitor or gpu check 810,Monitor or GPU Check
monitor or gpu check 820,Monitor or GPU Check
monitor or gpu check 830,Monitor or GPU Check
monitor or gpu check 840,Monitor or GPU Check
monitor or gpu check 850,Monitor or GPU Check
monitor or gpu check 860,Monitor or GPU Check
monitor or gpu check 870,Monitor or GPU Check
monitor or gpu check 880,Monitor or GPU Check
monitor or gpu check 890,Monitor or GPU Check
monitor or gpu check 900,Monitor or GPU Check
monitor or gpu check 910,Monitor or GPU Check
monitor or gpu check 920,Monitor or GPU Check
monitor or gpu check 930,Monitor or GPU Check
monitor or gpu check 940,Monitor or GPU Check
monitor or gpu check 950,Monitor or GPU Check
monitor or gpu check 960,Monitor or GPU Check
monitor or gpu check 970,Monitor or GPU Check
monitor or gpu check 980,Monitor or GPU Check
monitor or gpu check 990,Monitor or GPU Check
monitor or gpu check 1000,Monitor or GPU Check
monitor or gpu check 1010,Monitor or GPU Check
monitor or gpu check 1020,Monitor or GPU Check
monitor or gpu check 1030,Monitor or GPU Check
monitor or gpu check 1040,Monitor or GPU Check
monitor or gpu check 1050,Monitor or GPU Check
monitor or gpu check 1060,Monitor or GPU Check
monitor or gpu check 1070,Monitor or GPU Check
monitor or gpu check 1080,Monitor or GPU Check
monitor or gpu check 1090,Monitor or GPU Check
monitor or gpu check 1100,Monitor or GPU Check
blue screen of death,Blue Screen (BSOD)
bsod error,Blue Screen (BSOD)
blue screen crash,Blue Screen (BSOD)
windows blue screen,Blue Screen (BSOD)
pc blue screens,Blue Screen (BSOD)
system crash blue screen,Blue Screen (BSOD)
blue screen error,Blue Screen (BSOD)
windows crash blue screen,Blue Screen (BSOD)
blue screen of death 0,Blue Screen (BSOD)
blue screen of death problem,Blue Screen (BSOD)
my blue screen of death,Blue Screen (BSOD)
blue screen of death 10,Blue Screen (BSOD)
blue screen of death 20,Blue Screen (BSOD)
blue screen of death 30,Blue Screen (BSOD)
blue screen of death 40,Blue Screen (BSOD)
blue screen of death 50,Blue Screen (BSOD)
blue screen of death 60,Blue Screen (BSOD)
blue screen of death 70,Blue Screen (BSOD)
blue screen of death 80,Blue Screen (BSOD)
blue screen of death 90,Blue Screen (BSOD)
blue screen of death 100,Blue Screen (BSOD)
blue screen of death 110,Blue Screen (BSOD)
blue screen of death 120,Blue Screen (BSOD)
blue screen of death 130,Blue Screen (BSOD)
blue screen of death 140,Blue Screen (BSOD)
blue screen of death 150,Blue Screen (BSOD)
blue screen of death 160,Blue Screen (BSOD)
blue screen of death 170,Blue Screen (BSOD)
blue screen of death 180,Blue Screen (BSOD)
blue screen of death 190,Blue Screen (BSOD)
blue screen of death 200,Blue Screen (BSOD)
blue screen of death 210,Blue Screen (BSOD)
blue screen of death 220,Blue Screen (BSOD)
blue screen of death 230,Blue Screen (BSOD)
blue screen of death 240,Blue Screen (BSOD)
blue screen of death 250,Blue Screen (BSOD)
blue screen of death 260,Blue Screen (BSOD)
blue screen of death 270,Blue Screen (BSOD)
blue screen of death 280,Blue Screen (BSOD)
blue screen of death 290,Blue Screen (BSOD)
blue screen of death 300,Blue Screen (BSOD)
blue screen of death 310,Blue Screen (BSOD)
blue screen of death 320,Blue Screen (BSOD)
blue screen of death 330,Blue Screen (BSOD)
blue screen of death 340,Blue Screen (BSOD)
blue screen of death 350,Blue Screen (BSOD)
blue screen of death 360,Blue Screen (BSOD)
blue screen of death 370,Blue Screen (BSOD)
blue screen of death 380,Blue Screen (BSOD)
blue screen of death 390,Blue Screen (BSOD)
blue screen of death 400,Blue Screen (BSOD)
blue screen of death 410,Blue Screen (BSOD)
blue screen of death 420,Blue Screen (BSOD)
blue screen of death 430,Blue Screen (BSOD)
blue screen of death 440,Blue Screen (BSOD)
blue screen of death 450,Blue Screen (BSOD)
blue screen of death 460,Blue Screen (BSOD)
blue screen of death 470,Blue Screen (BSOD)
blue screen of death 480,Blue Screen (BSOD)
blue screen of death 490,Blue Screen (BSOD)
blue screen of death 500,Blue Screen (BSOD)
blue screen of death 510,Blue Screen (BSOD)
blue screen of death 520,Blue Screen (BSOD)
blue screen of death 530,Blue Screen (BSOD)
blue screen of death 540,Blue Screen (BSOD)
blue screen of death 550,Blue Screen (BSOD)
blue screen of death 560,Blue Screen (BSOD)
blue screen of death 570,Blue Screen (BSOD)
blue screen of death 580,Blue Screen (BSOD)
blue screen of death 590,Blue Screen (BSOD)
blue screen of death 600,Blue Screen (BSOD)
blue screen of death 610,Blue Screen (BSOD)
blue screen of death 620,Blue Screen (BSOD)
blue screen of death 630,Blue Screen (BSOD)
blue screen of death 640,Blue Screen (BSOD)
blue screen of death 650,Blue Screen (BSOD)
blue screen of death 660,Blue Screen (BSOD)
blue screen of death 670,Blue Screen (BSOD)
blue screen of death 680,Blue Screen (BSOD)
blue screen of death 690,Blue Screen (BSOD)
blue screen of death 700,Blue Screen (BSOD)
blue screen of death 710,Blue Screen (BSOD)
blue screen of death 720,Blue Screen (BSOD)
blue screen of death 730,Blue Screen (BSOD)
blue screen of death 740,Blue Screen (BSOD)
blue screen of death 750,Blue Screen (BSOD)
blue screen of death 760,Blue Screen (BSOD)
blue screen of death 770,Blue Screen (BSOD)
blue screen of death 780,Blue Screen (BSOD)
blue screen of death 790,Blue Screen (BSOD)
blue screen of death 800,Blue Screen (BSOD)
blue screen of death 810,Blue Screen (BSOD)
blue screen of death 820,Blue Screen (BSOD)
blue screen of death 830,Blue Screen (BSOD)
blue screen of death 840,Blue Screen (BSOD)
blue screen of death 850,Blue Screen (BSOD)
blue screen of death 860,Blue Screen (BSOD)
blue screen of death 870,Blue Screen (BSOD)
blue screen of death 880,Blue Screen (BSOD)
blue screen of death 890,Blue Screen (BSOD)
blue screen of death 900,Blue Screen (BSOD)
blue screen of death 910,Blue Screen (BSOD)
blue screen of death 920,Blue Screen (BSOD)
blue screen of death 930,Blue Screen (BSOD)
blue screen of death 940,Blue Screen (BSOD)
blue screen of death 950,Blue Screen (BSOD)
blue screen of death 960,Blue Screen (BSOD)
blue screen of death 970,Blue Screen (BSOD)
blue screen of death 980,Blue Screen (BSOD)
blue screen of death 990,Blue Screen (BSOD)
blue screen of death 1000,Blue Screen (BSOD)
blue screen of death 1010,Blue Screen (BSOD)
blue screen of death 1020,Blue Screen (BSOD)
blue screen of death 1030,Blue Screen (BSOD)
blue screen of death 1040,Blue Screen (BSOD)
blue screen of death 1050,Blue Screen (BSOD)
blue screen of death 1060,Blue Screen (BSOD)
blue screen of death 1070,Blue Screen (BSOD)
blue screen of death 1080,Blue Screen (BSOD)
blue screen of death 1090,Blue Screen (BSOD)
blue screen of death 1100,Blue Screen (BSOD)
pc very slow,Slow Performance
computer is slow,Slow Performance
pc running slow,Slow Performance
system is sluggish,Slow Performance
pc lagging,Slow Performance
computer performance slow,Slow Performance
pc not responsive,Slow Performance
system very slow,Slow Performance
i want to speed up my pc,Slow Performance
how to speed up my computer,Slow Performance
make my pc faster,Slow Performance
pc is too slow,Slow Performance
computer running slow,Slow Performance
want to make pc faster,Slow Performance
speed up my computer,Slow Performance
make computer faster,Slow Performance
pc needs to be faster,Slow Performance
computer needs speed up,Slow Performance
pc very slow 0,Slow Performance
pc very slow problem,Slow Performance
my pc very slow,Slow Performance
pc very slow 10,Slow Performance
pc very slow 20,Slow Performance
pc very slow 30,Slow Performance
pc very slow 40,Slow Performance
pc very slow 50,Slow Performance
pc very slow 60,Slow Performance
pc very slow 70,Slow Performance
pc very slow 80,Slow Performance
pc very slow 90,Slow Performance
pc very slow 100,Slow Performance
pc very slow 110,Slow Performance
pc very slow 120,Slow Performance
pc very slow 130,Slow Performance
pc very slow 140,Slow Performance
pc very slow 150,Slow Performance
pc very slow 160,Slow Performance
pc very slow 170,Slow Performance
pc very slow 180,Slow Performance
pc very slow 190,Slow Performance
pc very slow 200,Slow Performance
pc very slow 210,Slow Performance
pc very slow 220,Slow Performance
pc very slow 230,Slow Performance
pc very slow 240,Slow Performance
pc very slow 250,Slow Performance
pc very slow 260,Slow Performance
pc very slow 270,Slow Performance
pc very slow 280,Slow Performance
pc very slow 290,Slow Performance
pc very slow 300,Slow Performance
pc very slow 310,Slow Performance
pc very slow 320,Slow Performance
pc very slow 330,Slow Performance
pc very slow 340,Slow Performance
pc very slow 350,Slow Performance
pc very slow 360,Slow Performance
pc very slow 370,Slow Performance
pc very slow 380,Slow Performance
pc very slow 390,Slow Performance
pc very slow 400,Slow Performance
pc very slow 410,Slow Performance
pc very slow 420,Slow Performance
pc very slow 430,Slow Performance
pc very slow 440,Slow Performance
pc very slow 450,Slow Performance
pc very slow 460,Slow Performance
pc very slow 470,Slow Performance
pc very slow 480,Slow Performance
pc very slow 490,Slow Performance
pc very slow 500,Slow Performance
pc very slow 510,Slow Performance
pc very slow 520,Slow Performance
pc very slow 530,Slow Performance
pc very slow 540,Slow Performance
pc very slow 550,Slow Performance
pc very slow 560,Slow Performance
pc very slow 570,Slow Performance
pc very slow 580,Slow Performance
pc very slow 590,Slow Performance
pc very slow 600,Slow Performance
pc very slow 610,Slow Performance
pc very slow 620,Slow Performance
pc very slow 630,Slow Performance
pc very slow 640,Slow Performance
pc very slow 650,Slow Performance
pc very slow 660,Slow Performance
pc very slow 670,Slow Performance
pc very slow 680,Slow Performance
pc very slow 690,Slow Performance
pc very slow 700,Slow Performance
pc very slow 710,Slow Performance
pc very slow 720,Slow Performance
pc very slow 730,Slow Performance
pc very slow 740,Slow Performance
pc very slow 750,Slow Performance
pc very slow 760,Slow Performance
pc very slow 770,Slow Performance
pc very slow 780,Slow Performance
pc very slow 790,Slow Performance
pc very slow 800,Slow Performance
pc very slow 810,Slow Performance
pc very slow 820,Slow Performance
pc very slow 830,Slow Performance
pc very slow 840,Slow Performance
pc very slow 850,Slow Performance
pc very slow 860,Slow Performance
pc very slow 870,Slow Performance
pc very slow 880,Slow Performance
pc very slow 890,Slow Performance
pc very slow 900,Slow Performance
pc very slow 910,Slow Performance
pc very slow 920,Slow Performance
pc very slow 930,Slow Performance
pc very slow 940,Slow Performance
pc very slow 950,Slow Performance
pc very slow 960,Slow Performance
pc very slow 970,Slow Performance
pc very slow 980,Slow Performance
pc very slow 990,Slow Performance
pc very slow 1000,Slow Performance
pc very slow 1010,Slow Performance
pc very slow 1020,Slow Performance
pc very slow 1030,Slow Performance
pc very slow 1040,Slow Performance
pc very slow 1050,Slow Performance
pc very slow 1060,Slow Performance
pc very slow 1070,Slow Performance
pc very slow 1080,Slow Performance
pc very slow 1090,Slow Performance
gpu overheating,GPU Overheat
graphics card hot,GPU Overheat
gpu temperature high,GPU Overheat
graphics card overheating,GPU Overheat
gpu too hot,GPU Overheat
video card overheating,GPU Overheat
gpu overheating 0,GPU Overheat
gpu overheating problem,GPU Overheat
my gpu overheating,GPU Overheat
gpu overheating 10,GPU Overheat
gpu overheating 20,GPU Overheat
gpu overheating 30,GPU Overheat
gpu overheating 40,GPU Overheat
gpu overheating 50,GPU Overheat
gpu overheating 60,GPU Overheat
gpu overheating 70,GPU Overheat
gpu overheating 80,GPU Overheat
gpu overheating 90,GPU Overheat
gpu overheating 100,GPU Overheat
gpu overheating 110,GPU Overheat
gpu overheating 120,GPU Overheat
gpu overheating 130,GPU Overheat
gpu overheating 140,GPU Overheat
gpu overheating 150,GPU Overheat
gpu overheating 160,GPU Overheat
gpu overheating 170,GPU Overheat
gpu overheating 180,GPU Overheat
gpu overheating 190,GPU Overheat
gpu overheating 200,GPU Overheat
gpu overheating 210,GPU Overheat
gpu overheating 220,GPU Overheat
gpu overheating 230,GPU Overheat
gpu overheating 240,GPU Overheat
gpu overheating 250,GPU Overheat
gpu overheating 260,GPU Overheat
gpu overheating 270,GPU Overheat
gpu overheating 280,GPU Overheat
gpu overheating 290,GPU Overheat
gpu overheating 300,GPU Overheat
gpu overheating 310,GPU Overheat
gpu overheating 320,GPU Overheat
gpu overheating 330,GPU Overheat
gpu overheating 340,GPU Overheat
gpu overheating 350,GPU Overheat
gpu overheating 360,GPU Overheat
gpu overheating 370,GPU Overheat
gpu overheating 380,GPU Overheat
gpu overheating 390,GPU Overheat
gpu overheating 400,GPU Overheat
gpu overheating 410,GPU Overheat
gpu overheating 420,GPU Overheat
gpu overheating 430,GPU Overheat
gpu overheating 440,GPU Overheat
gpu overheating 450,GPU Overheat
gpu overheating 460,GPU Overheat
gpu overheating 470,GPU Overheat
gpu overheating 480,GPU Overheat
gpu overheating 490,GPU Overheat
gpu overheating 500,GPU Overheat
gpu overheating 510,GPU Overheat
gpu overheating 520,GPU Overheat
gpu overheating 530,GPU Overheat
gpu overheating 540,GPU Overheat
gpu overheating 550,GPU Overheat
gpu overheating 560,GPU Overheat
gpu overheating 570,GPU Overheat
gpu overheating 580,GPU Overheat
gpu overheating 590,GPU Overheat
gpu overheating 600,GPU Overheat
gpu overheating 610,GPU Overheat
gpu overheating 620,GPU Overheat
gpu overheating 630,GPU Overheat
gpu overheating 640,GPU Overheat
gpu overheating 650,GPU Overheat
gpu overheating 660,GPU Overheat
gpu overheating 670,GPU Overheat
gpu overheating 680,GPU Overheat
gpu overheating 690,GPU Overheat
gpu overheating 700,GPU Overheat
gpu overheating 710,GPU Overheat
gpu overheating 720,GPU Overheat
gpu overheating 730,GPU Overheat
gpu overheating 740,GPU Overheat
gpu overheating 750,GPU Overheat
gpu overheating 760,GPU Overheat
gpu overheating 770,GPU Overheat
gpu overheating 780,GPU Overheat
gpu overheating 790,GPU Overheat
gpu overheating 800,GPU Overheat
gpu overheating 810,GPU Overheat
gpu overheating 820,GPU Overheat
gpu overheating 830,GPU Overheat
gpu overheating 840,GPU Overheat
gpu overheating 850,GPU Overheat
gpu overheating 860,GPU Overheat
gpu overheating 870,GPU Overheat
gpu overheating 880,GPU Overheat
gpu overheating 890,GPU Overheat
gpu overheating 900,GPU Overheat
gpu overheating 910,GPU Overheat
gpu overheating 920,GPU Overheat
gpu overheating 930,GPU Overheat
gpu overheating 940,GPU Overheat
gpu overheating 950,GPU Overheat
gpu overheating 960,GPU Overheat
gpu overheating 970,GPU Overheat
gpu overheating 980,GPU Overheat
gpu overheating 990,GPU Overheat
gpu overheating 1000,GPU Overheat
gpu overheating 1010,GPU Overheat
gpu overheating 1020,GPU Overheat
gpu overheating 1030,GPU Overheat
gpu overheating 1040,GPU Overheat
gpu overheating 1050,GPU Overheat
gpu overheating 1060,GPU Overheat
gpu overheating 1070,GPU Overheat
gpu overheating 1080,GPU Overheat
gpu overheating 1090,GPU Overheat
gpu overheating 1100,GPU Overheat
cpu overheating,CPU Overheat
processor overheating,CPU Overheat
cpu temperature high,CPU Overheat
processor too hot,CPU Overheat
cpu running hot,CPU Overheat
cpu overheating 0,CPU Overheat
cpu overheating problem,CPU Overheat
my cpu overheating,CPU Overheat
cpu overheating 10,CPU Overheat
cpu overheating 20,CPU Overheat
cpu overheating 30,CPU Overheat
cpu overheating 40,CPU Overheat
cpu overheating 50,CPU Overheat
cpu overheating 60,CPU Overheat
cpu overheating 70,CPU Overheat
cpu overheating 80,CPU Overheat
cpu overheating 90,CPU Overheat
cpu overheating 100,CPU Overheat
cpu overheating 110,CPU Overheat
cpu overheating 120,CPU Overheat
cpu overheating 130,CPU Overheat
cpu overheating 140,CPU Overheat
cpu overheating 150,CPU Overheat
cpu overheating 160,CPU Overheat
cpu overheating 170,CPU Overheat
cpu overheating 180,CPU Overheat
cpu overheating 190,CPU Overheat
cpu overheating 200,CPU Overheat
cpu overheating 210,CPU Overheat
cpu overheating 220,CPU Overheat
cpu overheating 230,CPU Overheat
cpu overheating 240,CPU Overheat
cpu overheating 250,CPU Overheat
cpu overheating 260,CPU Overheat
cpu overheating 270,CPU Overheat
cpu overheating 280,CPU Overheat
cpu overheating 290,CPU Overheat
cpu overheating 300,CPU Overheat
cpu overheating 310,CPU Overheat
cpu overheating 320,CPU Overheat
cpu overheating 330,CPU Overheat
cpu overheating 340,CPU Overheat
cpu overheating 350,CPU Overheat
cpu overheating 360,CPU Overheat
cpu overheating 370,CPU Overheat
cpu overheating 380,CPU Overheat
cpu overheating 390,CPU Overheat
cpu overheating 400,CPU Overheat
cpu overheating 410,CPU Overheat
cpu overheating 420,CPU Overheat
cpu overheating 430,CPU Overheat
cpu overheating 440,CPU Overheat
cpu overheating 450,CPU Overheat
cpu overheating 460,CPU Overheat
cpu overheating 470,CPU Overheat
cpu overheating 480,CPU Overheat
cpu overheating 490,CPU Overheat
cpu overheating 500,CPU Overheat
cpu overheating 510,CPU Overheat
cpu overheating 520,CPU Overheat
cpu overheating 530,CPU Overheat
cpu overheating 540,CPU Overheat
cpu overheating 550,CPU Overheat
cpu overheating 560,CPU Overheat
cpu overheating 570,CPU Overheat
cpu overheating 580,CPU Overheat
cpu overheating 590,CPU Overheat
cpu overheating 600,CPU Overheat
cpu overheating 610,CPU Overheat
cpu overheating 620,CPU Overheat
cpu overheating 630,CPU Overheat
cpu overheating 640,CPU Overheat
cpu overheating 650,CPU Overheat
cpu overheating 660,CPU Overheat
cpu overheating 670,CPU Overheat
cpu overheating 680,CPU Overheat
cpu overheating 690,CPU Overheat
cpu overheating 700,CPU Overheat
cpu overheating 710,CPU Overheat
cpu overheating 720,CPU Overheat
cpu overheating 730,CPU Overheat
cpu overheating 740,CPU Overheat
cpu overheating 750,CPU Overheat
cpu overheating 760,CPU Overheat
cpu overheating 770,CPU Overheat
cpu overheating 780,CPU Overheat
cpu overheating 790,CPU Overheat
cpu overheating 800,CPU Overheat
cpu overheating 810,CPU Overheat
cpu overheating 820,CPU Overheat
cpu overheating 830,CPU Overheat
cpu overheating 840,CPU Overheat
cpu overheating 850,CPU Overheat
cpu overheating 860,CPU Overheat
cpu overheating 870,CPU Overheat
cpu overheating 880,CPU Overheat
cpu overheating 890,CPU Overheat
cpu overheating 900,CPU Overheat
cpu overheating 910,CPU Overheat
cpu overheating 920,CPU Overheat
cpu overheating 930,CPU Overheat
cpu overheating 940,CPU Overheat
cpu overheating 950,CPU Overheat
cpu overheating 960,CPU Overheat
cpu overheating 970,CPU Overheat
cpu overheating 980,CPU Overheat
cpu overheating 990,CPU Overheat
cpu overheating 1000,CPU Overheat
cpu overheating 1010,CPU Overheat
cpu overheating 1020,CPU Overheat
cpu overheating 1030,CPU Overheat
cpu overheating 1040,CPU Overheat
cpu overheating 1050,CPU Overheat
cpu overheating 1060,CPU Overheat
cpu overheating 1070,CPU Overheat
cpu overheating 1080,CPU Overheat
cpu overheating 1090,CPU Overheat
cpu overheating 1100,CPU Overheat
need more ram,RAM Upgrade
ram is full,RAM Upgrade
not enough memory,RAM Upgrade
low memory,RAM Upgrade
ram usage high,RAM Upgrade
need ram upgrade,RAM Upgrade
need more ram 0,RAM Upgrade
need more ram problem,RAM Upgrade
my need more ram,RAM Upgrade
need more ram 10,RAM Upgrade
need more ram 20,RAM Upgrade
need more ram 30,RAM Upgrade
need more ram 40,RAM Upgrade
need more ram 50,RAM Upgrade
need more ram 60,RAM Upgrade
need more ram 70,RAM Upgrade
need more ram 80,RAM Upgrade
need more ram 90,RAM Upgrade
need more ram 100,RAM Upgrade
need more ram 110,RAM Upgrade
need more ram 120,RAM Upgrade
need more ram 130,RAM Upgrade
need more ram 140,RAM Upgrade
need more ram 150,RAM Upgrade
need more ram 160,RAM Upgrade
need more ram 170,RAM Upgrade
need more ram 180,RAM Upgrade
need more ram 190,RAM Upgrade
need more ram 200,RAM Upgrade
need more ram 210,RAM Upgrade
need more ram 220,RAM Upgrade
need more ram 230,RAM Upgrade
need more ram 240,RAM Upgrade
need more ram 250,RAM Upgrade
need more ram 260,RAM Upgrade
need more ram 270,RAM Upgrade
need more ram 280,RAM Upgrade
need more ram 290,RAM Upgrade
need more ram 300,RAM Upgrade
need more ram 310,RAM Upgrade
need more ram 320,RAM Upgrade
need more ram 330,RAM Upgrade
need more ram 340,RAM Upgrade
need more ram 350,RAM Upgrade
need more ram 360,RAM Upgrade
need more ram 370,RAM Upgrade
need more ram 380,RAM Upgrade
need more ram 390,RAM Upgrade
need more ram 400,RAM Upgrade
need more ram 410,RAM Upgrade
need more ram 420,RAM Upgrade
need more ram 430,RAM Upgrade
need more ram 440,RAM Upgrade
need more ram 450,RAM Upgrade
need more ram 460,RAM Upgrade
need more ram 470,RAM Upgrade
need more ram 480,RAM Upgrade
need more ram 490,RAM Upgrade
need more ram 500,RAM Upgrade
need more ram 510,RAM Upgrade
need more ram 520,RAM Upgrade
need more ram 530,RAM Upgrade
need more ram 540,RAM Upgrade
need more ram 550,RAM Upgrade
need more ram 560,RAM Upgrade
need more ram 570,RAM Upgrade
need more ram 580,RAM Upgrade
need more ram 590,RAM Upgrade
need more ram 600,RAM Upgrade
need more ram 610,RAM Upgrade
need more ram 620,RAM Upgrade
need more ram 630,RAM Upgrade
need more ram 640,RAM Upgrade
need more ram 650,RAM Upgrade
need more ram 660,RAM Upgrade
need more ram 670,RAM Upgrade
need more ram 680,RAM Upgrade
need more ram 690,RAM Upgrade
need more ram 700,RAM Upgrade
need more ram 710,RAM Upgrade
need more ram 720,RAM Upgrade
need more ram 730,RAM Upgrade
need more ram 740,RAM Upgrade
need more ram 750,RAM Upgrade
need more ram 760,RAM Upgrade
need more ram 770,RAM Upgrade
need more ram 780,RAM Upgrade
need more ram 790,RAM Upgrade
need more ram 800,RAM Upgrade
need more ram 810,RAM Upgrade
need more ram 820,RAM Upgrade
need more ram 830,RAM Upgrade
need more ram 840,RAM Upgrade
need more ram 850,RAM Upgrade
need more ram 860,RAM Upgrade
need more ram 870,RAM Upgrade
need more ram 880,RAM Upgrade
need more ram 890,RAM Upgrade
need more ram 900,RAM Upgrade
need more ram 910,RAM Upgrade
need more ram 920,RAM Upgrade
need more ram 930,RAM Upgrade
need more ram 940,RAM Upgrade
need more ram 950,RAM Upgrade
need more ram 960,RAM Upgrade
need more ram 970,RAM Upgrade
need more ram 980,RAM Upgrade
need more ram 990,RAM Upgrade
need more ram 1000,RAM Upgrade
need more ram 1010,RAM Upgrade
need more ram 1020,RAM Upgrade
need more ram 1030,RAM Upgrade
need more ram 1040,RAM Upgrade
need more ram 1050,RAM Upgrade
need more ram 1060,RAM Upgrade
need more ram 1070,RAM Upgrade
need more ram 1080,RAM Upgrade
need more ram 1090,RAM Upgrade
need more ram 1100,RAM Upgrade
slow boot time,SSD Upgrade
pc boots slow,SSD Upgrade
slow startup,SSD Upgrade
need ssd upgrade,SSD Upgrade
boot very slow,SSD Upgrade
slow boot time 0,SSD Upgrade
slow boot time problem,SSD Upgrade
my slow boot time,SSD Upgrade
slow boot time 10,SSD Upgrade
slow boot time 20,SSD Upgrade
slow boot time 30,SSD Upgrade
slow boot time 40,SSD Upgrade
slow boot time 50,SSD Upgrade
slow boot time 60,SSD Upgrade
slow boot time 70,SSD Upgrade
slow boot time 80,SSD Upgrade
slow boot time 90,SSD Upgrade
slow boot time 100,SSD Upgrade
slow boot time 110,SSD Upgrade
slow boot time 120,SSD Upgrade
slow boot time 130,SSD Upgrade
slow boot time 140,SSD Upgrade
slow boot time 150,SSD Upgrade
slow boot time 160,SSD Upgrade
slow boot time 170,SSD Upgrade
slow boot time 180,SSD Upgrade
slow boot time 190,SSD Upgrade
slow boot time 200,SSD Upgrade
slow boot time 210,SSD Upgrade
slow boot time 220,SSD Upgrade
slow boot time 230,SSD Upgrade
slow boot time 240,SSD Upgrade
slow boot time 250,SSD Upgrade
slow boot time 260,SSD Upgrade
slow boot time 270,SSD Upgrade
slow boot time 280,SSD Upgrade
slow boot time 290,SSD Upgrade
slow boot time 300,SSD Upgrade
slow boot time 310,SSD Upgrade
slow boot time 320,SSD Upgrade
slow boot time 330,SSD Upgrade
slow boot time 340,SSD Upgrade
slow boot time 350,SSD Upgrade
slow boot time 360,SSD Upgrade
slow boot time 370,SSD Upgrade
slow boot time 380,SSD Upgrade
slow boot time 390,SSD Upgrade
slow boot time 400,SSD Upgrade
slow boot time 410,SSD Upgrade
slow boot time 420,SSD Upgrade
slow boot time 430,SSD Upgrade
slow boot time 440,SSD Upgrade
slow boot time 450,SSD Upgrade
slow boot time 460,SSD Upgrade
slow boot time 470,SSD Upgrade
slow boot time 480,SSD Upgrade
slow boot time 490,SSD Upgrade
slow boot time 500,SSD Upgrade
slow boot time 510,SSD Upgrade
slow boot time 520,SSD Upgrade
slow boot time 530,SSD Upgrade
slow boot time 540,SSD Upgrade
slow boot time 550,SSD Upgrade
slow boot time 560,SSD Upgrade
slow boot time 570,SSD Upgrade
slow boot time 580,SSD Upgrade
slow boot time 590,SSD Upgrade
slow boot time 600,SSD Upgrade
slow boot time 610,SSD Upgrade
slow boot time 620,SSD Upgrade
slow boot time 630,SSD Upgrade
slow boot time 640,SSD Upgrade
slow boot time 650,SSD Upgrade
slow boot time 660,SSD Upgrade
slow boot time 670,SSD Upgrade
slow boot time 680,SSD Upgrade
slow boot time 690,SSD Upgrade
slow boot time 700,SSD Upgrade
slow boot time 710,SSD Upgrade
slow boot time 720,SSD Upgrade
slow boot time 730,SSD Upgrade
slow boot time 740,SSD Upgrade
slow boot time 750,SSD Upgrade
slow boot time 760,SSD Upgrade
slow boot time 770,SSD Upgrade
slow boot time 780,SSD Upgrade
slow boot time 790,SSD Upgrade
slow boot time 800,SSD Upgrade
slow boot time 810,SSD Upgrade
slow boot time 820,SSD Upgrade
slow boot time 830,SSD Upgrade
slow boot time 840,SSD Upgrade
slow boot time 850,SSD Upgrade
slow boot time 860,SSD Upgrade
slow boot time 870,SSD Upgrade
slow boot time 880,SSD Upgrade
slow boot time 890,SSD Upgrade
slow boot time 900,SSD Upgrade
slow boot time 910,SSD Upgrade
slow boot time 920,SSD Upgrade
slow boot time 930,SSD Upgrade
slow boot time 940,SSD Upgrade
slow boot time 950,SSD Upgrade
slow boot time 960,SSD Upgrade
slow boot time 970,SSD Upgrade
slow boot time 980,SSD Upgrade
slow boot time 990,SSD Upgrade
slow boot time 1000,SSD Upgrade
slow boot time 1010,SSD Upgrade
slow boot time 1020,SSD Upgrade
slow boot time 1030,SSD Upgrade
slow boot time 1040,SSD Upgrade
slow boot time 1050,SSD Upgrade
slow boot time 1060,SSD Upgrade
slow boot time 1070,SSD Upgrade
slow boot time 1080,SSD Upgrade
slow boot time 1090,SSD Upgrade
slow boot time 1100,SSD Upgrade
wifi not working,Wi-Fi Adapter Upgrade
no internet connection,Wi-Fi Adapter Upgrade
wifi keeps disconnecting,Wi-Fi Adapter Upgrade
wireless not working,Wi-Fi Adapter Upgrade
wifi adapter issue,Wi-Fi Adapter Upgrade
wifi not working 0,Wi-Fi Adapter Upgrade
wifi not working problem,Wi-Fi Adapter Upgrade
my wifi not working,Wi-Fi Adapter Upgrade
wifi not working 10,Wi-Fi Adapter Upgrade
wifi not working 20,Wi-Fi Adapter Upgrade
wifi not working 30,Wi-Fi Adapter Upgrade
wifi not working 40,Wi-Fi Adapter Upgrade
wifi not working 50,Wi-Fi Adapter Upgrade
wifi not working 60,Wi-Fi Adapter Upgrade
wifi not working 70,Wi-Fi Adapter Upgrade
wifi not working 80,Wi-Fi Adapter Upgrade
wifi not working 90,Wi-Fi Adapter Upgrade
wifi not working 100,Wi-Fi Adapter Upgrade
wifi not working 110,Wi-Fi Adapter Upgrade
wifi not working 120,Wi-Fi Adapter Upgrade
wifi not working 130,Wi-Fi Adapter Upgrade
wifi not working 140,Wi-Fi Adapter Upgrade
wifi not working 150,Wi-Fi Adapter Upgrade
wifi not working 160,Wi-Fi Adapter Upgrade
wifi not working 170,Wi-Fi Adapter Upgrade
wifi not working 180,Wi-Fi Adapter Upgrade
wifi not working 190,Wi-Fi Adapter Upgrade
wifi not working 200,Wi-Fi Adapter Upgrade
wifi not working 210,Wi-Fi Adapter Upgrade
wifi not working 220,Wi-Fi Adapter Upgrade
wifi not working 230,Wi-Fi Adapter Upgrade
wifi not working 240,Wi-Fi Adapter Upgrade
wifi not working 250,Wi-Fi Adapter Upgrade
wifi not working 260,Wi-Fi Adapter Upgrade
wifi not working 270,Wi-Fi Adapter Upgrade
wifi not working 280,Wi-Fi Adapter Upgrade
wifi not working 290,Wi-Fi Adapter Upgrade
wifi not working 300,Wi-Fi Adapter Upgrade
wifi not working 310,Wi-Fi Adapter Upgrade
wifi not working 320,Wi-Fi Adapter Upgrade
wifi not working 330,Wi-Fi Adapter Upgrade
wifi not working 340,Wi-Fi Adapter Upgrade
wifi not working 350,Wi-Fi Adapter Upgrade
wifi not working 360,Wi-Fi Adapter Upgrade
wifi not working 370,Wi-Fi Adapter Upgrade
wifi not working 380,Wi-Fi Adapter Upgrade
wifi not working 390,Wi-Fi Adapter Upgrade
wifi not working 400,Wi-Fi Adapter Upgrade
wifi not working 410,Wi-Fi Adapter Upgrade
wifi not working 420,Wi-Fi Adapter Upgrade
wifi not working 430,Wi-Fi Adapter Upgrade
wifi not working 440,Wi-Fi Adapter Upgrade
wifi not working 450,Wi-Fi Adapter Upgrade
wifi not working 460,Wi-Fi Adapter Upgrade
wifi not working 470,Wi-Fi Adapter Upgrade
wifi not working 480,Wi-Fi Adapter Upgrade
wifi not working 490,Wi-Fi Adapter Upgrade
wifi not working 500,Wi-Fi Adapter Upgrade
wifi not working 510,Wi-Fi Adapter Upgrade
wifi not working 520,Wi-Fi Adapter Upgrade
wifi not working 530,Wi-Fi Adapter Upgrade
wifi not working 540,Wi-Fi Adapter Upgrade
wifi not working 550,Wi-Fi Adapter Upgrade
wifi not working 560,Wi-Fi Adapter Upgrade
wifi not working 570,Wi-Fi Adapter Upgrade
wifi not working 580,Wi-Fi Adapter Upgrade
wifi not working 590,Wi-Fi Adapter Upgrade
wifi not working 600,Wi-Fi Adapter Upgrade
wifi not working 610,Wi-Fi Adapter Upgrade
wifi not working 620,Wi-Fi Adapter Upgrade
wifi not working 630,Wi-Fi Adapter Upgrade
wifi not working 640,Wi-Fi Adapter Upgrade
wifi not working 650,Wi-Fi Adapter Upgrade
wifi not working 660,Wi-Fi Adapter Upgrade
wifi not working 670,Wi-Fi Adapter Upgrade
wifi not working 680,Wi-Fi Adapter Upgrade
wifi not working 690,Wi-Fi Adapter Upgrade
wifi not working 700,Wi-Fi Adapter Upgrade
wifi not working 710,Wi-Fi Adapter Upgrade
wifi not working 720,Wi-Fi Adapter Upgrade
wifi not working 730,Wi-Fi Adapter Upgrade
wifi not working 740,Wi-Fi Adapter Upgrade
wifi not working 750,Wi-Fi Adapter Upgrade
wifi not working 760,Wi-Fi Adapter Upgrade
wifi not working 770,Wi-Fi Adapter Upgrade
wifi not working 780,Wi-Fi Adapter Upgrade
wifi not working 790,Wi-Fi Adapter Upgrade
wifi not working 800,Wi-Fi Adapter Upgrade
wifi not working 810,Wi-Fi Adapter Upgrade
wifi not working 820,Wi-Fi Adapter Upgrade
wifi not working 830,Wi-Fi Adapter Upgrade
wifi not working 840,Wi-Fi Adapter Upgrade
wifi not working 850,Wi-Fi Adapter Upgrade
wifi not working 860,Wi-Fi Adapter Upgrade
wifi not working 870,Wi-Fi Adapter Upgrade
wifi not working 880,Wi-Fi Adapter Upgrade
wifi not working 890,Wi-Fi Adapter Upgrade
wifi not working 900,Wi-Fi Adapter Upgrade
wifi not working 910,Wi-Fi Adapter Upgrade
wifi not working 920,Wi-Fi Adapter Upgrade
wifi not working 930,Wi-Fi Adapter Upgrade
wifi not working 940,Wi-Fi Adapter Upgrade
wifi not working 950,Wi-Fi Adapter Upgrade
wifi not working 960,Wi-Fi Adapter Upgrade
wifi not working 970,Wi-Fi Adapter Upgrade
wifi not working 980,Wi-Fi Adapter Upgrade
wifi not working 990,Wi-Fi Adapter Upgrade
wifi not working 1000,Wi-Fi Adapter Upgrade
wifi not working 1010,Wi-Fi Adapter Upgrade
wifi not working 1020,Wi-Fi Adapter Upgrade
wifi not working 1030,Wi-Fi Adapter Upgrade
wifi not working 1040,Wi-Fi Adapter Upgrade
wifi not working 1050,Wi-Fi Adapter Upgrade
wifi not working 1060,Wi-Fi Adapter Upgrade
wifi not working 1070,Wi-Fi Adapter Upgrade
wifi not working 1080,Wi-Fi Adapter Upgrade
wifi not working 1090,Wi-Fi Adapter Upgrade
wifi not working 1100,Wi-Fi Adapter Upgrade
driver issue,Driver Issue
driver issue 0,Driver Issue
driver issue problem,Driver Issue
my driver issue,Driver Issue
driver issue 10,Driver Issue
driver issue 20,Driver Issue
driver issue 30,Driver Issue
driver issue 40,Driver Issue
driver issue 50,Driver Issue
driver issue 60,Driver Issue
driver issue 70,Driver Issue
driver issue 80,Driver Issue
driver issue 90,Driver Issue
driver issue 100,Driver Issue
driver issue 110,Driver Issue
driver issue 120,Driver Issue
driver issue 130,Driver Issue
driver issue 140,Driver Issue
driver issue 150,Driver Issue
driver issue 160,Driver Issue
driver issue 170,Driver Issue
driver issue 180,Driver Issue
driver issue 190,Driver Issue
driver issue 200,Driver Issue
driver issue 210,Driver Issue
driver issue 220,Driver Issue
driver issue 230,Driver Issue
driver issue 240,Driver Issue
driver issue 250,Driver Issue
driver issue 260,Driver Issue
driver issue 270,Driver Issue
driver issue 280,Driver Issue
driver issue 290,Driver Issue
driver issue 300,Driver Issue
driver issue 310,Driver Issue
driver issue 320,Driver Issue
driver issue 330,Driver Issue
driver issue 340,Driver Issue
driver issue 350,Driver Issue
driver issue 360,Driver Issue
driver issue 370,Driver Issue
driver issue 380,Driver Issue
driver issue 390,Driver Issue
driver issue 400,Driver Issue
driver issue 410,Driver Issue
driver issue 420,Driver Issue
driver issue 430,Driver Issue
driver issue 440,Driver Issue
driver issue 450,Driver Issue
driver issue 460,Driver Issue
driver issue 470,Driver Issue
driver issue 480,Driver Issue
driver issue 490,Driver Issue
driver issue 500,Driver Issue
driver issue 510,Driver Issue
driver issue 520,Driver Issue
driver issue 530,Driver Issue
driver issue 540,Driver Issue
driver issue 550,Driver Issue
driver issue 560,Driver Issue
driver issue 570,Driver Issue
driver issue 580,Driver Issue
driver issue 590,Driver Issue
driver issue 600,Driver Issue
driver issue 610,Driver Issue
driver issue 620,Driver Issue
driver issue 630,Driver Issue
driver issue 640,Driver Issue
driver issue 650,Driver Issue
driver issue 660,Driver Issue
driver issue 670,Driver Issue
driver issue 680,Driver Issue
driver issue 690,Driver Issue
driver issue 700,Driver Issue
driver issue 710,Driver Issue
driver issue 720,Driver Issue
driver issue 730,Driver Issue
driver issue 740,Driver Issue
driver issue 750,Driver Issue
driver issue 760,Driver Issue
driver issue 770,Driver Issue
driver issue 780,Driver Issue
driver issue 790,Driver Issue
driver issue 800,Driver Issue
driver issue 810,Driver Issue
driver issue 820,Driver Issue
driver issue 830,Driver Issue
driver issue 840,Driver Issue
driver issue 850,Driver Issue
driver issue 860,Driver Issue
driver issue 870,Driver Issue
driver issue 880,Driver Issue
driver issue 890,Driver Issue
driver issue 900,Driver Issue
driver issue 910,Driver Issue
driver issue 920,Driver Issue
driver issue 930,Driver Issue
driver issue 940,Driver Issue
driver issue 950,Driver Issue
driver issue 960,Driver Issue
driver issue 970,Driver Issue
driver issue 980,Driver Issue
driver issue 990,Driver Issue
driver issue 1000,Driver Issue
driver issue 1010,Driver Issue
driver issue 1020,Driver Issue
driver issue 1030,Driver Issue
driver issue 1040,Driver Issue
driver issue 1050,Driver Issue
driver issue 1060,Driver Issue
driver issue 1070,Driver Issue
driver issue 1080,Driver Issue
driver issue 1090,Driver Issue
driver issue 1100,Driver Issue
virus / malware,Virus / Malware
virus / malware 0,Virus / Malware
virus / malware problem,Virus / Malware
my virus / malware,Virus / Malware
virus / malware 10,Virus / Malware
virus / malware 20,Virus / Malware
virus / malware 30,Virus / Malware
virus / malware 40,Virus / Malware
virus / malware 50,Virus / Malware
virus / malware 60,Virus / Malware
virus / malware 70,Virus / Malware
virus / malware 80,Virus / Malware
virus / malware 90,Virus / Malware
virus / malware 100,Virus / Malware
virus / malware 110,Virus / Malware
virus / malware 120,Virus / Malware
virus / malware 130,Virus / Malware
virus / malware 140,Virus / Malware
virus / malware 150,Virus / Malware
virus / malware 160,Virus / Malware
virus / malware 170,Virus / Malware
virus / malware 180,Virus / Malware
virus / malware 190,Virus / Malware
virus / malware 200,Virus / Malware
virus / malware 210,Virus / Malware
virus / malware 220,Virus / Malware
virus / malware 230,Virus / Malware
virus / malware 240,Virus / Malware
virus / malware 250,Virus / Malware
virus / malware 260,Virus / Malware
virus / malware 270,Virus / Malware
virus / malware 280,Virus / Malware
virus / malware 290,Virus / Malware
virus / malware 300,Virus / Malware
virus / malware 310,Virus / Malware
virus / malware 320,Virus / Malware
virus / malware 330,Virus / Malware
virus / malware 340,Virus / Malware
virus / malware 350,Virus / Malware
virus / malware 360,Virus / Malware
virus / malware 370,Virus / Malware
virus / malware 380,Virus / Malware
virus / malware 390,Virus / Malware
virus / malware 400,Virus / Malware
virus / malware 410,Virus / Malware
virus / malware 420,Virus / Malware
virus / malware 430,Virus / Malware
virus / malware 440,Virus / Malware
virus / malware 450,Virus / Malware
virus / malware 460,Virus / Malware
virus / malware 470,Virus / Malware
virus / malware 480,Virus / Malware
virus / malware 490,Virus / Malware
virus / malware 500,Virus / Malware
virus / malware 510,Virus / Malware
virus / malware 520,Virus / Malware
virus / malware 530,Virus / Malware
virus / malware 540,Virus / Malware
virus / malware 550,Virus / Malware
virus / malware 560,Virus / Malware
virus / malware 570,Virus / Malware
virus / malware 580,Virus / Malware
virus / malware 590,Virus / Malware
virus / malware 600,Virus / Malware
virus / malware 610,Virus / Malware
virus / malware 620,Virus / Malware
virus / malware 630,Virus / Malware
virus / malware 640,Virus / Malware
virus / malware 650,Virus / Malware
virus / malware 660,Virus / Malware
virus / malware 670,Virus / Malware
virus / malware 680,Virus / Malware
virus / malware 690,Virus / Malware
virus / malware 700,Virus / Malware
virus / malware 710,Virus / Malware
virus / malware 720,Virus / Malware
virus / malware 730,Virus / Malware
virus / malware 740,Virus / Malware
virus / malware 750,Virus / Malware
virus / malware 760,Virus / Malware
virus / malware 770,Virus / Malware
virus / malware 780,Virus / Malware
virus / malware 790,Virus / Malware
virus / malware 800,Virus / Malware
virus / malware 810,Virus / Malware
virus / malware 820,Virus / Malware
virus / malware 830,Virus / Malware
virus / malware 840,Virus / Malware
virus / malware 850,Virus / Malware
virus / malware 860,Virus / Malware
virus / malware 870,Virus / Malware
virus / malware 880,Virus / Malware
virus / malware 890,Virus / Malware
virus / malware 900,Virus / Malware
virus / malware 910,Virus / Malware
virus / malware 920,Virus / Malware
virus / malware 930,Virus / Malware
virus / malware 940,Virus / Malware
virus / malware 950,Virus / Malware
virus / malware 960,Virus / Malware
virus / malware 970,Virus / Malware
virus / malware 980,Virus / Malware
virus / malware 990,Virus / Malware
virus / malware 1000,Virus / Malware
virus / malware 1010,Virus / Malware
virus / malware 1020,Virus / Malware
virus / malware 1030,Virus / Malware
virus / malware 1040,Virus / Malware
virus / malware 1050,Virus / Malware
virus / malware 1060,Virus / Malware
virus / malware 1070,Virus / Malware
virus / malware 1080,Virus / Malware
virus / malware 1090,Virus / Malware
virus / malware 1100,Virus / Malware
os reinstall / corrupted,OS Reinstall / Corrupted
os reinstall / corrupted 0,OS Reinstall / Corrupted
os reinstall / corrupted problem,OS Reinstall / Corrupted
my os reinstall / corrupted,OS Reinstall / Corrupted
os reinstall / corrupted 10,OS Reinstall / Corrupted
os reinstall / corrupted 20,OS Reinstall / Corrupted
os reinstall / corrupted 30,OS Reinstall / Corrupted
os reinstall / corrupted 40,OS Reinstall / Corrupted
os reinstall / corrupted 50,OS Reinstall / Corrupted
os reinstall / corrupted 60,OS Reinstall / Corrupted
os reinstall / corrupted 70,OS Reinstall / Corrupted
os reinstall / corrupted 80,OS Reinstall / Corrupted
os reinstall / corrupted 90,OS Reinstall / Corrupted
os reinstall / corrupted 100,OS Reinstall / Corrupted
os reinstall / corrupted 110,OS Reinstall / Corrupted
os reinstall / corrupted 120,OS Reinstall / Corrupted
os reinstall / corrupted 130,OS Reinstall / Corrupted
os reinstall / corrupted 140,OS Reinstall / Corrupted
os reinstall / corrupted 150,OS Reinstall / Corrupted
os reinstall / corrupted 160,OS Reinstall / Corrupted
os reinstall / corrupted 170,OS Reinstall / Corrupted
os reinstall / corrupted 180,OS Reinstall / Corrupted
os reinstall / corrupted 190,OS Reinstall / Corrupted
os reinstall / corrupted 200,OS Reinstall / Corrupted
os reinstall / corrupted 210,OS Reinstall / Corrupted
os reinstall / corrupted 220,OS Reinstall / Corrupted
os reinstall / corrupted 230,OS Reinstall / Corrupted
os reinstall / corrupted 240,OS Reinstall / Corrupted
os reinstall / corrupted 250,OS Reinstall / Corrupted
os reinstall / corrupted 260,OS Reinstall / Corrupted
os reinstall / corrupted 270,OS Reinstall / Corrupted
os reinstall / corrupted 280,OS Reinstall / Corrupted
os reinstall / corrupted 290,OS Reinstall / Corrupted
os reinstall / corrupted 300,OS Reinstall / Corrupted
os reinstall / corrupted 310,OS Reinstall / Corrupted
os reinstall / corrupted 320,OS Reinstall / Corrupted
os reinstall / corrupted 330,OS Reinstall / Corrupted
os reinstall / corrupted 340,OS Reinstall / Corrupted
os reinstall / corrupted 350,OS Reinstall / Corrupted
os reinstall / corrupted 360,OS Reinstall / Corrupted
os reinstall / corrupted 370,OS Reinstall / Corrupted
os reinstall / corrupted 380,OS Reinstall / Corrupted
os reinstall / corrupted 390,OS Reinstall / Corrupted
os reinstall / corrupted 400,OS Reinstall / Corrupted
os reinstall / corrupted 410,OS Reinstall / Corrupted
os reinstall / corrupted 420,OS Reinstall / Corrupted
os reinstall / corrupted 430,OS Reinstall / Corrupted
os reinstall / corrupted 440,OS Reinstall / Corrupted
os reinstall / corrupted 450,OS Reinstall / Corrupted
os reinstall / corrupted 460,OS Reinstall / Corrupted
os reinstall / corrupted 470,OS Reinstall / Corrupted
os reinstall / corrupted 480,OS Reinstall / Corrupted
os reinstall / corrupted 490,OS Reinstall / Corrupted
os reinstall / corrupted 500,OS Reinstall / Corrupted
os reinstall / corrupted 510,OS Reinstall / Corrupted
os reinstall / corrupted 520,OS Reinstall / Corrupted
os reinstall / corrupted 530,OS Reinstall / Corrupted
os reinstall / corrupted 540,OS Reinstall / Corrupted
os reinstall / corrupted 550,OS Reinstall / Corrupted
os reinstall / corrupted 560,OS Reinstall / Corrupted
os reinstall / corrupted 570,OS Reinstall / Corrupted
os reinstall / corrupted 580,OS Reinstall / Corrupted
os reinstall / corrupted 590,OS Reinstall / Corrupted
os reinstall / corrupted 600,OS Reinstall / Corrupted
os reinstall / corrupted 610,OS Reinstall / Corrupted
os reinstall / corrupted 620,OS Reinstall / Corrupted
os reinstall / corrupted 630,OS Reinstall / Corrupted
os reinstall / corrupted 640,OS Reinstall / Corrupted
os reinstall / corrupted 650,OS Reinstall / Corrupted
os reinstall / corrupted 660,OS Reinstall / Corrupted
os reinstall / corrupted 670,OS Reinstall / Corrupted
os reinstall / corrupted 680,OS Reinstall / Corrupted
os reinstall / corrupted 690,OS Reinstall / Corrupted
os reinstall / corrupted 700,OS Reinstall / Corrupted
os reinstall / corrupted 710,OS Reinstall / Corrupted
os reinstall / corrupted 720,OS Reinstall / Corrupted
os reinstall / corrupted 730,OS Reinstall / Corrupted
os reinstall / corrupted 740,OS Reinstall / Corrupted
os reinstall / corrupted 750,OS Reinstall / Corrupted
os reinstall / corrupted 760,OS Reinstall / Corrupted
os reinstall / corrupted 770,OS Reinstall / Corrupted
os reinstall / corrupted 780,OS Reinstall / Corrupted
os reinstall / corrupted 790,OS Reinstall / Corrupted
os reinstall / corrupted 800,OS Reinstall / Corrupted
os reinstall / corrupted 810,OS Reinstall / Corrupted
os reinstall / corrupted 820,OS Reinstall / Corrupted
os reinstall / corrupted 830,OS Reinstall / Corrupted
os reinstall / corrupted 840,OS Reinstall / Corrupted
os reinstall / corrupted 850,OS Reinstall / Corrupted
os reinstall / corrupted 860,OS Reinstall / Corrupted
os reinstall / corrupted 870,OS Reinstall / Corrupted
os reinstall / corrupted 880,OS Reinstall / Corrupted
os reinstall / corrupted 890,OS Reinstall / Corrupted
os reinstall / corrupted 900,OS Reinstall / Corrupted
os reinstall / corrupted 910,OS Reinstall / Corrupted
os reinstall / corrupted 920,OS Reinstall / Corrupted
os reinstall / corrupted 930,OS Reinstall / Corrupted
os reinstall / corrupted 940,OS Reinstall / Corrupted
os reinstall / corrupted 950,OS Reinstall / Corrupted
os reinstall / corrupted 960,OS Reinstall / Corrupted
os reinstall / corrupted 970,OS Reinstall / Corrupted
os reinstall / corrupted 980,OS Reinstall / Corrupted
os reinstall / corrupted 990,OS Reinstall / Corrupted
os reinstall / corrupted 1000,OS Reinstall / Corrupted
os reinstall / corrupted 1010,OS Reinstall / Corrupted
os reinstall / corrupted 1020,OS Reinstall / Corrupted
os reinstall / corrupted 1030,OS Reinstall / Corrupted
os reinstall / corrupted 1040,OS Reinstall / Corrupted
os reinstall / corrupted 1050,OS Reinstall / Corrupted
os reinstall / corrupted 1060,OS Reinstall / Corrupted
os reinstall / corrupted 1070,OS Reinstall / Corrupted
os reinstall / corrupted 1080,OS Reinstall / Corrupted
os reinstall / corrupted 1090,OS Reinstall / Corrupted
os reinstall / corrupted 1100,OS Reinstall / Corrupted
bios issue,BIOS Issue
bios issue 0,BIOS Issue
bios issue problem,BIOS Issue
my bios issue,BIOS Issue
bios issue 10,BIOS Issue
bios issue 20,BIOS Issue
bios issue 30,BIOS Issue
bios issue 40,BIOS Issue
bios issue 50,BIOS Issue
bios issue 60,BIOS Issue
bios issue 70,BIOS Issue
bios issue 80,BIOS Issue
bios issue 90,BIOS Issue
bios issue 100,BIOS Issue
bios issue 110,BIOS Issue
bios issue 120,BIOS Issue
bios issue 130,BIOS Issue
bios issue 140,BIOS Issue
bios issue 150,BIOS Issue
bios issue 160,BIOS Issue
bios issue 170,BIOS Issue
bios issue 180,BIOS Issue
bios issue 190,BIOS Issue
bios issue 200,BIOS Issue
bios issue 210,BIOS Issue
bios issue 220,BIOS Issue
bios issue 230,BIOS Issue
bios issue 240,BIOS Issue
bios issue 250,BIOS Issue
bios issue 260,BIOS Issue
bios issue 270,BIOS Issue
bios issue 280,BIOS Issue
bios issue 290,BIOS Issue
bios issue 300,BIOS Issue
bios issue 310,BIOS Issue
bios issue 320,BIOS Issue
bios issue 330,BIOS Issue
bios issue 340,BIOS Issue
bios issue 350,BIOS Issue
bios issue 360,BIOS Issue
bios issue 370,BIOS Issue
bios issue 380,BIOS Issue
bios issue 390,BIOS Issue
bios issue 400,BIOS Issue
bios issue 410,BIOS Issue
bios issue 420,BIOS Issue
bios issue 430,BIOS Issue
bios issue 440,BIOS Issue
bios issue 450,BIOS Issue
bios issue 460,BIOS Issue
bios issue 470,BIOS Issue
bios issue 480,BIOS Issue
bios issue 490,BIOS Issue
bios issue 500,BIOS Issue
bios issue 510,BIOS Issue
bios issue 520,BIOS Issue
bios issue 530,BIOS Issue
bios issue 540,BIOS Issue
bios issue 550,BIOS Issue
bios issue 560,BIOS Issue
bios issue 570,BIOS Issue
bios issue 580,BIOS Issue
bios issue 590,BIOS Issue
bios issue 600,BIOS Issue
bios issue 610,BIOS Issue
bios issue 620,BIOS Issue
bios issue 630,BIOS Issue
bios issue 640,BIOS Issue
bios issue 650,BIOS Issue
bios issue 660,BIOS Issue
bios issue 670,BIOS Issue
bios issue 680,BIOS Issue
bios issue 690,BIOS Issue
bios issue 700,BIOS Issue
bios issue 710,BIOS Issue
bios issue 720,BIOS Issue
bios issue 730,BIOS Issue
bios issue 740,BIOS Issue
bios issue 750,BIOS Issue
bios issue 760,BIOS Issue
bios issue 770,BIOS Issue
bios issue 780,BIOS Issue
bios issue 790,BIOS Issue
bios issue 800,BIOS Issue
bios issue 810,BIOS Issue
bios issue 820,BIOS Issue
bios issue 830,BIOS Issue
bios issue 840,BIOS Issue
bios issue 850,BIOS Issue
bios issue 860,BIOS Issue
bios issue 870,BIOS Issue
bios issue 880,BIOS Issue
bios issue 890,BIOS Issue
bios issue 900,BIOS Issue
bios issue 910,BIOS Issue
bios issue 920,BIOS Issue
bios issue 930,BIOS Issue
bios issue 940,BIOS Issue
bios issue 950,BIOS Issue
bios issue 960,BIOS Issue
bios issue 970,BIOS Issue
bios issue 980,BIOS Issue
bios issue 990,BIOS Issue
bios issue 1000,BIOS Issue
bios issue 1010,BIOS Issue
bios issue 1020,BIOS Issue
bios issue 1030,BIOS Issue
bios issue 1040,BIOS Issue
bios issue 1050,BIOS Issue
bios issue 1060,BIOS Issue
bios issue 1070,BIOS Issue
bios issue 1080,BIOS Issue
bios issue 1090,BIOS Issue
bios issue 1100,BIOS Issue
boot device error,Boot Device Error
boot device error 0,Boot Device Error
boot device error problem,Boot Device Error
my boot device error,Boot Device Error
boot device error 10,Boot Device Error
boot device error 20,Boot Device Error
boot device error 30,Boot Device Error
boot device error 40,Boot Device Error
boot device error 50,Boot Device Error
boot device error 60,Boot Device Error
boot device error 70,Boot Device Error
boot device error 80,Boot Device Error
boot device error 90,Boot Device Error
boot device error 100,Boot Device Error
boot device error 110,Boot Device Error
boot device error 120,Boot Device Error
boot device error 130,Boot Device Error
boot device error 140,Boot Device Error
boot device error 150,Boot Device Error
boot device error 160,Boot Device Error
boot device error 170,Boot Device Error
boot device error 180,Boot Device Error
boot device error 190,Boot Device Error
boot device error 200,Boot Device Error
boot device error 210,Boot Device Error
boot device error 220,Boot Device Error
boot device error 230,Boot Device Error
boot device error 240,Boot Device Error
boot device error 250,Boot Device Error
boot device error 260,Boot Device Error
boot device error 270,Boot Device Error
boot device error 280,Boot Device Error
boot device error 290,Boot Device Error
boot device error 300,Boot Device Error
boot device error 310,Boot Device Error
boot device error 320,Boot Device Error
boot device error 330,Boot Device Error
boot device error 340,Boot Device Error
boot device error 350,Boot Device Error
boot device error 360,Boot Device Error
boot device error 370,Boot Device Error
boot device error 380,Boot Device Error
boot device error 390,Boot Device Error
boot device error 400,Boot Device Error
boot device error 410,Boot Device Error
boot device error 420,Boot Device Error
boot device error 430,Boot Device Error
boot device error 440,Boot Device Error
boot device error 450,Boot Device Error
boot device error 460,Boot Device Error
boot device error 470,Boot Device Error
boot device error 480,Boot Device Error
boot device error 490,Boot Device Error
boot device error 500,Boot Device Error
boot device error 510,Boot Device Error
boot device error 520,Boot Device Error
boot device error 530,Boot Device Error
boot device error 540,Boot Device Error
boot device error 550,Boot Device Error
boot device error 560,Boot Device Error
boot device error 570,Boot Device Error
boot device error 580,Boot Device Error
boot device error 590,Boot Device Error
boot device error 600,Boot Device Error
boot device error 610,Boot Device Error
boot device error 620,Boot Device Error
boot device error 630,Boot Device Error
boot device error 640,Boot Device Error
boot device error 650,Boot Device Error
boot device error 660,Boot Device Error
boot device error 670,Boot Device Error
boot device error 680,Boot Device Error
boot device error 690,Boot Device Error
boot device error 700,Boot Device Error
boot device error 710,Boot Device Error
boot device error 720,Boot Device Error
boot device error 730,Boot Device Error
boot device error 740,Boot Device Error
boot device error 750,Boot Device Error
boot device error 760,Boot Device Error
boot device error 770,Boot Device Error
boot device error 780,Boot Device Error
boot device error 790,Boot Device Error
boot device error 800,Boot Device Error
boot device error 810,Boot Device Error
boot device error 820,Boot Device Error
boot device error 830,Boot Device Error
boot device error 840,Boot Device Error
boot device error 850,Boot Device Error
boot device error 860,Boot Device Error
boot device error 870,Boot Device Error
boot device error 880,Boot Device Error
boot device error 890,Boot Device Error
boot device error 900,Boot Device Error
boot device error 910,Boot Device Error
boot device error 920,Boot Device Error
boot device error 930,Boot Device Error
boot device error 940,Boot Device Error
boot device error 950,Boot Device Error
boot device error 960,Boot Device Error
boot device error 970,Boot Device Error
boot device error 980,Boot Device Error
boot device error 990,Boot Device Error
boot device error 1000,Boot Device Error
boot device error 1010,Boot Device Error
boot device error 1020,Boot Device Error
boot device error 1030,Boot Device Error
boot device error 1040,Boot Device Error
boot device error 1050,Boot Device Error
boot device error 1060,Boot Device Error
boot device error 1070,Boot Device Error
boot device error 1080,Boot Device Error
boot device error 1090,Boot Device Error
boot device error 1100,Boot Device Error
general repair,General Repair
general repair 0,General Repair
general repair problem,General Repair
my general repair,General Repair
general repair 10,General Repair
general repair 20,General Repair
general repair 30,General Repair
general repair 40,General Repair
general repair 50,General Repair
general repair 60,General Repair
general repair 70,General Repair
general repair 80,General Repair
general repair 90,General Repair
general repair 100,General Repair
general repair 110,General Repair
general repair 120,General Repair
general repair 130,General Repair
general repair 140,General Repair
general repair 150,General Repair
general repair 160,General Repair
general repair 170,General Repair
general repair 180,General Repair
general repair 190,General Repair
general repair 200,General Repair
general repair 210,General Repair
general repair 220,General Repair
general repair 230,General Repair
general repair 240,General Repair
general repair 250,General Repair
general repair 260,General Repair
general repair 270,General Repair
general repair 280,General Repair
general repair 290,General Repair
general repair 300,General Repair
general repair 310,General Repair
general repair 320,General Repair
general repair 330,General Repair
general repair 340,General Repair
general repair 350,General Repair
general repair 360,General Repair
general repair 370,General Repair
general repair 380,General Repair
general repair 390,General Repair
general repair 400,General Repair
general repair 410,General Repair
general repair 420,General Repair
general repair 430,General Repair
general repair 440,General Repair
general repair 450,General Repair
general repair 460,General Repair
general repair 470,General Repair
general repair 480,General Repair
general repair 490,General Repair
general repair 500,General Repair
general repair 510,General Repair
general repair 520,General Repair
general repair 530,General Repair
general repair 540,General Repair
general repair 550,General Repair
general repair 560,General Repair
general repair 570,General Repair
general repair 580,General Repair
general repair 590,General Repair
general repair 600,General Repair
general repair 610,General Repair
general repair 620,General Repair
general repair 630,General Repair
general repair 640,General Repair
general repair 650,General Repair
general repair 660,General Repair
general repair 670,General Repair
general repair 680,General Repair
general repair 690,General Repair
general repair 700,General Repair
general repair 710,General Repair
general repair 720,General Repair
general repair 730,General Repair
general repair 740,General Repair
general repair 750,General Repair
general repair 760,General Repair
general repair 770,General Repair
general repair 780,General Repair
general repair 790,General Repair
general repair 800,General Repair
general repair 810,General Repair
general repair 820,General Repair
general repair 830,General Repair
general repair 840,General Repair
general repair 850,General Repair
general repair 860,General Repair
general repair 870,General Repair
general repair 880,General Repair
general repair 890,General Repair
general repair 900,General Repair
general repair 910,General Repair
general repair 920,General Repair
general repair 930,General Repair
general repair 940,General Repair
general repair 950,General Repair
general repair 960,General Repair
general repair 970,General Repair
general repair 980,General Repair
general repair 990,General Repair
general repair 1000,General Repair
general repair 1010,General Repair
general repair 1020,General Repair
general repair 1030,General Repair
general repair 1040,General Repair
general repair 1050,General Repair
general repair 1060,General Repair
general repair 1070,General Repair
general repair 1080,General Repair
general repair 1090,General Repair
general repair 1100,General Repair
monitor is black but pc is running issue number 19998,No Display / No Signal
screen flickering issue number 19999,Monitor Issue
pc gets very hot when playing games,GPU Overheat
overheating my pc while gaming,GPU Overheat
blue screen with sad face and stop code,Blue Screen (BSOD)
no bootable device found,Windows Boot Failure
want to upgrade to 1tb ssd,SSD Upgrade
need more ram for chrome tabs and multitasking,RAM Upgrade
wifi keeps disconnecting every few minutes,Wi-Fi Adapter Upgrade
pc randomly shuts down when I play games,PSU / Power Issue
monitor is not power on,PSU / Power Issue
no signal on monitor but pc is on,No Display / No Signal
pc restarts when I play games,GPU Overheat
windows takes 5 minutes to start,SSD Upgrade
computer running very slow,Slow Performance
browser tabs closing automatically,RAM Upgrade
random shutdowns during gaming,GPU Overheat
phone not connecting to pc,Phone Connection Issue
phone not connecting to computer,Phone Connection Issue
can not connect phone to pc,Phone Connection Issue
usb device not recognized,USB / Port Issue
phone not detected by computer,Phone Connection Issue
phone is not connecting to to the pc,Phone Connection Issue
mobile phone not connecting to pc,Phone Connection Issue
android phone not connecting to computer,Phone Connection Issue
iphone not connecting to pc,Phone Connection Issue
phone won't connect to pc,Phone Connection Issue
device not connecting to pc,Phone Connection Issue
phone not recognized by pc,Phone Connection Issue
phone not showing on computer,Phone Connection Issue
phone doesn't connect to pc,Phone Connection Issue
My PC shuts down randomly when I open a game.,PSU / Power Issue
Screen keeps flickering when I move the mouse.,Monitor or GPU Check
Laptop fan makes loud noise after 10 minutes of use.,CPU Overheat
The computer does not detect my USB drive.,USB / Port Issue
My PC freezes when I open multiple Chrome tabs.,RAM Upgrade
"Monitor shows ""no signal"" even though the PC is running.",No Display / No Signal
Computer takes too long to start Windows.,SSD Upgrade
PC keeps restarting without any warning.,PSU / Power Issue
The Wi-Fi disconnects only on my desktop.,Wi-Fi Adapter Upgrade
Audio keeps crackling during calls.,General Repair
Laptop battery drains very quickly.,General Repair
Games have extremely low FPS even on low graphics.,GPU Upgrade
The PC overheats whenever I play heavy games.,GPU Overheat
Blue screen appears after connecting my external hard drive.,Blue Screen (BSOD)
Clicking noise is coming from inside the computer.,SSD Upgrade
PC shows random color lines on display.,Monitor or GPU Check
Laptop keyboard types on its own sometimes.,General Repair
My PC won't turn on unless I remove and reconnect the cables.,PSU / Power Issue
The computer shuts down when I plug in my phone.,PSU / Power Issue
Multiple apps freeze when I try to multitask.,RAM Upgrade
My PC smells like burning after running for a few minutes.,PSU / Power Issue
Laptop doesn't charge unless I hold the charger tightly.,General Repair
The system lags badly when opening games.,GPU Upgrade
My PC won't detect the graphics card.,GPU Upgrade
The audio works but microphone does not.,General Repair
Mouse disconnects randomly.,USB / Port Issue
My PC is stuck on the manufacturer logo while booting.,Windows Boot Failure
Windows crashes when installing updates.,Windows Boot Failure
The internet speed is extremely slow only on this PC.,Wi-Fi Adapter Upgrade
Laptop gets hot even when idle.,CPU Overheat
PC fans spin at 100% for no reason.,CPU Overheat
The screen turns black while gaming.,GPU Overheat
My PC freezes on the login screen.,Windows Boot Failure
The computer cannot detect the SSD sometimes.,SSD Upgrade
File transfers are extremely slow.,SSD Upgrade
Bluetooth headphones keep disconnecting.,General Repair
Laptop screen has dim brightness and won't increase.,Monitor or GPU Check
PC crashes when using video editing software.,GPU Upgrade
My monitor randomly turns off while the PC runs.,Monitor or GPU Check
Keyboard stops working after waking from sleep.,General Repair
GPU fans do not spin.,GPU Upgrade
The PC vibrates or makes buzzing sounds.,PSU / Power Issue
Wi-Fi shows limited connectivity on this PC only.,Wi-Fi Adapter Upgrade
My laptop doesn't boot unless I remove the battery.,PSU / Power Issue
Windows doesn't recognize my printer.,USB / Port Issue
The PC won't connect to Bluetooth devices.,General Repair
Apps open very slowly on startup.,SSD Upgrade
The system hangs when copying large files.,SSD Upgrade
Computer restarts when launching a game.,PSU / Power Issue
PC gives a blue screen during boot.,Blue Screen (BSOD)
Laptop hinge is very tight and makes noise.,General Repair
Computer randomly loses power.,PSU / Power Issue
The SSD disappears from BIOS sometimes.,SSD Upgrade
Games take forever to load.,SSD Upgrade
PC cannot detect RAM sticks after cleaning.,RAM Upgrade
Laptop fan never spins even when hot.,CPU Overheat
PC freezes when connecting HDMI cable.,Monitor or GPU Check
Internet disconnects when downloading files.,Wi-Fi Adapter Upgrade
Keyboard RGB lights stop working.,General Repair
"PC shows ""CPU temperature too high"" warning.",CPU Overheat
Laptop touchpad is unresponsive sometimes.,General Repair
Monitor has ghosting effect in games.,Monitor or GPU Check
Computer cannot detect secondary hard drive.,SSD Upgrade
PC shuts down after GPU reaches high usage.,PSU / Power Issue
Clicking on apps takes too long to respond.,SSD Upgrade
My USB ports stop working after a few minutes.,USB / Port Issue
The pc makes a whistling noise when running.,PSU / Power Issue
Laptop overheats even with cooling pad.,CPU Overheat
Wireless mouse lags randomly.,USB / Port Issue
Laptop screen flickers when opening the lid.,Monitor or GPU Check
Games stutter after a few minutes of play.,GPU Overheat
PC crashes when GPU driver updates.,GPU Upgrade
Slow internet only when streaming videos.,Wi-Fi Adapter Upgrade
The computer cannot connect to any Bluetooth device.,General Repair
PC does not wake from sleep mode.,Windows Boot Failure
Laptop makes popping noise from speakers.,General Repair
Keyboard keys respond with delay.,General Repair
PC shuts down when plugging in more USB devices.,PSU / Power Issue
Apps freeze when switching desktops.,RAM Upgrade
System takes too long to open File Explorer.,SSD Upgrade
Laptop shuts down at 50% battery.,General Repair
Computer emits burning smell occasionally.,PSU / Power Issue
PC screen becomes blurry randomly.,Monitor or GPU Check
The computer gets stuck on black screen after boot.,Windows Boot Failure
Monitor randomly switches refresh rate.,Monitor or GPU Check
USB headphone mic not detected by PC.,USB / Port Issue
Computer refuses to connect to external monitor.,Monitor or GPU Check
PC freezes when downloading games.,SSD Upgrade
The fan speed increases suddenly without load.,CPU Overheat
PC overheats only during video calls.,CPU Overheat
Laptop hangs when unplugging charger.,PSU / Power Issue
Games keep crashing after a few minutes.,GPU Overheat
The PC does not detect the Wi-Fi adapter.,Wi-Fi Adapter Upgrade
SSD read/write speeds are very slow.,SSD Upgrade
Graphics card shows error in Device Manager.,GPU Upgrade
Laptop restarts when moved slightly.,PSU / Power Issue
Monitor shows static noise sometimes.,Monitor or GPU Check
PC shuts down instantly under load.,PSU / Power Issue
The computer lags heavily after Windows update.,SSD Upgrade
Computer stuck in boot loop,PSU / Power Issue
System freezes on Windows logo,SSD Upgrade
Fans spin but no POST,PSU / Power Issue
Laptop not charging even when plugged in,PSU / Power Issue
Motherboard LED glows but PC won't boot,PSU / Power Issue
GPU reaches 90°C while gaming,CPU Overheat
Thermal throttling in games,CPU Overheat
Liquid cooler pump not detected,CPU Overheat
PC extremely loud under small load,CPU Overheat
FPS drops after few minutes of gameplay,GPU Upgrade
Stuttering when moving camera in games,GPU Upgrade
Sudden FPS spikes and freezes,GPU Upgrade
Game crashes after loading screen,GPU Upgrade
Screen tearing during gameplay,GPU Upgrade
Game closes without error,GPU Upgrade
Monitor loses signal during gaming,General Repair
Mouse lag only in games,GPU Upgrade
GPU thermal throttling while gaming,CPU Overheat
DirectX error during game startup,GPU Upgrade
Disk usage stays at 100%,SSD Upgrade
Files take too long to copy,SSD Upgrade
Not enough storage to install apps,SSD Upgrade
Windows update fails due to low disk,SSD Upgrade
Random file corruption issues,SSD Upgrade
HDD extremely noisy,SSD Upgrade
PC freezes when accessing folders,SSD Upgrade
Storage not recognized after BIOS update,SSD Upgrade
Partition missing after restart,SSD Upgrade
Game installed on HDD loads very slowly,SSD Upgrade
File transfer freezes randomly,SSD Upgrade
Memory usage reaches 90% on idle,RAM Upgrade
PC crashes with memory management BSOD,RAM Upgrade
Random reboots with no error,RAM Upgrade
Laptop RAM not detected,RAM Upgrade
Applications stop responding,RAM Upgrade
RAM slot not working,RAM Upgrade
System beeps indicating memory error,RAM Upgrade
Heavy lag when switching apps,RAM Upgrade
Excel or Photoshop crashes,RAM Upgrade
Games crash randomly,RAM Upgrade
Memory leak in background processes,RAM Upgrade
PC restarts when using too many apps,RAM Upgrade
Virtual memory warning,RAM Upgrade
Ethernet not detecting cable,General Repair
Router works but PC won't connect,General Repair
Websites take too long to load,General Repair
Can't connect to 5GHz network,General Repair
Display turns black during use,General Repair
Monitor turns off by itself,General Repair
Lines appearing on the display,General Repair
Ghosting while scrolling,General Repair
Monitor stuck at 60hz,General Repair
Dual monitor not detected,General Repair
Dead pixels appearing,General Repair
Backlight bleed visible at corners,General Repair
Display showing artifacts,General Repair
Flickering only during games,General Repair
Screen goes dim on battery,General Repair
GPU overheating even on idle,GPU Upgrade
GPU power spikes,GPU Upgrade
Memory overclock unstable,GPU Upgrade
Black screen when GPU under load,GPU Upgrade
Fans spin at 100% at random,GPU Upgrade
GPU not giving display but fans spin,GPU Upgrade
GPU overheats after cleaning,GPU Upgrade
GPU shuts PC down when fan ramps,GPU Upgrade
CPU temp spikes instantly,CPU Overheat
BIOS not detecting new CPU,General Repair
CPU throttles at 60°C,CPU Overheat
System unstable after overclock,General Repair
PC cannot encode videos smoothly,General Repair
PC beeps continuously and won't boot,PSU / Power Issue
BIOS screen keeps appearing every startup,Windows Boot Failure
PC requires multiple attempts to turn on,PSU / Power Issue
PC powers on only when cables are adjusted,PSU / Power Issue
Gaming laptop overheats on performance mode,CPU Overheat
High ping in online games,General Repair
Boot failure due to faulty RAM,RAM Upgrade
Only half RAM usable,RAM Upgrade
Blue screen when RAM reaches max usage,RAM Upgrade
Limited connectivity error,General Repair
Wi-Fi not showing any networks,General Repair
High ping despite fast internet,General Repair
Wi-Fi adapter missing from device manager,General Repair
Hotspot not working,General Repair
Random internet dropouts,General Repair
GPU artifacts on screen,GPU Upgrade
Heavy stuttering when CPU boosts,General Repair
Laptop CPU underclocked permanently,General Repair
CPU fails stress test,General Repair
Network drops during video call,General Repair
Bluetooth no working,General Repair
Bluetooth not working,General Repair
Bluetooth doesn't work,General Repair
Bluetooth not connecting,General Repair
Bluetooth won't connect,General Repair
Computer hang when multitask,RAM Upgrade
Computer not boot after RAM change,RAM Upgrade
Laptop blink screen no start,RAM Upgrade
Laptop boot fail RAM,RAM Upgrade
Laptop crash RAM issue,RAM Upgrade
Laptop freeze multitask,RAM Upgrade
Laptop lag RAM,RAM Upgrade
Laptop RAM heating,RAM Upgrade
Laptop RAM not showing,RAM Upgrade
Laptop RAM upgrade fail,RAM Upgrade
Laptop restart RAM,RAM Upgrade
Laptop slow browsing,RAM Upgrade
Laptop slow multitask,RAM Upgrade
Memory corrupted,RAM Upgrade
Memory error message,RAM Upgrade
Memory error popup,RAM Upgrade
Memory issue windows,RAM Upgrade
Memory slot not working,RAM Upgrade
Memory usage high,RAM Upgrade
PC beep continuous,RAM Upgrade
PC beep sound,RAM Upgrade
PC boot fail RAM,RAM Upgrade
PC boot fail random,RAM Upgrade
PC crash gaming RAM,RAM Upgrade
PC freeze after some time,RAM Upgrade
PC freeze heavy apps,RAM Upgrade
PC freeze multitask,RAM Upgrade
PC freeze open browser,RAM Upgrade
PC hang after boot,RAM Upgrade
PC hang after install RAM,RAM Upgrade
PC hang multitask,RAM Upgrade
PC hang open software,RAM Upgrade
PC lag background apps,RAM Upgrade
PC lag memory,RAM Upgrade
PC lag memory leak,RAM Upgrade
PC lag multitask,RAM Upgrade
PC memory spike,RAM Upgrade
PC no boot after RAM,RAM Upgrade
PC no boot beep,RAM Upgrade
PC no display RAM,RAM Upgrade
PC not start RAM,RAM Upgrade
PC restart after RAM touch,RAM Upgrade
PC restart again and again,RAM Upgrade
PC restart randomly,RAM Upgrade
PC restart under load,RAM Upgrade
PC restart when open apps,RAM Upgrade
PC slow after adding RAM,RAM Upgrade
PC slow after sleep,RAM Upgrade
PC slow memory issue,RAM Upgrade
PC stuck after RAM upgrade,RAM Upgrade
PC stutter memory,RAM Upgrade
RAM conflict problem,RAM Upgrade
RAM error blue screen,RAM Upgrade
RAM error on startup,RAM Upgrade
RAM fail boot,RAM Upgrade
RAM issue maybe,RAM Upgrade
RAM loose problem,RAM Upgrade
RAM mismatch problem,RAM Upgrade
RAM not compatible,RAM Upgrade
RAM not detected,RAM Upgrade
RAM overuse problem,RAM Upgrade
RAM problem after clean,RAM Upgrade
RAM slot dead,RAM Upgrade
RAM slot problem,RAM Upgrade
RAM speed issue,RAM Upgrade
System crash heavy use,RAM Upgrade
System crash when multitask,RAM Upgrade
System memory low,RAM Upgrade
System not stable RAM,RAM Upgrade
System unstable RAM,RAM Upgrade
Disk bad sector,SSD Upgrade
Disk drive missing,SSD Upgrade
Disk error blue screen,SSD Upgrade
Disk error message,SSD Upgrade
Disk error startup,SSD Upgrade
Disk full always,SSD Upgrade
Disk not accessible,SSD Upgrade
Disk not formatted,SSD Upgrade
Disk not mounting,SSD Upgrade
Disk partition missing,SSD Upgrade
Disk read error,SSD Upgrade
Disk repair loop,SSD Upgrade
Disk usage 100%,SSD Upgrade
Hard disk error,SSD Upgrade
Hard disk noise,SSD Upgrade
Hard drive fail maybe,SSD Upgrade
HDD click sound,SSD Upgrade
HDD making sound,SSD Upgrade
HDD very slow,SSD Upgrade
Laptop disk overheating,SSD Upgrade
Laptop disk slow,SSD Upgrade
Laptop freeze disk,SSD Upgrade
Laptop lag boot,SSD Upgrade
Laptop not boot SSD,SSD Upgrade
Laptop slow boot,SSD Upgrade
PC crash disk use,SSD Upgrade
PC crash file move,SSD Upgrade
PC delay click,SSD Upgrade
PC disk corrupted,SSD Upgrade
PC disk fail,SSD Upgrade
PC freeze boot,SSD Upgrade
PC freeze disk access,SSD Upgrade
PC freeze disk scan,SSD Upgrade
PC freeze file copy,SSD Upgrade
PC freeze while install,SSD Upgrade
PC hang file open,SSD Upgrade
PC lag on boot,SSD Upgrade
PC lag opening folders,SSD Upgrade
PC lag when start,SSD Upgrade
PC not boot after SSD,SSD Upgrade
PC restart disk error,SSD Upgrade
PC slow boot,SSD Upgrade
PC slow boot disk,SSD Upgrade
PC slow boot HDD,SSD Upgrade
PC slow copy paste,SSD Upgrade
PC slow disk usage,SSD Upgrade
PC slow loading programs,SSD Upgrade
PC slow with HDD,SSD Upgrade
PC stuck disk check,SSD Upgrade
PC stuck loading windows,SSD Upgrade
SSD boot fail,SSD Upgrade
SSD not boot,SSD Upgrade
SSD not detected,SSD Upgrade
SSD not recognized,SSD Upgrade
SSD slow issue,SSD Upgrade
Storage corrupted,SSD Upgrade
Storage disappear suddenly,SSD Upgrade
Storage error windows,SSD Upgrade
Storage fail message,SSD Upgrade
Storage failure,SSD Upgrade
Storage lag issue,SSD Upgrade
Storage not readable,SSD Upgrade
Storage not showing,SSD Upgrade
Windows disk error,SSD Upgrade
Windows disk problem,SSD Upgrade
Windows storage error,SSD Upgrade
Windows stuck loading disk,SSD Upgrade
Error code show,General Repair
Error message pop,General Repair
Laptop not start after sleep,General Repair
Laptop system crash,General Repair
Laptop system fail,General Repair
Laptop system issue,General Repair
My PC not working properly,General Repair
PC always crash,General Repair
PC always error,General Repair
PC broken software,General Repair
PC crash error,General Repair
PC error detected,General Repair
PC error popup,General Repair
PC fail POST,General Repair
PC fail system,General Repair
PC failure detected,General Repair
PC fault detected,General Repair
PC issue always,General Repair
PC issue startup,General Repair
PC malfunction,General Repair
PC need fixing,General Repair
PC no response,General Repair
PC not normal,General Repair
PC not start after clean,General Repair
PC not working,General Repair
PC problem detected,General Repair
PC problem startup,General Repair
PC problem sudden,General Repair
PC restart after update,General Repair
PC restart pressing power,General Repair
PC system failure,General Repair
PC unknown error,General Repair
Something wrong PC,General Repair
System broken maybe,General Repair
System error always,General Repair
System error detected,General Repair
System error message,General Repair
System error occur,General Repair
System fault message,General Repair
System issue message,General Repair
Windows error popup,General Repair
Windows problem detected,General Repair
BIOS open only,PSU / Power Issue
Boot problem error,PSU / Power Issue
Computer no power,PSU / Power Issue
Computer not wake up,PSU / Power Issue
Computer power issue,PSU / Power Issue
Computer restart again again,PSU / Power Issue
Computer restart again and again,PSU / Power Issue
Computer restart when plug charger,PSU / Power Issue
Computer start randomly,PSU / Power Issue
Computer stuck at logo,PSU / Power Issue
Laptop auto shutdown,PSU / Power Issue
Laptop battery not charging,PSU / Power Issue
Laptop battery not detect,PSU / Power Issue
Laptop charging light blink,PSU / Power Issue
Laptop dead battery,PSU / Power Issue
Laptop dead no charging,PSU / Power Issue
Laptop no power,PSU / Power Issue
Laptop no power response,PSU / Power Issue
Laptop not charging,PSU / Power Issue
Laptop not detect charger,PSU / Power Issue
Laptop not power on,PSU / Power Issue
Laptop not start,PSU / Power Issue
Laptop not turn on,PSU / Power Issue
Laptop power drain fast,PSU / Power Issue
Laptop power light blink,PSU / Power Issue
Monitor on but PC not,PSU / Power Issue
My PC not turning on,PSU / Power Issue
No power at all,PSU / Power Issue
PC dead after power cut,PSU / Power Issue
PC dead after rain,PSU / Power Issue
PC dead after voltage drop,PSU / Power Issue
PC dead suddenly,PSU / Power Issue
PC fail to start,PSU / Power Issue
PC light on but screen black,PSU / Power Issue
PC no power after move,PSU / Power Issue
PC no power button light,PSU / Power Issue
PC no power LED,PSU / Power Issue
PC no power sometimes,PSU / Power Issue
PC no signal,PSU / Power Issue
PC not start after power cut,PSU / Power Issue
PC not start after update,PSU / Power Issue
PC not start cold,PSU / Power Issue
PC not turn off properly,PSU / Power Issue
PC not turning on,PSU / Power Issue
PC off when press power,PSU / Power Issue
PC on but keyboard dead,PSU / Power Issue
PC on but keyboard light off,PSU / Power Issue
PC power click sound,PSU / Power Issue
PC power delay,PSU / Power Issue
PC power drain fast,PSU / Power Issue
PC power flicker,PSU / Power Issue
PC power noise,PSU / Power Issue
PC power off idle,PSU / Power Issue
PC power on delay,PSU / Power Issue
PC power surge damage,PSU / Power Issue
PC power unstable,PSU / Power Issue
PC restart while boot,PSU / Power Issue
PC shutdown suddenly,PSU / Power Issue
PC start beep sound,PSU / Power Issue
PC start but freeze,PSU / Power Issue
PC start but nothing works,PSU / Power Issue
PC start noise then off,PSU / Power Issue
PC start only sometimes,PSU / Power Issue
PC start slow then off,PSU / Power Issue
PC start then off,PSU / Power Issue
PC turn on late,PSU / Power Issue
Power button not working,PSU / Power Issue
Power issue after rain,PSU / Power Issue
Power supply problem maybe,PSU / Power Issue
System not starting,PSU / Power Issue
Boot device not found,Windows Boot Failure
Computer not boot after clean,Windows Boot Failure
Computer stuck booting,Windows Boot Failure
Error when start,Windows Boot Failure
Laptop error boot,Windows Boot Failure
Laptop fail boot,Windows Boot Failure
Laptop not waking,Windows Boot Failure
Laptop startup error,Windows Boot Failure
PC boot error,Windows Boot Failure
PC boot loop,Windows Boot Failure
PC crash boot,Windows Boot Failure
PC crash on startup,Windows Boot Failure
PC crash startup,Windows Boot Failure
PC error loop,Windows Boot Failure
PC fail start,Windows Boot Failure
PC fail update,Windows Boot Failure
PC freeze boot logo,Windows Boot Failure
PC freeze logo,Windows Boot Failure
PC freeze startup,Windows Boot Failure
PC no boot after upgrade,Windows Boot Failure
PC no boot device,Windows Boot Failure
PC no startup sound,Windows Boot Failure
PC not boot,Windows Boot Failure
PC not boot after update,Windows Boot Failure
PC not boot SSD,Windows Boot Failure
PC not boot USB,Windows Boot Failure
PC not respond startup,Windows Boot Failure
PC not shutdown,Windows Boot Failure
PC restart loop,Windows Boot Failure
PC restart when login,Windows Boot Failure
PC slow startup,Windows Boot Failure
PC start with error,Windows Boot Failure
PC stuck at BIOS,Windows Boot Failure
PC stuck auto repair,Windows Boot Failure
PC stuck BIOS,Windows Boot Failure
PC stuck BIOS logo,Windows Boot Failure
PC stuck black screen,Windows Boot Failure
PC stuck error screen,Windows Boot Failure
PC stuck loading,Windows Boot Failure
PC stuck loading bar,Windows Boot Failure
PC stuck logo,Windows Boot Failure
PC stuck on logo,Windows Boot Failure
PC stuck preparing repair,Windows Boot Failure
PC stuck repair loop,Windows Boot Failure
PC stuck restart,Windows Boot Failure
PC stuck safe mode,Windows Boot Failure
PC stuck spinning dots,Windows Boot Failure
PC stuck startup repair,Windows Boot Failure
PC stuck welcome screen,Windows Boot Failure
PC stutter startup,Windows Boot Failure
System error boot,Windows Boot Failure
System fail boot,Windows Boot Failure
System not booting,Windows Boot Failure
System not responding on start,Windows Boot Failure
Windows fail again,Windows Boot Failure
Windows fail load,Windows Boot Failure
Windows fail system,Windows Boot Failure
Windows not loading,Windows Boot Failure
Windows stuck problem,Windows Boot Failure
Windows system fail,Windows Boot Failure
Windows update fail,Windows Boot Failure
Display lag problem,GPU Upgrade
Game lag graphics,GPU Upgrade
Laptop boot black,GPU Upgrade
Laptop lag on video,GPU Upgrade
PC display lag,GPU Upgrade
PC freeze gaming,GPU Upgrade
PC slow gaming,GPU Upgrade
PC slow with games,GPU Upgrade
PC start then blank,GPU Upgrade
PC stutter gaming low FPS,GPU Upgrade
Error after install,Blue Screen (BSOD)
Error on startup,Blue Screen (BSOD)
Laptop crash often,Blue Screen (BSOD)
Laptop error message,Blue Screen (BSOD)
Laptop error screen,Blue Screen (BSOD)
Laptop OS error,Blue Screen (BSOD)
OS error message,Blue Screen (BSOD)
PC blue screen,Blue Screen (BSOD)
PC blue screen after RAM,Blue Screen (BSOD)
PC crash random,Blue Screen (BSOD)
PC error startup,Blue Screen (BSOD)
PC malfunction error,Blue Screen (BSOD)
PC need repair,Blue Screen (BSOD)
PC no boot after crash,Blue Screen (BSOD)
PC problem unknown,Blue Screen (BSOD)
PC software error,Blue Screen (BSOD)
PC start then blue screen,Blue Screen (BSOD)
PC stuck error,Blue Screen (BSOD)
PC system corrupted,Blue Screen (BSOD)
PC system fail,Blue Screen (BSOD)
PC system issue,Blue Screen (BSOD)
System corrupted message,Blue Screen (BSOD)
System not stable,Blue Screen (BSOD)
Windows crash error,Blue Screen (BSOD)
Windows crash loop,Blue Screen (BSOD)
Windows crash suddenly,Blue Screen (BSOD)
Windows error screen,Blue Screen (BSOD)
Windows failure,Blue Screen (BSOD)
Windows not start,Blue Screen (BSOD)
Windows problem again,Blue Screen (BSOD)
Windows repair loop,Blue Screen (BSOD)
Computer freeze screen,Slow Performance
Computer hang always,Slow Performance
Computer lag on startup,Slow Performance
Computer not smooth,Slow Performance
Computer slow after long use,Slow Performance
Computer slow on battery,Slow Performance
Everything freeze suddenly,Slow Performance
Keyboard delay,Slow Performance
Laptop freeze after sleep,Slow Performance
Laptop freeze sudden,Slow Performance
Laptop hang random,Slow Performance
Laptop hang when browser open,Slow Performance
Laptop heat and slow,Slow Performance
Laptop lag battery,Slow Performance
Laptop lag compile,Slow Performance
Laptop lag drivers,Slow Performance
Laptop lag heavy apps,Slow Performance
Laptop lag resume,Slow Performance
Laptop lag sound,Slow Performance
Laptop lag video,Slow Performance
Laptop lag video call,Slow Performance
Laptop lag zoom,Slow Performance
Laptop slow after update,Slow Performance
Laptop slow boot time,Slow Performance
Laptop slow charging,Slow Performance
Laptop slow charging mode,Slow Performance
Laptop slow even small work,Slow Performance
Laptop slow IDE,Slow Performance
Laptop slow render,Slow Performance
Laptop slow wake,Slow Performance
Laptop slow when charging,Slow Performance
Laptop stutter sound,Slow Performance
Mouse move slow,Slow Performance
My PC very slow,Slow Performance
PC delay click response,Slow Performance
PC delay everything,Slow Performance
PC delay shutdown,Slow Performance
PC freeze after hours,Slow Performance
PC freeze antivirus scan,Slow Performance
PC freeze app open,Slow Performance
PC freeze apps,Slow Performance
PC freeze BIOS,Slow Performance
PC freeze browser,Slow Performance
PC freeze copy files,Slow Performance
PC freeze desktop,Slow Performance
PC freeze file save,Slow Performance
PC freeze idle,Slow Performance
PC freeze mouse only,Slow Performance
PC freeze notifications,Slow Performance
PC freeze often,Slow Performance
PC freeze scroll,Slow Performance
PC freeze system tray,Slow Performance
PC freeze updates,Slow Performance
PC freeze when idle,Slow Performance
PC hang copy paste,Slow Performance
PC hang heavy work,Slow Performance
PC hang often,Slow Performance
PC lag after long use,Slow Performance
PC lag always,Slow Performance
PC lag animations,Slow Performance
PC lag audio,Slow Performance
PC lag audio video,Slow Performance
PC lag brightness,Slow Performance
PC lag drag drop,Slow Performance
PC lag mouse,Slow Performance
PC lag on windows,Slow Performance
PC lag opening apps,Slow Performance
PC lag printing,Slow Performance
PC lag scrolling,Slow Performance
PC lag start menu,Slow Performance
PC lag switching apps,Slow Performance
PC lag too much,Slow Performance
PC lag typing,Slow Performance
PC lag typing delay,Slow Performance
PC lag updates,Slow Performance
PC lag USB,Slow Performance
PC lag when hot,Slow Performance
PC lag while typing,Slow Performance
PC lag window move,Slow Performance
PC lag with USB drive,Slow Performance
PC lag zoom calls,Slow Performance
PC not responding error,Slow Performance
PC performance drop,Slow Performance
PC slow after few minutes,Slow Performance
PC slow after install,Slow Performance
PC slow after software install,Slow Performance
PC slow after update,Slow Performance
PC slow app launch,Slow Performance
PC slow browsing,Slow Performance
PC slow copy files,Slow Performance
PC slow extract files,Slow Performance
PC slow file explorer,Slow Performance
PC slow file open,Slow Performance
PC slow idle,Slow Performance
PC slow install apps,Slow Performance
PC slow internet apps,Slow Performance
PC slow login,Slow Performance
PC slow network apps,Slow Performance
PC slow opening files,Slow Performance
PC slow performance,Slow Performance
PC slow refresh,Slow Performance
PC slow refresh rate,Slow Performance
PC slow response,Slow Performance
PC slow search,Slow Performance
PC slow shutdown,Slow Performance
PC slow suddenly,Slow Performance
PC slow task manager,Slow Performance
PC slow UI,Slow Performance
PC slow when copy files,Slow Performance
PC slow windows load,Slow Performance
PC slow with antivirus,Slow Performance
PC slow with internet,Slow Performance
PC slow with updates,Slow Performance
PC start slow,Slow Performance
PC start slow then freeze,Slow Performance
PC stutter animation,Slow Performance
PC stutter browser,Slow Performance
PC stutter browser video,Slow Performance
PC stutter idle,Slow Performance
PC stutter mouse,Slow Performance
PC stutter random,Slow Performance
PC stutter randomly,Slow Performance
PC stutter scrolling,Slow Performance
PC stutter typing,Slow Performance
PC system slow error,Slow Performance
PC very slow,Slow Performance
PC very unresponsive,Slow Performance
System freeze randomly,Slow Performance
System hang on login,Slow Performance
System lag spike,Slow Performance
System slow overall,Slow Performance
System slow suddenly,Slow Performance
System slow when open apps,Slow Performance
System sluggish,Slow Performance
System stutter problem,Slow Performance
Windows not responding,Slow Performance
Cooling problem PC,CPU Overheat
CPU fan error,CPU Overheat
CPU heat warning,CPU Overheat
CPU overheat warning,CPU Overheat
CPU temp high,CPU Overheat
Fan broken maybe,CPU Overheat
Fan dust problem,CPU Overheat
Fan noisy always,CPU Overheat
Fan not spinning,CPU Overheat
Fan speed high,CPU Overheat
Fan very loud,CPU Overheat
Fan vibration noise,CPU Overheat
Laptop auto off,CPU Overheat
Laptop burn hot,CPU Overheat
Laptop fan not work,CPU Overheat
Laptop heat lag,CPU Overheat
Laptop heat problem,CPU Overheat
Laptop heat shutdown,CPU Overheat
Laptop heat too much,CPU Overheat
Laptop overheating,CPU Overheat
Laptop start then off,CPU Overheat
Laptop thermal issue,CPU Overheat
PC air flow bad,CPU Overheat
PC auto shutdown,CPU Overheat
PC cooling fail,CPU Overheat
PC cooling issue,CPU Overheat
PC fan noise,CPU Overheat
PC fan stop,CPU Overheat
PC heat summer,CPU Overheat
PC hot shutdown,CPU Overheat
PC off gaming,CPU Overheat
PC off suddenly,CPU Overheat
PC shutdown heat,CPU Overheat
PC slow when hot,CPU Overheat
PC start fan loud,CPU Overheat
PC temp abnormal,CPU Overheat
PC temp spike,CPU Overheat
PC very hot,CPU Overheat
PC warm idle,CPU Overheat
System hot slow,CPU Overheat
System overheat error,CPU Overheat
System overheating,CPU Overheat
System temp alert,CPU Overheat
System thermal issue,CPU Overheat
Temperature high always,CPU Overheat
Display color wrong,No Display / No Signal
Display error startup,No Display / No Signal
Display flickering,No Display / No Signal
Display freeze,No Display / No Signal
Display scaling issue,No Display / No Signal
Fan spin no display,No Display / No Signal
GPU crash gaming,No Display / No Signal
GPU not working,No Display / No Signal
Graphics card not detect,No Display / No Signal
Graphics driver fail,No Display / No Signal
Graphics lag windows,No Display / No Signal
Graphics stutter,No Display / No Signal
Laptop flicker screen,No Display / No Signal
Laptop graphics slow,No Display / No Signal
Laptop no display but on,No Display / No Signal
Laptop screen black,No Display / No Signal
Laptop screen glitch,No Display / No Signal
Monitor display issue,No Display / No Signal
Monitor no picture,No Display / No Signal
Monitor no signal,No Display / No Signal
Monitor not detected,No Display / No Signal
Nothing show on monitor,No Display / No Signal
PC black screen boot,No Display / No Signal
PC crash open game,No Display / No Signal
PC display cut,No Display / No Signal
PC display glitch,No Display / No Signal
PC fan spin but no display,No Display / No Signal
PC no display after GPU,No Display / No Signal
PC no display HDMI,No Display / No Signal
PC no display VGA,No Display / No Signal
PC no signal display,No Display / No Signal
PC on blank screen,No Display / No Signal
PC on then blank,No Display / No Signal
PC restart gaming,No Display / No Signal
Screen artifacts,No Display / No Signal
Screen black PC on,No Display / No Signal
Screen blurry,No Display / No Signal
Screen flash issue,No Display / No Signal
Screen not full,No Display / No Signal
Screen resolution reset,No Display / No Signal
Screen resolution wrong,No Display / No Signal
Screen white suddenly,No Display / No Signal
Display driver error,Driver Issue
Display driver stop,Driver Issue
Display refresh issue,Driver Issue
Driver problem error,Driver Issue
GPU driver missing,Driver Issue
Graphics error windows,Driver Issue
PC restart on login,Driver Issue
Ethernet cable issue,Wi-Fi Adapter Upgrade
Ethernet cable not detect,Wi-Fi Adapter Upgrade
Ethernet connected no net,Wi-Fi Adapter Upgrade
Ethernet not recognized,Wi-Fi Adapter Upgrade
Ethernet not working,Wi-Fi Adapter Upgrade
Ethernet slow speed,Wi-Fi Adapter Upgrade
Internet drop randomly,Wi-Fi Adapter Upgrade
Internet error only PC,Wi-Fi Adapter Upgrade
Internet error windows,Wi-Fi Adapter Upgrade
Internet not responding,Wi-Fi Adapter Upgrade
Internet page not load,Wi-Fi Adapter Upgrade
Internet slow only PC,Wi-Fi Adapter Upgrade
Internet stop suddenly,Wi-Fi Adapter Upgrade
Internet timeout error,Wi-Fi Adapter Upgrade
Internet unstable PC,Wi-Fi Adapter Upgrade
Internet work phone not PC,Wi-Fi Adapter Upgrade
Laptop internet fail,Wi-Fi Adapter Upgrade
Laptop network issue,Wi-Fi Adapter Upgrade
Laptop no WiFi,Wi-Fi Adapter Upgrade
Laptop slow network,Wi-Fi Adapter Upgrade
Laptop WiFi missing,Wi-Fi Adapter Upgrade
Network adapter error,Wi-Fi Adapter Upgrade
Network adapter missing,Wi-Fi Adapter Upgrade
Network disconnected message,Wi-Fi Adapter Upgrade
Network driver missing,Wi-Fi Adapter Upgrade
Network driver problem,Wi-Fi Adapter Upgrade
Network error message,Wi-Fi Adapter Upgrade
Network fail startup,Wi-Fi Adapter Upgrade
Network icon missing,Wi-Fi Adapter Upgrade
Network not available,Wi-Fi Adapter Upgrade
Network not working,Wi-Fi Adapter Upgrade
Network problem after update,Wi-Fi Adapter Upgrade
Network problem only PC,Wi-Fi Adapter Upgrade
Network problem windows,Wi-Fi Adapter Upgrade
Network reset issue,Wi-Fi Adapter Upgrade
No internet on PC,Wi-Fi Adapter Upgrade
PC can't browse internet,Wi-Fi Adapter Upgrade
PC can't connect router,Wi-Fi Adapter Upgrade
PC can't connect WiFi,Wi-Fi Adapter Upgrade
PC DNS error,Wi-Fi Adapter Upgrade
PC internet crash,Wi-Fi Adapter Upgrade
PC internet drop,Wi-Fi Adapter Upgrade
PC internet limited,Wi-Fi Adapter Upgrade
PC internet unstable,Wi-Fi Adapter Upgrade
PC net error,Wi-Fi Adapter Upgrade
PC no internet access,Wi-Fi Adapter Upgrade
PC no IP address,Wi-Fi Adapter Upgrade
PC no network access,Wi-Fi Adapter Upgrade
PC not detect WiFi,Wi-Fi Adapter Upgrade
PC offline always,Wi-Fi Adapter Upgrade
PC slow internet,Wi-Fi Adapter Upgrade
WiFi connect disconnect,Wi-Fi Adapter Upgrade
WiFi connected no internet,Wi-Fi Adapter Upgrade
WiFi disconnect always,Wi-Fi Adapter Upgrade
WiFi error PC,Wi-Fi Adapter Upgrade
WiFi keeps disconnect,Wi-Fi Adapter Upgrade
WiFi not found,Wi-Fi Adapter Upgrade
WiFi not turning on,Wi-Fi Adapter Upgrade
WiFi signal weak PC,Wi-Fi Adapter Upgrade
WiFi very slow PC,Wi-Fi Adapter Upgrade
GPU fan loud,GPU Overheat
GPU overheating,GPU Overheat
Graphics crash error,GPU Overheat
Low FPS problem,GPU Overheat
PC crash GPU,GPU Overheat
PC crash render,GPU Overheat
PC heat gaming,GPU Overheat
PC restart graphics load,GPU Overheat
Screen tearing issue,GPU Overheat
Laptop broken system,OS Reinstall / Corrupted
Laptop OS broken,OS Reinstall / Corrupted
Laptop OS crash,OS Reinstall / Corrupted
Laptop OS fail,OS Reinstall / Corrupted
Laptop OS issue,OS Reinstall / Corrupted
Laptop system broken,OS Reinstall / Corrupted
OS error startup,OS Reinstall / Corrupted
OS not working,OS Reinstall / Corrupted
PC boot fail error,OS Reinstall / Corrupted
PC boot only BIOS,OS Reinstall / Corrupted
PC OS crash,OS Reinstall / Corrupted
PC start but no OS,OS Reinstall / Corrupted
Windows OS error,OS Reinstall / Corrupted
Laptop screen dim,Monitor Issue
Lines on screen,Monitor Issue
Monitor flicker random,Monitor Issue
Screen blink issue,Monitor Issue
Screen color issue,Monitor Issue
Screen ghosting,Monitor Issue
Screen pixel issue,Monitor Issue
PC lag with USB,USB / Port Issue
PC slow after virus,Virus / Malware
PC stuck black screen,No Display / No Signal
Laptop not start,Windows Boot Failure
PC light on but screen black,No Display / No Signal
Computer stuck at logo,Windows Boot Failure
System not starting,Windows Boot Failure
PC no response,PSU / Power Issue
PC start beep sound,RAM Upgrade
Computer not wake up,Windows Boot Failure
PC on but keyboard light off,Windows Boot Failure
PC not start after update,Windows Boot Failure
PC no signal,No Display / No Signal
PC start but freeze,Windows Boot Failure
PC not turn off properly,Windows Boot Failure
PC fail to start,Windows Boot Failure
Boot problem error,Windows Boot Failure
BIOS open only,Windows Boot Failure
PC start but nothing works,Windows Boot Failure
PC slow opening files,SSD Upgrade
Laptop hang when browser open,RAM Upgrade
Laptop heat and slow,CPU Overheat
Computer lag on startup,SSD Upgrade
Laptop slow boot time,SSD Upgrade
PC slow when copy files,SSD Upgrade
PC crash random,General Repair
RAM error blue screen,Blue Screen (BSOD)
Network driver missing,Driver Issue
Network problem after update,Driver Issue
Network driver problem,Driver Issue
Display flickering,Monitor Issue
Screen white suddenly,Monitor Issue
PC restart gaming,GPU Overheat
Graphics card not detect,GPU Upgrade
Screen resolution wrong,Driver Issue
PC crash open game,GPU Overheat
Display freeze,Monitor Issue
PC display glitch,Monitor Issue
Screen tearing issue,GPU Upgrade
Low FPS problem,GPU Upgrade
Display color wrong,Monitor Issue
Graphics driver fail,Driver Issue
Screen artifacts,GPU Upgrade
Screen blurry,Monitor Issue
Laptop graphics slow,GPU Upgrade
PC display cut,Monitor Issue
Screen flash issue,Monitor Issue
PC freeze gaming,GPU Overheat
Screen not full,Driver Issue
Display scaling issue,Driver Issue
Laptop flicker screen,Monitor Issue
GPU not working,GPU Upgrade
Display error startup,Driver Issue
Graphics lag windows,GPU Upgrade
Laptop screen glitch,Monitor Issue
Screen resolution reset,Driver Issue
Monitor display issue,Monitor Issue
Graphics stutter,GPU Upgrade
GPU crash gaming,GPU Overheat
PC off gaming,GPU Overheat
Error on startup,Windows Boot Failure
System corrupted message,OS Reinstall / Corrupted
PC problem unknown,General Repair
Windows repair loop,Windows Boot Failure
PC software error,General Repair
Laptop crash often,General Repair
PC system fail,General Repair
PC need repair,General Repair
Laptop error message,General Repair
PC system issue,General Repair
Laptop OS error,OS Reinstall / Corrupted
PC error startup,Windows Boot Failure
System not stable,General Repair
Windows problem again,General Repair
Error after install,General Repair
PC stuck error,Windows Boot Failure
Windows failure,Windows Boot Failure
OS error message,OS Reinstall / Corrupted
PC malfunction error,General Repair
PC system corrupted,OS Reinstall / Corrupted
Windows not start,Windows Boot Failure
PC issue startup,Windows Boot Failure
PC problem startup,Windows Boot Failure
PC restart loop,PSU / Power Issue
Computer stuck booting,PSU / Power Issue
PC stuck loading,PSU / Power Issue
Computer not boot after clean,PSU / Power Issue
PC restart when login,PSU / Power Issue
System not responding on start,PSU / Power Issue
System not booting,PSU / Power Issue
PC on then blank,PSU / Power Issue
PC crash on startup,PSU / Power Issue
PC stuck at BIOS,PSU / Power Issue
PC stuck startup repair,PSU / Power Issue
PC restart again and again,PSU / Power Issue
PC stuck black screen,PSU / Power Issue
Nothing show on monitor,PSU / Power Issue
PC fan spin but no display,PSU / Power Issue
PC not boot,PSU / Power Issue
PC slow boot,Slow Performance
Computer hang when multitask,Slow Performance
PC slow with games,Slow Performance
PC lag when start,Slow Performance
PC slow loading programs,Slow Performance
Laptop lag on video,Slow Performance
PC lag with USB,Slow Performance
Laptop slow browsing,Slow Performance
PC lag background apps,Slow Performance
PC lag opening folders,Slow Performance
Laptop slow boot,Slow Performance
PC hang multitask,Slow Performance
PC blue screen after RAM,RAM Upgrade
PC crash random,RAM Upgrade
Windows not loading,SSD Upgrade
Boot device not found,SSD Upgrade
Lines on screen,No Display / No Signal
Game lag graphics,No Display / No Signal
Display driver error,No Display / No Signal
PC heat gaming,No Display / No Signal
Graphics error windows,No Display / No Signal
Screen tearing issue,No Display / No Signal
Low FPS problem,No Display / No Signal
PC crash GPU,No Display / No Signal
Monitor flicker random,No Display / No Signal
Laptop screen dim,No Display / No Signal
Screen blink issue,No Display / No Signal
PC restart graphics load,No Display / No Signal
GPU overheating,No Display / No Signal
Display lag problem,No Display / No Signal
Graphics crash error,No Display / No Signal
PC freeze gaming,No Display / No Signal
GPU fan loud,No Display / No Signal
Screen color issue,No Display / No Signal
GPU driver missing,No Display / No Signal
Display refresh issue,No Display / No Signal
PC crash render,No Display / No Signal
Screen ghosting,No Display / No Signal
PC display lag,No Display / No Signal
Screen pixel issue,No Display / No Signal
Display driver stop,No Display / No Signal
Game lag graphics,GPU Overheat
Graphics card not detect,GPU Overheat
Display freeze,GPU Overheat
Graphics error windows,GPU Overheat
Graphics driver fail,GPU Overheat
Screen artifacts,GPU Overheat
Display lag problem,GPU Overheat
Graphics lag windows,GPU Overheat
GPU driver missing,GPU Overheat
Graphics stutter,GPU Overheat
PC stuck restart,Blue Screen (BSOD)
PC not shutdown,Blue Screen (BSOD)
Windows update fail,Blue Screen (BSOD)
Driver problem error,Blue Screen (BSOD)
PC stuck logo,Blue Screen (BSOD)
Something wrong PC,Blue Screen (BSOD)
PC error popup,Blue Screen (BSOD)
Windows not responding,Blue Screen (BSOD)
Laptop freeze sudden,Blue Screen (BSOD)
System error message,Blue Screen (BSOD)
PC fail update,Blue Screen (BSOD)
Error code show,Blue Screen (BSOD)
PC malfunction,Blue Screen (BSOD)
Windows problem detected,Blue Screen (BSOD)
System fail boot,Blue Screen (BSOD)
PC issue always,Blue Screen (BSOD)
PC crash boot,Blue Screen (BSOD)
Laptop OS fail,Blue Screen (BSOD)
PC system slow error,Blue Screen (BSOD)
Laptop system crash,Blue Screen (BSOD)
PC problem sudden,Blue Screen (BSOD)
Windows fail load,Blue Screen (BSOD)
Laptop error boot,Blue Screen (BSOD)
Error message pop,Blue Screen (BSOD)
Laptop OS issue,Blue Screen (BSOD)
PC unknown error,Blue Screen (BSOD)
System error boot,Blue Screen (BSOD)
PC failure detected,Blue Screen (BSOD)
GPU crash gaming,GPU Upgrade
Screen pixel issue,GPU Upgrade
Display driver stop,GPU Upgrade
Monitor no picture,GPU Upgrade
PC slow browsing,Virus / Malware
PC slow with antivirus,Virus / Malware
